paper_id,bowleg_I,bowleg_I_evidence,bowleg_II,bowleg_II_evidence,bowleg_III,bowleg_III_evidence,bowleg_IV,bowleg_IV_evidence,bowleg_total,confidence,confidence_note,rsi_V,rsi_V_evidence,rsi_VI,rsi_VI_evidence,gate_pass,gate_evidence,integracion,integracion_nota,_tokens_in,_tokens_out
0,1.0,"Se centra en la co-construcción de género, raza, clase e indigeneidad en el marco eco-femagógico.",1.0,"Aborda opresión sistémica, desigualdad estructural y raíces sistémicas de la violencia, con referencias a patriarcado, racismo y capitalismo.",1.0,Sitúa el análisis en el contexto canadiense post-Covid y en la historia de la educación en trabajo social.,0.5,"Propone un marco y ejemplos concretos para la enseñanza, pero no detalla métodos empíricos de análisis interseccional.",3.5,high,,1.0,"Orientación explícita a la transformación social y ambiental, con recomendaciones para la justicia social y climática.",1.0,Moviliza a estudiantes y docentes como agentes de cambio y acción colectiva.,True,"El abstract menciona explícitamente la centralidad de enfoques eco-feministas, interseccionales y de raza crítica, articulando género, raza, clase e indigeneidad como ejes relacionados en la propuesta educativa.",1.0,"Los elementos (identidades, estructuras, contexto, praxis, agencia) se articulan coherentemente en la propuesta eco-femagógica.",2012,377
1,0.0,No se mencionan ni analizan ejes de diferenciación social.,0.0,No hay discusión sobre estructuras de poder o mecanismos de opresión.,0.0,No se sitúan hallazgos en contextos sociohistóricos específicos de identidades sociales.,0.0,No hay método que operacionalice intersecciones de ejes sociales.,0.0,high,,0.0,No se aborda la justicia social desde una perspectiva interseccional.,0.0,No se discute agencia o resistencia de sujetos diferenciados socialmente.,False,"El abstract no articula dos o más ejes de diferenciación social relacionados entre sí; se enfoca en gobernanza, sostenibilidad y actores institucionales, sin referencia a identidades sociales entrelazadas.",0.0,No hay elementos interseccionales presentes para integrar.,1909,297
2,0.5,Reconoce múltiples ejes de vulnerabilidad pero señala que las políticas los tratan de forma separada o superficial.,0.5,"Menciona estructuras como la justicia climática y la exclusión en políticas, pero sin un análisis profundo de mecanismos estructurales.",0.5,"Contextualiza en nueve ciudades de Turquía, pero el análisis del contexto sociohistórico es limitado.",0.0,No hay evidencia de métodos que operacionalicen intersecciones; el análisis es de contenido y entrevistas expertas sin diseño interseccional explícito.,1.0,high,,0.5,"Critica la falta de justicia sustantiva y tokenismo, pero las recomendaciones para la transformación son generales.",0.0,No se documenta agencia o resistencia de los grupos vulnerables; se los presenta como objetos de política.,True,El paper discute cómo las políticas urbanas identifican grupos vulnerables y menciona la falta de énfasis en la interseccionalidad en los planes de sostenibilidad.,0.5,"Los elementos de vulnerabilidad, justicia y política están presentes pero no se articulan en un marco interseccional coherente.",1960,372
3,0.5,"Se mencionan varios ejes (discapacidad, raza, edad, sexo, ingreso) pero no se analiza cómo se co-constituyen; la relación parece aditiva.",0.5,"Se alude a inequidades estructurales y discriminación, pero sin teorizar mecanismos estructurales en profundidad.",0.5,"El contexto es global y general; no se sitúa en una historia, geografía o política específica.",0.0,No se describe un método empírico que operacionalice intersecciones; parece ser un artículo de revisión o conceptual.,1.0,high,,0.5,"Se orienta a educar y ofrecer esperanza a través de adaptación y resiliencia, pero la dimensión de justicia es mencionada superficialmente.",0.5,"Se menciona la resiliencia y la esperanza, lo que sugiere agencia, pero no se documentan estrategias concretas de los sujetos.",True,"El abstract menciona explícitamente la intersección de discapacidad comunicativa con otros ejes como raza, edad, sexo e ingreso en relación a la vulnerabilidad climática.",0.5,Los elementos están presentes pero no se articulan en un análisis coherente; la interseccionalidad aparece más como marco que como integración sustantiva.,1957,396
4,1.0,"Explicita la co-constitución de caste, indigeneidad, etnicidad y generación en las experiencias de adaptación.",1.0,"Critica el determinismo ambiental y las estructuras institucionales, y analiza privilegios históricos y exclusión institucional.",1.0,"Contextualiza en tres regiones específicas del Himalaya, con referencias a historia, geopolítica y relaciones de tierra.",1.0,Utiliza historias cotidianas y análisis relacional para captar interacciones entre ejes sociales y ecológicos.,4.0,high,,1.0,"Orienta explícitamente a una praxis de adaptación justa y transformadora, con objetivos para futuros más justos.",1.0,Desafía representaciones de pasividad y documenta agencia y estrategias cotidianas de los habitantes.,True,"El abstract analiza cómo caste, indigeneidad, etnicidad y relaciones generacionales se entrelazan en la adaptación climática.",1.0,"Los elementos se articulan en un análisis coherente que conecta estructuras, identidades, contexto, método y praxis.",2075,342
5,0.5,"Menciona múltiples ejes (pobreza, racismo, redlining) pero los trata mayormente como factores aditivos de vulnerabilidad.",1.0,Articula mecanismos estructurales como el racismo sistémico y el redlining como causas de exposición desigual.,0.5,"Hace referencia a prácticas históricas (redlining) y factores sociales, pero el contexto es general y no profundamente situado.",0.0,No describe métodos empíricos propios ni operacionalización interseccional; es una revisión narrativa.,1.0,high,,0.5,"Menciona la necesidad de mitigar desigualdades y beneficiar a comunidades afectadas, pero sin desarrollar una praxis transformadora.",0.0,No documenta agencia ni estrategias de resistencia de los sujetos; los presenta como afectados.,True,"El paper discute cómo la exposición y la vulnerabilidad se intersectan en comunidades afectadas por asma, mencionando factores como pobreza, redlining y racismo sistémico.",0.5,"Los elementos estructurales y de desigualdad están conectados, pero la integración entre ejes y contexto es parcial y descriptiva.",2071,367
6,0.0,No analiza ejes entrelazados.,0.0,No teoriza mecanismos estructurales.,0.0,No sitúa en contexto sociohistórico específico.,0.0,No hay método empírico interseccional.,0.0,high,,0.0,No desarrolla orientación a la justicia más allá de recomendaciones generales.,0.0,No documenta agencia o resistencia de sujetos.,False,"El abstract menciona 'identidades múltiples' y 'polémicas sobre inclusión', pero no articula cómo se relacionan ejes de diferenciación social; la interseccionalidad solo aparece como palabra clave.",0.0,No hay elementos interseccionales sustantivos para articular.,1858,272
7,1.0,"Analiza cómo ser mujer o niña en contextos específicos configura experiencias particulares de pérdida y violencia, no solo como suma de ejes.",1.0,"Refiere a violencia estructural, género, explotación y dependencia como mecanismos sociales y estructurales, no solo individuales.",1.0,"Sitúa los hallazgos en contextos sociohistóricos y geográficos concretos (Bangladesh, Fiji, Vanuatu) y reconoce especificidad local.",1.0,"Utiliza metodología de historias de vida y análisis sistémico para captar interacciones entre género, edad y contexto climático.",4.0,high,,1.0,Propone recomendaciones de política y soluciones metodológicas y de servicios de salud para transformar desigualdades.,1.0,Documenta procesos de sanación y estrategias de afrontamiento y resistencia en las narrativas de mujeres y niñas.,True,"El paper articula género, edad (niñez), y marginalización como ejes relacionados en la experiencia de pérdida y violencia en contextos climáticos.",1.0,"Los elementos se articulan en un análisis coherente donde el poder estructural, las identidades entrelazadas y el contexto se integran metodológica y analíticamente.",2078,371
8,0.0,No hay análisis de identidades entrelazadas.,0.0,No se abordan mecanismos estructurales de poder.,0.0,No se sitúan hallazgos en contextos sociohistóricos específicos.,0.0,No hay método interseccional ni operacionalización empírica de intersecciones.,0.0,high,,0.0,No se observa orientación explícita a la justicia social o ambiental desde una perspectiva interseccional.,0.0,No se documenta agencia ni resistencia de sujetos diferenciados.,False,"Aunque menciona 'gender equality' como uno de varios dominios, no articula dos o más ejes de diferenciación social como relacionados entre sí; los ejes aparecen solo como temas separados.",0.0,No hay elementos interseccionales a integrar.,1900,292
9,0.0,No se abordan ejes de diferenciación social.,0.0,No se discuten estructuras de poder o mecanismos de opresión.,0.0,No hay contextualización sociohistórica de sujetos o desigualdades.,0.0,No hay método para analizar intersecciones sociales.,0.0,high,,0.0,No hay orientación a la justicia social o ambiental desde una perspectiva interseccional.,0.0,No se aborda agencia o resistencia de sujetos sociales.,False,El paper no articula ejes de diferenciación social relacionados entre sí; se centra en tendencias bibliométricas y temas organizacionales sin análisis de identidades o estructuras sociales.,0.0,No hay elementos interseccionales presentes para integrar.,1979,276
10,0.0,No se identifican ejes de diferenciación social tratados como entrelazados.,0.0,No se operacionalizan estructuras de poder vinculadas a identidades sociales.,0.0,No se sitúan hallazgos en contextos sociohistóricos específicos respecto a ejes sociales.,0.0,No hay método empírico ni operacionalización de intersecciones.,0.0,high,,0.0,No se desarrolla una orientación a la justicia desde una perspectiva interseccional.,0.0,No se documenta agencia ni resistencia de sujetos diferenciados.,False,El abstract menciona la interseccionalidad como enfoque prometedor pero no articula ni analiza ejes de diferenciación social relacionados entre sí.,0.0,No hay elementos interseccionales sustantivos a integrar.,2032,291
11,0.0,No se identifican análisis de ejes sociales entrelazados.,0.0,"No se abordan estructuras de poder social como racismo, género o clase.",0.0,No se sitúan hallazgos en contextos sociohistóricos de diferenciación social.,0.0,No hay operacionalización empírica de intersecciones sociales.,0.0,high,,0.0,No se conecta el análisis con justicia social desde una perspectiva interseccional.,0.0,No se documenta agencia de sujetos diferenciados socialmente.,False,"El paper se centra en la dimensión 'interna' del liderazgo y la transformación, pero no articula explícitamente dos o más ejes de diferenciación social como relacionados entre sí.",0.0,No hay elementos interseccionales a integrar.,2064,291
12,1.0,"Explicita que factores socioeconómicos y de género se intersectan y co-determinan la experiencia de inseguridad ('socioeconomic and contextual factors intersect... compounded by institutional practices that shape gender relations, income status...').",1.0,"Se abordan mecanismos estructurales como prácticas institucionales, barreras económicas y relaciones de género que configuran el acceso a derechos y servicios.",1.0,"El análisis está situado en el contexto específico del campamento de Burayu, Etiopía, con referencias a historia de violencia, desplazamiento y condiciones locales.",1.0,"El muestreo es intencional y el análisis cualitativo explora explícitamente la intersección de factores en la experiencia de los niños, no solo variables paralelas.",4.0,high,,1.0,"El trabajo se orienta a la transformación, recomendando medidas para la reintegración y el apoyo social, y conecta explícitamente con la justicia social y derechos de la niñez.",1.0,"Se documenta cómo los niños navegan y desafían las inseguridades, mostrando agencia y estrategias frente a la adversidad.",True,El paper analiza cómo factores socioeconómicos y de género se intersectan en la experiencia de inseguridad de niños desplazados internos.,1.0,"Los elementos de identidad, poder estructural, contexto, método, justicia y agencia están integrados en un análisis coherente y situado.",2264,418
13,0.0,No se mencionan ni analizan ejes de diferenciación social.,0.0,No hay referencia a estructuras de poder o mecanismos de opresión.,0.0,No se contextualizan hallazgos en términos sociohistóricos o políticos.,0.0,No hay método que operacionalice intersecciones sociales.,0.0,high,,0.0,No se orienta a la justicia social ni ambiental desde una perspectiva interseccional.,0.0,No se aborda agencia ni resistencia de sujetos sociales.,False,El paper no articula ejes de diferenciación social relacionados; se centra en bibliometría y tecnología sin análisis de identidades o desigualdades.,0.0,No hay elementos interseccionales presentes para integrar.,2060,278
14,0.0,No se mencionan ni analizan ejes de diferenciación social.,0.0,No hay discusión sobre estructuras de poder o mecanismos de opresión.,0.0,No se sitúan hallazgos en contextos sociohistóricos de diferenciación social.,0.0,No hay operacionalización de intersecciones sociales en el método.,0.0,high,,0.0,No se orienta a la justicia social ni ambiental desde una perspectiva interseccional.,0.0,No se aborda agencia o resistencia de sujetos diferenciados socialmente.,False,"El paper no articula ejes de diferenciación social (género, raza, clase, etc.) como relacionados entre sí; se enfoca en finanzas verdes y blockchain sin referencia a identidades sociales.",0.0,No hay elementos interseccionales presentes para integrar.,2021,297
15,0.0,No se identifican ejes múltiples de diferenciación social entrelazados.,0.0,No se abordan mecanismos estructurales de opresión más allá de la pobreza energética.,0.0,No se sitúan hallazgos en contextos sociohistóricos diferenciados por ejes sociales.,0.0,No hay operacionalización empírica de intersecciones entre ejes sociales.,0.0,high,,0.0,No se conecta explícitamente con justicia social desde una perspectiva interseccional.,0.0,No se documenta agencia diferenciada de sujetos según ejes sociales.,False,"El paper discute energía y pobreza en relación con el cambio climático, pero no articula dos o más ejes de diferenciación social como relacionados entre sí; se centra en 'individuos en pobreza energética' como un grupo general.",0.0,No hay elementos interseccionales a integrar.,1927,313
16,1.0,"Analiza cómo ser mujer mayor con discapacidad constituye una posición específica, no solo suma de ejes.",1.0,Explicita relaciones de poder desiguales y exclusión estructural en la toma de decisiones climáticas.,1.0,"Sitúa el análisis en el contexto legal y político europeo, con referencia a casos y marcos normativos concretos.",0.5,"El método es jurídico-analítico, no empírico, pero examina casos donde la intersección de ejes es central para la argumentación legal.",3.5,high,,1.0,El trabajo se orienta explícitamente a la transformación de relaciones de poder y la justicia climática procedimental.,1.0,Reconoce a las víctimas interseccionales como agentes de cambio capaces de transformar relaciones injustas.,True,"El abstract articula género, edad y discapacidad como ejes entrelazados que configuran la posición de 'víctima interseccional' en litigios climáticos.",1.0,"El análisis articula identidades, estructuras de poder, contexto legal y agencia en un marco coherente orientado a la justicia.",1937,361
17,0.5,"Habla de 'vulnerabilidades interseccionales' pero el análisis empírico se centra en género y mujeres, sin detallar co-construcción con otros ejes.",1.0,"Enmarca la marginalización de género en términos de estructuras y procesos institucionales, no solo actitudes individuales.",0.5,"Contextualiza en municipios y procesos urbanos, pero el contexto sociohistórico es superficial.",0.0,No hay evidencia de métodos que operacionalicen intersecciones empíricamente; el foco es en el proceso institucional.,1.5,high,,1.0,El análisis es explícitamente crítico y orientado a la transformación de la injusticia de género en la adaptación climática.,0.0,"Las mujeres aparecen como objeto de conocimiento y vulnerabilidad, no se documenta agencia o resistencia.",True,El paper analiza cómo la vulnerabilidad de las mujeres es reconocida como 'interseccional' y cómo ese conocimiento se pierde en los procesos de planificación municipal.,0.5,"Integra poder estructural y orientación crítica, pero la interseccionalidad queda más en el discurso que en el análisis empírico.",1918,367
18,0.0,No trata ejes de diferenciación social.,0.0,No aborda estructuras de poder social.,0.0,No sitúa hallazgos en contextos sociohistóricos de diferenciación social.,0.0,No hay método para operacionalizar intersecciones sociales.,0.0,high,,0.0,No orienta el análisis a la justicia social o ambiental desde una perspectiva interseccional.,0.0,No aborda agencia o resistencia de sujetos diferenciados socialmente.,False,"El paper analiza la interacción entre crisis globales (pandemia, clima, guerra) pero no articula ejes de diferenciación social (género, raza, clase, etc.) como relacionados entre sí.",0.0,No hay elementos interseccionales a integrar.,2311,282
19,0.0,"No se mencionan ejes sociales (género, raza, clase, etc.) ni su relación.",0.0,No hay discusión sobre estructuras de poder o mecanismos sociales.,0.0,"El contexto es únicamente geográfico y técnico, sin análisis sociohistórico.",0.0,El método es técnico y no aborda intersecciones sociales.,0.0,high,,0.0,No hay orientación a la justicia social o ambiental desde una perspectiva interseccional.,0.0,No se consideran sujetos sociales ni agencia.,False,"El paper se centra exclusivamente en métodos de detección de ciclones mediante deep learning, sin articular ejes de diferenciación social ni relaciones entre ellos.",0.0,No hay elementos interseccionales presentes para articular.,2067,282
20,0.0,Solo discapacidad como eje; no hay análisis de identidades entrelazadas.,0.0,No se articula cómo estructuras de poder interactúan con múltiples ejes.,0.0,No hay contextualización sociohistórica de intersecciones.,0.0,No hay método que operacionalice intersecciones.,0.0,high,,0.0,No hay análisis interseccional orientado a la justicia; solo discapacidad.,0.0,No se documenta agencia interseccional.,False,"El abstract solo articula discapacidad como eje de diferenciación, sin analizar su relación con otros ejes (género, raza, clase, etc.), aunque menciona experticia en género e indigeneidad.",0.0,No hay elementos interseccionales a integrar.,2044,286
21,0.5,"Se mencionan género y otros ejes (inclusión social, juventud) pero no queda claro si se analizan como mutuamente constitutivos o solo aditivos.",1.0,"El abstract enfatiza barreras estructurales, relaciones de poder y desigualdades como obstáculos para la transformación.",0.5,"El contexto es el sistema alimentario global y la agricultura, pero la descripción es general y no situada en una geografía o historia específica.",0.0,No se describe ningún método empírico ni operacionalización de intersecciones; es una revisión conceptual.,2.0,medium,,1.0,El objetivo declarado es la transformación de género y la justicia/inclusión en sistemas alimentarios frente al cambio climático.,0.5,"Se reconoce la contribución de actores (mujeres, jóvenes) pero no se detallan estrategias de agencia o resistencia.",True,"El abstract menciona explícitamente la interseccionalidad y la inclusión social junto con género, articulando cómo estos ejes se relacionan en el contexto de la agricultura climáticamente inteligente.",0.5,"Los elementos de poder, género, inclusión y transformación están presentes y relacionados, pero la integración analítica parece parcial y más programática que desarrollada en profundidad.",1858,389
22,0.0,No se abordan identidades sociales ni sus interrelaciones.,0.0,No se discuten estructuras de poder social.,0.0,"El contexto es ecológico y geográfico, no sociohistórico.",0.0,No hay operacionalización de intersecciones sociales.,0.0,high,,0.0,No hay orientación a la justicia social o ambiental desde una perspectiva interseccional.,0.0,No se aborda agencia o resistencia de sujetos sociales.,False,"El paper no articula ejes de diferenciación social (género, raza, clase, etc.) ni los relaciona entre sí; se centra en dinámicas ecológicas y de manejo.",0.0,"No aplica, ya que no hay elementos interseccionales presentes.",2170,281
23,1.0,"Habla de trabajar en las 'intersecciones' y de que los desafíos no deben abordarse de forma discreta, sino como mutuamente constitutivos.",1.0,Identifica raíces sistémicas y critica el paradigma colonial dominante en la gobernanza.,1.0,"Sitúa el análisis en el contexto urbano, con referencia explícita a la reconciliación con Pueblos Indígenas y prácticas de gobernanza occidental.",0.5,"Menciona un estudio empírico y prácticas de diseño sistémico, pero no detalla si el método operacionaliza intersecciones más allá del enfoque conceptual.",3.5,medium,,1.0,"El objetivo es transformar procesos y prácticas hacia la justicia y la descolonización, con una orientación explícita a la transformación.",0.5,"Se reconoce agencia en la innovación social y en prácticas de descolonización, aunque no se documentan estrategias concretas de los sujetos.",True,"El abstract articula explícitamente los desafíos de clima, equidad y descolonización como problemas interrelacionados con raíces sistémicas comunes.",1.0,"Los elementos de poder estructural, identidades entrelazadas, contexto y praxis se articulan en un marco coherente de transformación de políticas.",1887,386
24,0.5,"Se mencionan impactos de género y clase/ocupación, pero el análisis de cómo se co-constituyen es limitado y más bien aditivo.",1.0,"El marco propuesto y el análisis abordan explícitamente determinantes estructurales (socioeconómicos, políticos, ambientales) de la salud y vulnerabilidad.",1.0,"El estudio se sitúa en contextos urbanos específicos (Indore, Harare, Masvingo) y reconoce la especificidad de los riesgos y respuestas.",0.5,"El método incluye subgrupos (género, ocupación) y análisis cualitativo, pero no queda claro si operacionaliza interacciones entre ejes más allá de la descripción.",2.5,high,,1.0,"El trabajo está orientado a la transformación, con recomendaciones para intervenciones holísticas y justicia en salud y clima.",1.0,"Se documentan respuestas individuales y colectivas de los trabajadores, reconociendo agencia y estrategias.",True,"El paper articula género, clase/ocupación y contexto urbano como ejes interrelacionados en la experiencia de trabajadores informales ante riesgos climáticos y de salud.",0.5,"Los elementos (estructura, contexto, agencia, género, ocupación) están presentes y parcialmente conectados, pero la integración analítica de los ejes es incompleta.",2112,405
25,0.0,No se abordan ejes de diferenciación social.,0.0,No se discuten estructuras de poder o mecanismos de opresión.,0.0,El contexto es geográfico pero no sociohistórico ni político en términos de ejes sociales.,0.0,"El método es espacial, sin operacionalización de intersecciones sociales.",0.0,high,,0.0,No hay orientación explícita a la justicia social o ambiental desde una perspectiva interseccional.,0.0,No se aborda la agencia o resistencia de sujetos diferenciados.,False,"El paper analiza vulnerabilidad diferencial entre barrios periurbanos pero no articula ejes sociales (género, clase, raza, etc.) como relacionados entre sí.",0.0,No hay elementos interseccionales a integrar.,2095,286
26,0.0,No se mencionan ni analizan ejes de diferenciación social.,0.0,No hay referencia a estructuras de poder o mecanismos de opresión.,0.0,No se sitúa el análisis en un contexto sociohistórico específico.,0.0,No se describe ningún método empírico relacionado con intersecciones.,0.0,high,,0.0,No hay orientación explícita a la justicia social o ambiental.,0.0,No se menciona agencia ni resistencia de sujetos.,False,El abstract no articula ejes de diferenciación social relacionados; solo menciona impactos generales en la salud y la necesidad de investigación interdisciplinaria.,0.0,No hay elementos interseccionales presentes para integrar.,1933,273
27,1.0,"Habla de vulnerabilidades históricas y compuestas, lo que implica co-construcción de ejes (no solo sumatoria).",1.0,"Se centra en rectificar vulnerabilidades históricas y en procesos de justicia, lo que implica un enfoque en estructuras de poder.",1.0,El análisis es situado en San Francisco y reconoce la importancia de lo place-based y la historia local.,1.0,"Utiliza análisis cualitativo de CBOs con atención a cómo abordan intersecciones en la práctica, no solo variables paralelas.",4.0,high,,1.0,El objetivo explícito es la justicia climática interseccional y la transformación de desigualdades.,1.0,"Las CBOs y sus miembros son presentados como agentes activos que planifican, actúan y forman alianzas.",True,"El paper analiza cómo las CBOs abordan vulnerabilidades históricas y compuestas, implicando múltiples ejes de diferenciación social relacionados.",1.0,"El análisis articula identidades, estructuras, contexto, método y praxis en torno a la acción colectiva y la justicia.",1935,356
28,1.0,"Explora cómo ser mujer, mestiza y bisexual se entrelazan en la experiencia de marginalización y sentido de sí en el contexto educativo.",0.5,"Se refiere a la marginalización y a las dimensiones raciales, pero el análisis se centra más en la experiencia individual y ontológica que en mecanismos estructurales explícitos.",0.5,"El contexto es la educación ambiental en una universidad liberal en Países Bajos, pero la historicidad y política estructural son tratadas superficialmente.",0.0,El método es fenomenológico idiográfico con un solo caso; no hay operacionalización empírica de intersecciones más allá del análisis narrativo.,2.0,high,,0.5,"Se discuten implicaciones para prácticas educativas más inclusivas, pero la orientación a la justicia es sugerida más que desarrollada críticamente.",1.0,La agencia de la estudiante es central: se analiza su proceso de sentido y posicionamiento activo frente a la marginalización.,True,"El estudio analiza la experiencia de una estudiante mujer, mestiza y bisexual, articulando género, raza y sexualidad como dimensiones relacionadas en su crisis identitaria en el aula climática.",0.5,"Los elementos de identidad entrelazada y agencia están bien integrados, pero el análisis estructural y contextual es más débil y menos articulado con el resto.",1910,409
29,1.0,"Analiza cómo género, poder y conocimiento se co-constituyen en experiencias de cambio climático ('intersectional violences', 'ways of knowing impact ways of living').",1.0,Critica la falta de atención a estructuras de poder en la adaptación climática y teoriza mecanismos ('power structures shaping these phenomena').,1.0,"El trabajo se sitúa explícitamente en Puerto Rico y reconoce la historicidad ('historicized imagination', 'historic and intersectional violences').",1.0,El diseño empírico se basa en trabajo de campo original y elabora un marco que analiza procesos y orientaciones interseccionales.,4.0,high,,1.0,"El objetivo es explícitamente transformador, orientado a la justicia y la paz feminista ('transformative climate action', 'desirable futures').",1.0,"Documenta agencia de actores en la transformación y cuidado ('actors foster transformation', 'caring in current relations').",True,El paper aborda 'violencias interseccionales' y cómo estructuras de poder y conocimiento afectan experiencias diferenciadas de cambio climático.,1.0,"Los elementos se articulan en un marco coherente que conecta poder, identidades, contexto, método y praxis transformadora.",1987,375
30,0.0,No se identifican ejes de diferenciación social entrelazados.,0.0,No se abordan mecanismos de poder estructural vinculados a identidades sociales.,0.0,"El contexto es comunitario y ecológico, pero no se sitúan ejes sociales diferenciados.",0.0,"El método analiza capitales y estrategias comunitarias, no intersecciones de ejes sociales.",0.0,high,,0.0,No hay orientación explícita a la justicia social desde una perspectiva interseccional.,0.0,"Se documenta agencia comunitaria, pero no en relación a posiciones interseccionales.",False,"El paper analiza vulnerabilidad y resiliencia comunitaria en términos de capitales (humano, social, natural, físico, financiero), pero no articula explícitamente dos o más ejes de diferenciación social (como género, clase, etnia) como relacionados entre sí.",0.0,No hay elementos interseccionales a integrar.,2005,326
31,0.5,"Se mencionan género, first nations y queer como ejes relevantes, pero el resumen sugiere que se abordan principalmente como lentes teóricas yuxtapuestas, no como posiciones co-constitutivas.",1.0,"El análisis se centra en desigualdades sistémicas y estructuras como el patriarcado y el colonialismo, y cómo estas pueden reproducirse en el emprendimiento climático.",0.5,"El contexto es global y teórico, con referencias a la circularidad y el emprendimiento social, pero sin un anclaje sociohistórico o geográfico específico.",0.0,No hay método empírico ni operacionalización de intersecciones; es una revisión teórica.,2.0,medium,,1.0,El objetivo explícito es transformar estructuras desiguales y promover la justicia climática y de género a través del emprendimiento.,0.5,"Se reconoce la agencia de mujeres y sujetos queer/indígenas como líderes y agentes de cambio, aunque de forma general y teórica.",True,"El paper articula género, indigeneidad (first nations) y sexualidad (queer) como marcos teóricos relacionados en el análisis de la justicia climática y el emprendimiento.",0.5,"Los marcos teóricos se presentan como sinérgicos, pero la integración entre ejes y estructuras parece parcial y más programática que analítica.",2005,418
32,0.0,"No se identifican ejes sociales (género, raza, clase, etc.) ni su relación.",0.0,No hay discusión de estructuras de poder; el análisis es a nivel de sistemas ecológicos y gobernanza.,0.0,El contexto es geográfico (islas) pero no sociohistórico ni político en términos de diferenciación social.,0.0,No hay operacionalización empírica de intersecciones sociales.,0.0,high,,0.0,No se aborda la justicia social ni la transformación de desigualdades sociales.,0.0,No se discute agencia o resistencia de sujetos diferenciados socialmente.,False,El paper no articula dos o más ejes de diferenciación social relacionados entre sí; se enfoca en vulnerabilidad de islas como unidades geográficas sin análisis de identidades sociales.,0.0,No hay elementos interseccionales presentes para integrar.,2089,311
33,0.0,"Solo se considera discapacidad como eje único, sin entrelazamiento con otros ejes.",0.0,No se abordan mecanismos estructurales; el análisis es biomédico y descriptivo.,0.0,"El contexto es solo geográfico (Corea del Sur), sin análisis sociohistórico.",0.0,"El método es estratificación por discapacidad, no análisis interseccional.",0.0,high,,0.0,"Se mencionan implicaciones de adaptación, pero no hay orientación crítica o transformadora.",0.0,"Las personas con discapacidad son tratadas como grupo vulnerable, sin agencia documentada.",False,"El estudio compara personas con y sin discapacidad, pero no articula la discapacidad con otros ejes de diferenciación social ni analiza intersecciones entre múltiples ejes.",0.0,"No hay integración de elementos interseccionales, ya que solo se analiza un eje.",2182,310
34,0.0,No analiza identidades ni ejes sociales.,0.0,No aborda estructuras de poder ni mecanismos de opresión.,0.0,No sitúa hallazgos en contextos sociohistóricos específicos.,0.0,No hay operacionalización empírica de intersecciones.,0.0,high,,0.0,No hay orientación explícita a la justicia ni recomendaciones transformadoras.,0.0,No se aborda agencia ni resistencia de sujetos.,False,"El paper es una revisión bibliométrica que analiza tendencias temáticas y menciona la intersección de justicia ambiental y cambio climático, pero no articula ni relaciona ejes de diferenciación social en el análisis.",0.0,No hay elementos interseccionales presentes para articular.,2049,279
35,0.5,"Trata varios ejes (género, raza, edad, educación) pero los analiza principalmente como factores aditivos, no como posiciones co-constituidas.",0.5,"Menciona desigualdades estructurales (socioeconómicas, raciales, de género) pero no teoriza mecanismos estructurales en profundidad.",0.5,"Reconoce diferencias regionales y contexto brasileño, pero el análisis contextual es limitado.",0.0,El método compara subgrupos pero no analiza interacciones ni operacionaliza intersecciones empíricamente.,1.0,high,,0.5,"Sugiere que reducir desigualdades es clave para la justicia en salud, pero la orientación transformadora es superficial.",0.0,No documenta agencia ni estrategias de los sujetos; los presenta como grupos vulnerables.,True,"El paper analiza cómo género, edad, raza y nivel educativo se relacionan en la vulnerabilidad a la mortalidad por calor.",0.5,Los elementos están presentes pero yuxtapuestos; no hay integración analítica fuerte.,2222,350
36,0.5,"Se mencionan varios ejes y su intersección, pero no se evidencia un análisis de co-construcción, sino más bien una enumeración de codeterminantes.",0.5,"Se reconocen estructuras como la exclusión social y condiciones laborales precarias, pero no se profundiza en mecanismos estructurales ni en un marco crítico explícito.",0.5,"El contexto es general (países de altos ingresos, cambios recientes), pero no se sitúan los hallazgos en historias o geografías específicas.",0.0,No se describe un método empírico que operacionalice intersecciones; es una revisión narrativa.,1.0,high,,0.5,"Se mencionan implicaciones para la protección y promoción de la salud laboral, pero la orientación a la justicia es implícita y no desarrollada críticamente.",0.0,No se documenta agencia o resistencia de los sujetos; se los presenta principalmente como afectados por exposiciones laborales.,True,"El abstract menciona explícitamente la 'intersectionality of work with gender, sexual orientation, age, race, ethnicity, migrant status, and socioeconomic status as codeterminants of health disparities', articulando múltiples ejes como relacionados.",0.5,"Los elementos interseccionales y estructurales están presentes pero yuxtapuestos, sin una integración analítica profunda.",2080,408
37,0.0,No hay análisis de identidades entrelazadas; solo se mencionan clase y raza como brechas.,0.0,No se articulan mecanismos estructurales; la mención de misoginia es anecdótica.,0.0,No se sitúa el análisis en un contexto sociohistórico más allá de Reino Unido y juventud.,0.0,No hay método que operacionalice intersecciones; la interseccionalidad es solo una aspiración.,0.0,high,,0.0,No hay orientación explícita a la justicia más allá de mencionar el término.,0.0,No se documenta agencia diferenciada ni estrategias interseccionales.,False,"Aunque el abstract menciona 'interseccionalidad' y reconoce brechas de clase y raza, no articula cómo estos ejes se relacionan entre sí en el análisis; solo se mencionan como dimensiones separadas o como un desafío futuro.",0.0,No hay integración de elementos interseccionales; solo mención superficial.,1972,333
38,0.0,Solo se analiza género; no se exploran identidades entrelazadas.,0.0,No se articulan mecanismos estructurales más allá del género.,0.0,No se contextualizan múltiples ejes de diferenciación en un marco sociohistórico.,0.0,No hay operacionalización empírica de intersecciones.,0.0,high,,0.0,No se conecta con justicia interseccional más allá del género.,0.0,"No se documenta agencia interseccional, solo la de mujeres como grupo de género.",False,"Aunque menciona un 'marco interseccional', el análisis se centra exclusivamente en género y no articula explícitamente otros ejes de diferenciación social como raza, clase, etnia, etc., en relación mutua.",0.0,No hay integración de múltiples ejes; el análisis es monoeje.,1923,308
39,0.0,No se identifican ejes múltiples de diferenciación social tratados como entrelazados.,0.0,"No se articula la intersección de estructuras como racismo, género, clase, etc.",0.0,No hay análisis interseccional situado de múltiples ejes.,0.0,El método no operacionaliza intersecciones de ejes sociales.,0.0,high,,0.0,No hay orientación interseccional a la justicia entre ejes diferenciados.,0.0,No se documenta agencia diferenciada por múltiples ejes sociales.,False,"El paper analiza cómo las subjetividades y la formación de sujetos afectan la participación comunitaria en la adaptación climática, pero no articula explícitamente dos o más ejes de diferenciación social relacionados entre sí (como género, clase, etnia, etc.), sino que se centra en la relación entre comunidad y Estado.",0.0,No hay integración de ejes interseccionales porque no se articulan.,2013,328
40,0.0,Solo se analiza la edad como factor demográfico relevante.,0.0,No se abordan mecanismos estructurales de poder; el análisis es biomédico y ambiental.,0.0,El contexto es geográfico (París) pero no se sitúa sociohistóricamente la vulnerabilidad.,0.0,No hay operacionalización de intersecciones; solo análisis por edad y ambiente.,0.0,high,,0.0,"El enfoque es descriptivo y orientado a salud pública, sin marco de justicia.",0.0,No se documenta agencia ni resistencia de los sujetos.,False,"Aunque menciona 'demographics' y vulnerabilidad, solo analiza edad como eje y no articula relaciones entre múltiples ejes de diferenciación social.",0.0,No hay elementos interseccionales a integrar.,2158,293
41,1.0,"Analiza cómo la justicia reproductiva y climática se entrelazan, especialmente en comunidades racializadas y marginadas, mostrando posiciones específicas (no aditivas).",1.0,"Discute explícitamente estructuras como racismo, opresión reproductiva y poblaciónismo como mecanismos de injusticia estructural.",1.0,"Sitúa el análisis en el contexto sociohistórico de Estados Unidos, con referencias a disparidades raciales y políticas específicas.",0.0,"El artículo es teórico y de revisión, sin operacionalización empírica ni método interseccional aplicado.",3.0,high,,1.0,"El texto está orientado a la transformación, cuestionando marcos dominantes y proponiendo enfoques críticos para la justicia.",0.5,"Menciona agencia en términos de autonomía reproductiva, pero no documenta estrategias concretas de resistencia o saberes situados.",True,"El paper articula raza, género y clase en el análisis de justicia reproductiva y climática, especialmente al discutir disparidades raciales en salud y autonomía reproductiva en contextos de cambio climático.",1.0,"Los elementos de poder estructural, identidades entrelazadas y contexto se articulan en un análisis coherente que desafía marcos dominantes.",1987,385
42,0.5,"Se alude a vulnerabilidades y redes dentro y entre comunidades, pero no se especifican ni analizan ejes concretos como género, raza, clase, etc., ni cómo se co-constituyen.",0.5,"Se problematizan narrativas de crisis y jerarquías de urgencia, y se menciona la justicia climática, pero no se detallan mecanismos estructurales específicos (racismo, colonialismo, etc.).",1.0,El análisis está situado en Aotearoa New Zealand y en el contexto específico de la pandemia de COVID-19 y el movimiento climático local.,0.5,"El método es cualitativo y recoge reflexiones de activistas sobre experiencias interseccionales, pero no se operacionalizan interacciones entre ejes sociales concretos.",2.0,high,,1.0,"El trabajo está orientado a la transformación y la justicia climática, criticando narrativas que priorizan la urgencia sobre la justicia y proponiendo la solidaridad interseccional.",1.0,Se documenta la agencia de los activistas al cultivar nuevas narrativas y prácticas de solidaridad y organización.,True,"El abstract menciona explícitamente la importancia de la justicia y la solidaridad en crisis, y se refiere a la vulnerabilidad 'across and within communities' para una organización social más interseccional.",0.5,"La integración es parcial: se articulan agencia, contexto y orientación a la justicia, pero la operacionalización de identidades entrelazadas y estructuras queda poco desarrollada.",2066,447
43,0.0,No hay análisis de identidades entrelazadas; no se discuten ejes sociales.,0.0,No se abordan estructuras de poder ni mecanismos de opresión.,0.0,No hay contextualización sociohistórica de ejes sociales.,0.0,No hay método para operacionalizar intersecciones.,0.0,high,,0.0,No hay orientación a la justicia interseccional.,0.0,No se discute agencia ni resistencia de sujetos diferenciados.,False,"El paper menciona 'intersectionality' solo en la conclusión como valor discursivo, pero no articula ni analiza ejes de diferenciación social relacionados entre sí en el cuerpo del trabajo.",0.0,No hay elementos interseccionales a integrar.,2352,280
44,0.0,No analiza identidades entrelazadas; ruralidad es el eje central.,0.0,No teoriza mecanismos estructurales de poder; se centra en prácticas comunitarias y datos.,0.0,"Contextualiza geográficamente, pero no en términos de interseccionalidad situada.",0.0,No operacionaliza intersecciones en el método; enfoque en comunidad rural como grupo.,0.0,high,,0.0,"Orienta a la justicia climática y salud, pero sin análisis interseccional sustantivo.",0.0,"Reconoce agencia comunitaria, pero no en clave interseccional.",False,"El paper menciona 'interseccionalidad' y 'poblaciones prioritarias', pero no articula explícitamente dos o más ejes de diferenciación social como relacionados entre sí; se enfoca en ruralidad/remotidad como eje principal.",0.0,No hay elementos interseccionales sustantivos para integrar.,2123,327
45,0.0,No se identifican análisis de identidades entrelazadas.,0.0,No se abordan mecanismos estructurales de opresión entre ejes sociales.,0.0,No se sitúan hallazgos en contextos sociohistóricos específicos de intersección.,0.0,No hay método empírico ni operacionalización de intersecciones.,0.0,high,,0.0,No se orienta explícitamente a la transformación de desigualdades interseccionales.,0.0,No se documenta agencia o resistencia de sujetos interseccionales.,False,"El texto menciona temas como masculinidad, planetariedad y marginalidad, pero no articula explícitamente dos o más ejes de diferenciación social como relacionados entre sí.",0.0,No hay elementos interseccionales sustantivos para articular.,2012,299
46,1.0,"Analiza cómo la identidad indígena se entrelaza con género, edad y rol comunitario, no como sumatoria sino como posiciones específicas (mujeres, jóvenes, líderes, sabias/os).",1.0,Identifica explícitamente el colonialismo y el capitalismo como estructuras que configuran la crisis climática y la relación con la naturaleza.,1.0,"Sitúa el análisis en el contexto sociohistórico de Canadá, con énfasis en la historia de colonización y sus efectos actuales.",1.0,"El muestreo intencional de subgrupos interseccionales (mujeres, jóvenes, líderes, sabias/os) y el análisis cualitativo exploran interacciones entre ejes.",4.0,high,,1.0,"El trabajo está orientado a la justicia climática y la autodeterminación indígena, con recomendaciones explícitas para la transformación.",1.0,Documenta agencia y resistencia a través de la revitalización de saberes indígenas y propuestas propias de soluciones climáticas.,True,"El paper articula género, edad, y roles (mujeres, jóvenes, líderes, sabias/os) como posiciones específicas dentro de pueblos indígenas, en relación con estructuras coloniales y capitalistas.",1.0,"Los elementos se articulan coherentemente: el análisis de poder estructural, identidades entrelazadas y agencia se integra en el marco metodológico y en las recomendaciones.",2061,418
47,0.0,No se identifican análisis de identidades entrelazadas ni de múltiples ejes sociales.,0.0,No se abordan estructuras de poder ni mecanismos de opresión social.,0.0,No hay contextualización sociohistórica de desigualdades interseccionales.,0.0,No se operacionalizan intersecciones en el método ni en el análisis.,0.0,high,,0.0,No se orienta a la transformación de desigualdades interseccionales.,0.0,No se documenta agencia ni resistencia de sujetos diferenciados.,False,"El paper revisa la contribución de la psicología a la gobernanza climática, pero no articula ni analiza ejes de diferenciación social relacionados entre sí.",0.0,No hay elementos interseccionales presentes para articular.,1997,293
48,0.0,No trata ejes de diferenciación social.,0.0,No aborda estructuras de poder social; se centra en políticas y discursos estatales.,0.0,No contextualiza desigualdades sociales; el contexto es político-institucional.,0.0,No hay método para operacionalizar intersecciones sociales.,0.0,high,,0.0,No hay orientación a la justicia social o ambiental desde una perspectiva interseccional.,0.0,No aborda agencia o resistencia de sujetos diferenciados socialmente.,False,"El paper analiza la intersección entre dimensiones domésticas e internacionales de la política climática, pero no articula ejes de diferenciación social (género, raza, clase, etc.) como relacionados entre sí.",0.0,No hay elementos interseccionales a integrar.,1959,290
49,0.5,"Se centra en género y lo relaciona con instituciones y acceso a recursos, pero no articula explícitamente múltiples ejes como mutuamente constitutivos.",1.0,"Discute poder estructural, discriminación de género, y cómo las instituciones y normas socioculturales reproducen desigualdades.",1.0,"Sitúa los hallazgos en contextos geográficos y agroecosistemas específicos, reconociendo la variabilidad contextual.",0.0,"Como revisión sistemática, no operacionaliza empíricamente intersecciones ni utiliza métodos interaccionales.",2.0,high,,0.5,"Discute implicaciones de justicia y poder, pero la orientación transformadora es limitada a la discusión.",1.0,"Reconoce agencia de mujeres en la producción, transmisión y adaptación del conocimiento agroecológico.",True,"El paper analiza cómo el género interactúa con otros factores (instituciones, acceso a recursos, normas socioculturales) en la distribución y transformación del conocimiento agroecológico.",0.5,"Los elementos de poder, contexto y agencia están presentes y parcialmente conectados, pero la integración interseccional es incompleta.",2045,366
50,0.5,"Se mencionan múltiples ejes (pobreza urbana, comunidades sobrecargadas, injusticia ambiental), pero se tratan principalmente como aditivos y no como posiciones co-constituidas.",0.5,"Se reconoce la injusticia ambiental y la inequidad estructural en la distribución de infraestructura verde, pero los mecanismos estructurales no se desarrollan en profundidad.",1.0,"El análisis está situado en Camden, NJ, con referencia explícita a su historia post-industrial y de injusticia ambiental.",0.0,"El método (encuesta, minería de redes sociales, datos geoespaciales) no operacionaliza intersecciones; los subgrupos no se analizan de forma interaccional.",1.0,high,,0.5,"Se discuten implicaciones para la planificación urbana y la equidad, pero la orientación a la transformación es limitada y no se desarrollan recomendaciones críticas.",0.0,La agencia de los sujetos no se documenta; la comunidad aparece principalmente como receptora de impactos y percepciones.,True,El paper articula clase/condición socioeconómica y raza/etnicidad como ejes relacionados en la exposición desigual al calor urbano y acceso a infraestructura verde.,0.5,"Los elementos de contexto, inequidad y justicia están presentes pero no se articulan en un marco interseccional coherente; los ejes y estructuras aparecen yuxtapuestos.",2028,421
51,0.0,No se identifican análisis de identidades entrelazadas; solo se considera la población ocupada como un grupo homogéneo.,0.0,"Aunque se discuten estructuras legales y de poder (ocupación), no se abordan mecanismos interseccionales de opresión.",0.0,"El contexto es la ocupación, pero no se sitúan múltiples ejes sociales en contexto sociohistórico.",0.0,No hay operacionalización empírica de intersecciones entre ejes sociales.,0.0,high,,0.0,"El enfoque es legal y descriptivo, sin orientación explícita a la justicia interseccional.",0.0,No se documenta agencia o resistencia diferenciada de subgrupos sociales.,False,"El paper analiza la vulnerabilidad climática de poblaciones ocupadas, pero no articula dos o más ejes de diferenciación social relacionados entre sí; se centra en la condición de ocupación como eje único.",0.0,No hay elementos interseccionales a integrar.,1871,334
52,0.5,"Trata género, ruralidad e ingreso pero los combina aditivamente (ej: 'men from rural areas with lower incomes...'), no como posiciones co-constituidas.",0.5,"Menciona desigualdades estructurales (económicas, sociales) pero no teoriza mecanismos de poder (racismo, patriarcado, etc.).",0.5,"Contextualiza por país y región, pero el análisis es comparativo y no profundiza en historia o política local.",0.5,"El método (latent class analysis) permite identificar subgrupos interseccionales, pero la interpretación es descriptiva y no explora interacciones profundas.",1.0,high,,0.5,"Sugiere implicaciones para políticas y reducción de desigualdades, pero la orientación a la justicia es limitada y no crítica.",0.0,No documenta agencia ni estrategias de resistencia de los sujetos; los presenta como afectados/víctimas.,True,"El análisis asocia género, ubicación rural/urbana e ingreso como ejes relacionados en la vulnerabilidad climática.",0.5,"Los elementos (ejes, método, contexto) están presentes pero yuxtapuestos; la integración es parcial.",2126,382
53,0.0,No analiza cómo los ejes se co-construyen; solo menciona 'facets of social identity' y 'socio-political processes' como factores separados.,0.0,Se refiere a procesos estructurales pero no los teoriza ni articula mecanismos de opresión interrelacionados.,0.0,Contextualiza geográficamente pero no sitúa interseccionalidad de manera sustantiva.,0.0,No hay método empírico que operacionalice intersecciones; es una revisión global.,0.0,high,,0.0,No se observa orientación explícita a la justicia o transformación.,0.0,No documenta agencia o resistencia de los sujetos.,False,"Aunque menciona identidad social y procesos estructurales, el análisis no articula dos o más ejes de diferenciación social como relacionados entre sí, sino que los trata como factores independientes que median la experiencia de grief.",0.0,"No hay integración de elementos interseccionales, ya que no se articulan ejes entrelazados.",1986,341
54,0.5,"Menciona grupos históricamente excluidos y pluralidad de sujetos, pero no analiza en detalle cómo se co-constituyen ejes como género, etnia e indigeneidad.",1.0,"El análisis se centra en estructuras legales, exclusión histórica y justicia social, no en rasgos individuales.",1.0,"Contextualiza en América Latina, litigios nacionales, periferias y realidades culturales específicas.",0.0,No hay evidencia de operacionalización empírica de intersecciones entre ejes sociales; el análisis es jurídico y teórico.,2.0,high,,1.0,El enfoque es explícitamente orientado a la transformación y justicia social y ecológica.,0.5,"Reconoce a los sujetos como 'drivers of transformations', pero la agencia se describe de forma general y no detallada.",True,"El paper analiza cómo los derechos humanos y los derechos de la naturaleza se entrelazan en litigios climáticos, considerando la cultura y exclusión histórica de grupos como los pueblos indígenas.",0.5,"Integra poder estructural, contexto y praxis, pero la articulación de identidades entrelazadas y agencia es parcial.",2024,369
55,0.5,"Se consideran varios ejes (raza, ingreso, habilidad), pero el análisis parece aditivo y no explora cómo se co-constituyen.",0.5,"Se mencionan desigualdades y vulnerabilidad estructural (grupos vulnerables), pero no se teoriza explícitamente mecanismos de poder estructural.",0.5,"El contexto geográfico es específico (Georgia y Carolina del Sur), pero el análisis sociohistórico es superficial.",0.5,"El método identifica subgrupos (por raza, ingreso, habilidad), pero no queda claro si analiza interacciones o solo diferencias descriptivas.",1.0,high,,0.5,"Se mencionan implicaciones para la comunicación inclusiva y la atención a grupos vulnerables, pero la orientación a la justicia es limitada.",0.0,No se documenta agencia o estrategias de los sujetos; el foco está en la recepción de información.,True,"El paper analiza cómo raza, ingreso, y habilidades (map-reading ability) afectan conjuntamente la comprensión del riesgo de tormenta, y menciona grupos vulnerables diferenciados.",0.5,"Los elementos (ejes, contexto, método) están presentes pero no se articulan en un análisis interseccional coherente.",2081,385
56,1.0,Problematiza la construcción binaria de género y discute la interseccionalidad en relación con el agua y el desarrollo.,1.0,Critica la esencialización de género y enfatiza la necesidad de analizar estructuras de poder y desigualdad.,0.5,"Sitúa el análisis en el campo del desarrollo global y menciona dinámicas Norte-Sur, pero el contexto específico es limitado en el abstract.",0.0,No se describe un método empírico ni operacionalización de intersecciones; parece ser un capítulo teórico/crítico.,3.0,high,,1.0,"El enfoque es crítico y orientado a la transformación, discutiendo agencia, activismo y resistencia.",1.0,"Se centra en la agencia, el empoderamiento y la resistencia de los sujetos en torno al acceso y control del agua.",True,"El abstract discute explícitamente la intersección de género con otros ejes (como LGBTQI2+, no-binarismo) y estructuras de poder en el acceso y control del agua.",1.0,"El análisis articula poder estructural, identidades entrelazadas y agencia en un marco crítico coherente.",1984,367
57,0.0,No se identifican ejes de diferenciación social entrelazados.,0.0,No se abordan estructuras de poder vinculadas a identidades sociales.,0.0,No hay referencia a contextos sociohistóricos de ejes sociales.,0.0,No se operacionalizan intersecciones de ejes sociales.,0.0,high,,0.0,No se menciona orientación a la justicia desde una perspectiva interseccional.,0.0,No se documenta agencia de sujetos diferenciados socialmente.,False,"El abstract menciona 'intersecciones' y temas diversos (comunidad, gobernanza, urbanización), pero no articula explícitamente dos o más ejes de diferenciación social como relacionados entre sí.",0.0,No hay elementos interseccionales a integrar.,2004,290
58,1.0,"Analiza cómo género, raza y heteronormatividad se co-constituyen en la narrativa ecomaternalista y en las alternativas ficcionales.",1.0,"Explora críticamente el patriarcado, la heteronormatividad y el racismo como estructuras que configuran la política familiar y climática.",1.0,"Sitúa el análisis en contextos africanos específicos (Nigeria, Botswana) y en la tradición Africanfuturist, reconociendo la no-universalidad.",1.0,"El método es teórico-interpretativo, pero opera explícitamente las intersecciones en el análisis textual de las obras seleccionadas.",4.0,high,,1.0,El objetivo es disruptivo y orientado a la transformación de narrativas y estructuras de poder en la política climática.,1.0,Reconoce agencia y resistencia en las representaciones alternativas de familias y sujetos en los relatos analizados.,True,"El paper articula género, raza, heteronormatividad y familia como ejes entrelazados en la construcción de narrativas climáticas.",1.0,"Los elementos se articulan en un análisis coherente donde las estructuras de poder, identidades y agencia se entrelazan en el marco teórico y textual.",1977,386
59,0.5,"Trata la indigeneidad y la posición frente al colonialismo, pero no desarrolla explícitamente la co-constitución con otros ejes (género, clase, etc.).",1.0,El análisis se centra en el poder estructural del colonialismo y la hegemonía mediática occidental.,1.0,"Sitúa el análisis en contextos mediáticos, geográficos y políticos específicos (publicaciones indígenas vs. occidentales, EE.UU.).",1.0,El método (Holistic Media Coding Protocol) operacionaliza la comparación interseccional entre marcos indígenas y occidentales.,3.5,high,,1.0,El trabajo busca explícitamente transformar la representación mediática y responde a llamados de justicia ambiental e interseccional.,1.0,Reconoce la agencia de los pueblos indígenas como productores de conocimiento y autores de su propia representación.,True,El paper articula indigeneidad y colonialismo como ejes relacionados en la representación mediática sobre cambio climático.,1.0,"El análisis integra poder estructural, agencia, contexto y método en una crítica coherente a la colonialidad mediática.",1961,357
60,0.0,No se abordan ejes de diferenciación social.,0.0,No se discuten estructuras de poder social.,0.0,No hay análisis de contexto sociohistórico de identidades.,0.0,No hay método para operacionalizar intersecciones sociales.,0.0,high,,0.0,No hay orientación a la justicia social o ambiental desde una perspectiva interseccional.,0.0,No se aborda agencia o resistencia de sujetos diferenciados socialmente.,False,"El paper no articula ejes de diferenciación social relacionados entre sí; se centra en el periodismo climático y la autoridad de los sitios web, sin analizar identidades sociales o intersecciones.",0.0,No hay elementos interseccionales presentes para articular.,1999,280
61,0.5,"Se reconocen múltiples ejes (género, edad, vulnerabilidad), pero el análisis parece centrarse en género y trata los otros ejes de forma secundaria.",0.5,"Se mencionan discriminaciones socio-estructurales y protección legal, pero no se detallan mecanismos estructurales.",0.5,"Se reconoce la importancia del contexto (vulnerabilidades preexistentes, marcos legales internacionales), pero el nivel de detalle es superficial.",0.0,No se describe un método empírico que operacionalice intersecciones; el enfoque parece teórico y legal.,1.0,medium,,0.5,"El artículo se orienta a la protección y justicia legal, pero no queda claro si desarrolla recomendaciones transformadoras.",0.0,No se documenta agencia o resistencia de los sujetos; el foco está en vulnerabilidad y protección.,True,El abstract menciona discriminaciones interseccionales y vulnerabilidades socio-estructurales que afectan a mujeres y niñas migrantes climáticas.,0.5,"Los elementos de género, vulnerabilidad y estructura legal están presentes pero no claramente integrados en un análisis interseccional coherente.",1912,370
62,0.0,No analiza identidades entrelazadas ni posiciones interseccionales.,0.0,No teoriza mecanismos de poder estructural; se centra en prácticas mediáticas.,0.0,No sitúa hallazgos en contextos sociohistóricos de opresión o diferenciación social.,0.0,No hay operacionalización empírica de intersecciones sociales.,0.0,high,,0.0,No hay orientación explícita a la justicia social o transformación de desigualdades.,0.0,No aborda agencia o resistencia de sujetos diferenciados socialmente.,False,"El paper menciona divisiones por idioma y geografía, pero no articula dos o más ejes de diferenciación social como relacionados entre sí; el foco es en redes mediáticas y prácticas discursivas.",0.0,No hay elementos interseccionales a integrar.,1912,299
63,1.0,"Analiza cómo ser mujer, viuda, mayor, enferma o madre soltera constituyen posiciones específicas de vulnerabilidad, no solo sumatorias.",1.0,Explicita mecanismos estructurales como la 'abstracción política' y la deliberada transferencia de riesgos a comunidades menos poderosas.,1.0,"Contextualiza en Lodwar, Turkana, con referencias a historia política local y especificidad geográfica.",1.0,El método cualitativo compara subgrupos interseccionales y analiza estrategias diferenciadas según posiciones sociales entrelazadas.,4.0,high,,1.0,"El análisis está orientado a la justicia, criticando la transferencia de riesgos y proponiendo una tipología para visibilizar desigualdades.",1.0,"Documenta agencia: las personas negocian, abogan y reimaginan respuestas ante los riesgos.",True,"El abstract articula género y capacidad (able-bodiedness), además de edad y estatus familiar, como ejes relacionados en la experiencia de vulnerabilidad y negociación de riesgos.",1.0,"Los elementos se articulan en un análisis coherente: las posiciones interseccionales explican la exposición diferencial, los mecanismos estructurales y las estrategias de agencia.",2012,380
64,0.5,"Enumera muchos ejes y menciona intersecciones, pero no queda claro si analiza posiciones co-constitutivas o solo reconoce que hay solapamientos.",0.5,"Habla de injusticias estructurales y derechos humanos, pero no se explicitan mecanismos estructurales concretos en el abstract.",0.5,"Se refiere a niveles local, nacional e internacional y a comunidades específicas, pero el contexto parece general.",0.0,No hay evidencia de un método empírico que operacionalice intersecciones; parece una revisión y recomendaciones.,1.5,medium,,1.0,"El enfoque es explícitamente orientado a la justicia y transformación, con recomendaciones de política y derechos.",0.5,"Se menciona la centralidad de las voces de comunidades en primera línea, lo que sugiere agencia, aunque no se detalla.",True,"El abstract menciona explícitamente la revisión de injusticias climáticas según múltiples ejes y 'sus intersecciones', además de referirse a desigualdades compuestas.",0.5,"Los elementos aparecen conectados en el discurso de derechos y justicia, pero no se evidencia una integración analítica profunda de los ejes y estructuras.",1927,379
65,1.0,"Se examina la experiencia específica de 'mujeres negras africanas', tratándola como una posición interseccional y no como género + raza por separado.",1.0,Utiliza la perspectiva de ecología política feminista para analizar relaciones de poder y mecanismos estructurales que producen vulnerabilidad.,1.0,"El análisis está situado en el contexto histórico, geográfico y político de eThekwini/Durban, Sudáfrica.",1.0,El diseño cualitativo incluye muestreo intencional de mujeres negras africanas y análisis de sus experiencias interseccionales.,3.5,high,,1.0,El estudio aboga explícitamente por una gobernanza de adaptación intencionalmente orientada a la justicia de género y raza.,0.5,"Se documentan experiencias y voces de las mujeres, pero la agencia y resistencia aparecen de forma limitada en el resumen.",True,"El paper analiza cómo la vulnerabilidad de mujeres negras africanas a inundaciones se configura por género y raza/etnicidad de manera relacionada, no solo sumando variables.",1.0,"El análisis integra poder estructural, identidades entrelazadas, contexto y método en una argumentación coherente sobre vulnerabilidad y gobernanza.",2005,382
66,0.5,"Se mencionan ejes como generación y justicia/interseccionalidad, pero el análisis parece tratar los ejes más como dimensiones separadas de las narrativas que como posiciones co-constitutivas.",0.5,"El marco analiza (de-)politización y menciona estructuras discursivas y de poder, pero no queda claro si teoriza mecanismos estructurales más allá del discurso.",0.5,"El contexto es EE.UU. y 2019, pero el análisis se centra en narrativas generales y no profundiza en la historia o política situada de los movimientos.",0.0,El método es análisis narrativo de documentos; no hay operacionalización empírica de intersecciones entre identidades o posiciones sociales.,1.5,medium,,0.5,"El trabajo discute la (de-)politización y la justicia climática, pero la orientación a la transformación es más analítica que prescriptiva.",1.0,"El análisis de agencia es central, ya que una dimensión clave es cómo los movimientos articulan agencia y visiones de futuro.",True,"El paper analiza narrativas de movimientos climáticos incluyendo explícitamente la narrativa 'Climate Justice & Intersectionality', articulando ejes como generación, justicia y agencia.",0.5,"Los elementos de agencia, justicia/interseccionalidad y poder discursivo están presentes pero no siempre integrados en un análisis coherente de posiciones interseccionales.",1955,423
67,1.0,"Explora cómo ser mujer comerciante en áreas ribereñas implica una posición específica, no solo género o economía por separado.",0.5,"Menciona desigualdad de género y disparidades económicas, pero los mecanismos estructurales (patriarcado, capitalismo) no se teorizan en profundidad.",1.0,"Contextualiza en Bayelsa, Nigeria, con detalles sobre historia local, infraestructura y dinámicas políticas.",1.0,"El muestreo es intencional de mujeres comerciantes, y el análisis cualitativo explora intersecciones de género y economía.",3.5,high,,1.0,Incluye recomendaciones para políticas transformadoras y enfatiza la resiliencia y justicia económica.,1.0,"Documenta agencia y estrategias de adaptación, incluyendo conocimiento indígena y solidaridad comunitaria.",True,El paper analiza cómo el género y la posición económica de las mujeres comerciantes se entrelazan en la experiencia de inundaciones y adaptación.,1.0,"El análisis conecta género, economía, contexto y agencia en una narrativa coherente sobre poder y adaptación.",1985,347
68,1.0,"Explicita que las normas de género se intersectan con clase, edad y estado civil, produciendo posiciones específicas.",1.0,Identifica normas de género y estructuras sociales como mecanismos que constriñen la agencia y la adaptación.,1.0,"El análisis se sitúa en el contexto sociohistórico y cultural de Bangladesh, con atención a normas locales.",1.0,"Estudio cualitativo de caso que explora experiencias interseccionales, no solo variables paralelas.",4.0,high,,1.0,Critica la feminización de la adaptación y propone vías transformadoras alineadas con la justicia social.,1.0,"Analiza agencia y estrategias de las mujeres, así como los límites estructurales a su empoderamiento.",True,"El abstract analiza cómo género, clase, edad y estado civil se entrecruzan en la experiencia de mujeres pobres en intervenciones de adaptación.",1.0,"El análisis articula identidades, estructuras, contexto, método y agencia en una crítica coherente de las intervenciones.",1956,338
69,0.0,No se identifican ejes de diferenciación social entrelazados.,0.0,No se abordan estructuras de poder vinculadas a ejes sociales.,0.0,No hay contextualización sociohistórica de ejes sociales.,0.0,No hay operacionalización empírica de intersecciones sociales.,0.0,high,,0.0,No se orienta a la transformación de desigualdades sociales específicas.,0.0,No se documenta agencia de sujetos diferenciados socialmente.,False,"El abstract discute 'intersecciones' entre vida social y tecnología, pero no articula dos o más ejes de diferenciación social (género, raza, clase, etc.) como relacionados entre sí.",0.0,No hay elementos interseccionales a integrar.,1973,288
70,0.0,No analiza ejes múltiples como mutuamente constitutivos.,0.0,No operacionaliza mecanismos estructurales entrelazados entre ejes sociales diferenciados.,0.0,No sitúa hallazgos en contextos sociohistóricos específicos de ejes múltiples.,0.0,No hay método que capte interacciones entre ejes sociales diferenciados.,0.0,high,,0.0,No conecta explícitamente el análisis con justicia interseccional; enfoque en equidad social y de salud de forma general.,0.0,No documenta agencia o resistencia de sujetos diferenciados por múltiples ejes.,False,"El paper discute inequidades sociales y de salud, pero no articula dos o más ejes de diferenciación social (como género, raza, clase, etc.) como relacionados entre sí; se refiere a 'grupos socialmente desfavorecidos' de manera general.",0.0,No hay elementos interseccionales a integrar.,2354,324
71,0.5,"Trata género y pobreza como factores relacionados, pero no explora en profundidad su co-construcción; la posición de 'niña pobre' es central pero no se desglosa más allá de la suma de vulnerabilidades.",0.5,"Menciona mecanismos estructurales (pobreza, normas familiares, reputación), pero no teoriza explícitamente sistemas como patriarcado o capitalismo.",1.0,"Contextualiza el fenómeno en comunidades rurales específicas del norte de Ghana, con referencias a historia y cultura local.",0.5,"El método cualitativo permite captar experiencias interseccionales, pero no hay un diseño explícito para analizar interacciones entre ejes; el análisis se centra en el grupo 'niñas rurales pobres'.",1.5,high,,0.5,"Discute implicaciones para abordar el matrimonio infantil y la protección social, pero la orientación a la transformación es limitada.",0.0,"Las niñas son representadas principalmente como víctimas de decisiones familiares y estructurales, sin documentar agencia o resistencia.",True,El paper analiza cómo género (niñas) y clase/pobreza rural se relacionan en la práctica de matrimonios infantiles como respuesta a shocks climáticos.,0.5,"Los elementos de género, pobreza y contexto climático están presentes y relacionados, pero la articulación entre estructuras, agencia y praxis es parcial.",2075,412
72,0.0,No se mencionan ni analizan ejes de diferenciación social.,0.0,No hay discusión sobre estructuras de poder social.,0.0,No se sitúa en un contexto sociohistórico de ejes sociales.,0.0,No hay método interseccional ni análisis de interacciones sociales.,0.0,high,,0.0,No se orienta a la justicia social desde una perspectiva interseccional.,0.0,No se aborda agencia o resistencia de sujetos diferenciados socialmente.,False,"El abstract no articula ejes de diferenciación social relacionados; se centra en competencia, desarrollo sostenible y políticas, sin referencia a género, raza, clase u otros ejes sociales.",0.0,No hay elementos interseccionales presentes para integrar.,2113,284
73,0.0,No se abordan ejes de diferenciación social.,0.0,No se discuten estructuras de poder social.,0.0,No hay análisis de contexto sociohistórico en términos de diferenciación social.,0.0,No hay método para operacionalizar intersecciones sociales.,0.0,high,,0.0,No se orienta a la justicia social o transformación de desigualdades sociales.,0.0,No se aborda agencia o resistencia de sujetos diferenciados socialmente.,False,"El paper analiza la interacción entre crisis (clima, COVID-19, energía) pero no articula ejes de diferenciación social (género, raza, clase, etc.) como relacionados entre sí.",0.0,"No aplica, ya que no hay elementos interseccionales presentes.",1955,286
74,1.0,"Habla de 'compounded vulnerability' y 'intersectional positionality', mostrando que ser inmigrante racializado implica una posición específica, no aditiva.",1.0,"Atribuye la vulnerabilidad a 'structural inequality' y 'systematic marginalization' por falta de políticas anti-racistas, no solo a factores individuales.",1.0,"Contextualiza en Calgary, Canadá, con referencia a políticas nacionales y marcos internacionales (Sendai, SDGs), y reconoce la especificidad local.",1.0,"El método es cualitativo-relacional, basado en experiencias vividas y estrategias diferenciadas según múltiples ejes (ingreso, residencia, redes, etc.), captando interacciones.",4.0,high,,1.0,"Orienta explícitamente a la transformación: propone soluciones anti-racistas, participación deliberada de minorías y acción colectiva para la justicia climática.",1.0,"Documenta agencia: estrategias de adaptación, propuestas comunitarias, transmisión de saberes y acción colectiva.",True,"El paper analiza cómo la vulnerabilidad de comunidades inmigrantes racializadas se agrava por su 'posicionalidad interseccional' y la 'desigualdad estructural', articulando raza, inmigración, clase y contexto.",1.0,"El análisis articula poder estructural, identidades entrelazadas, contexto, método y praxis en una narrativa coherente orientada a la justicia.",2144,416
75,0.5,"Se reconoce la diversidad de trabajadores y la interseccionalidad en el activismo, pero no se detalla cómo se co-construyen los ejes.",1.0,El foco en la decommodificación del trabajo y la transformación estructural del sistema agroalimentario apunta a mecanismos de poder estructural.,0.5,"Se mencionan conexiones rural-urbano y contexto del sistema alimentario, pero el nivel de detalle sobre contexto sociohistórico es limitado en el abstract.",0.0,No se describe un método empírico ni operacionalización de intersecciones; es un memo introductorio.,2.0,medium,,1.0,"El texto está orientado explícitamente a la transformación y justicia (laboral, alimentaria, climática).",1.0,Se enfatiza la agencia colectiva de los trabajadores y activistas en la construcción de poder.,True,"El abstract menciona explícitamente el fortalecimiento de 'activistas interseccionales' y la centralidad de trabajadores diversos en la coalición, sugiriendo articulación de múltiples ejes de diferenciación social.",0.5,"Los elementos de poder, agencia y justicia están presentes y relacionados, pero la integración de identidades entrelazadas es parcial y poco desarrollada en el abstract.",1924,392
76,0.0,Solo se operacionaliza el eje de género; otros ejes no se analizan en relación.,0.0,"El foco está en la implementación de un plan de igualdad de género, sin análisis de estructuras interseccionales.",0.0,No se sitúan hallazgos en contextos sociohistóricos interseccionales.,0.0,"El método aborda género de forma aislada, sin diseño para captar intersecciones.",0.0,high,,0.0,"La orientación a la justicia es solo en términos de género, no interseccional.",0.0,No se documenta agencia ni resistencia desde una perspectiva interseccional.,False,"Aunque menciona género, clase y raza en la introducción, el análisis y la intervención se centran exclusivamente en género, sin articular ejes de diferenciación relacionados entre sí.",0.0,No hay integración de ejes múltiples; el análisis es monoeje.,2313,317
77,0.0,No hay análisis de identidades entrelazadas.,0.0,No se articulan mecanismos de poder estructural.,0.0,No se sitúan hallazgos en contextos sociohistóricos específicos.,0.0,No hay método que operacionalice intersecciones.,0.0,high,,0.0,No se desarrolla una orientación a la justicia.,0.0,No se documenta agencia o resistencia de sujetos.,False,"Aunque menciona 'gendered and intersectionality considerations', el resumen solo enumera temas y no articula ejes de diferenciación social como relacionados entre sí.",0.0,No hay elementos interseccionales sustantivos para integrar.,2211,265
78,0.5,"Menciona múltiples ejes (políticos, económicos, ambientales) pero no analiza identidades sociales específicas como género, etnia o clase de forma co-constitutiva.",1.0,"Explicita mecanismos estructurales (marginalización, gobernanza, corrupción, desigualdad política) y su relación con el conflicto.",1.0,"Contextualiza en la historia y geografía específica del Sahel, considerando factores políticos y ambientales situados.",0.0,No hay evidencia de un método empírico que operacionalice intersecciones entre identidades sociales; el análisis es teórico y estructural.,1.5,high,,0.5,"Se orienta a una crítica de explicaciones simplistas y busca una comprensión más compleja, pero no desarrolla recomendaciones de justicia o transformación.",0.0,No se documenta agencia o resistencia de los sujetos; el foco está en estructuras y mecanismos.,True,"El abstract articula cómo la marginalización, desigualdades políticas, problemas económicos y cambio climático se intersectan en la producción de conflictos.",0.5,"Integra bien estructuras y contexto, pero la articulación entre ejes sociales y agencia es limitada; los elementos están parcialmente conectados.",1926,380
79,0.5,Trata raza y clima como ejes relacionados pero no queda claro si analiza posiciones co-constituidas o solo la suma de preocupaciones.,0.5,"Menciona racismo estructural y desigualdad, pero no teoriza mecanismos estructurales en profundidad.",0.5,"Reconoce el contexto de BLM y la desproporcionalidad racial, pero el análisis parece general y no situado en un contexto sociohistórico específico.",0.0,"El método es desarrollo de escala y análisis de asociaciones, sin operacionalización empírica de intersecciones (no hay análisis de subgrupos interseccionales ni interacciones).",1.0,high,,0.5,"Menciona implicaciones para educación, abogacía y políticas, pero la orientación a la justicia es incipiente y no desarrollada críticamente.",0.0,No se documenta agencia o resistencia de los sujetos; el foco es en percepciones y vulnerabilidad.,True,"El paper desarrolla una escala para medir percepciones sobre la intersección entre justicia climática y racial, articulando explícitamente raza y clima como ejes relacionados.",0.5,"Los elementos de raza, clima y justicia aparecen relacionados pero la integración analítica es parcial y más descriptiva que crítica.",1938,397
80,0.0,No se identifican análisis de identidades entrelazadas.,0.0,No se articula poder estructural en términos de ejes sociales diferenciados.,0.0,No se sitúan hallazgos en contextos sociohistóricos de ejes sociales.,0.0,No hay método empírico ni operacionalización de intersecciones sociales.,0.0,high,,0.0,No se observa orientación a la justicia desde una perspectiva interseccional social.,0.0,No se documenta agencia de sujetos diferenciados socialmente.,False,"El abstract menciona temas como justicia multispecies, intergeneracional y postcolonial, pero no articula explícitamente dos o más ejes de diferenciación social como relacionados entre sí.",0.0,No hay elementos interseccionales que integrar.,2004,293
81,0.0,No se identifican análisis de identidades entrelazadas.,0.0,No se abordan estructuras de poder social; el foco es en gobernanza estatal.,0.0,No se sitúan hallazgos en contextos sociohistóricos de diferenciación social.,0.0,No hay método que operacionalice intersecciones sociales.,0.0,high,,0.0,No se orienta a la justicia social interseccional.,0.0,No se documenta agencia o resistencia de sujetos diferenciados.,False,"El paper se centra en estados insulares como unidad de análisis, sin articular ejes de diferenciación social relacionados entre sí.",0.0,No hay elementos interseccionales a integrar.,1910,275
82,0.0,Solo lista grupos vulnerables sin analizar posiciones interseccionales.,0.0,No teoriza mecanismos estructurales de opresión; se centra en distribución de riesgos y beneficios.,0.0,No contextualiza interseccionalidad en historia o política específica.,0.0,No hay método empírico que operacionalice intersecciones; es una revisión temática.,0.0,high,,0.0,No hay orientación explícita a la transformación de desigualdades interseccionales.,0.0,No se documenta agencia o resistencia de los sujetos.,False,"Aunque menciona múltiples grupos (rural, mujeres, niños, ancianos, comunidades vulnerables), no articula cómo los ejes de diferenciación social se relacionan entre sí; los enumera como poblaciones afectadas por separado.",0.0,No hay elementos interseccionales sustantivos a integrar.,2036,309
83,0.5,"Se consideran varios ejes (género, edad, ingreso) pero parecen analizarse de forma aditiva, no como posiciones co-constituidas.",0.5,"Se menciona la injusticia ambiental y la injusticia interseccional, pero no se explicitan mecanismos estructurales más allá de la desigualdad espacial y económica.",0.5,"El contexto se sitúa en dos ciudades portuguesas y se mencionan áreas empobrecidas, pero el análisis sociohistórico parece superficial.",0.0,"El método usa regresiones para ver efectos de género, edad e ingreso, pero no se indica análisis de interacciones ni operacionalización de intersecciones.",1.0,high,,0.5,"Se conecta con justicia ambiental e interseccional, pero no se desarrollan recomendaciones ni una orientación transformadora explícita.",0.0,No se documenta agencia o resistencia de los sujetos; solo se reportan percepciones.,True,"El abstract indica que género, edad e ingreso afectan la percepción de servicios y diservicios ecosistémicos, señalando injusticia interseccional.",0.5,Los elementos de diferenciación social y justicia están presentes pero no se articulan en un análisis interseccional coherente.,1973,391
84,0.5,"Menciona varios ejes (nacionalidad, origen, raza) pero los trata principalmente como factores aditivos de discriminación.",0.5,"Señala mecanismos estructurales (leyes migratorias, racismo sistémico) pero sin un análisis profundo de cómo operan.",0.5,"Contextualiza en la historia legal de EE.UU. (Azorean Refugees Act, EO 14013), pero el análisis es más descriptivo que situado críticamente.",0.0,No hay método empírico ni operacionalización de intersecciones; es un comentario legal/político.,1.0,high,,0.5,"Menciona principios de justicia y equidad, pero no desarrolla recomendaciones transformadoras.",0.0,"Los migrantes son presentados principalmente como víctimas de exclusión legal, sin agencia documentada.",True,"El paper discute cómo la nacionalidad, el origen y la raza interactúan en la protección desigual de migrantes climáticos bajo la ley estadounidense.",0.5,"Los elementos (ejes, estructuras, contexto) están presentes pero yuxtapuestos, sin un análisis interseccional plenamente integrado.",2040,371
85,0.5,"Se mencionan múltiples ejes (económico, político, ecológico, salud mental, movilidad) pero no se analiza explícitamente cómo se co-constituyen; la interseccionalidad aparece más como suma de factores.",1.0,"El texto articula mecanismos estructurales como el racismo, el capitalismo racial, la violencia carcelaria y la política pública.",0.5,"Sitúa el análisis en el contexto carcelario y en la geografía de la violencia, pero el contexto sociohistórico es general y no específico a una región o historia concreta.",0.0,"Es una síntesis teórica/revisión, no hay operacionalización empírica de intersecciones ni método que capte interacciones.",2.0,high,,1.0,"El trabajo se orienta explícitamente a la justicia ambiental y la abolición, promoviendo la transformación de las condiciones carcelarias.",0.5,"Se reconoce la agencia de los geógrafos críticos y la posibilidad de resistencia a través de la abolición, pero la agencia de las personas encarceladas no es central.",True,"El abstract menciona 'confluence of various economic, political, and ecological intersectionalities' y conecta vulnerabilidad térmica con factores sociales y estructurales en poblaciones encarceladas.",0.5,"Los elementos estructurales y de justicia están articulados, pero la interseccionalidad de los ejes aparece más yuxtapuesta que integrada en el análisis.",1936,436
86,1.0,"Se exploran identidades y discriminación de manera interrelacionada, no aditiva, en la experiencia clínica y conceptual.",1.0,"El texto articula explícitamente estructuras de poder (desigualdades, discriminación, post-colonialidad) y su impacto en la subjetividad.",1.0,"Se enfatiza la especificidad socio-histórica y política de las experiencias, incluyendo referencias a eventos contemporáneos (COVID, guerra, cambio climático).",0.5,"El enfoque es principalmente teórico y clínico-reflexivo, pero hay una operacionalización en la práctica analítica y discusión de casos, aunque no empírico en sentido cuantitativo.",3.5,high,,1.0,El libro se orienta a transformar la práctica clínica hacia la justicia y la crítica de desigualdades estructurales.,1.0,Se reconoce la agencia de los sujetos en la co-construcción de sentido y resistencia frente a la opresión.,True,"El abstract menciona explícitamente la exploración de identidades y discriminación desde perspectivas interseccionales, incluyendo género, raza, clase, sexualidad y post-colonialidad como relacionados en la experiencia subjetiva y clínica.",1.0,"Los elementos (identidades, poder, contexto, praxis, agencia) se articulan coherentemente en el análisis de la temporalidad y la práctica clínica.",2025,411
87,0.0,"Solo se analiza el eje de involucramiento en el sistema legal; no se exploran intersecciones con género, raza, clase, etc.",0.0,"Aunque se menciona la 'carceral state', no se articula con otros sistemas de opresión.",0.0,No se sitúan hallazgos en un contexto sociohistórico interseccional.,0.0,No hay operacionalización empírica de intersecciones entre ejes sociales.,0.0,high,,0.0,"El análisis es descriptivo sobre vulnerabilidad carceral, sin orientación explícita a la justicia interseccional.",0.0,No se documenta agencia o resistencia de los sujetos desde una perspectiva interseccional.,False,"El paper se centra en la vulnerabilidad de personas bajo supervisión comunitaria, pero solo articula un eje (estatus legal/carceral) y no relaciona explícitamente múltiples ejes de diferenciación social.",0.0,No hay elementos interseccionales a integrar.,1999,332
88,1.0,"Explora cómo las identidades de género, raza e indigeneidad se co-constituyen en los relatos artísticos y su exclusión histórica.",1.0,"Articula explícitamente el colonialismo, el racismo y el patriarcado como estructuras que configuran la representación y la exclusión.",1.0,"Sitúa el análisis en la historia del Ártico, la era colonial, el Antropoceno/Capitaloceno y la política de representación.",1.0,El análisis de obras seleccionadas opera las intersecciones de identidades y estructuras en la crítica artística.,4.0,high,,1.0,El objetivo es explícitamente crítico y transformador: desafiar la nostalgia colonial y promover una representación más inclusiva e interseccional.,1.0,"Reconoce agencia y resistencia en los sujetos históricamente excluidos, recuperando sus historias y perspectivas.",True,"El paper analiza cómo género, raza (afrodescendientes, mujeres, inuit) y colonialismo se entrelazan en la representación del Ártico y la crítica a la masculinidad heroica blanca.",1.0,"El análisis integra coherentemente los ejes de identidad, estructuras de poder, contexto histórico y praxis crítica en torno a la representación artística.",1966,384
89,0.0,"No se abordan ejes sociales como género, raza, clase, etc.",0.0,No se discuten estructuras de poder ni mecanismos de opresión.,0.0,"El contexto es político-académico, no sociohistórico de grupos diferenciados.",0.0,No hay método para analizar intersecciones sociales.,0.0,high,,0.0,No hay orientación a la justicia social o ambiental desde una perspectiva interseccional.,0.0,No se reconoce agencia ni resistencia de sujetos diferenciados.,False,"El paper compara palabras clave y políticas sobre neutralidad de carbono, pero no articula ejes de diferenciación social ni analiza identidades entrelazadas.",0.0,No hay elementos interseccionales a integrar.,2093,282
90,0.0,No se identifican ejes de diferenciación social entrelazados.,0.0,No se abordan estructuras de poder ni mecanismos de opresión.,0.0,No hay contextualización sociohistórica de ejes sociales.,0.0,No hay método que operacionalice intersecciones sociales.,0.0,high,,0.0,No se orienta a la justicia social desde una perspectiva interseccional.,0.0,No se reconoce agencia ni resistencia de sujetos diferenciados.,False,"El abstract menciona la 'intersección' entre cambio climático y salud pública, pero no articula ejes de diferenciación social (género, raza, clase, etc.) como relacionados entre sí.",0.0,No hay elementos interseccionales a integrar.,2193,285
91,1.0,"Analiza cómo ser negro o indígena implica posiciones específicas bajo el capitalismo global, no solo suma de categorías.",1.0,"Explicita mecanismos estructurales: capitalismo, racialización, desposesión, dehumanización.",1.0,Sitúa el análisis en la historia y geopolítica del Sur Global y la expansión capitalista.,0.0,No hay método empírico ni operacionalización de intersecciones; es un ensayo teórico.,3.5,high,,1.0,Orientación explícita a la justicia y transformación: propone caminos para la justicia liderados por pueblos racializados.,1.0,Reconoce agencia y resistencia en movimientos liderados por pueblos negros e indígenas.,True,El paper articula raza y colonialidad (Black and Indigenous peoples) como ejes relacionados en el contexto de conservación y capitalismo.,1.0,"El análisis integra poder estructural, identidades entrelazadas, contexto y praxis en un argumento coherente.",1954,324
92,0.0,Solo se analiza el género como eje de diferenciación.,0.0,No se articulan mecanismos estructurales más allá del género.,0.0,No se sitúan múltiples ejes en contexto sociohistórico.,0.0,No hay operacionalización de intersecciones entre ejes.,0.0,high,,0.0,No se conecta con justicia interseccional.,0.0,No se documenta agencia interseccional.,False,"El paper se centra exclusivamente en el eje de género (mujeres profesionales) y no articula explícitamente otros ejes de diferenciación social como clase, etnia, casta, edad, etc., en relación entre sí.",0.0,No hay integración de ejes múltiples.,2049,279
93,0.5,"Se reconocen múltiples ejes (género, raza, ubicación, responsabilidades de cuidado), pero el análisis principal es sobre género y los otros ejes se mencionan como factores adicionales, no como posiciones co-constitutivas.",0.5,"Se habla de 'systemic inequity', 'gender bias', 'sexual harassment', y discriminación, pero no se teoriza en profundidad sobre mecanismos estructurales más allá del ámbito organizacional.",0.5,"El contexto es la organización TNC y el sector de conservación global, pero el análisis es más institucional que sociohistórico o geopolítico.",0.0,"El método es una encuesta con análisis comparativo por género; los otros ejes (raza, ubicación, cuidado) no se operacionalizan empíricamente ni se analizan interacciones.",1.5,high,,1.0,El trabajo está orientado a la transformación: ofrece recomendaciones prácticas para mejorar la equidad de género y propone cambios estructurales en el sector.,0.5,"Se documenta que las mujeres sugieren soluciones y estrategias para mejorar la equidad, pero la agencia aparece principalmente en la sección de recomendaciones.",True,"El abstract menciona explícitamente que, además de género, 'intersectional issues such as race, location and caring responsibilities' agravan las barreras para las mujeres.",0.5,"Los elementos de género, poder estructural y praxis están presentes y parcialmente conectados, pero la integración de los ejes interseccionales es limitada y secundaria.",2109,443
94,0.5,"Trata etnicidad y género, pero los analiza principalmente como factores aditivos (diferencias entre grupos), no como posiciones co-constitutivas.",0.5,"Menciona normas culturales patriarcales y división de trabajo, pero no teoriza mecanismos estructurales en profundidad.",1.0,"Contextualiza en minorías Pa Cô y Tà Ôi en Vietnam central, con referencias a tradiciones y geografía específica.",0.5,"El método incluye subgrupos interseccionales (mujeres de minorías), pero el análisis es descriptivo, no interaccional.",1.5,high,,0.5,"Ofrece recomendaciones para programas y resalta la importancia de considerar género y pobreza, pero la orientación a la justicia es limitada.",0.0,No documenta agencia o resistencia de los sujetos; se enfoca en carencias y vulnerabilidad.,True,"El paper analiza cómo etnicidad y género se relacionan en la resiliencia de los hogares, especialmente para mujeres de minorías étnicas.",0.5,"Los elementos aparecen conectados en el análisis descriptivo, pero la integración conceptual es parcial.",2086,372
95,0.5,"Se consideran juventud y género/SRHR, pero el análisis trata los ejes principalmente de forma aditiva y descriptiva, sin profundizar en su co-constitución.",0.5,"Se mencionan barreras socioculturales y el poder de actores comunitarios, pero no se desarrolla un análisis profundo de mecanismos estructurales.",1.0,"El análisis está situado en el contexto específico del Pacífico y el ciclón Harold, con referencia a políticas y respuestas locales.",0.0,"El estudio es una revisión de políticas y reportes, sin operacionalización empírica de intersecciones ni análisis de subgrupos interseccionales.",1.5,high,,0.5,"Se orienta a la mejora de políticas y la justicia en SRHR, pero la dimensión transformadora es limitada y más enfocada en recomendaciones generales.",0.5,"Se menciona la importancia de la participación juvenil, pero la agencia de los sujetos aparece de forma marginal y no se documentan estrategias propias.",True,"El paper articula juventud y género (SRHR) como ejes relacionados en el contexto de desastres climáticos, considerando cómo se entrelazan en la experiencia de los jóvenes.",0.5,"Los elementos están presentes pero la integración es parcial; el análisis yuxtapone juventud, SRHR y contexto sin articular plenamente los mecanismos estructurales ni la agencia.",2071,417
96,0.0,No se abordan ejes de diferenciación social.,0.0,No se discuten estructuras de poder ni mecanismos de opresión.,0.0,No hay contextualización sociohistórica de sujetos o desigualdades.,0.0,No hay método para operacionalizar intersecciones sociales.,0.0,high,,0.0,No hay orientación a la justicia social o ambiental desde una perspectiva interseccional.,0.0,No se aborda agencia ni resistencia de sujetos diferenciados.,False,"El paper es un análisis bibliométrico de publicaciones sobre comercio y medio ambiente, sin articular ejes de diferenciación social relacionados entre sí.",0.0,No hay elementos interseccionales presentes para integrar.,2063,272
97,0.0,No se identifican ejes de diferenciación social entrelazados.,0.0,No se abordan mecanismos estructurales de poder.,0.0,No hay contextualización sociohistórica de ejes sociales.,0.0,No hay método interseccional ni operacionalización de interacciones.,0.0,high,,0.0,No se desarrolla una orientación a la justicia interseccional.,0.0,No se documenta agencia ni resistencia de sujetos diferenciados.,False,El abstract menciona 'social justice and equity' pero no articula dos o más ejes de diferenciación social como relacionados entre sí; se centra en sostenibilidad ambiental y movilidad académica.,0.0,No hay elementos interseccionales a integrar.,1908,281
98,0.5,Género y etnicidad se consideran juntos pero no se analiza cómo se co-constituyen; se describen diferencias entre mujeres étnicas y no étnicas.,0.5,"Se mencionan estructuras como prácticas culturales y acceso a recursos, pero sin teorización profunda de mecanismos estructurales.",1.0,El análisis está situado en las regiones costeras de Bangladesh y reconoce especificidad local.,0.5,El método compara subgrupos (mujeres étnicas/no étnicas) pero no hay análisis explícito de interacciones.,1.5,high,,0.5,"Se mencionan implicaciones para la justicia y recomendaciones, pero la orientación transformadora es limitada.",0.0,Las mujeres son representadas principalmente como víctimas con poca referencia a agencia o resistencia.,True,El paper analiza género y etnicidad como ejes relacionados en la adaptación climática.,0.5,"Los elementos están presentes pero la articulación entre género, etnicidad y estructuras es parcial.",1933,342
99,0.0,Solo se analiza el eje de género; no se abordan identidades entrelazadas.,0.0,No se discuten mecanismos estructurales más allá del género.,0.0,No se sitúan hallazgos en múltiples ejes sociohistóricos.,0.0,No hay método interseccional; solo enfoque de género.,0.0,high,,0.0,No se conecta con justicia desde una perspectiva interseccional.,0.0,"Aunque se documenta agencia, no desde una óptica interseccional.",False,"El paper se centra en género y agencia de mujeres en el contexto climático, pero no articula explícitamente dos o más ejes de diferenciación social como relacionados entre sí.",0.0,No hay integración de múltiples ejes de diferenciación social.,2113,291
100,1.0,"Habla de 'interlocking systems of power' y cómo género, poder y discursos se co-constituyen en la retórica sobre el incendio.",1.0,Analiza mecanismos estructurales como la masculinidad hegemónica y sistemas de poder en la construcción de culpa y cuidado.,1.0,"Sitúa el análisis en el contexto específico del incendio de El Dorado, en California, y en el momento político y mediático de 2020.",1.0,"El método es un análisis retórico que examina cómo los discursos sobre género, poder y culpa se entrelazan en los comentarios, no solo como variables paralelas.",4.0,high,,1.0,"Propone la 'ecological transcendence' como alternativa crítica a la culpabilización, orientada a la justicia y el cambio sistémico.",1.0,Reconoce agencia en los sujetos al analizar cómo movilizan discursos de cuidado colectivo y resistencia frente a la marginalización.,True,"El paper analiza cómo la asignación de culpa en comentarios sobre el incendio se ve influida por sistemas de poder interrelacionados, usando explícitamente un lente interseccional.",1.0,"Los elementos de poder, identidad, contexto, método y praxis se articulan en un análisis coherente sobre la retórica y la justicia ambiental.",1942,394
101,1.0,Argumenta que los ejes sociales se intersectan y co-constituyen posiciones de acceso y vulnerabilidad ('intersect to inform differentiated access').,1.0,"Analiza mecanismos estructurales y relacionales (discriminación cultural/social, poder de autoridades tradicionales y religiosas) que median el acceso.",1.0,"Contextualiza en Kuka, Nigeria, con historia específica de conflictos violentos y estrés ecológico desde 2001.",1.0,"Utiliza diseño mixto y herramientas (cuestionarios, entrevistas) explícitamente informadas por la teoría de acceso para captar intersecciones.",4.0,high,,1.0,Orienta recomendaciones a la transformación de prácticas discriminatorias y la integración social para la justicia en el acceso.,1.0,Reconoce agencia en estrategias de diversificación y recomienda acciones colectivas y resistencia comunitaria.,True,"El abstract articula explícitamente cómo sexo, edad, género, capital social, estatus económico, religión y etnicidad se intersectan para producir acceso diferenciado a recursos.",1.0,"El análisis articula coherentemente los ejes, estructuras, contexto, método y praxis en torno al acceso diferenciado y la transformación social.",2090,370
102,0.0,No se identifican análisis de identidades entrelazadas.,0.0,No se abordan mecanismos estructurales de poder.,0.0,No se contextualizan ejes sociales en historia o política específica.,0.0,No hay método que operacionalice intersecciones.,0.0,high,,0.0,No se desarrolla una orientación explícita a la justicia.,0.0,No se documenta agencia o resistencia de los sujetos.,False,"El paper menciona 'poblaciones vulnerables' y ruralidad, pero no articula dos o más ejes de diferenciación social como relacionados entre sí.",0.0,No hay elementos interseccionales a integrar.,2071,267
103,0.5,"Menciona interseccionalidad y racialización, pero no queda claro si analiza ejes como mutuamente constitutivos o solo los yuxtapone.",1.0,"El enfoque en racialización, racial capitalism y sistemas de marginalización implica un análisis estructural y crítico.",0.5,"Se refiere a la reproducción de injusticias raciales en la adaptación climática, pero el contexto sociohistórico parece general.",0.0,No hay evidencia de un método empírico ni de operacionalización de intersecciones; es un marco teórico/perspectiva.,1.5,medium,,1.0,El objetivo explícito es desafiar sistemas de marginación y promover la justicia en la adaptación climática.,0.0,No se menciona agencia o resistencia de los sujetos racializados; el foco está en estructuras y marcos teóricos.,True,El abstract identifica la interseccionalidad como uno de los tres temas centrales y articula raza y racialización en relación con otros sistemas de opresión.,0.5,"Integra poder estructural y justicia en el análisis, pero la articulación de identidades entrelazadas y agencia es limitada.",1854,372
104,0.5,"Trata edad y vulnerabilidad como factores que se cruzan, pero el ejemplo principal es edad+clima, con énfasis en aditividad más que co-constitución.",1.0,"Explicita mecanismos estructurales (barreras procesales, injusticias preexistentes) y su relación con el derecho internacional.",0.5,"Sitúa el análisis en el contexto de litigios internacionales recientes, pero el contexto sociohistórico es más legal que social o geopolítico.",0.0,"No hay método empírico; el análisis es teórico/doctrinal, sin operacionalización de intersecciones en datos.",2.0,high,,1.0,El objetivo explícito es transformar el acceso a la justicia y promover la justicia climática mediante la interseccionalidad.,0.5,"Reconoce a los demandantes como agentes que buscan acceso a la justicia, pero la agencia no es el foco central.",True,El paper analiza cómo la intersección de edad y otros ejes de vulnerabilidad estructuran el acceso a la justicia climática.,0.5,"Los elementos (estructura, ejes, justicia) están presentes y relacionados, pero la integración es parcial y centrada en el marco legal.",1982,388
105,0.0,Solo se analiza el género; no se consideran otros ejes ni su entrelazamiento.,0.0,No se mencionan estructuras de poder más allá del género.,0.0,No hay evidencia de contextualización interseccional; solo se sitúa el desastre.,0.0,No hay operacionalización de intersecciones; solo género.,0.0,high,,0.0,No se articula una orientación a la justicia interseccional.,0.0,No se documenta agencia ni resistencia de los sujetos.,False,"El paper solo articula el eje de género (violencia contra mujeres) en relación con desastres naturales, sin relacionar género con otros ejes de diferenciación social.",0.0,No hay elementos interseccionales que integrar.,1907,287
106,0.0,No se identifican ejes de diferenciación social entrelazados.,0.0,No se abordan estructuras de poder ni mecanismos de opresión.,0.0,No hay contextualización sociohistórica de identidades o desigualdades.,0.0,No hay método que operacionalice intersecciones sociales.,0.0,high,,0.0,No se orienta a la justicia social desde una perspectiva interseccional.,0.0,No se documenta agencia ni resistencia de sujetos diferenciados.,False,El paper no articula dos o más ejes de diferenciación social relacionados entre sí; se centra en gobernanza y participación pública sin análisis interseccional de identidades.,0.0,No hay elementos interseccionales presentes para integrar.,1891,284
107,0.0,No se identifican ejes entrelazados; solo referencia general a poblaciones afectadas.,0.0,No se explicitan mecanismos estructurales ni sistemas de opresión.,0.0,No hay contextualización sociohistórica específica.,0.0,No se describe método empírico ni operacionalización de intersecciones.,0.0,high,,0.0,"Se menciona equidad y justicia, pero sin desarrollo crítico ni orientación transformadora.",0.0,No se documenta agencia ni resistencia de los sujetos.,False,"El abstract menciona impactos desproporcionados en 'poblaciones específicas' y equidad, pero no articula dos o más ejes de diferenciación social como relacionados entre sí.",0.0,No hay elementos interseccionales a integrar.,1947,289
108,0.0,"No analiza cómo los ejes (etnicidad, clase) se co-construyen; solo se mencionan como factores concurrentes.",0.0,No hay teorización explícita de mecanismos estructurales de poder; el foco está en dinámicas de violencia y conflicto.,0.0,No se sitúan los ejes de diferenciación en un contexto sociohistórico interseccional.,0.0,No hay operacionalización empírica de intersecciones entre ejes sociales.,0.0,high,,0.0,No se orienta a la transformación de desigualdades ni conecta con justicia social o ambiental.,0.0,No se documenta agencia o resistencia de los sujetos; se los presenta como afectados por la violencia.,False,"El paper menciona conflicto étnico y agravios socioeconómicos, pero no articula explícitamente dos o más ejes de diferenciación social como relacionados entre sí; los factores aparecen como paralelos o superpuestos, no entrelazados.",0.0,"No hay integración de elementos interseccionales, ya que no se articulan ejes diferenciados.",1874,358
109,1.0,"Analiza cómo género, raza/origen étnico y posición frente al extractivismo se co-constituyen en la experiencia de la justicia reproductiva y ambiental.",1.0,"El marco de justicia reproductiva y ambiental implica una crítica a estructuras como el racismo ambiental, el extractivismo y el patriarcado.",1.0,"Sitúa el análisis en luchas históricas de mujeres de color y pueblos indígenas, y en contextos específicos de extractivismo y degradación ambiental.",0.5,"El capítulo es de revisión teórica y etnográfica, no empírico cuantitativo, pero discute estudios que consideran intersecciones en el análisis.",3.5,high,,1.0,El enfoque de justicia reproductiva y ambiental es explícitamente orientado a la transformación y la justicia social y ambiental.,1.0,Reconoce la agencia de mujeres de color y pueblos indígenas en la lucha por la justicia reproductiva y ambiental.,True,"El abstract articula explícitamente la intersección entre preocupaciones ambientales y reproductivas, enmarcadas en luchas de mujeres de color y pueblos indígenas, y menciona extractivismo, reproducción cultural y justicia ambiental.",1.0,"El análisis integra los ejes de identidad, poder estructural, contexto y agencia en un marco coherente de justicia ambiental y reproductiva.",1926,404
110,1.0,"Discute cómo la vulnerabilidad se produce en la intersección de género, clase y origen migratorio, no como sumatoria.",1.0,"Atribuye desigualdades a mecanismos estructurales como la pobreza energética, la exclusión urbana y el racismo estructural.",1.0,"Contextualiza en Barcelona, en un barrio específico, y vincula con historia de migración y desigualdad urbana.",0.5,"El método incluye encuesta y análisis de subgrupos interseccionales, pero no queda claro si hay análisis estadístico de interacciones.",3.5,high,,1.0,El análisis está orientado a la justicia climática y propone recomendaciones para infraestructuras más equitativas.,0.5,"Menciona experiencias y expectativas de los residentes, pero la agencia aparece de modo secundario frente a la vulnerabilidad.",True,"El paper analiza cómo género, clase, origen migratorio y otras posiciones sociales se entrelazan en la vulnerabilidad climática y el acceso a refugios urbanos.",1.0,"El análisis articula identidades, estructuras, contexto y recomendaciones en un marco coherente de justicia interseccional.",2035,368
111,0.0,No analiza ejes múltiples ni su co-construcción.,0.0,No articula mecanismos estructurales específicos.,0.0,No sitúa hallazgos en contextos sociohistóricos diferenciados.,0.0,No hay operacionalización empírica de intersecciones.,0.0,high,,0.0,No desarrolla orientación a la justicia más allá de la equidad en salud general.,0.0,No aborda agencia o resistencia de sujetos diferenciados.,False,"El paper revisa marcos de análisis de equidad en salud y cambio climático, pero no articula dos o más ejes de diferenciación social como relacionados entre sí; se centra en 'equidad en salud' de forma general.",0.0,No hay elementos interseccionales a integrar.,1956,287
112,0.0,No evidencia de análisis de ejes como mutuamente constitutivos.,0.0,No se detalla articulación de mecanismos estructurales en el abstract.,0.0,No se describe contextualización sociohistórica específica.,0.0,No se menciona método que operacionalice intersecciones.,0.0,high,,0.0,No se evidencia orientación explícita a la justicia más allá de la mención de justicia ambiental.,0.0,No se menciona agencia o resistencia de los sujetos.,False,"El abstract menciona múltiples ejes de desigualdad (raza, género, clase, etc.) pero no indica que sean analizados como relacionados entre sí, sino como formas separadas de desigualdad ambiental.",0.0,No hay elementos interseccionales sustantivos a integrar.,1910,291
113,0.5,"Se mencionan varios ejes (género, pobreza, marginalidad) pero el análisis de cómo se co-constituyen es superficial y no desarrollado.",1.0,"Se articula el patriarcado como estructura entrelazada con el mercado y la acumulación, y se critica el rol de las políticas públicas en perpetuar desigualdades.",1.0,"El análisis se sitúa en el contexto sociohistórico y político de India, incluyendo referencias a negociaciones internacionales y políticas domésticas.",0.0,No hay evidencia de un método empírico ni operacionalización de intersecciones; es un comentario teórico/político.,2.0,high,,1.0,"El texto tiene una orientación explícita hacia la justicia, criticando la injusticia de las políticas actuales y abogando por el reconocimiento de desigualdades.",0.0,No se documenta agencia ni resistencia de los sujetos; las mujeres pobres y marginadas aparecen como víctimas de la injusticia.,True,"El abstract menciona explícitamente la intersección de género, pobreza y pertenencia a comunidades marginadas como factores entrelazados en la experiencia de la injusticia climática.",0.5,"Los elementos de poder estructural, contexto y justicia están articulados, pero la integración de identidades entrelazadas y agencia es limitada.",1891,402
114,0.0,No se identifican ejes entrelazados; el foco es la juventud como grupo.,0.0,"Se mencionan estructuras (austeridad, violencia), pero no se articulan mecanismos interseccionales.",0.0,"Contexto geográfico amplio, pero sin análisis situado de intersecciones.",0.0,No se describe un método que operacionalice intersecciones.,0.0,high,,0.0,"Se orienta a la inclusión y justicia, pero no desde un marco interseccional sustantivo.",0.0,"Reconoce agencia juvenil, pero no en clave interseccional.",False,"Aunque menciona múltiples formas de injusticia (pobreza, xenofobia, violencia, etc.), no articula explícitamente dos o más ejes de diferenciación social como relacionados entre sí; la categoría central es juventud.",0.0,No hay integración de ejes interseccionales.,2013,316
115,1.0,"Analiza cómo el patriarcado y el antropocentrismo se co-constituyen en las injusticias multispecies, no como sumas aditivas.",1.0,"Explicita mecanismos estructurales (hegemonía patriarcal, antropocentrismo) como raíces de las crisis socioambientales.",0.5,"Sitúa el análisis en el contexto de los ODS y crisis globales, pero el contexto geopolítico/histórico es general.",0.0,"El trabajo es teórico/propositivo, sin operacionalización empírica de las intersecciones.",2.5,high,,1.0,Orienta explícitamente a la transformación de las estructuras de injusticia y propone principios para la justicia multispecies.,0.5,"Reconoce agencia en sujetos humanos y no humanos, pero la documentación de estrategias concretas es limitada.",True,"El paper articula género (patriarcado), especie (antropocentrismo) y justicia social/ambiental como ejes interrelacionados en la teoría propuesta.",1.0,"Los elementos (ejes entrelazados, poder estructural, orientación a la justicia) se articulan en una propuesta teórica coherente.",1931,378
116,0.5,"Se reconocen varios ejes (juventud, contexto político, espacialidad, economía), pero no queda claro si se analizan como mutuamente constitutivos o solo como factores paralelos.",0.5,"Se menciona el contexto de Turquía autoritaria y recesión económica, lo que sugiere atención a estructuras, pero no se explicitan mecanismos estructurales detallados.",1.0,El estudio es etnográfico y sitúa explícitamente los hallazgos en el contexto sociohistórico y político de la Turquía contemporánea.,0.5,"El método (geo-social, entrevistas, mapeo) permite captar experiencias interseccionales, pero no se especifica si hay análisis de interacciones entre ejes más allá de la descripción.",2.0,medium,,0.5,"El trabajo problematiza la formación de ciudadanía ambiental y la agencia juvenil, lo que implica una orientación crítica, pero no se explicita una agenda transformadora o recomendaciones de justicia.",1.0,"El foco está en la agencia ambiental juvenil y la formación de subjetividades políticas, documentando estrategias y resistencias.",True,"El abstract menciona explícitamente la contextualización de las subjetividades políticas y ambientales de jóvenes en relación a 'aspectos interseccionales de la socialización ambiental', sugiriendo articulación de más de un eje (edad, clase, geografía, política).",0.5,"Los elementos (contexto, agencia, interseccionalidad) están presentes y parcialmente conectados, pero no se evidencia una integración analítica profunda de todos los ejes y estructuras.",1868,465
117,1.0,"Analiza cómo ser indígena implica una posición específica donde lengua, territorio y clima se co-constituyen.",1.0,Identifica explícitamente el colonialismo como estructura que impulsa tanto la pérdida de lengua como la vulnerabilidad climática.,1.0,"Sitúa el análisis en el Ártico y en la historia de desplazamiento indígena, reconociendo la especificidad geográfica y política.",0.0,No hay evidencia de método empírico propio; el trabajo es una síntesis teórica.,3.5,high,,1.0,"Propone marcos alternativos que enfatizan la responsabilidad colonial y la soberanía indígena, orientado a la justicia.",1.0,Refleja agencia y resistencia en los movimientos de revitalización lingüística y justicia climática.,True,"El abstract articula cómo la pérdida de lengua y desplazamiento climático afectan a comunidades indígenas de manera entrelazada, vinculando idioma, identidad y colonialismo.",1.0,"El análisis articula poder estructural, identidades entrelazadas, contexto y agencia en una narrativa coherente.",1937,350
118,0.0,"Solo se aborda el género, sin análisis de co-construcción con otros ejes.",0.0,No se desarrollan mecanismos estructurales más allá de referencias generales a género y clima.,0.0,No se sitúan hallazgos en un contexto sociohistórico interseccional.,0.0,No hay operacionalización empírica de intersecciones.,0.0,high,,0.0,No se articula una orientación explícita a la justicia interseccional.,0.0,No se documenta agencia o resistencia de sujetos interseccionales.,False,"Aunque menciona la necesidad de un enfoque interseccional de género y clima, el análisis se limita a roles de género y no articula explícitamente dos o más ejes de diferenciación social como relacionados entre sí.",0.0,No hay elementos interseccionales sustantivos para integrar.,2077,309
119,0.5,"Se consideran género y etnicidad, pero el análisis trata los ejes principalmente de forma aditiva (diferencias entre mujeres y hombres dentro de cada grupo étnico, y entre grupos étnicos), sin explorar cómo se co-constituyen.",0.5,"Se mencionan normas sociales y culturales que afectan la resiliencia, pero no se profundiza en mecanismos estructurales como racismo o patriarcado.",0.5,"El contexto geográfico y cultural está presente (Nam Dong, Kinh y Co Tu), pero la historicidad y la política estructural son superficiales.",0.0,El método compara subgrupos (por género y etnicidad) pero no analiza interacciones ni operacionaliza intersecciones en el diseño empírico.,1.0,high,,0.5,"Se sugieren recomendaciones para políticas y programas orientados a la equidad, pero la orientación a la justicia es limitada y no crítica.",0.0,No se documentan estrategias de agencia o resistencia de los sujetos; el foco está en su vulnerabilidad.,True,"El estudio analiza diferencias de resiliencia climática entre grupos definidos por género y etnicidad, y discute cómo estas categorías se relacionan en la experiencia de los hogares.",0.5,"Los elementos de género, etnicidad y contexto están presentes pero yuxtapuestos; la integración analítica es parcial.",1975,418
120,0.0,Solo se aborda la pobreza/país de residencia como eje.,0.0,No se analizan mecanismos estructurales más allá de la desigualdad global.,0.0,No hay contextualización sociohistórica específica de ejes múltiples.,0.0,No hay método empírico interseccional.,0.0,high,,0.0,"Aunque hay orientación a la justicia, no se articula desde una perspectiva interseccional.",0.0,No se documenta agencia de sujetos diferenciados.,False,"El paper menciona desigualdades (pobreza, LMICs, sufrimiento por enfermedad grave) pero no articula dos o más ejes de diferenciación social como relacionados entre sí; se centra en la desigualdad global y la salud.",0.0,No hay elementos interseccionales a integrar.,2061,298
121,1.0,"Explora cómo la identidad de los agricultores (género, edad, capacidad financiera, propiedad de la tierra) se entrelaza en la adaptación.",1.0,Discute causas estructurales de vulnerabilidad y procesos históricos de cambio agrario.,1.0,Contextualiza en la historia y geografía específica del sur de Aotearoa-Nueva Zelanda.,0.5,"El análisis es principalmente cualitativo y descriptivo, pero reconoce interacciones entre identidades; no queda claro si hay operacionalización empírica de intersecciones.",3.5,high,,1.0,Orienta explícitamente a la equidad y transformación en la adaptación climática.,1.0,Reconoce el conocimiento local y las estrategias de los agricultores como formas de agencia.,True,"El paper analiza cómo la capacidad financiera, el estatus de propiedad de la tierra, la edad y la participación de género interactúan para influir en la adaptación de los agricultores.",1.0,"Los elementos de identidad, poder estructural, contexto y agencia se articulan coherentemente en el análisis.",2005,349
122,1.0,"El análisis muestra que ser mujer viuda/divorciada es una posición específica de vulnerabilidad, no solo suma de género y estado civil.",0.5,"Se mencionan factores estructurales (acceso a recursos, discriminación), pero no se teoriza en profundidad mecanismos de poder.",1.0,El estudio está situado en el contexto sociohistórico y geográfico de la agricultura en el noroeste de Etiopía.,1.0,El método (CAPCA y regresión) permite analizar interacciones entre género y estado civil en la vulnerabilidad.,2.0,high,,0.5,"Se sugieren implicaciones para intervenciones y justicia en la focalización, pero la orientación transformadora es limitada.",0.0,No se documentan estrategias de agencia o resistencia de las mujeres; el foco es en vulnerabilidad.,True,"El paper analiza cómo género y estado civil se entrelazan en la vulnerabilidad climática, no solo como variables separadas.",0.5,"El análisis integra género y estado civil en el método y resultados, pero la articulación con estructuras de poder y agencia es parcial.",1980,361
123,0.5,"Se mencionan varios ejes (embarazo, racismo estructural, determinantes sociales), pero no se analiza cómo se co-constituyen; la relación parece aditiva o solo en la discusión.",0.5,"Se nombra el racismo estructural y determinantes sociales, pero no se explicitan mecanismos estructurales ni se desarrolla un marco crítico.",0.5,"El contexto es EE.UU. y se menciona la vulnerabilidad de personas embarazadas, pero el nivel de detalle sobre historia, geografía o política es superficial.",0.0,No se describe un método empírico que operacionalice intersecciones; el enfoque es educativo y descriptivo.,1.0,medium,,0.5,"Se orienta a la justicia climática y a la detección de riesgos, pero la dimensión transformadora es incipiente y no se desarrollan recomendaciones críticas.",0.0,"No se documenta agencia ni resistencia de los sujetos; las personas embarazadas aparecen como vulnerables, no como agentes.",True,"El abstract menciona explícitamente la intersección entre clima, embarazo, determinantes sociales de la salud y racismo estructural.",0.5,"Los elementos (clima, racismo, embarazo) están presentes pero yuxtapuestos; la integración analítica es parcial.",1890,402
124,0.0,No hay análisis de identidades entrelazadas.,0.0,No se abordan estructuras de poder social; el foco es institucional y tecnológico.,0.0,No hay contextualización sociohistórica de grupos sociales diferenciados.,0.0,"El método es a nivel país, sin operacionalización de intersecciones sociales.",0.0,high,,0.0,No hay orientación explícita a la justicia social o ambiental desde una perspectiva interseccional.,0.0,No se aborda la agencia o resistencia de sujetos diferenciados.,False,"El paper no articula ejes de diferenciación social (género, raza, clase, etc.) como relacionados entre sí; se enfoca en variables país-nivel y políticas generales.",0.0,No hay elementos interseccionales presentes para integrar.,2062,291
125,0.0,No se identifican ejes sociales entrelazados.,0.0,No se operacionalizan estructuras de opresión específicas entre ejes sociales.,0.0,No se sitúan hallazgos en contextos sociohistóricos diferenciados por ejes sociales.,0.0,No hay método que capte intersecciones de ejes sociales.,0.0,high,,0.0,No se conecta el análisis con justicia desde una perspectiva interseccional.,0.0,No se documenta agencia diferenciada por ejes sociales.,False,"El abstract discute poder y justicia en la adaptación local, pero no articula explícitamente dos o más ejes de diferenciación social como relacionados entre sí.",0.0,No hay elementos interseccionales a integrar.,1956,284
126,0.0,"Solo se menciona la niñez como grupo vulnerable, sin análisis de identidades entrelazadas.",0.0,No se abordan mecanismos estructurales de poder; el foco es en impactos generales y acciones sectoriales.,0.0,No hay contextualización sociohistórica específica de subgrupos diferenciados.,0.0,No hay método empírico ni operacionalización de intersecciones.,0.0,high,,0.0,"Se mencionan acciones y justicia climática, pero sin análisis interseccional de la justicia.",0.0,No se documenta agencia o resistencia de los sujetos.,False,"El abstract menciona inequidad y justicia climática, pero no articula dos o más ejes de diferenciación social relacionados entre sí; se enfoca en niños como grupo vulnerable sin desagregar por género, raza, clase u otros ejes.",0.0,No hay elementos interseccionales a integrar.,1914,319
127,0.0,No hay análisis de identidades entrelazadas.,0.0,No se abordan estructuras de poder social.,0.0,No hay contextualización sociohistórica de ejes sociales.,0.0,No hay método para operacionalizar intersecciones sociales.,0.0,high,,0.0,No se orienta a la justicia social o ambiental desde una perspectiva interseccional.,0.0,No se discute agencia o resistencia de sujetos diferenciados.,False,"El paper no articula ejes de diferenciación social (género, raza, clase, etc.) como relacionados entre sí; se centra en la interfaz ciencia-política y la modelización integrada.",0.0,"No aplica, ya que no hay elementos interseccionales presentes.",2007,282
128,0.5,"Menciona 'intersecting inequalities' y marginalización, pero el análisis parece centrarse en cómo los métodos abordan desigualdades múltiples, no en la co-construcción de identidades específicas.",1.0,"El foco está en el poder estructural, asimetrías y procesos de marginalización en la toma de decisiones y la resiliencia.",0.5,"El contexto es general (resiliencia y desarrollo), sin referencia a un lugar, historia o política específica.",1.0,Analiza métodos participativos y co-inquiries que buscan captar y transformar relaciones de poder y desigualdades interseccionales.,2.5,medium,,1.0,"Orientación explícita a la justicia, empoderamiento y transformación de desigualdades en la práctica de resiliencia.",1.0,"Documenta agencia, resistencia, alianzas y aprendizaje compartido como formas de acción de los sujetos.",True,"El abstract discute explícitamente 'intersecting inequalities', poder, agencia y marginalización como elementos relacionados en la resiliencia climática.",0.5,"Los elementos de poder, agencia y desigualdad están presentes y relacionados, pero la integración parece centrarse en la metodología más que en un análisis empírico profundo de identidades entrelazadas.",2080,391
129,1.0,"Analiza cómo ser mujer africana indígena implica una posición epistémica específica, no solo suma de ejes ('repositioned the locus of enunciation', 'woman African indigenous knowledge holder').",1.0,"Critica explícitamente el patriarcado, el capitalismo y el colonialismo como estructuras que configuran la crisis climática y la marginalización del conocimiento ('Patriarchal capitalist colonisation', 'hegemonic rules').",1.0,"Sitúa el análisis en el Sur global, con referencia a contextos históricos y políticos ('geo-epistemic Southern regions', 'Southern feminist context').",1.0,"El diseño empírico selecciona intencionalmente a una mujer indígena como portadora de conocimiento y documenta la interacción con docentes, operando la intersección en la muestra y el análisis.",4.0,high,,1.0,El trabajo se orienta explícitamente a la justicia epistémica y social ('building of epistemic justice within the broader social justice context').,1.0,"La mujer indígena es presentada como agente activa, portadora y transmisora de saberes, no como víctima.",True,"El paper articula género, indigeneidad y posición geopolítica (Sur global) como ejes relacionados en la producción y transmisión de conocimiento.",1.0,"Los elementos se articulan coherentemente: la crítica estructural, la agencia, el contexto y el método convergen en un análisis integrado de interseccionalidad y justicia.",2152,435
130,0.5,"Aunque el abstract menciona 'co-constituted processes' y examina raza y género juntos, no queda claro si analiza posiciones interseccionales específicas o solo efectos aditivos.",0.5,"Se refiere a 'complejas estructuras de poder' y 'procesos co-constituidos', pero no detalla mecanismos estructurales ni teoriza en profundidad.",0.5,"El estudio se sitúa en Austin, Texas, pero el contexto sociohistórico parece limitado a la localización geográfica.",0.5,"Utiliza encuesta y examina raza y género juntos, pero no se especifica si el análisis estadístico incluye interacciones o solo variables paralelas.",1.0,medium,,0.5,"Menciona la intensificación de desigualdades y la importancia de la justicia, pero no se observa una orientación transformadora explícita.",0.0,No hay evidencia de que se documente agencia o resistencia de los sujetos; el foco está en percepciones y experiencias.,True,"El paper examina explícitamente cómo raza y género juntos configuran experiencias y percepciones sobre el clima, no solo por separado.",0.5,"Los elementos interseccionales están presentes y parcialmente conectados, pero la integración analítica parece limitada.",1990,394
131,0.0,No trata ejes de diferenciación social.,0.0,No aborda estructuras de poder social.,0.0,No sitúa hallazgos en contexto sociohistórico de diferenciación social.,0.0,No operacionaliza intersecciones sociales.,0.0,high,,0.0,No orienta a la justicia social interseccional.,0.0,No trata agencia/resistencia de sujetos sociales diferenciados.,False,"El paper no articula ejes de diferenciación social (género, raza, clase, etc.) relacionados entre sí; se centra en bienestar animal y tecnología.",0.0,No hay elementos interseccionales a integrar.,2087,261
132,1.0,"Habla de 'vulnerabilidades interseccionales' y cómo diferentes ejes (acceso a vivienda, salud, energía, transporte) se entrelazan en la experiencia de los residentes.",1.0,Se centra en abordar desigualdades estructurales y mecanismos de exclusión en el acceso a servicios urbanos.,1.0,El análisis está situado en la historia y política urbana específica de Barcelona.,1.0,Describe tácticas y estrategias institucionales y comunitarias que abordan vulnerabilidades interseccionales de manera explícita y operativa.,4.0,high,,1.0,"El objetivo es transformar la gobernanza urbana hacia la justicia climática y social, con recomendaciones y crítica situada.",1.0,Documenta la agencia de actores comunitarios y municipales en la movilización de tácticas y estrategias de resistencia.,True,El paper analiza cómo las políticas urbanas abordan vulnerabilidades socioeconómicas estructurales e interseccionales en comunidades de primera línea.,1.0,"Los elementos de poder estructural, identidades entrelazadas, contexto, método y agencia se articulan coherentemente en el análisis de la gobernanza interseccional.",2055,367
133,0.0,No se identifican ejes sociales entrelazados.,0.0,No se abordan estructuras de poder social.,0.0,No hay contextualización sociohistórica de ejes sociales.,0.0,No hay método interseccional aplicado a ejes sociales.,0.0,high,,0.0,No se orienta a la justicia en términos de desigualdades sociales.,0.0,No se aborda agencia o resistencia de sujetos diferenciados socialmente.,False,"El paper analiza la intersección entre eventos (guerra y pandemia) y sostenibilidad, pero no articula ejes de diferenciación social (género, raza, clase, etc.) como relacionados entre sí.",0.0,No hay elementos interseccionales que integrar.,1940,283
134,0.0,Los ejes de vulnerabilidad se tratan como categorías independientes en el índice.,0.0,No se articulan mecanismos estructurales de poder; el enfoque es descriptivo y cuantitativo.,0.0,El contexto es geográfico (EE.UU.) pero no se sitúan los ejes en historia o política específica.,0.0,No hay análisis de interacciones entre ejes; el índice suma dimensiones aditivamente.,0.0,high,,0.0,Se mencionan implicaciones para la justicia ambiental pero sin análisis crítico o transformador.,0.0,No se documenta agencia o resistencia de los sujetos; enfoque en vulnerabilidad.,False,"El paper menciona múltiples ejes de vulnerabilidad (salud, social/económico, infraestructura, ambiente) pero los operacionaliza como dimensiones separadas y no analiza cómo se relacionan o co-construyen entre sí.",0.0,"No hay integración de elementos interseccionales, ya que los ejes se mantienen separados.",2089,331
135,1.0,"Identifica que 'mujeres pobres Pa Cô' tienen una resiliencia particularmente baja, mostrando co-construcción de ejes.",1.0,"Atribuye desigualdades a normas patriarcales, acceso desigual a recursos y pobreza estructural.",1.0,Contextualiza en regiones específicas de Vietnam y en la historia de grupos étnicos minoritarios.,1.0,El análisis empírico compara subgrupos interseccionales (género x etnia x pobreza) y reporta resultados específicos.,3.5,high,,1.0,Propone intervenciones orientadas a la justicia y transformación de desigualdades estructurales.,0.5,"Menciona la necesidad de fortalecer roles y derechos, pero la agencia de los sujetos aparece marginalmente.",True,"El estudio analiza cómo género, etnicidad y pobreza se relacionan en la resiliencia climática, identificando posiciones específicas como 'mujeres pobres Pa Cô'.",1.0,"Los elementos (ejes, estructuras, contexto, método, justicia) se articulan en un análisis coherente de la resiliencia interseccional.",2046,361
136,0.0,No analiza ejes de diferenciación social entrelazados.,0.0,No aborda estructuras de poder vinculadas a ejes sociales.,0.0,No sitúa hallazgos en contextos sociohistóricos de diferenciación social.,0.0,No operacionaliza intersecciones de ejes sociales en el método.,0.0,high,,0.0,No orienta el análisis a la justicia social o transformación de desigualdades interseccionales.,0.0,No documenta agencia o resistencia de sujetos diferenciados socialmente.,False,"El paper se centra en la cultura legal y su relación con la adaptación climática, pero no articula dos o más ejes de diferenciación social como relacionados entre sí.",0.0,No hay elementos interseccionales a integrar.,1948,289
137,1.0,"Analiza cómo la discapacidad se cruza con injusticias sociales y estructurales, no como sumatoria sino como posición específica ('disability as a site of both discrimination and critical embodied knowledge').",1.0,"Enfatiza injusticias estructurales, socioculturales, políticas y ambientales como productoras de vulnerabilidad y agencia.",1.0,"Contextualiza en dos ciudades indonesias específicas, con atención a historia urbana, educación y medios de vida.",1.0,"Utiliza etnografía y métodos visuales para captar experiencias interseccionales y situadas, no solo variables paralelas.",4.0,high,,1.0,"Orienta explícitamente a la transformación y justicia, desafiando la exclusión de personas con discapacidad en políticas de cambio climático y desastres.",1.0,"Documenta agencia, innovación y resiliencia de personas con discapacidad, no solo vulnerabilidad.",True,"El paper articula discapacidad con ejes económicos, socioculturales y estructurales, mostrando cómo se entrelazan en la experiencia de desastres.",1.0,"Los elementos se articulan coherentemente: el análisis de poder estructural, identidades entrelazadas, contexto y agencia se integran en una narrativa crítica y situada.",1980,386
138,0.5,"Se consideran varios ejes sociales en la segmentación, pero no queda claro si se analizan como mutuamente constitutivos o solo aditivos.",0.5,"Se menciona la existencia de grupos vulnerables y privilegiados y se alude a dinámicas de poder, pero no se teoriza en profundidad sobre mecanismos estructurales.",0.5,"El contexto es Bélgica y se usa un set de datos nacional, pero la contextualización sociohistórica parece superficial.",1.0,"El método de segmentación agrupa explícitamente subgrupos interseccionales, operacionalizando las intersecciones en el análisis empírico.",1.5,medium,,0.5,"Se menciona la importancia de visibilizar dinámicas de poder y vulnerabilidad, pero la orientación a la justicia es implícita y no desarrollada.",0.0,No hay evidencia de agencia o resistencia de los sujetos; se los describe en términos de vulnerabilidad o privilegio.,True,"El paper realiza un análisis de segmentación para agrupar a los encuestados belgas en grupos interseccionales significativos según sus preferencias energéticas, articulando múltiples características sociales relacionadas.",0.5,"Los elementos de interseccionalidad, poder y método están presentes pero no completamente integrados en un marco analítico coherente.",1970,405
139,0.0,No se identifican ejes múltiples de diferenciación social entrelazados.,0.0,No se abordan estructuras de opresión vinculadas a ejes sociales diferenciados.,0.0,No hay contextualización sociohistórica de intersecciones de ejes sociales.,0.0,No hay operacionalización empírica de intersecciones entre ejes sociales.,0.0,high,,0.0,"Aunque hay orientación a la justicia climática, no se conecta con interseccionalidad de ejes sociales.",0.0,No se documenta agencia desde posiciones interseccionales.,False,"El paper se centra en la identidad activista y las dinámicas de conversación sobre justicia climática, pero no articula dos o más ejes de diferenciación social (como género, raza, clase, etc.) como relacionados entre sí.",0.0,No hay elementos interseccionales a integrar.,1974,313
140,0.0,No se abordan identidades sociales ni sus interrelaciones.,0.0,No se discuten estructuras de poder social; el análisis es técnico y organizacional.,0.0,No hay contextualización sociohistórica de ejes sociales.,0.0,No hay método para operacionalizar intersecciones sociales.,0.0,high,,0.0,No se orienta a la justicia social ni a la transformación de desigualdades sociales.,0.0,No se aborda la agencia o resistencia de sujetos sociales diferenciados.,False,"El paper no articula ejes de diferenciación social (género, raza, clase, etc.) como relacionados entre sí; se centra en sistemas urbanos y causas técnicas/institucionales.",0.0,No hay elementos interseccionales presentes para integrar.,1955,289
141,0.5,"Trata género, localización y pobreza como factores, pero los analiza principalmente de forma aditiva (ej. 'mujeres son menos adaptables', 'pobres en periferia son más vulnerables').",0.5,"Menciona estructuras como desigualdad de género y pobreza, pero no teoriza mecanismos estructurales en profundidad.",0.5,"Contextualiza en Hue City y periurbanización, pero el análisis es mayormente generalizable y no profundiza en historia o política local.",0.0,"El método usa regresiones y desagregaciones por subgrupos, pero no analiza interacciones ni operacionaliza intersecciones.",1.0,high,,0.5,"Incluye recomendaciones para políticas de justicia y resiliencia, pero la orientación transformadora es limitada.",0.0,No documenta agencia o resistencia de los sujetos; los presenta principalmente como vulnerables.,True,"El paper analiza género, localización geográfica y estatus económico como factores relacionados en la vulnerabilidad climática.",0.5,"Los elementos (género, pobreza, localización) están presentes y parcialmente conectados, pero no se integran en un análisis interseccional coherente.",2020,380
142,0.5,"Se mencionan varios ejes (raza, colonialismo, clima) pero no queda claro si se analizan como mutuamente constitutivos o solo yuxtapuestos.",1.0,"El análisis se centra en necropolítica, poder estructural, racismo y colonialismo como mecanismos centrales.",0.5,"Se sitúa en el contexto de la literatura francesa y el Françafrique, pero el contexto sociohistórico es más literario que empírico.",0.0,No hay método empírico ni operacionalización de intersecciones; es un análisis teórico-literario.,1.0,medium,,0.5,"Se plantea una crítica a la elisión de desigualdades y a la necropolítica, pero no se orienta explícitamente a la transformación o justicia.",0.0,No se documenta agencia o resistencia de sujetos; el foco está en la victimización y precariedad.,True,"El abstract articula raza, colonialismo y clima como ejes relacionados en la narrativa y su análisis necropolítico.",0.5,"Los elementos de poder, raza y clima están presentes y parcialmente conectados a través del marco necropolítico, pero no se integran plenamente en un análisis interseccional coherente.",1966,389
143,0.5,"Se mencionan género y marginalización, pero no queda claro si se analizan como mutuamente constitutivos o solo como ejes aditivos.",0.5,"Se reconoce la influencia de la brecha digital y la marginalización estructural, pero no se teoriza en profundidad sobre mecanismos de poder.",0.5,"El estudio se sitúa en el distrito de Gaya, Bihar, pero el contexto sociohistórico es superficial.",0.5,"El método (SenseMaker) permite mapear complejidades interseccionales, pero no se especifica si el análisis es realmente interaccional o solo descriptivo.",1.5,medium,,0.5,"Se discuten implicaciones de justicia (brecha digital, marginalización), pero no hay una orientación explícita a la transformación.",0.5,"Se menciona la co-análisis y la agencia de los participantes en el diseño y análisis, aunque de forma marginal.",True,"El abstract menciona explícitamente la captura de 'complejidades de desigualdades interseccionales' en relación a la vulnerabilidad climática, considerando género y marginalización.",0.5,"Los elementos aparecen conectados en torno al método y la problemática, pero la integración analítica es parcial.",2061,394
144,0.0,No se identifican ejes entrelazados; solo género/cuerpos.,0.0,No se articula poder estructural entre ejes diferenciados.,0.0,No hay contextualización interseccional.,0.0,No hay método interseccional.,0.0,high,,0.0,No se observa orientación a la justicia interseccional.,0.0,No se documenta agencia de sujetos interseccionales.,False,"El abstract menciona género y cuerpos, y alude a intersecciones políticas (clima, migración, militarismo), pero no articula explícitamente dos o más ejes de diferenciación social como relacionados entre sí.",0.0,No hay elementos interseccionales a integrar.,2020,282
145,0.0,"Solo género, sin entrelazamiento con otros ejes.",0.0,No se abordan estructuras más allá de la desigualdad de género.,0.0,No hay contextualización sociohistórica específica.,0.0,No hay método empírico interseccional; solo se menciona desagregación por sexo.,0.0,high,,0.0,No hay orientación explícita a la justicia más allá de la equidad de género.,0.0,No se documenta agencia o resistencia de los sujetos.,False,"El paper solo articula género como eje de diferenciación en relación con el cambio climático; otros ejes (clase, raza, etnia, etc.) no se mencionan ni se relacionan.",0.0,No hay elementos interseccionales para integrar.,1973,292
146,0.5,"Aunque se reconoce que la vulnerabilidad de las mujeres se ve afectada por roles sociales y acceso desigual al poder, el análisis principal compara género como dos grupos y solo menciona la intersección de factores en la discusión.",0.5,"Se mencionan estructuras como el acceso desigual al poder y recursos, pero no se teoriza en profundidad sobre mecanismos estructurales.",0.5,"El contexto es Bangladesh rural y se mencionan factores locales, pero el análisis contextual es superficial.",0.0,El método principal es comparar índices de vulnerabilidad por género; no hay operacionalización empírica de intersecciones ni análisis de subgrupos interseccionales.,1.0,high,,0.5,"Se sugieren intervenciones políticas y se menciona la necesidad de abordar factores interseccionales, pero la orientación a la justicia es limitada.",0.5,"Se reconoce que las mujeres tienen capacidades adaptativas (conocimientos y habilidades), pero la agencia se menciona de forma marginal.",True,El abstract menciona explícitamente la intersección de factores sociales diversos que afectan la vulnerabilidad de género y sugiere que estos factores interactúan y se entrecruzan.,0.5,"Los elementos interseccionales aparecen principalmente en la discusión y recomendaciones, pero no están plenamente integrados en el análisis empírico.",2060,410
147,0.0,"No se mencionan ejes sociales (género, clase, etnia, etc.).",0.0,No hay discusión sobre estructuras de poder o mecanismos sociales.,0.0,"El contexto es geográfico y sectorial, no sociohistórico ni político.",0.0,No hay operacionalización de intersecciones sociales.,0.0,high,,0.0,No se aborda la justicia social o ambiental desde una perspectiva de desigualdad social.,0.0,No se consideran sujetos sociales ni agencia.,False,"El paper analiza el nexo carbón-agua en términos de infraestructura y estrés hídrico, sin articular ejes de diferenciación social ni relaciones entre ellos.",0.0,No hay elementos interseccionales presentes para articular.,1968,280
148,1.0,"Explora explícitamente cómo los ejes de tono de piel y lengua se co-construyen en la racialización, no como sumas aditivas.",1.0,"Enmarca los resultados en términos de subordinación racial y étnica, y mecanismos de estigmatización estructural.",0.5,"Contextualiza en el caso de Puerto Rico y la sociedad estadounidense, pero el contexto histórico-político es limitado en el abstract.",1.0,El diseño experimental manipula explícitamente la intersección de dos ejes (tono de piel y lengua) en los estímulos.,2.5,high,,0.5,"Se orienta a la crítica de la racialización y la importancia de enfoques interseccionales, pero no se detallan recomendaciones transformadoras.",0.0,No se menciona agencia o resistencia de los sujetos puertorriqueños; el foco está en percepciones externas.,True,El estudio analiza cómo el tono de piel y el idioma (como marcador de extranjería) interactúan en la percepción de víctimas puertorriqueñas tras el huracán.,1.0,"El análisis integra los ejes, el marco estructural y el método experimental en una explicación coherente de la racialización.",1925,384
149,0.0,"Solo se analiza el eje de género, sin tratar identidades entrelazadas.",0.0,"Se menciona injusticia de género, pero no se articulan mecanismos estructurales más allá del género.",0.0,No se sitúan hallazgos en múltiples contextos sociohistóricos interseccionales.,0.0,No hay método que operacionalice intersecciones; el análisis es sobre género.,0.0,high,,0.0,"Aunque hay orientación a la justicia de género, no se desarrolla desde una perspectiva interseccional.",0.0,No se documenta agencia o resistencia de sujetos en posiciones interseccionales.,False,"El paper solo articula el eje de género (mujeres) en relación con la política climática, sin analizar cómo género se entrelaza con otros ejes de diferenciación social.",0.0,No hay integración de ejes múltiples ni análisis interseccional.,2147,318
150,1.0,"Explora cómo el género y las responsabilidades dentro del hogar se co-constituyen en la experiencia de la invasión de parthenium, no como sumatoria sino como posición específica (p.ej., 'gendered livelihoods', 'women’s labor, spaces, and assets').",1.0,"Aborda explícitamente el género como relación de poder y cómo las desigualdades estructurales se refuerzan por nuevas vulnerabilidades ('gender as unequal power relations', 'inequalities can be reinforced by new forms of vulnerability').",1.0,"Contextualiza en la región de Oromia, Etiopía, y sitúa los hallazgos en la historia y geografía local ('smallholder farmers in Ethiopia’s Oromia region', 'place-based inequities').",1.0,"El diseño empírico explora explícitamente la intersección de género y espacio/labor en la gestión de la planta invasora, considerando roles y redes diferenciadas ('women’s social networks and so-called reproductive space and labor').",4.0,high,,1.0,"El enfoque es feminista y orientado a la praxis, buscando transformar la comprensión y respuesta a las desigualdades ('feminist perspective in livelihoods and environmental change research and praxis').",1.0,"Reconoce agencia y estrategias de mujeres a través de redes sociales y respuestas diferenciadas ('women’s social networks', 'response options socially differentiated').",True,"El paper analiza cómo el género intersecta con vulnerabilidades preexistentes y roles diferenciados en el impacto y respuesta a una planta invasora, articulando género y posición social en el contexto rural etíope.",1.0,"El análisis integra poder estructural, identidades entrelazadas, contexto situado, método y agencia en una narrativa coherente sobre desigualdad y adaptación.",2076,494
151,1.0,"Analiza cómo las luchas de género, juventud e indigeneidad están interconectadas y cómo la estructura civil las separa artificialmente.",1.0,"Explora mecanismos estructurales de poder, como la masculinización del discurso y la estructura de la sociedad civil que fragmenta identidades.",1.0,Sitúa el análisis en el contexto político específico de la UNFCCC y la historia de la WGC.,0.5,"El análisis es principalmente cualitativo y discursivo, identificando barreras estructurales, pero no hay operacionalización empírica de intersecciones en datos primarios.",3.5,high,,1.0,El objetivo es transformar la integración de la sociedad civil en la política climática y superar barreras a la justicia interseccional.,1.0,Documenta las estrategias políticas y de resistencia de la WGC y su agencia en el espacio de la UNFCCC.,True,"El paper discute cómo los argumentos interseccionales feministas enfrentan resistencia y cómo las identidades (género, juventud, pueblos indígenas) son separadas estructuralmente pese a sus luchas interconectadas.",1.0,"El análisis articula poder estructural, identidades entrelazadas, contexto y agencia en una crítica coherente sobre la política climática y la sociedad civil.",1951,403
152,0.5,"Se mencionan múltiples ejes (comunidades vulnerables, diversidad de temas), pero no se explicita cómo se co-construyen; la interseccionalidad es más un marco que un análisis detallado de posiciones entrelazadas.",1.0,El trabajo enfatiza la necesidad de 'disrupting the status quo' y utiliza marcos críticos sobre estructuras de poder en el análisis del movimiento.,1.0,El estudio se sitúa explícitamente en el contexto sociohistórico y político del movimiento de justicia ambiental en EE.UU.,0.5,"El método incluye encuestas y entrevistas a activistas diversos, pero no se detalla un análisis empírico de intersecciones específicas entre ejes sociales.",2.5,high,,1.0,"El trabajo está orientado explícitamente a la transformación y la justicia, con recomendaciones y análisis crítico de estrategias de cambio.",1.0,"Se documentan estrategias, agencia y capacidades de los sujetos (activistas) como agentes de cambio.",True,"El abstract señala que el marco de justicia climática es entendido como crítico e interseccional, y que el movimiento aborda una diversidad de temas y comunidades vulnerables.",0.5,"Los elementos de poder, contexto, agencia y praxis están presentes y conectados, pero el análisis de identidades entrelazadas es menos desarrollado y no se integra plenamente con el resto.",2029,414
153,0.5,"Reconoce la existencia de múltiples ejes (género, precariedad laboral, trabajo de cuidados), pero el análisis se centra en cómo la política los ignora más que en cómo se co-constituyen.",1.0,"Analiza mecanismos estructurales (política estatal, distribución de cuidados, precarización, neocolonialismo) y cómo estos configuran la desigualdad.",1.0,"Contextualiza en la historia reciente de Irlanda, el auge de la igualdad de género y tendencias europeas, y sitúa el análisis en la política nacional.",0.0,No hay evidencia de un método empírico que operacionalice intersecciones; el análisis es teórico/político.,2.0,high,,1.0,"El artículo es explícitamente crítico y orientado a la transformación, denunciando la reducción de la agenda y llamando a una política más interseccional.",0.0,No se documenta agencia o resistencia de los sujetos; el foco está en la política y su marco.,True,"El abstract critica que la política de igualdad de género en educación superior en Irlanda reduce el problema a la falta de mujeres en altos cargos, ignorando experiencias de académicas/os precarizadas/os y la distribución desigual del trabajo de cuidados, y menciona el estancamiento de agendas interseccionales.",0.5,"Integra poder estructural, contexto y crítica política, pero la interseccionalidad aparece más como ausencia/objeto de crítica que como análisis sustantivo de identidades entrelazadas.",1929,445
154,1.0,"Se exploran identidades interseccionales como mutuamente constitutivas en la experiencia de la participante (Latina, género, juventud, contexto STEAM).",1.0,"El análisis vincula la experiencia de la participante con estructuras de poder (racismo, género, acceso desigual a STEAM, colonialismo en el caso de Puerto Rico).",1.0,El estudio sitúa los hallazgos en el contexto sociohistórico de Puerto Rico post-María y en la experiencia de niñas racializadas en EE.UU.,1.0,"El método es cualitativo y centra la experiencia interseccional de una participante, integrando datos multimodales para captar la interacción de los ejes.",4.0,high,,1.0,"El trabajo se orienta a la justicia social y educativa, mostrando cómo la participante usa la tecnología para abogar por su comunidad.",1.0,Se documenta la agencia de la participante al crear una app y liderar acciones en apoyo a Puerto Rico.,True,"El paper analiza cómo una adolescente latina articula identidades interseccionales (género, raza/etnicidad, juventud) en el contexto de un taller STEAM.",1.0,"Los elementos se articulan en un análisis coherente que vincula identidades, estructuras, contexto, método y agencia.",1939,397
155,0.0,No analiza identidades entrelazadas ni posiciones sociales diferenciadas.,0.0,No teoriza mecanismos de poder estructural; se centra en gobernanza y regulación.,0.0,No sitúa hallazgos en contextos sociohistóricos específicos ni reconoce la no-universalidad.,0.0,No hay método empírico que operacionalice intersecciones sociales.,0.0,high,,0.0,No hay orientación explícita a la justicia social o transformación de desigualdades.,0.0,No se documenta agencia o resistencia de sujetos diferenciados.,False,"El paper discute resiliencia comunitaria y sostenibilidad en términos de dimensiones ambientales, económicas, sociales y de gobernanza, pero no articula dos o más ejes de diferenciación social como relacionados entre sí.",0.0,No hay elementos interseccionales presentes para articular.,2146,304
156,1.0,"Explícitamente estudia 'identidades interseccionales' y cómo género, edad y etnicidad co-configuran prácticas y acceso al conocimiento.",1.0,"Discute estructuras de poder, relaciones sociales y políticas públicas que invisibilizan la heterogeneidad y afectan el acceso y la agencia.",1.0,"Contextualiza en comunidades andinas específicas, con referencias a historia, cultura y políticas nacionales.",0.5,"El análisis es cualitativo y describe subgrupos interseccionales, pero no detalla métodos empíricos de análisis interaccional.",3.5,high,,1.0,Orienta el análisis a recomendaciones para políticas más justas y reconoce la importancia de enfoques de derechos y equidad.,1.0,"Documenta agencia y saberes de los productores, mostrando estrategias y conocimientos propios en la gestión del territorio.",True,"El paper analiza cómo género, edad y etnicidad se entrecruzan en la organización y conocimiento de productores andinos.",1.0,"Los elementos se articulan coherentemente: las identidades entrelazadas, el poder estructural y el contexto informan el análisis y las recomendaciones.",2174,366
157,0.0,No se mencionan ni analizan identidades sociales.,0.0,No se abordan estructuras de poder ni mecanismos sociales.,0.0,No hay contextualización sociohistórica de desigualdades.,0.0,"El método es ambiental y espacial, sin operacionalización de intersecciones sociales.",0.0,high,,0.0,No hay orientación a la justicia social o ambiental desde una perspectiva interseccional.,0.0,No se reconoce agencia ni resistencia de sujetos sociales.,False,"El paper no articula ejes de diferenciación social (género, raza, clase, etc.) como relacionados entre sí; se enfoca exclusivamente en variables ambientales y de uso del suelo.",0.0,No hay elementos interseccionales presentes para integrar.,1983,282
158,0.0,"No se mencionan ejes sociales (género, raza, clase, etc.).",0.0,No hay referencia a estructuras de poder o mecanismos sociales.,0.0,"El contexto es biofísico y geográfico, no sociohistórico.",0.0,No hay operacionalización de intersecciones sociales.,0.0,high,,0.0,"No se aborda justicia social, política o ambiental desde una perspectiva interseccional.",0.0,No se consideran sujetos sociales ni agencia.,False,"El paper analiza indicadores climáticos y patrones espaciales en zonas agrícolas, sin articular ejes de diferenciación social ni relaciones entre ellos.",0.0,No hay elementos interseccionales presentes para articular.,2089,275
159,1.0,"El marco del 'im/mobility cube' examina cómo múltiples ejes (experiencias de moverse, quedarse, recibir; aspiraciones/capacidades; relaciones de poder) se entrelazan en la experiencia de movilidad climática.",1.0,"Se enfatizan las 'relaciones de poder' y las 'luchas kinopolíticas' como estructurantes de la movilidad/inmovilidad, no solo atributos individuales.",1.0,El análisis se sitúa explícitamente en contextos regionales y reconoce la especificidad de las experiencias y relaciones de poder en cada lugar.,1.0,"El marco heurístico propuesto permite analizar interacciones entre ejes y posiciones, no solo variables aditivas.",4.0,high,,1.0,"El objetivo declarado es avanzar agendas de investigación más inclusivas y justas, y visibilizar luchas y desigualdades para la justicia de la movilidad climática.",1.0,"Se reconoce explícitamente la agencia y el coraje de los protagonistas, y se centra en sus aspiraciones y capacidades.",True,"El paper propone un marco para analizar luchas relacionales e interseccionales de movilidad y desplazamiento, considerando desigualdades encarnadas y procesos de subjetivación complejos.",1.0,"El marco integra identidades, poder, contexto, agencia y orientación a la justicia en un análisis coherente y relacional.",2018,413
160,1.0,"Analiza cómo se construyen nuevas subjetividades políticas y relaciones interseccionales de cuidado y solidaridad, no como sumas aditivas.",1.0,"El enfoque es contrahegemónico y crítico del 'capitalocentrismo', abordando estructuras de poder y mecanismos de reproducción/transformación.",1.0,"Sitúa el análisis en el contexto específico del Klimakemp en Bohemia del Norte, reconociendo la historia y política regional.",1.0,Utiliza observación participante y análisis de prácticas performativas que operan las intersecciones en la praxis.,4.0,high,,1.0,"El trabajo está explícitamente orientado a la transformación y la justicia climática, proponiendo visiones contrahegemónicas.",1.0,Documenta agencia y resistencia a través de la performatividad y la construcción de nuevas subjetividades políticas.,True,"El abstract menciona explícitamente la 'commoning intersectional relations of care and solidarity', sugiriendo articulación de múltiples ejes de diferenciación social en relación.",1.0,"Los elementos se articulan en un análisis coherente donde la praxis, el poder estructural, las identidades y la agencia se entrelazan en el contexto situado.",1963,377
161,0.5,"Se mencionan varios ejes (género, vulnerabilidad, derechos laborales, conflicto), pero el foco principal es género y los otros ejes aparecen como consideraciones aditivas o contextuales.",1.0,"El análisis se basa en perspectivas críticas sobre vulnerabilidad y economía política, y discute mecanismos estructurales que afectan la equidad de género en la contratación pública.",0.5,"El contexto es el de organizaciones internacionales y sus políticas, pero el análisis es más institucional que situado en una geografía o historia específica.",0.0,No se describe un método empírico que operacionalice intersecciones; el análisis es conceptual y de políticas.,2.0,medium,,1.0,"El capítulo está orientado a la transformación y justicia de género, con recomendaciones explícitas para políticas y prácticas más justas.",0.5,"Se reconoce que las organizaciones tienen agencia para transformar sus prácticas, pero no se documenta agencia de sujetos afectados por las políticas.",True,"El abstract menciona explícitamente la interseccionalidad de las desigualdades y analiza género junto a vulnerabilidad, derechos laborales, conflicto y economía política.",0.5,"Los elementos críticos y de justicia están presentes y relacionados, pero la integración de los ejes de diferenciación es parcial y el análisis se centra en género con otros ejes como consideraciones adicionales.",2052,408
162,1.0,"Se enfatizan experiencias individuales y colectivas atravesadas por múltiples ejes (nacionalidad, raza, clase, género, colonialidad) y se menciona explícitamente la perspectiva interseccional.",1.0,"El libro adopta un lente decolonial y aborda la injusticia epistémica y estructural, articulando mecanismos de poder como el colonialismo y el racismo.",1.0,"Los casos se sitúan en contextos sociohistóricos y geográficos específicos (India, Brasil, Bangladesh, Sudáfrica, Mozambique, Puerto Rico, Maldivas, Pakistán).",1.0,"El enfoque empírico es comparativo y recoge experiencias interseccionales, sugiriendo métodos que capturan la interacción de ejes múltiples.",4.0,high,,1.0,"El libro está orientado a la justicia climática y la transformación, con énfasis en la resistencia, el activismo y la crítica a la injusticia.",1.0,"Se documentan activismo, resistencia y organización social, reconociendo agencia y saberes de los sujetos.",True,El abstract menciona explícitamente una perspectiva interseccional y un enfoque en experiencias diversas y entrelazadas de injusticia climática en el Sur Global.,1.0,"Los elementos (poder, identidades, contexto, agencia, método y justicia) se articulan en un análisis coherente y crítico.",2037,418
163,0.0,"No analiza ejes de diferenciación social (género, clase, etnia, etc.) como mutuamente constitutivos.",0.0,No teoriza mecanismos de poder estructural; el foco está en prácticas y percepciones individuales/colectivas.,0.0,No sitúa hallazgos en términos de historia o política de ejes sociales diferenciados.,0.0,No hay operacionalización empírica de intersecciones de ejes sociales.,0.0,high,,0.0,No hay orientación explícita a la justicia social o transformación de desigualdades interseccionales.,0.0,No documenta agencia o resistencia de sujetos en términos de ejes de opresión diferenciados.,False,"El paper se centra en prácticas de movilidad y adaptación a la degradación ambiental, pero no articula explícitamente dos o más ejes de diferenciación social como relacionados entre sí; la atención está en prácticas y estilos de vida, no en identidades entrelazadas.",0.0,No hay elementos interseccionales a integrar.,1953,343
164,0.0,No analiza identidades entrelazadas ni posiciones sociales concretas.,0.0,"Discute estructuras en abstracto, sin operacionalizarlas en casos o mecanismos.",0.0,No sitúa hallazgos en contextos sociohistóricos específicos.,0.0,No hay método empírico ni operacionalización de intersecciones.,0.0,high,,0.0,"El enfoque es crítico y orientado a la justicia en lo discursivo, pero sin aplicación concreta.",0.0,No documenta agencia o resistencia de sujetos concretos.,False,"El paper es un llamado teórico a integrar interseccionalidad y justicia climática, pero no articula ejes de diferenciación social específicos ni los relaciona empíricamente.",0.0,No hay elementos empíricos o analíticos a integrar.,1915,296
165,0.5,"Se mencionan múltiples ejes intersectando con género, pero no queda claro si se analizan como mutuamente constitutivos o solo aditivos.",0.5,"Se alude a estructuras como roles de género, poder intra-hogar y estructuras sociopolíticas, pero sin detallar mecanismos estructurales.",0.5,"Se reconoce la contextualidad (África y Asia, variaciones locales), pero el nivel de detalle sobre contexto sociohistórico es superficial.",0.0,"Como revisión sistemática, no hay operacionalización empírica directa de intersecciones; se reportan hallazgos de otros estudios.",1.0,high,,0.5,"Se sugiere la necesidad de enfoques más transformadores y de justicia de género, pero sin desarrollo sustantivo.",0.0,No se documenta agencia o resistencia de los sujetos; se enfatiza preocupación y fatalismo.,True,"El abstract menciona explícitamente que género y otros ejes (edad, etnia, estatus, etc.) se intersectan en la percepción y adaptación al cambio climático.",0.5,"Los elementos aparecen relacionados en la discusión, pero no se integran en un marco analítico coherente.",1982,380
166,0.5,"Menciona múltiples ejes (género, edad, migración) pero los trata principalmente como factores paralelos en la exposición a riesgos.",0.5,"Nombra estructuras como globalización y políticas de trabajo, pero no teoriza mecanismos de poder estructural en profundidad.",0.5,"Sitúa el análisis en el contexto de los ODS y tendencias globales, pero el contexto sociohistórico es general.",0.0,No hay evidencia de un método empírico que operacionalice intersecciones; el marco es conceptual y descriptivo.,1.0,high,,0.5,"El objetivo es orientar a la promoción del trabajo decente, pero la orientación a la justicia es general y no crítica.",0.0,No se documenta agencia o resistencia de los sujetos; los trabajadores aparecen como receptores de riesgos y políticas.,True,"El marco discute cómo género, edad, migración y formas de trabajo se intersectan con riesgos emergentes y condiciones laborales.",0.5,Los elementos están presentes pero yuxtapuestos; no se articulan en un análisis interseccional coherente.,2063,361
167,0.5,"Menciona raza y clase como factores de vulnerabilidad, pero los trata principalmente como aditivos y no como posiciones mutuamente constitutivas.",1.0,"Explica mecanismos estructurales como el redlining y la inversión desigual en infraestructura, vinculados a racismo y desigualdad económica.",1.0,"Sitúa el análisis en la historia de Estados Unidos, con referencias explícitas a procesos históricos y geográficos como el redlining y la migración climática.",0.0,No hay operacionalización empírica ni método que capte intersecciones; es un comentario conceptual y de política.,2.0,high,,1.0,"El texto está orientado explícitamente a la transformación y la justicia, con recomendaciones para evitar reproducir desigualdades en la transición energética.",0.5,"Menciona la resiliencia comunitaria y la necesidad de proteger a las personas, pero la agencia de los sujetos aparece solo marginalmente.",True,"El paper articula raza/etnicidad (Black, Latinx, otros grupos) y clase/riqueza como ejes relacionados en la marginalización estructural y la carga energética.",0.5,"Los elementos estructurales, contextuales y de justicia están articulados, pero la integración entre identidades entrelazadas y agencia es parcial.",2105,397
168,0.0,No se identifican ejes de diferenciación social entrelazados.,0.0,No se abordan estructuras de poder o mecanismos de opresión.,0.0,No se sitúan hallazgos en un contexto sociohistórico de diferenciación social.,0.0,No hay operacionalización empírica de intersecciones sociales.,0.0,high,,0.0,No hay orientación a la justicia social o transformación de desigualdades.,0.0,No se documenta agencia ni resistencia de sujetos diferenciados socialmente.,False,"El paper analiza desafíos de comunicación entre científicos y distintos grupos de interés agrícola, pero no articula ejes de diferenciación social (género, raza, clase, etc.) como relacionados entre sí.",0.0,No hay elementos interseccionales presentes para integrar.,1996,293
169,0.0,No se mencionan ejes de diferenciación social.,0.0,No se abordan estructuras de poder social.,0.0,No hay contextualización sociohistórica de identidades.,0.0,No hay método interseccional ni análisis de subgrupos.,0.0,high,,0.0,No se orienta a la justicia social o ambiental desde una perspectiva interseccional.,0.0,No se aborda agencia o resistencia de sujetos diferenciados.,False,El abstract no articula ejes de diferenciación social relacionados entre sí; se centra en riesgos sistémicos y regulación sin referencia a identidades sociales.,0.0,No hay elementos interseccionales presentes para articular.,1953,272
170,0.0,No se identifican análisis de identidades entrelazadas.,0.0,No se abordan mecanismos de poder estructural ligados a ejes sociales diferenciados.,0.0,No se sitúan hallazgos en contextos sociohistóricos específicos de grupos diferenciados.,0.0,No hay operacionalización empírica de intersecciones entre ejes sociales.,0.0,high,,0.0,"Aunque se menciona la justicia, no se conecta con desigualdades interseccionales.",0.0,No se documenta agencia o resistencia de sujetos interseccionales.,False,"El paper discute justicia social y transición tecnológica, pero no articula explícitamente dos o más ejes de diferenciación social como relacionados entre sí.",0.0,No hay elementos interseccionales a integrar.,2101,293
171,0.0,No trata ejes de diferenciación social.,0.0,No articula estructuras de poder social.,0.0,No sitúa hallazgos en contextos sociohistóricos de diferenciación social.,0.0,No operacionaliza intersecciones sociales en el método.,0.0,high,,0.0,No conecta análisis con justicia social desde una perspectiva interseccional.,0.0,No aborda agencia o resistencia de sujetos diferenciados socialmente.,False,"El paper discute intersecciones entre sistemas (agua, energía, tierra, clima) y menciona justicia social, pero no articula ejes de diferenciación social (género, raza, clase, etc.) como relacionados entre sí.",0.0,No hay elementos interseccionales a integrar.,2023,285
172,0.0,No hay evidencia de análisis de ejes como mutuamente constitutivos.,0.0,No se articula poder estructural entrelazado con identidades.,0.0,No se sitúan hallazgos interseccionales en contexto sociohistórico.,0.0,No hay método que operacionalice intersecciones.,0.0,high,,0.0,No se observa orientación a la justicia interseccional.,0.0,No se documenta agencia o resistencia de sujetos interseccionales.,False,"Aunque el abstract menciona 'intersectionality' y varios ejes (raza, género), no articula cómo se relacionan entre sí, sino que los enumera como áreas de investigación separadas.",0.0,No hay integración de elementos interseccionales.,1971,289
173,0.0,"Solo se aborda la identidad pacífica como eje principal, sin entrelazar otros ejes.",0.0,No se analizan mecanismos estructurales de poder más allá de la referencia a la colectividad pacífica.,0.0,"Aunque hay contexto regional, no se sitúan intersecciones de ejes sociales.",0.0,"El método Delphi recoge perspectivas generales, no operacionaliza intersecciones de ejes sociales.",0.0,high,,0.0,No hay orientación explícita a la transformación de desigualdades interseccionales.,0.0,No se documenta agencia diferenciada según múltiples ejes sociales.,False,"El paper explora perspectivas de pueblos del Pacífico sobre salud mental y cambio climático, pero no articula explícitamente dos o más ejes de diferenciación social como relacionados entre sí; se centra en la identidad colectiva pacífica sin analizar intersecciones con género, clase, edad, etc.",0.0,No hay elementos interseccionales a integrar.,2004,330
174,0.0,No hay análisis de identidades sociales.,0.0,No se abordan estructuras de poder social.,0.0,No hay contextualización sociohistórica de ejes sociales.,0.0,No hay método interseccional ni análisis de subgrupos sociales.,0.0,high,,0.0,No se orienta a la justicia social ni ambiental desde una perspectiva interseccional.,0.0,No se discute agencia o resistencia de sujetos sociales.,False,"El paper no articula ejes de diferenciación social relacionados; se centra en debates legales y de gobernanza sobre icebergs sin referencia a género, raza, clase u otros ejes sociales.",0.0,No hay elementos interseccionales a integrar.,1852,277
175,0.5,"Se consideran clase/trabajo y trauma, pero no se analiza explícitamente cómo se co-constituyen identidades (por ejemplo, género, raza, clase) en la experiencia del desplazamiento.",1.0,"El análisis se centra en mecanismos estructurales como la economía política, la burocracia y la función gubernamental en la producción de desigualdad y desplazamiento.",1.0,"El estudio está situado en el contexto específico de los Cayos de Florida tras el huracán Irma, con atención a la historia local y las políticas de recuperación.",1.0,"Utiliza entrevistas en profundidad para captar cómo interactúan factores estructurales y subjetivos en subgrupos afectados, permitiendo análisis de interacciones.",2.5,high,,1.0,"El trabajo está orientado a la justicia ambiental y social, sugiriendo reformas y criticando los efectos no intencionados de las políticas de resiliencia.",0.5,"Se documentan experiencias y estrategias de los residentes, pero la agencia aparece más como respuesta a la opresión que como resistencia organizada.",True,"El paper explora la intersección de trauma (psicológico/social), desplazamiento y economía política en comunidades trabajadoras tras el huracán Irma, articulando al menos clase y posición social en relación.",0.5,"El análisis articula bien estructuras y contexto, pero la integración de identidades entrelazadas y agencia es parcial; los elementos están presentes pero no completamente conectados.",2027,431
176,1.0,"Se explora cómo las identidades interseccionales y posiciones sociales de las niñas de color configuran sus estrategias, no como sumas aditivas.",1.0,"El análisis vincula el activismo con injusticias raciales y económicas, y la marginalización mediática, articulando estructuras de poder.",1.0,"El estudio se sitúa en Nueva York, con referencia explícita a contexto generacional (Gen Z), racial y político.",1.0,"El análisis empírico se centra en cinco activistas de color, explorando cómo sus identidades interseccionales informan sus estrategias.",4.0,high,,1.0,"El trabajo está orientado a la transformación y justicia climática, destacando el potencial transformador de la política feminista interseccional.",1.0,Las niñas activistas son presentadas como agentes que generan plataformas sofisticadas y estrategias propias.,True,El abstract analiza cómo las identidades interseccionales (ser niñas de color) y posiciones sociales configuran estrategias de movilización en el activismo climático.,1.0,"El análisis articula identidades, estructuras de poder, contexto, método y agencia en una narrativa coherente sobre justicia climática interseccional.",1867,378
177,0.0,No hay evidencia de análisis de identidades entrelazadas.,0.0,No se articula poder estructural en relación a identidades entrelazadas.,0.0,No se sitúan hallazgos interseccionales en contexto sociohistórico.,0.0,No se describe método interseccional.,0.0,high,,0.0,No se observa orientación a la justicia desde un marco interseccional.,0.0,No se documenta agencia o resistencia interseccional.,False,"Aunque menciona temas como género e indígenas, el resumen no articula explícitamente dos o más ejes de diferenciación social como relacionados entre sí; los ejes aparecen listados como temas separados.",0.0,No hay integración de elementos interseccionales.,2073,288
178,1.0,"Se conceptualizan los ejes (género, racismo, pobreza, colonialismo) como mutuamente constitutivos en la noción de 'layered disasters'.",1.0,"El análisis enfatiza estructuras como patriarcado, racismo y colonialismo como mecanismos que producen violencia y vulnerabilidad.",1.0,"El estudio sitúa los hallazgos en contextos sociohistóricos específicos (Bangladesh, UK, Covid-19) y reconoce la importancia del lugar y la cultura.",1.0,El diseño empírico recoge relatos de sobrevivientes y analiza cómo interactúan múltiples factores en contextos concretos.,4.0,high,,1.0,"El trabajo está orientado a la transformación, criticando respuestas institucionales y proponiendo la centralidad de la justicia de género en la gestión de desastres.",1.0,"Se destaca la agencia de las víctimas en los procesos de supervivencia y recuperación, no solo como víctimas pasivas.",True,"El abstract articula género, racismo, pobreza, patriarcado y colonialismo como factores interrelacionados en la producción de vulnerabilidad y violencia.",1.0,"Los elementos se articulan en un análisis coherente donde las estructuras de poder, identidades entrelazadas, contexto y agencia se integran en la explicación de los 'layered disasters'.",2081,400
179,0.5,"Se mencionan ejes como juventud y género en el marco de 'Intersectional climate justice', pero no queda claro si se analizan como mutuamente constitutivos o solo como categorías yuxtapuestas.",0.5,"El análisis reconoce crisis sociales y ecológicas interrelacionadas y discute estructuras (por ejemplo, justicia ecológica), pero no teoriza mecanismos estructurales en profundidad.",1.0,"El estudio es explícitamente situado en Canadá y en la experiencia de jóvenes activistas, con atención a lo generacional y lo local ('place-based connections').",0.5,"El método cualitativo (entrevistas y focus group) permite captar voces interseccionales, pero no se detalla un diseño que opere explícitamente las intersecciones más allá de la descripción.",2.0,medium,,1.0,"El trabajo está orientado a la transformación ecosocial y la justicia ecológica, con recomendaciones para la práctica y la gobernanza climática inclusiva.",1.0,"Se centra en la agencia de jóvenes eco-activistas, documentando sus saberes, estrategias y colaboraciones.",True,"El paper mapea 'Intersectional climate justice' como uno de los tres componentes centrales en las narrativas de jóvenes eco-activistas, articulando juventud, género y otros ejes en relación.",0.5,"Los elementos de agencia, contexto y orientación a la justicia están bien integrados, pero la articulación entre los ejes de diferenciación y el análisis estructural es parcial.",2073,441
180,0.0,No se mencionan ni analizan ejes de diferenciación social.,0.0,No hay referencia a estructuras de poder o mecanismos de opresión.,0.0,No se sitúan hallazgos en contextos sociohistóricos diferenciados.,0.0,No hay método que operacionalice intersecciones sociales.,0.0,high,,0.0,No se aborda la justicia social o ambiental desde una perspectiva interseccional.,0.0,No se reconoce agencia o resistencia de sujetos diferenciados.,False,"El abstract no articula ejes de diferenciación social relacionados; se centra en turismo y ambiente sin referencia a género, raza, clase u otros ejes.",0.0,No hay elementos interseccionales a integrar.,1807,278
181,0.0,No hay análisis de ejes entrelazados.,0.0,No se articulan mecanismos estructurales.,0.0,No se sitúan hallazgos en contextos sociohistóricos específicos.,0.0,No se describe un método interseccional.,0.0,high,,0.0,No hay orientación explícita a la justicia.,0.0,No se documenta agencia o resistencia.,False,"El abstract menciona 'identidad (incluida la interseccionalidad)' como tema relevante, pero no articula ni analiza ejes de diferenciación social relacionados entre sí; la interseccionalidad solo aparece como mención temática.",0.0,No hay elementos interseccionales a integrar.,2144,278
182,0.0,No se abordan identidades sociales entrelazadas.,0.0,"El foco está en sistemas técnicos y financieros, no en estructuras de poder social.",0.0,No se sitúan hallazgos en términos de historia o política de diferenciación social.,0.0,No hay operacionalización de intersecciones sociales.,0.0,high,,0.0,No hay orientación explícita a la justicia social desde una perspectiva interseccional.,0.0,No se documenta agencia o resistencia de sujetos sociales diferenciados.,False,"El paper analiza vulnerabilidades en sistemas técnicos, naturales, humanos y financieros, pero no articula ejes de diferenciación social (como género, raza, clase, indigeneidad) como relacionados entre sí.",0.0,No hay elementos interseccionales a integrar.,2097,293
183,0.0,"Solo se considera la edad y una categoría vaga de 'vulnerabilidad', sin análisis de ejes entrelazados.",0.0,No se abordan mecanismos estructurales de poder; la vulnerabilidad se trata como característica individual o de grupo amplio.,0.0,No hay contextualización sociohistórica específica de los ejes de diferenciación.,0.0,No hay método que operacionalice intersecciones; solo revisión narrativa.,0.0,high,,0.0,No se articula una orientación explícita a la justicia o transformación.,0.0,No se documenta agencia o resistencia de los sujetos.,False,"El paper menciona 'personas mayores y/o vulnerables' pero no articula dos o más ejes de diferenciación social como relacionados entre sí; la vulnerabilidad aparece como categoría agregada y no se exploran interacciones entre ejes (por ejemplo, edad y clase, o edad y raza).",0.0,No hay elementos interseccionales sustantivos a integrar.,1992,335
184,0.0,No se identifican análisis de identidades entrelazadas; los ejes de diferenciación no se operacionalizan conjuntamente.,0.0,No se articula un análisis de mecanismos estructurales específicos entrelazados; se menciona racismo sistémico pero no se desarrolla.,0.0,"El contexto es general (planes urbanos de EE.UU.), sin análisis situado de intersecciones.",0.0,"El método analiza planes en torno a 'equity' y 'justice', no a intersecciones de ejes sociales.",0.0,high,,0.0,"El trabajo es crítico respecto a la falta de justicia, pero no desde una praxis interseccional.",0.0,No se documenta agencia o resistencia de sujetos interseccionales.,False,"Aunque el abstract menciona 'intersectional urban challenges', el análisis y la codificación de los planes se centran en 'equity' y 'justice' de manera general, sin articular explícitamente dos o más ejes de diferenciación social como relacionados entre sí.",0.0,"No hay integración de elementos interseccionales, ya que no se operacionalizan.",2098,361
185,0.0,"No se identifican análisis de ejes sociales (género, raza, clase, etc.) ni su relación.",0.0,No se abordan estructuras de poder ni mecanismos de opresión social.,0.0,"El contexto es urbano y tecnológico, no sociohistórico ni político en términos de diferenciación social.",0.0,"El método modela sistemas y riesgos, no intersecciones de identidades sociales.",0.0,high,,0.0,No hay orientación a la justicia social ni ambiental desde una perspectiva interseccional.,0.0,No se reconoce agencia ni resistencia de sujetos diferenciados socialmente.,False,El paper no articula ejes de diferenciación social relacionados; se enfoca en sistemas urbanos y vulnerabilidad general sin analizar identidades sociales entrelazadas.,0.0,No hay elementos interseccionales presentes para articular.,2034,304
186,0.0,No se identifican ejes de diferenciación social entrelazados.,0.0,No se abordan mecanismos de poder estructural ligados a identidades sociales.,0.0,No hay análisis situado de ejes sociales; solo contexto político general.,0.0,No hay operacionalización empírica de intersecciones sociales.,0.0,high,,0.0,No se conecta el análisis con justicia social desde una perspectiva interseccional.,0.0,No se documenta agencia o resistencia de sujetos diferenciados socialmente.,False,"El abstract menciona la intersección entre cambio climático y debilidad estatal, pero no articula dos o más ejes de diferenciación social (como género, raza, clase, etc.) relacionados entre sí.",0.0,No hay elementos interseccionales a integrar.,1871,295
187,0.0,No se identifican ejes de identidad social entrelazados.,0.0,No se abordan mecanismos de poder estructural ligados a ejes sociales.,0.0,No hay contextualización sociohistórica de identidades diferenciadas.,0.0,No hay método que operacionalice intersecciones de ejes sociales.,0.0,high,,0.0,"Aunque se menciona justicia, no se conecta con interseccionalidad de sujetos sociales.",0.0,No se documenta agencia o resistencia de sujetos diferenciados.,False,"El abstract menciona desigualdades y justicia, pero no articula explícitamente dos o más ejes de diferenciación social relacionados entre sí (como género, raza, clase, etc.); se enfoca en escalas y actores (global/local, privado/público) y en cadenas de valor.",0.0,No hay elementos interseccionales a integrar.,1876,314
188,0.5,"Se mencionan varios ejes (género, edad, discapacidad, pobreza) y se habla de efectos 'acumulativos e interseccionales', pero no se analiza cómo se co-constituyen; el tratamiento es más aditivo.",1.0,"El análisis vincula vulnerabilidad a estructuras como la pobreza, la inequidad socioeconómica y las políticas internacionales (REDD+, financiamiento externo), y critica mecanismos estructurales.",1.0,"El análisis está situado en el contexto histórico, político y ecológico de Mozambique, con referencias a eventos recientes y políticas específicas.",0.5,"El método incluye análisis de documentos, entrevistas y estudios de caso sobre grupos vulnerables, pero no queda claro si hay operacionalización empírica de intersecciones más allá de la descripción.",2.5,high,,1.0,"El trabajo está explícitamente orientado a la justicia climática, identifica brechas en la política pública y aboga por la transformación y participación de grupos vulnerables.",1.0,"Se reconoce la agencia de los grupos afectados, discutiendo cómo se organizan y responden a los impactos, y la importancia de su participación en la política climática.",True,"El abstract menciona explícitamente que mujeres, niños, ancianos y personas con discapacidad sufren efectos acumulativos e interseccionales, y analiza cómo las políticas afectan diferencialmente a estos grupos.",0.5,"Los elementos de poder estructural, contexto y agencia están presentes y parcialmente conectados, pero el análisis de identidades entrelazadas es más yuxtapuesto que integrado.",2351,453
189,0.0,No analiza identidades entrelazadas; solo menciona ejes.,0.0,No articula mecanismos estructurales; enfoque es sobre crisis como fenómeno multidimensional.,0.0,No sitúa hallazgos en contextos sociohistóricos específicos.,0.0,No hay operacionalización empírica de intersecciones.,0.0,high,,0.0,No hay orientación explícita a la justicia o transformación.,0.0,No se documenta agencia o resistencia de sujetos.,False,"Aunque el abstract menciona 'género, interseccionalidad y desigualdades sociales' como dimensiones relevantes, no articula dos o más ejes de diferenciación social como relacionados entre sí, sino que los enumera como parte de una agenda interdisciplinaria.",0.0,No hay elementos interseccionales sustantivos a integrar.,2057,302
190,0.0,Solo género es tratado como eje constitutivo; otros factores son contexto.,0.0,"El análisis se enfoca en normas de género, sin articular mecanismos estructurales múltiples.",0.0,No se sitúan intersecciones de ejes múltiples en contexto sociohistórico.,0.0,No hay operacionalización empírica de intersecciones entre ejes.,0.0,high,,0.0,"No conecta explícitamente con justicia interseccional, solo género.",0.0,"No documenta agencia interseccional, solo en términos de género.",False,"El paper analiza género como eje principal y menciona factores socioeconómicos y socioculturales, pero no articula explícitamente dos o más ejes de diferenciación social como relacionados entre sí; el análisis se centra en la construcción social del género y su impacto en la exposición y vulnerabilidad.",0.0,No hay integración de múltiples ejes; el análisis es monoeje.,2039,326
191,0.0,No hay análisis de ejes entrelazados.,0.0,No se articulan mecanismos estructurales.,0.0,No se sitúan hallazgos en contexto sociohistórico específico.,0.0,No se describe método interseccional.,0.0,high,,0.0,No se desarrolla orientación a la justicia desde la interseccionalidad.,0.0,No se documenta agencia de sujetos diferenciados.,False,"Aunque menciona 'inclusivity and intersectionality', el abstract no articula dos o más ejes de diferenciación social como relacionados entre sí; la interseccionalidad aparece solo como un tema listado.",0.0,No hay elementos interseccionales a integrar.,1973,276
192,0.5,"Define subgrupos por raza e ingreso y reporta resultados cruzados, pero trata los ejes de forma aditiva, no como mutuamente constitutivos.",0.5,"Reconoce inequidades estructurales en exposición y efectos, pero no teoriza mecanismos estructurales más allá de la descripción de diferencias.",0.5,"Contextualiza en EE.UU. y menciona subpoblaciones marginadas, pero el análisis es mayormente generalizable y no profundiza en historia o política específica.",0.5,"El método define subgrupos interseccionales y compara resultados, pero no modela interacciones explícitas ni explora mecanismos interseccionales.",1.0,high,,0.5,"Conecta los hallazgos con la necesidad de informar políticas regulatorias y justicia en salud, pero la orientación transformadora es limitada.",0.0,No documenta agencia ni estrategias de los sujetos; los presenta solo como receptores de riesgo y beneficio.,True,"El estudio analiza subpoblaciones definidas simultáneamente por raza e ingreso, y discute la importancia de considerar ambos ejes juntos.",0.5,"Los elementos (ejes, método, implicancias) están presentes y parcialmente conectados, pero la integración conceptual es limitada.",2193,396
193,1.0,"Analiza cómo casta, género y transiciones de medios de vida se co-constituyen en la vulnerabilidad y agencia.",1.0,"Critica los marcos estatales y de desarrollo que imponen definiciones normativas de equidad, y examina exclusión social estructural.",1.0,"Contextualiza en Jumla, Nepal, tras la guerra civil, con atención a historia, política y dinámicas locales.",1.0,Utiliza encuestas y entrevistas cualitativas para captar experiencias interseccionales y dinámicas de agencia.,4.0,high,,1.0,"Orienta el análisis a transformar cómo se conceptualiza y operacionaliza la equidad en resiliencia, con crítica explícita.",1.0,"Reconoce agencia y cambios en vulnerabilidad ligados a decisiones y estrategias de los sujetos, no solo como víctimas.",True,"El paper discute cómo género, casta y cambios en medios de vida se entrelazan en la experiencia de riesgo y vulnerabilidad.",1.0,"Los elementos se articulan en un análisis coherente que conecta estructuras, identidades y agencia en contexto.",2001,354
194,0.0,No analiza identidades entrelazadas; se centra en marcos teóricos.,0.0,"Aunque menciona estructuras (colonialidad), no las articula en relación a ejes múltiples de diferenciación social.",0.0,No sitúa hallazgos empíricos en un contexto sociohistórico de identidades interseccionales.,0.0,No hay método empírico ni operacionalización de intersecciones.,0.0,high,,0.0,No desarrolla una praxis orientada a la justicia desde una perspectiva interseccional.,0.0,No documenta agencia o resistencia de sujetos interseccionales.,False,"El abstract discute la colonialidad y la decolonialidad como marcos teóricos y políticos, pero no articula explícitamente dos o más ejes de diferenciación social como relacionados entre sí.",0.0,No hay elementos interseccionales sustantivos a integrar.,2110,317
195,0.5,"Menciona la necesidad de enfoques interseccionales y de centrar la equidad, pero no explicita cómo se co-construyen ejes específicos de diferenciación.",1.0,"Critica el neoliberalismo y la gobernanza tecnocrática, y discute mecanismos estructurales que producen vulnerabilidad.",1.0,Enfatiza la importancia de intervenciones localmente relevantes y proyectos comunitarios situados en contextos específicos.,0.5,"Presenta ejemplos de proyectos comunitarios y un modelo integrativo, pero no queda claro si el método empírico analiza interacciones entre ejes sociales.",2.5,medium,,1.0,"El enfoque está orientado explícitamente a la transformación, la equidad y la justicia, con recomendaciones para la acción.",1.0,Destaca la agencia y resistencia de comunidades en la creación de iniciativas y en la oposición a la neoliberalización.,True,El paper propone un modelo de resiliencia interseccional y discute cómo la vulnerabilidad y la resiliencia se experimentan de manera diferenciada y relacional en comunidades diversas.,0.5,"Los elementos de poder estructural, agencia y contexto están presentes y relacionados, pero la articulación entre identidades entrelazadas y método es parcial.",2050,390
196,0.5,"Se mencionan estudios que exploran género junto a otros ejes, pero la mayoría trata género como variable separada o diferencias de género.",0.5,"Alude a estudios sobre empoderamiento y desigualdad, pero el enfoque general parece centrarse en diferencias individuales y de hogar más que en mecanismos estructurales.",0.5,"El contexto geográfico es detallado, pero el análisis parece generalizar sobre género en la región sin profundizar en la especificidad sociohistórica.",0.5,"Algunos estudios usan métodos interseccionales y cualitativos, pero la mayoría emplea género como variable en modelos aditivos o análisis por subgrupos.",1.5,high,,0.5,"Se mencionan estudios sobre empoderamiento y desigualdad, pero la orientación a la justicia es marginal y no central en el análisis.",0.5,"Algunos estudios exploran empoderamiento y toma de decisiones, pero la agencia no es un eje transversal en el corpus.",True,El abstract menciona explícitamente el uso de enfoques interseccionales y la exploración de cambios en la identidad y sus implicancias.,0.5,"Los elementos interseccionales están presentes en parte del corpus, pero no se integran de manera coherente en el análisis general.",2082,401
197,0.5,"Se menciona una perspectiva interseccional y multidimensional, pero no se especifica el análisis de cómo los ejes se co-constituyen; parece más una yuxtaposición de dimensiones de justicia.",0.5,"Se abordan injusticias estructurales (eco-gentrificación, desigualdades socioespaciales), pero no se detallan mecanismos estructurales específicos en el abstract.",1.0,"El análisis es comparativo y situado en dos barrios urbanos específicos, con atención explícita al contexto y la política local.",0.5,"Se desarrolla un 'modelo operacional' para analizar interconexiones, pero no queda claro si el método empírico capta interacciones entre ejes o solo dimensiones paralelas.",2.0,medium,,1.0,"El trabajo se orienta explícitamente a la justicia, analizando impactos y tensiones entre regeneración verde y justicia social.",0.0,No hay mención de agencia o resistencia de los sujetos; el foco está en políticas y estructuras.,True,"El abstract afirma que se aplica una perspectiva de justicia 'multidimensional, interseccional, relacional y sensible al contexto y la política', y analiza interconexiones entre políticas de regeneración verde y justicia.",0.5,"Los elementos de justicia, contexto y estructura están presentes y parcialmente integrados, pero la interseccionalidad parece más un marco general que una integración profunda de los ejes.",2110,429
198,0.5,"Se centra en género como eje principal y lo relaciona con autoridad y acceso, pero no articula explícitamente otros ejes (como clase, etnia) como mutuamente constitutivos.",1.0,"Analiza mecanismos estructurales de poder, autoridad y exclusión en la gobernanza de recursos y CSA.",1.0,"Sitúa el análisis en el contexto sociohistórico y político de Kenia, con atención a procesos locales y nacionales.",0.0,"El análisis es teórico y de revisión, sin operacionalización empírica de intersecciones ni método que capte interacciones.",2.0,high,,1.0,El trabajo está orientado a la transformación de desigualdades y a la justicia de género en la adaptación climática.,1.0,Reconoce agencia y resistencia en la renegociación y contestación de relaciones de género en los proyectos CSA.,True,"El paper analiza cómo las intervenciones de agricultura climáticamente inteligente en Kenia reconfiguran o refuerzan relaciones de género, articulando explícitamente género y poder en el contexto de la gobernanza climática.",0.5,"Integra poder estructural, agencia y contexto en el análisis de género, pero la articulación de múltiples ejes interseccionales es limitada.",2127,390
199,1.0,Explora cómo género y (im)movilidad se co-constituyen en experiencias específicas de vulnerabilidad.,1.0,Aborda mecanismos estructurales como normas de género y dinámicas sociales que configuran la vulnerabilidad.,1.0,"Contextualiza en la región suroeste de Bangladesh, tras ciclones específicos y migraciones asociadas.",1.0,Utiliza un enfoque cualitativo que compara subgrupos interseccionales (mujeres migrantes vs. no migrantes) y sus experiencias cruzadas.,4.0,high,,1.0,"Orienta el análisis hacia la justicia, cuestionando supuestos y proponiendo intervenciones sensibles a género y contexto.",1.0,"Documenta agencia y estrategias creativas de las mujeres, especialmente las que permanecen en el lugar.",True,"El paper analiza cómo género, (im)movilidad y relaciones sociales se entrecruzan para producir vulnerabilidades diferenciadas.",1.0,"Los elementos se articulan coherentemente: el análisis de poder estructural, identidades entrelazadas y agencia se integra en el contexto situado.",2033,353
200,1.0,"Explora la intersección de cabello, política e identidad en comunidades negras, mostrando cómo estos ejes se co-constituyen.",1.0,Aborda el racismo estructural y la vigilancia globalizada del cabello natural como mecanismos de opresión.,1.0,"Sitúa el fenómeno en la historia y política de la negritud, incluyendo trauma intergeneracional y contextos globales.",0.5,"El método es principalmente narrativo y testimonial (entrevista y documental), con análisis de experiencias interseccionales pero sin diseño empírico formal de interacciones.",3.5,high,,1.0,"El trabajo se orienta explícitamente a la sanación, la justicia y la transformación social, usando el film como herramienta de derechos humanos.",1.0,"Documenta resiliencia, agencia y estrategias de resistencia en el movimiento del cabello natural.",True,"El abstract articula raza, identidad y política como ejes entrelazados en la experiencia de personas negras respecto al cabello natural.",1.0,"Los elementos de identidad, poder estructural, contexto, agencia y praxis se articulan coherentemente en el análisis y la praxis del film.",1929,364
201,1.0,"Analiza cómo ser mujer, puertorriqueña y activista en agroecología constituye una posición específica en la lucha por la justicia climática y la soberanía.",1.0,"Expone mecanismos estructurales de colonialismo, patriarcado y desigualdad en la relación Puerto Rico-EEUU y en la organización social local.",1.0,"Sitúa el análisis en el contexto histórico-político de Puerto Rico post-María, bajo control estadounidense y con referencia a procesos de decolonización.",1.0,"Utiliza métodos cualitativos (entrevistas, observación, análisis de discurso) para captar experiencias interseccionales y agencia colectiva.",4.0,high,,1.0,"El trabajo está orientado explícitamente a la transformación social y ambiental, con enfoque en justicia climática y decolonización.",1.0,"Documenta agencia, resistencia y estrategias de los sujetos (activistas, mujeres, agricultores) en la reconstrucción y movilización comunitaria.",True,"El paper articula género, colonialidad y clase como ejes entrelazados en la experiencia de la agroecología y la justicia climática en Puerto Rico.",1.0,"Los elementos se articulan coherentemente: el análisis de poder estructural, identidades entrelazadas, contexto y agencia se integran en una narrativa crítica y situada.",2064,402
202,0.5,"Se mencionan ejes múltiples (vulnerabilidades sociales y ambientales, movilidad, gentrificación), pero no queda claro si se analizan como mutuamente constitutivos o solo aditivos.",0.5,"Se alude a estructuras como la gentrificación y la exclusión, pero no se explicitan mecanismos estructurales en detalle.",1.0,"El análisis está situado en el caso específico de Barcelona y sus Superblocks, con referencia a contextos locales y espaciales.",0.0,No se describe un método empírico que operacionalice intersecciones; el enfoque parece conceptual o de revisión.,1.5,medium,,1.0,"El trabajo está orientado explícitamente a la justicia urbana y la transformación de desigualdades, con recomendaciones para la agenda de planificación.",0.0,No se menciona agencia o resistencia de los sujetos; el foco está en estructuras y procesos de planificación.,True,"El abstract menciona explícitamente 'intersectional equity-driven needs assessment' y discute cómo diferentes formas de equidad (distribucional, relacional, procedimental) se relacionan en el contexto de vulnerabilidades sociales y ambientales.",0.5,"Los elementos de equidad, contexto y justicia están conectados, pero la integración entre identidades entrelazadas y poder estructural es parcial y más programática que analítica.",1862,407
203,1.0,Analiza cómo ser mujer y de color y pobre constituye una posición específica de vulnerabilidad y agencia en el contexto de justicia reproductiva y climática.,1.0,"Discute la jurisprudencia y la historia de desigualdad estructural basada en raza, género y clase, y los mecanismos de opresión asociados.",1.0,"Sitúa el análisis en la historia legal y social de EE.UU., reconociendo la especificidad de las desigualdades y su legado.",0.0,El trabajo es teórico y no presenta un diseño empírico que operacionalice intersecciones.,3.0,high,,1.0,"El enfoque es explícitamente crítico y orientado a la transformación, reclamando justicia reproductiva y climática.",0.5,"Se menciona la agencia en términos de 'reclaiming' autonomía, pero no se documentan estrategias concretas de resistencia.",True,"El paper articula género, raza y clase como ejes relacionados en la experiencia de injusticia reproductiva y climática, especialmente para mujeres y niñas pobres de color.",1.0,"El análisis integra los ejes de diferenciación, el poder estructural, el contexto y la orientación a la justicia en una argumentación coherente.",1907,377
204,0.5,Menciona género e indigeneidad como ejes relevantes pero no queda claro si los analiza como mutuamente constitutivos o solo yuxtapuestos.,0.5,"Habla de discriminación, opresión y efectos éticos, pero no explicita mecanismos estructurales.",0.5,"Sitúa el análisis en el Ártico y reconoce diferencias regionales, pero el contexto sociohistórico es superficial en el abstract.",0.0,No hay información sobre método empírico ni operacionalización de intersecciones.,1.0,medium,,0.5,"Se orienta a la justicia climática y menciona la necesidad de considerar quién se beneficia o es perjudicado, pero no desarrolla recomendaciones transformadoras.",0.0,No se menciona agencia ni resistencia de los sujetos; el foco está en los efectos diferenciales.,True,"El abstract indica que examina género e indigeneidad en relación con el cambio climático en el Ártico, articulando ambos ejes como relevantes para la experiencia diferencial.",0.5,"Los elementos aparecen relacionados en el discurso general, pero no se evidencia una integración analítica profunda.",1863,365
205,0.0,No analiza ejes de diferenciación social.,0.0,No teoriza estructuras de poder.,0.0,No sitúa en contexto sociohistórico de ejes sociales.,0.0,No operacionaliza intersecciones de identidades.,0.0,high,,0.0,No orientado a justicia interseccional.,0.0,No trata agencia de sujetos diferenciados.,False,"El paper menciona 'issues intersectionales' pero no articula ejes de diferenciación social relacionados entre sí; analiza preocupación y acción ante temas sociales, no identidades entrelazadas.",0.0,No hay elementos interseccionales a integrar.,1924,261
206,0.0,No se abordan ejes de diferenciación social.,0.0,No se discuten estructuras de poder o mecanismos de opresión.,0.0,No hay contextualización sociohistórica de desigualdades.,0.0,No hay método para operacionalizar intersecciones sociales.,0.0,high,,0.0,No hay orientación explícita a la justicia social o ambiental desde una perspectiva interseccional.,0.0,No se aborda la agencia o resistencia de sujetos diferenciados socialmente.,False,El paper no articula ejes de diferenciación social relacionados; se centra en modos de gobernanza y servicios ecosistémicos sin analizar identidades sociales o desigualdades.,0.0,No hay elementos interseccionales presentes para integrar.,2035,282
207,0.5,"Aunque se menciona la interseccionalidad y la necesidad de ir más allá de 'women alone', el foco principal es género y la operacionalización de otros ejes no es clara en el abstract.",0.5,"Se discuten estructuras como la desigualdad de género y la justicia climática, pero no se detallan mecanismos estructurales específicos.",0.5,"El análisis es global y sectorial, con referencia a contextos sectoriales y geográficos, pero el nivel de contextualización sociohistórica parece superficial.",0.0,"Como revisión de literatura, no hay evidencia de un método empírico que operacionalice intersecciones; el análisis parece descriptivo y agregado.",1.0,medium,,0.5,"Se orienta a la transformación y justicia (SDG 5+, justicia climática), pero las recomendaciones parecen generales y no profundamente desarrolladas.",0.0,No hay mención en el abstract de agencia o resistencia de los sujetos; el foco está en impactos y diseño de políticas.,True,"El abstract menciona explícitamente la consideración de 'intersectionality and gender aspects beyond women alone', sugiriendo articulación de más de un eje de diferenciación social.",0.5,"Los elementos de género, interseccionalidad y justicia climática están presentes pero parecen yuxtapuestos más que integrados en un análisis coherente.",2119,413
208,0.5,"Se mencionan varios ejes (género, migración, discapacidad) pero tratados principalmente como grupos vulnerables separados, no como posiciones co-constituidas.",0.5,"Se alude a estructuras políticas y sociales (gobernanza, exclusión), pero sin detallar mecanismos estructurales de opresión.",0.5,"El contexto es Europa y ciudades compactas, pero el análisis parece general y no profundamente situado en historia o política local.",0.0,No se describe un método que operacionalice intersecciones; los grupos vulnerables se identifican descriptivamente.,1.0,high,,0.5,"Se reconoce la exclusión y la necesidad de integración, pero la orientación a la justicia es implícita y no desarrollada.",0.0,No se documenta agencia o resistencia de los grupos afectados; se los presenta como excluidos.,True,"El abstract menciona explícitamente la exclusión de segmentos vulnerables (inmigrantes, mujeres, personas con discapacidad) y su relación con dimensiones sociales y políticas.",0.5,"Las dimensiones social, política y ambiental se discuten juntas, pero la articulación entre ejes de diferenciación y estructuras es parcial.",2002,378
209,1.0,Analiza cómo ser mujer campesina en el contexto postcolonial configura una posición específica de desventaja y agencia.,1.0,"Explicita mecanismos estructurales: colonialismo, apartheid, patriarcado y exclusión de recursos.",1.0,"Contextualiza en la historia y geografía del Cabo Oriental, con referencia a la herencia colonial y apartheid.",1.0,El método etnográfico y las entrevistas exploran experiencias interseccionales y prácticas situadas de mujeres campesinas.,4.0,high,,1.0,El trabajo se orienta a la transformación: documenta cómo la agroecología y el aprendizaje social buscan superar desigualdades.,1.0,"Documenta agencia y resistencia: mujeres lideran, co-aprenden y desarrollan estrategias propias de adaptación.",True,"El paper articula género, clase/campesinado e historia colonial como ejes entrelazados en la experiencia de mujeres agricultoras frente al cambio climático.",1.0,"Los elementos se articulan coherentemente: el análisis de poder estructural, identidades entrelazadas, contexto y agencia se integran en la explicación de la praxis agroecológica.",2069,368
210,0.0,No analiza cómo se co-construyen ejes de diferenciación; solo menciona justicia interseccional.,0.0,No teoriza mecanismos estructurales de opresión; se centra en líneas retóricas.,0.0,No sitúa el análisis en un contexto sociohistórico específico.,0.0,No hay método empírico ni operacionalización de intersecciones.,0.0,high,,0.0,"Aunque menciona potencial transformador, no desarrolla una orientación a la justicia en términos interseccionales.",0.0,No documenta agencia o resistencia de sujetos diferenciados.,False,"Aunque menciona 'justicia interseccional global' y poblaciones vulnerables, no articula explícitamente dos o más ejes de diferenciación social como relacionados entre sí; los motivos y audiencias se presentan en paralelo.",0.0,No hay integración de elementos interseccionales; solo menciones generales.,1880,318
211,0.5,"Se reconocen varios ejes (exposición ambiental, disparidades sociales), pero no se detalla cómo se co-constituyen; la relación parece más aditiva o yuxtapuesta.",1.0,"Se identifican mecanismos estructurales como la falta de coordinación gubernamental, distribución desigual de recursos y disparidades sociales históricas.",1.0,"El análisis se sitúa en una década específica y en el contexto de redes locales de justicia ambiental, reconociendo la evolución histórica y política.",0.5,"Utiliza métodos cualitativos (entrevistas, grupos focales, revisión de contenido) que permiten captar cierta complejidad, pero no se especifica un diseño explícitamente interseccional.",2.5,medium,,1.0,"El trabajo está orientado a la transformación y la justicia, documentando estrategias de acción y adaptación de las organizaciones.",1.0,"Se reconoce la agencia de las organizaciones y comunidades, mostrando cómo responden activamente a los desafíos.",True,"El abstract menciona explícitamente la intersección entre nuevas exposiciones ambientales y desigualdades sociales históricas, y analiza cómo las organizaciones abordan estas intersecciones.",0.5,"Los elementos de poder estructural, agencia y contexto están presentes y parcialmente conectados, pero la articulación entre identidades entrelazadas y método es limitada.",1913,406
212,0.0,No hay análisis de identidades entrelazadas; los ejes se presentan como indicadores individuales.,0.0,No se discuten mecanismos estructurales de poder; el foco está en indicadores y gobernanza.,0.0,No se sitúa el análisis en términos sociohistóricos de diferenciación social.,0.0,No hay método explícito para captar interacciones entre ejes sociales.,0.0,high,,0.0,No se orienta explícitamente a la justicia social o transformación de desigualdades.,0.0,No se documenta agencia o resistencia de los sujetos.,False,"El paper menciona 'combinaciones de intersecciones y condicionalidades de indicadores individuales de vulnerabilidad socioeconómica', pero no articula explícitamente dos o más ejes de diferenciación social como relacionados entre sí; los indicadores parecen tratados como variables separadas.",0.0,No hay elementos interseccionales sustantivos para integrar.,1934,321
213,0.0,No se identifican ejes de identidad social entrelazados.,0.0,No se articula poder estructural en términos de ejes sociales.,0.0,No hay contextualización sociohistórica de identidades interseccionales.,0.0,No se describe método empírico interseccional.,0.0,high,,0.0,No se evidencia orientación a la justicia desde una perspectiva interseccional.,0.0,No se documenta agencia de sujetos en términos de ejes interseccionales.,False,"El abstract menciona 'intersecciones' y 'desigualdades sociales', pero no articula explícitamente dos o más ejes de diferenciación social como relacionados entre sí; se enfoca en la relación entre comida, periodismo y política.",0.0,No hay elementos interseccionales sustantivos para integrar.,1903,306
214,0.5,"El estudio analiza género, edad y educación, pero los trata de forma aditiva (comparando subgrupos) y no como posiciones mutuamente constitutivas.",0.0,No se abordan mecanismos estructurales ni se teoriza sobre sistemas de poder; el foco está en diferencias individuales y demográficas.,0.5,"El contexto geográfico (UE, países específicos) está presente, pero no se profundiza en historia o política; el análisis es mayormente generalizable.",0.5,"El método compara subgrupos interseccionales (ej. mujeres jóvenes vs. hombres jóvenes), pero no modela interacciones ni explora co-construcción.",1.0,high,,0.5,"Se mencionan implicaciones para políticas de reducción de riesgo y la necesidad de enfoques participativos, pero la orientación a la justicia es superficial.",0.0,No se documenta agencia ni estrategias de los sujetos; los participantes son analizados como receptores de riesgo/percepción.,True,"El análisis reporta diferencias de percepción de riesgo y actitudes hacia la preparación según género cruzado con edad y educación, articulando al menos tres ejes.",0.5,"Los elementos (género, edad, educación) se presentan juntos en el análisis, pero no se articulan en un marco crítico ni se integran con poder estructural.",2205,410
215,0.5,"Se centra en género y menciona 'compounding' shocks, pero no queda claro si analiza género en co-constitución con otros ejes más allá de la violencia de género.",1.0,"Articula mecanismos estructurales como el patriarcado, la violencia de género y la inseguridad estructural en contextos de conflicto y cambio climático.",1.0,"Contextualiza en Sudán del Sur, con referencias a historia, conflicto y especificidad local.",0.5,"Analiza organizaciones locales y participación de mujeres, pero no se evidencia un método empírico explícitamente interseccional (más bien descriptivo).",2.5,medium,,1.0,Orientación explícita a la transformación y justicia: promueve enfoques de género transformativos e interseccionales.,1.0,"Documenta agencia y resistencia: mujeres participan activamente en iniciativas de paz, desarrollo y gobernanza ambiental.",True,"El paper discute cómo el género y otros factores (violencia, paz, desarrollo, clima) se entrelazan en la experiencia de mujeres en Sudán del Sur.",0.5,"Los elementos de poder, agencia y contexto están presentes y parcialmente articulados, pero la co-constitución de identidades no es plenamente desarrollada.",1941,390
216,0.0,No se identifican ejes de diferenciación social entrelazados; el foco está en concepciones de equidad y negociación local.,0.0,No se abordan mecanismos estructurales de poder vinculados a ejes sociales diferenciados.,0.0,"Aunque hay contexto etnográfico, no se sitúan intersecciones de ejes sociales.",0.0,No hay operacionalización empírica de intersecciones entre ejes sociales.,0.0,high,,0.0,No se orienta a transformar desigualdades interseccionales.,0.0,No se documenta agencia en términos de sujetos interseccionales.,False,"El paper analiza tensiones en torno a la equidad y la igualdad en la gobernanza ambiental, pero no articula explícitamente dos o más ejes de diferenciación social como relacionados entre sí; se centra en diferencias entre actores locales y externos y en concepciones culturales de equidad, sin tratar identidades entrelazadas (género, raza, clase, etc.).",0.0,No hay elementos interseccionales a integrar.,1974,355
217,0.5,"Se reconocen múltiples ejes de vulnerabilidad (grupos más vulnerables), pero no se analiza cómo se co-constituyen; la interseccionalidad se menciona como meta de gobernanza, no como análisis empírico.",1.0,"El análisis se centra en estructuras de poder, relaciones y mecanismos que refuerzan desigualdades a través de la gobernanza financiera.",1.0,"El estudio se sitúa explícitamente en contextos específicos (Fiji, Indonesia, Asia y el Pacífico) y discute cómo operan las desigualdades en estos lugares.",0.0,No se describe un método empírico que operacionalice intersecciones; la interseccionalidad aparece como recomendación conceptual.,2.0,high,,1.0,"El trabajo está orientado a la justicia climática y financiera, con recomendaciones explícitas para transformar mecanismos de gobernanza.",0.0,No se documenta agencia o resistencia de los grupos afectados; se los describe como excluidos o vulnerables.,True,"El abstract discute cómo las estructuras de poder y las prioridades de financiamiento pueden exacerbar desigualdades existentes, afectando especialmente a los grupos más vulnerables, y menciona la necesidad de mecanismos que internalicen beneficios interseccionales.",0.5,"El análisis articula poder estructural, contexto y justicia, pero la interseccionalidad queda más como recomendación que como eje integrado del análisis empírico.",1997,428
218,0.0,"Solo se listan ejes, sin análisis de posiciones entrelazadas.",0.0,No se describen mecanismos estructurales ni análisis de poder.,0.0,No se sitúan hallazgos en contextos sociohistóricos específicos.,0.0,No hay operacionalización empírica de intersecciones.,0.0,high,,0.0,No se desarrolla una orientación a la justicia más allá de la mención.,0.0,No se documenta agencia o resistencia de sujetos en términos interseccionales.,False,"Aunque menciona la necesidad de un enfoque interseccional e incluye una lista de ejes (raza, clase, género, etc.), no hay evidencia de que articule cómo estos ejes se relacionan entre sí en el análisis de los proyectos estudiantiles; la interseccionalidad se menciona como marco deseable, no como análisis sustantivo.",0.0,No hay integración de elementos interseccionales; solo mención superficial.,1949,333
219,0.0,No se abordan identidades sociales ni ejes de diferenciación.,0.0,No se discuten estructuras de poder ni mecanismos de opresión.,0.0,No hay contextualización sociohistórica de sujetos o desigualdades.,0.0,"El método es bibliométrico, sin operacionalización de intersecciones sociales.",0.0,high,,0.0,No hay orientación a la justicia social o ambiental desde una perspectiva interseccional.,0.0,No se aborda agencia o resistencia de sujetos sociales.,False,"El paper analiza redes de colaboración y palabras clave en la investigación sobre agua, pero no articula ejes de diferenciación social ni relaciones entre ellos.",0.0,No hay elementos interseccionales presentes para articular.,2103,281
220,1.0,Se centra en 'intersectional subjectivities' y cómo los ejes de diferenciación se co-constituyen en la experiencia y agencia de los sujetos.,1.0,El análisis se enfoca explícitamente en dinámicas de poder y mecanismos estructurales que perpetúan desigualdades.,1.0,Reconoce la importancia de los contextos culturales y geográficos específicos en la producción y negociación de desigualdades.,1.0,"Propone un enfoque analítico atento a las intersecciones y procesos de subjetivación, no aditivo, para examinar la adaptación y transformación.",4.0,high,,1.0,El objetivo es explícitamente emancipatorio y orientado a la transformación y justicia en la adaptación al cambio climático.,1.0,"Destaca cómo los sujetos desafían y (re)negocian desigualdades, enfatizando agencia y procesos emancipatorios.",True,"El paper analiza cómo las dinámicas de poder producen y sostienen desigualdades multidimensionales, vinculando ejes sociales en la formación de subjetividades interseccionales.",1.0,"Los elementos de poder, identidad, contexto, método y agencia se articulan en un marco coherente orientado a la transformación.",2030,374
221,0.0,No hay análisis de identidades entrelazadas.,0.0,No se articulan mecanismos estructurales de opresión.,0.0,No se sitúan hallazgos en un contexto sociohistórico específico.,0.0,No hay método empírico que operacionalice intersecciones.,0.0,high,,0.0,No se desarrolla una orientación explícita a la justicia desde un marco interseccional.,0.0,No se documenta agencia o resistencia de sujetos diferenciados.,False,"El abstract menciona justicia racial, social y ambiental, pero no articula explícitamente dos o más ejes de diferenciación social como relacionados entre sí.",0.0,No hay elementos interseccionales sustantivos para integrar.,1953,280
222,0.5,"Menciona raza (BIPOC) y clase (pobreza) como afectados, pero no analiza cómo se co-constituyen; los trata como grupos afectados por separado.",0.5,"Se refiere a daños estructurales (injusticia ambiental, prácticas industriales), pero no teoriza mecanismos de opresión específicos.",0.5,"Contextualiza en el sistema de producción animal en EE.UU., pero el contexto sociohistórico es superficial.",0.0,No hay evidencia de método empírico ni operacionalización de intersecciones; es un artículo argumentativo.,1.0,medium,,0.5,"Orienta a la justicia ambiental y animal, pero las recomendaciones o crítica transformadora no están desarrolladas en el abstract.",0.0,No se menciona agencia o resistencia de los grupos afectados; solo se los presenta como víctimas.,True,El abstract identifica que BIPOC y personas en pobreza son afectadas de manera diferenciada y relaciona estos ejes con los daños ambientales y sociales de la ganadería industrial.,0.5,"Relaciona los daños ambientales, sociales y animales, pero la articulación entre ejes sociales y estructuras es parcial.",1958,374
223,0.0,No se abordan identidades sociales ni ejes de diferenciación.,0.0,"No se discuten estructuras de poder social, solo infraestructuras técnicas.",0.0,El contexto es geográfico (Florida) pero no sociohistórico en términos de desigualdades sociales.,0.0,"El método se centra en infraestructuras, no en intersecciones sociales.",0.0,high,,0.0,No hay orientación a la justicia social o ambiental desde una perspectiva interseccional.,0.0,No se aborda agencia o resistencia de sujetos sociales.,False,"El paper analiza interdependencias entre infraestructuras (transporte, energía, agua, comunicaciones) pero no articula ejes de diferenciación social como género, raza, clase, etc.",0.0,No hay elementos interseccionales presentes para integrar.,2005,298
224,0.5,"Menciona varios ejes (raza, marginalización) y la intersección comunidad/identidad, pero no analiza en profundidad cómo se co-constituyen.",0.5,"Nombra estructuras como racismo ambiental y marginalización, pero sin teorizar mecanismos estructurales en detalle.",0.5,"Sitúa el análisis en el contexto de ciudades estadounidenses y la pandemia, pero el contexto sociohistórico es general.",0.0,No hay operacionalización empírica de intersecciones; el trabajo es conceptual y basado en observaciones y revisión.,2.0,high,,1.0,"El enfoque está explícitamente orientado a la justicia ambiental y social, con recomendaciones para transformar la práctica.",1.0,Reconoce y documenta la agencia de comunidades y actores locales en la transformación de la forestería urbana.,True,"El paper discute explícitamente la centralidad de comunidades históricamente marginadas (Black, Indigenous, People of Color, frontline communities) y la necesidad de enfoques interseccionales y de justicia en la forestería urbana.",0.5,"Los elementos de justicia, agencia y diversidad están presentes y parcialmente articulados, pero la integración analítica de los ejes es limitada.",2034,385
225,1.0,Analiza cómo ser joven y mujer constituye una posición específica en la experiencia de resiliencia climática.,1.0,Explora estructuras de desigualdad y los 'structural drivers of gender inequality' que afectan oportunidades de desarrollo.,1.0,"El estudio está situado en Zambia y Zimbabwe, con contexto sociohistórico y político explícito.",1.0,"Utiliza Feminist Participatory Action Research con adolescentes mujeres, captando interacciones entre género y juventud.",4.0,high,,1.0,"El trabajo está orientado a la transformación y justicia, buscando 'tackling structural issues' y empoderamiento.",1.0,"Documenta agencia y voces de las jóvenes, enfatizando su rol activo en la investigación y resiliencia.",True,"El paper articula género y juventud como ejes relacionados en la experiencia de cambio climático, no solo mencionados por separado.",1.0,"Los elementos se articulan coherentemente: el análisis de poder estructural, identidades entrelazadas, agencia y contexto se integran en el marco metodológico y analítico.",1947,344
226,1.0,"Analiza cómo raza y clase se entrelazan en las experiencias de trabajo, refugio y migración de afroamericanos.",1.0,"Explora mecanismos estructurales como la esclavitud, el racismo y la desigualdad ambiental a lo largo de la historia.",1.0,Sitúa el análisis en un contexto sociohistórico específico: desde el siglo XVIII hasta Katrina y el Delta actual.,1.0,"El enfoque histórico y narrativo permite captar la interacción de raza, clase y ambiente en casos concretos y periodos definidos.",4.0,high,,1.0,"El texto se orienta a la justicia ambiental y a visibilizar historias omitidas, con una crítica situada.",1.0,"Documenta agencia y estrategias de los afroamericanos (labor, refugio, migración) frente a opresiones estructurales.",True,El resumen articula explícitamente la intersección de raza y clase con el ambiente en la experiencia histórica de los afroamericanos en el Mississippi.,1.0,"Los elementos se articulan en un análisis coherente que conecta estructuras, identidades y contexto histórico en torno al río.",1960,358
227,0.5,"Menciona múltiples ejes (clima, vivienda, justicia social) pero no queda claro si los analiza como mutuamente constitutivos o solo aditivos.",0.5,"Se refiere a injusticias estructurales (gentrificación, asequibilidad) pero no explicita mecanismos estructurales ni teoriza en profundidad.",0.5,"Contextualiza en dos ciudades específicas, pero el nivel de detalle sobre historia y política local no es claro en el abstract.",0.0,No hay evidencia de un método empírico que operacionalice intersecciones; parece un análisis de políticas/comparativo.,1.0,medium,,0.5,"El trabajo se orienta a la equidad y justicia urbana, pero no se detallan recomendaciones o una praxis transformadora explícita.",0.0,No se menciona agencia o resistencia de los sujetos afectados; el foco está en instituciones y políticas.,True,"El abstract articula la interconexión entre justicia climática, gentrificación verde y asequibilidad de la vivienda, sugiriendo relaciones entre ejes de diferenciación social y políticas urbanas.",0.5,"Los elementos de justicia, clima y vivienda están conectados, pero la integración interseccional profunda no es evidente en el abstract.",1887,395
228,0.0,No hay análisis de identidades entrelazadas.,0.0,No se abordan estructuras de poder ni mecanismos de opresión.,0.0,No se sitúan hallazgos en contextos sociohistóricos específicos.,0.0,No hay método empírico que operacionalice intersecciones.,0.0,high,,0.0,No hay orientación explícita a la justicia social o transformación de desigualdades.,0.0,No se reconoce agencia o resistencia de sujetos diferenciados.,False,"El paper menciona 'equidad e inclusión' como prioridad, pero no articula ni analiza ejes de diferenciación social relacionados entre sí.",0.0,No hay elementos interseccionales a integrar.,2050,273
229,0.0,"Solo se aborda la identidad indígena, sin entrelazarla con otros ejes como género, clase, etc.",0.0,No se discuten mecanismos estructurales de opresión; el foco está en el conocimiento y valores indígenas.,0.0,No se contextualizan hallazgos en términos sociohistóricos de múltiples ejes.,0.0,No hay operacionalización empírica de intersecciones entre ejes sociales.,0.0,high,,0.0,No se articula una orientación explícita a la justicia interseccional.,0.0,"Aunque se reconoce agencia indígena, no se analiza en clave interseccional.",False,"El paper se centra en el conocimiento indígena y su relación con la sostenibilidad, pero no articula explícitamente dos o más ejes de diferenciación social como relacionados entre sí.",0.0,No hay integración de múltiples ejes de diferenciación social.,2042,316
230,0.5,"Trata género y factores como educación, acceso a crédito, maritalidad, pero los analiza principalmente como efectos aditivos o diferenciados por género, no como posiciones co-constituidas.",0.5,"Menciona factores estructurales (acceso a recursos, instituciones), pero no teoriza mecanismos de poder estructural (patriarcado, racismo, etc.).",0.5,"Contextualiza en Ghana y en la agricultura de leguminosas, pero el análisis del contexto sociohistórico es superficial.",0.0,"El método compara subgrupos (hombres vs. mujeres) y factores socioeconómicos, pero no analiza interacciones ni operacionaliza intersecciones empíricamente.",1.0,high,,0.5,"Incluye recomendaciones para políticas inclusivas y género-sensibles, pero la orientación a la justicia es limitada y poco desarrollada.",0.5,"Reconoce que las mujeres utilizan más servicios de extensión y participan en estrategias, pero la agencia se menciona marginalmente.",True,El paper analiza cómo género y factores socioeconómicos/institucionales interactúan en la adopción de estrategias de adaptación climática.,0.5,"Los elementos (género, factores socioeconómicos, recomendaciones) están presentes pero no se articulan en un marco interseccional coherente.",2197,411
231,0.0,"Solo se mencionan ejes como género, edad, discapacidad y pobreza, sin análisis de su co-construcción.",0.0,No se abordan mecanismos estructurales; el foco está en habilidades individuales.,0.0,No se sitúan los hallazgos en un contexto sociohistórico específico más allá de la región general.,0.0,No se describe un método que operacionalice intersecciones; solo se mencionan variables.,0.0,high,,0.0,"El enfoque es descriptivo y orientado a habilidades, no a transformación estructural.",0.0,"Se menciona agencia juvenil, pero no en relación a posiciones interseccionales.",False,"Aunque menciona la importancia de una 'lente interseccional' considerando género, edad, discapacidad y pobreza, el abstract no articula cómo estos ejes se relacionan entre sí, sino que los enumera como factores individuales.",0.0,No hay integración de elementos interseccionales; solo mención superficial.,2057,332
232,0.5,"Reconoce la heterogeneidad interna y menciona identidades múltiples, pero no queda claro si analiza co-construcción o solo adición.",1.0,Enfatiza injusticias coloniales y neocoloniales como estructuras que configuran la vulnerabilidad climática indígena.,1.0,Sitúa el análisis en contextos indígenas específicos y reconoce la importancia de ontologías relacionales y continuidad cultural.,0.0,"Como revisión, no operacionaliza empíricamente intersecciones ni describe métodos interaccionales.",2.0,high,,1.0,El objetivo explícito es transformar la adaptación climática hacia la justicia y la autodeterminación indígena.,1.0,"Destaca capacidades, aspiraciones y agencia indígena en la adaptación y la continuidad cultural.",True,El paper revisa literatura que explora cómo múltiples identidades y subjetividades dentro de comunidades indígenas producen vulnerabilidades y capacidades únicas.,0.5,"Integra poder estructural, agencia y contexto, pero la interseccionalidad aparece más como agenda o recomendación que como análisis sistemático en la revisión.",2022,353
233,0.0,No se identifican ejes de diferenciación social entrelazados.,0.0,No se abordan estructuras de poder vinculadas a identidades sociales.,0.0,"El contexto es institucional y de políticas, no de diferenciación social situada.",0.0,No hay operacionalización de intersecciones sociales.,0.0,high,,0.0,No hay orientación a la justicia desde una perspectiva interseccional.,0.0,No se aborda agencia o resistencia de sujetos diferenciados socialmente.,False,"El paper analiza la relación entre desarrollo insostenible, desastres y desplazamiento, pero no articula ejes de diferenciación social (género, raza, clase, etc.) como relacionados entre sí.",0.0,No hay elementos interseccionales a integrar.,2006,289
234,0.0,No se mencionan ejes de diferenciación social.,0.0,No hay referencia a estructuras de poder o mecanismos de opresión.,0.0,No se sitúa en un contexto sociohistórico específico respecto a identidades sociales.,0.0,No hay método que operacionalice intersecciones sociales.,0.0,high,,0.0,No se aborda la justicia desde una perspectiva interseccional.,0.0,No se menciona agencia o resistencia de sujetos diferenciados socialmente.,False,"El abstract no articula dos o más ejes de diferenciación social relacionados entre sí; se centra en ética, derecho y energía, sin referencia a identidades sociales entrelazadas.",0.0,No hay elementos interseccionales presentes para integrar.,1946,283
235,1.0,"Analiza cómo género, raza y poder se co-constituyen en las figuraciones de 'bully' y 'bullying', no como sumas aditivas.",1.0,Explicita mecanismos estructurales como la política de la inocencia blanca y el poder petro-masculino.,1.0,"Sitúa el análisis en casos concretos (Thunberg, Trump, UK/US 2019) y en el contexto de la política internacional climática.",0.0,"El trabajo es teórico/discursivo, sin operacionalización empírica de intersecciones.",3.0,high,,1.0,Propone explícitamente una política anti-bullying basada en desafíos colectivos e interseccionales a la injusticia climática.,0.5,"Reconoce agencia en la figura de Thunberg y en la propuesta de resistencia colectiva, pero la agencia de otros sujetos es marginal.",True,"El paper articula género (feminist geopolitics), raza (white innocence), y poder (petro-masculine) como ejes relacionados en los discursos de bullying en la política climática.",1.0,"Los elementos (identidades, poder, contexto, praxis) se articulan en un análisis coherente sobre cómo los discursos de bullying reproducen y pueden desafiar estructuras interseccionales.",1910,404
236,0.5,Habla de dimensiones que 'se componen' (compound) pero no analiza posiciones co-constitutivas específicas.,0.5,"Menciona desigualdades y relaciones de poder, pero no teoriza mecanismos estructurales en detalle.",0.5,"Sitúa el análisis en África y discute la importancia de escalas locales, pero el contexto es general.",0.0,No describe un método empírico que operacionalice intersecciones; es un marco conceptual y revisión.,1.0,high,,0.5,"Orienta a mejorar intervenciones y justicia inclusiva, pero sin desarrollar una praxis transformadora concreta.",0.5,"Reconoce la agencia en la navegación y contestación de relaciones de poder, pero solo a nivel conceptual.",True,"El abstract discute cómo dimensiones como género, estatus migratorio e ingreso se combinan y afectan el riesgo climático, y critica la falta de atención a los 'drivers' sociales interactuantes.",0.5,"Los elementos están parcialmente integrados en la crítica y propuestas, pero no en un análisis empírico articulado.",2080,360
237,0.5,"Se mencionan varios ejes (animal/humano, clase, justicia social), pero no queda claro si se analizan como mutuamente constitutivos o solo yuxtapuestos.",0.5,"Se alude a estructuras como capitalismo y desigualdad, pero no se detalla el análisis de mecanismos estructurales.",0.5,"El contexto es global y ético, pero no se especifica un anclaje sociohistórico o geográfico concreto.",0.0,"El enfoque es teórico y discursivo, sin evidencia de operacionalización empírica de intersecciones.",1.0,medium,,0.5,"Se orienta a la justicia interseccional y alimentaria, pero no se detallan recomendaciones o acciones transformadoras.",0.5,"Se reconoce la agencia en la adopción de prácticas veganas y en el activismo, aunque de forma general.",True,"El abstract menciona explícitamente la 'retórica interseccional' y la justicia alimentaria para poblaciones marginadas, articulando ejes como clase, especie, justicia social y ambiental.",0.5,"Los elementos aparecen relacionados en el discurso, pero no se evidencia una integración analítica profunda.",1973,381
238,1.0,Se analiza cómo ser joven de color en áreas urbanas implica una posición específica frente a la vulnerabilidad y la agencia climática.,1.0,"El enfoque en justicia, equidad y poblaciones desproporcionadamente afectadas implica una mirada a estructuras de poder y desigualdad.",1.0,"El contexto está situado en Atlanta, Georgia, con referencia explícita a la historia y geografía urbana y racial local.",0.5,"El diseño del programa es intencional para jóvenes de color urbanos, pero no se detalla un método empírico de análisis interaccional.",3.5,high,,1.0,El programa está orientado explícitamente a la transformación y la justicia ambiental y climática.,1.0,Se enfatiza la agencia juvenil en la acción climática y la educación como herramienta de empoderamiento.,True,"El abstract articula juventud, racialización (jóvenes de color), clase/recursos y urbanidad como ejes relacionados en la experiencia de la educación climática.",1.0,"Los elementos de identidad, poder, contexto, agencia y justicia se articulan coherentemente en el diseño y análisis del programa.",1931,362
239,1.0,"Analiza cómo ser mujer indígena implica una posición específica de vulnerabilidad y violencia, no solo suma de género e indigeneidad.",1.0,"Explicita mecanismos estructurales: colonialismo, extractivismo, patriarcado y su relación con la violencia y el cambio climático.",1.0,"Sitúa el análisis en West Papua, con referencia a historia colonial y contexto político específico.",0.5,"El análisis es principalmente teórico y discursivo, no empírico; articula intersecciones en el argumento pero sin método empírico operacionalizado.",3.5,high,,1.0,"Orienta el análisis a la transformación de la agenda internacional (WPS), criticando omisiones y proponiendo integración de justicia ambiental y de género.",0.5,"Menciona la 'lucha continua' de mujeres indígenas, pero la agencia aparece más como resistencia general que documentada en detalle.",True,"El paper articula género, indigeneidad y colonialismo como ejes relacionados en la experiencia de mujeres indígenas frente al cambio climático y la violencia.",1.0,"El análisis integra poder estructural, identidades entrelazadas, contexto y orientación a la justicia en un argumento coherente.",2016,378
240,1.0,"Analiza cómo la identidad nacional climática se co-constituye a través de raza, nación y clase (neoliberalismo, supremacía blanca, populismo).",1.0,"El análisis se centra en mecanismos estructurales (neoliberalismo, supremacía blanca, inmunopolítica) y su articulación en el discurso político.",1.0,Sitúa el análisis en el contexto político-histórico de las presidencias de Obama y Trump en EE.UU.,0.0,"El trabajo es teórico/discursivo, sin operacionalización empírica de intersecciones.",2.5,high,,0.5,"El análisis es crítico y señala implicancias de exclusión, pero no desarrolla recomendaciones ni praxis transformadora.",0.0,No se documenta agencia o resistencia de sujetos subalternos; el foco está en discursos de élite.,True,"El paper articula raza (blancura/white supremacy), nación, y clase (neoliberalismo/populismo) como ejes entrelazados en la construcción de la nación climáticamente resiliente.",1.0,"El análisis integra poder estructural, identidades entrelazadas y contexto en una narrativa coherente sobre nación y resiliencia.",1954,384
241,0.0,No hay tratamiento de identidades entrelazadas; solo mención general a 'equidad'.,0.0,No se abordan mecanismos estructurales de poder; el foco es en el diseño legal y la efectividad.,0.0,No se sitúan hallazgos en contextos sociohistóricos o geográficos específicos.,0.0,No hay método empírico que operacionalice intersecciones; el análisis es normativo/legal.,0.0,high,,0.0,"Aunque se menciona la necesidad de abordar la equidad, no hay orientación explícita a la justicia transformadora.",0.0,No se reconoce agencia o resistencia de sujetos; el foco es institucional/legal.,False,"El paper menciona 'equidad' y 'vulnerabilidad', pero no articula dos o más ejes de diferenciación social como relacionados entre sí; no hay análisis de género, raza, clase, etc. en interacción.",0.0,No hay elementos interseccionales presentes para articular.,2003,334
242,0.0,"Solo se analiza la niñez como eje, sin entrelazar con otros ejes sociales.",0.0,No se articula poder estructural entre ejes diferenciados; el foco es en políticas y derechos de la niñez.,0.0,No hay análisis interseccional situado entre múltiples ejes sociales.,0.0,"El método (CPVI) se aplica a la niñez, no a subgrupos interseccionales.",0.0,high,,0.0,No hay orientación interseccional a la justicia entre ejes sociales múltiples.,0.0,"La agencia se refiere a la niñez en general, no a sujetos en posiciones interseccionales.",False,"El paper articula la niñez como eje central, pero no relaciona explícitamente dos o más ejes de diferenciación social (como género, raza, clase, etc.) en su análisis; se centra en la intersección entre derechos de la niñez y justicia espacial, no entre identidades sociales múltiples.",0.0,No hay integración de ejes de diferenciación social múltiples.,1988,349
243,0.5,"Se mencionan múltiples ejes (género, raza, estatus socioeconómico) y su intersección, pero el análisis parece centrarse principalmente en género y no desarrolla cómo se co-constituyen los ejes más allá de la mención.",0.5,"Se reconocen desigualdades estructurales (desigualdad de género, derechos humanos), pero no se teoriza en profundidad sobre mecanismos estructurales como racismo o colonialismo.",1.0,"El análisis se sitúa explícitamente en el Sur Global y en contextos religiosos y políticos específicos (ej. Greenbelt Movement en África, iniciativas budistas en Tailandia).",0.0,No se describe un método empírico que operacionalice intersecciones; el trabajo es teórico/discursivo.,2.0,high,,1.0,"El trabajo está orientado explícitamente a la transformación y la justicia ambiental, con ejemplos de praxis y recomendaciones.",1.0,"Se documenta la agencia y resistencia de sujetos como Wangari Maathai y Sulak Sivaraksa, y de movimientos de base.",True,"El abstract menciona explícitamente la necesidad de un enfoque interseccional que aborde género, raza y estatus socioeconómico como experiencias entrelazadas en la justicia ambiental.",0.5,"Los elementos de agencia, contexto y praxis están integrados, pero la articulación entre los ejes de diferenciación y el análisis estructural es parcial y más declarativa que analítica.",2076,439
244,0.5,"Se mencionan múltiples ejes (trabajadores, indígenas, comunidades), pero no se analiza en detalle cómo se co-constituyen; la interseccionalidad aparece más como coalición que como posición social específica.",1.0,"El análisis se centra en estructuras de poder como el neoliberalismo, el racismo ambiental y la política económica, y cómo estas afectan la transición y la justicia ambiental.",1.0,"El trabajo sitúa explícitamente los procesos en la historia política y geográfica de EE.UU., incluyendo referencias a la industrialización, el neoliberalismo y la administración Clinton.",0.5,"El método (entrevistas a diversos actores) permite captar voces interseccionales, pero no queda claro si el análisis empírico explora interacciones entre ejes más allá de la representación de subgrupos.",2.5,high,,1.0,"El trabajo está orientado explícitamente a la transformación social y política, con recomendaciones para una transición justa y crítica a las dinámicas de poder existentes.",1.0,"Se documentan estrategias, resistencias y conocimientos de los sujetos (trabajadores, comunidades, indígenas) como agentes activos en la transición.",True,"El paper discute la centralidad de movimientos liderados por trabajadores, comunidades e indígenas, y menciona explícitamente esfuerzos 'interseccionales' en la construcción de coaliciones para la transición justa.",0.5,"Los elementos de poder estructural, contexto y agencia están presentes y relacionados, pero la articulación de identidades entrelazadas es parcial y la interseccionalidad aparece más como suma de actores que como análisis integrado de posiciones sociales.",2166,464
245,0.5,"Se mencionan género y pobreza como factores compuestos, pero no se analiza cómo se co-construyen; el foco está en la suma de vulnerabilidades.",0.5,"Se reconocen desigualdades estructurales (desigualdad de género, pobreza), pero no se profundiza en mecanismos estructurales específicos.",0.5,"El contexto es LMICs y adolescentes, pero el análisis es global y no se sitúa en historias o geografías concretas.",0.0,"El trabajo es una revisión de actores y materiales, sin método empírico que operacionalice intersecciones.",1.0,high,,0.5,"Se orienta a la transformación (educación transformadora, justicia climática), pero las recomendaciones son generales.",0.0,No se documenta agencia o resistencia de las adolescentes; el foco está en vulnerabilidad y programación externa.,True,"El abstract discute cómo el cambio climático agrava los efectos de la desigualdad de género y la pobreza, articulando al menos dos ejes (género y clase/pobreza) como relacionados.",0.5,"Los elementos aparecen relacionados (género, pobreza, educación, clima), pero la integración es parcial y más programática que analítica.",1957,387
246,1.0,"Analiza cómo género, raza, clase y otras desigualdades se co-constituyen en procesos organizacionales.",1.0,"Ofrece una crítica sistemática a formas capitalistas y patriarcales de organización, explicitando mecanismos estructurales.",0.5,"Sitúa el análisis en el campo de los estudios organizacionales contemporáneos, pero el contexto sociohistórico es general.",0.0,"El enfoque es teórico y conceptual, sin operacionalización empírica de las intersecciones.",3.0,high,,1.0,"El trabajo está orientado a la transformación y emancipación, proponiendo alternativas y una ética feminista de cuidado.",1.0,Reconoce agencia al proponer modos alternativos de organización y enfatizar saberes feministas.,True,"El abstract discute cómo género se entrecruza con raza, clase y otras desigualdades en la organización, y menciona 'complejas desigualdades interseccionales'.",1.0,"Los elementos (identidades, poder, agencia, justicia) se articulan en una crítica coherente y propositiva.",1938,355
247,0.5,"Se mencionan múltiples ejes (género, raza, clase, ciudadanía, geografía), pero el análisis parece centrarse en cómo se usan discursivamente y no en su co-construcción sustantiva.",1.0,El artículo critica el uso superficial de la diversidad y lo vincula a mecanismos estructurales de desigualdad y opresión en la política pública.,1.0,"El análisis está situado en el contexto político e histórico canadiense bajo el gobierno de Trudeau, con ejemplos de políticas específicas.",0.0,No hay evidencia de un método empírico que operacionalice intersecciones; el análisis es teórico y discursivo.,2.0,high,,1.0,"El artículo tiene una orientación crítica explícita, buscando revelar y transformar la desigualdad estructural detrás del discurso de diversidad.",0.0,No se documenta agencia o resistencia de los sujetos afectados; el foco está en el discurso y la política institucional.,True,"El paper discute cómo los discursos de diversidad de Trudeau abordan múltiples ejes de diferenciación social (género, raza, clase, etnia, ciudadanía, geografía) y cómo estos se relacionan en la política pública.",0.5,"El análisis articula poder estructural, contexto y crítica, pero la integración de identidades entrelazadas y agencia es limitada.",2071,401
248,0.0,No se identifican ejes entrelazados.,0.0,No se articula poder estructural.,0.0,No se sitúa en contexto sociohistórico específico.,0.0,No hay método interseccional operacionalizado.,0.0,high,,0.0,No se evidencia orientación a la justicia más allá de la mención.,0.0,No se documenta agencia o resistencia.,False,"El abstract menciona 'inequalities' y 'intersections of theory and practice', pero no articula dos o más ejes de diferenciación social relacionados entre sí.",0.0,No hay elementos interseccionales para integrar.,1847,261
249,0.0,"Solo analiza el eje de género/mujeres, sin entrelazar con otros ejes.",0.0,No articula mecanismos estructurales más allá de la categoría de género.,0.0,No sitúa los hallazgos en contextos sociohistóricos específicos.,0.0,No hay operacionalización empírica de intersecciones; solo revisión sobre mujeres.,0.0,high,,0.0,No desarrolla una orientación explícita a la justicia interseccional.,0.0,No documenta agencia o resistencia de los sujetos.,False,"Aunque menciona la importancia de la interseccionalidad, el análisis se centra exclusivamente en mujeres como grupo, sin articular dos o más ejes de diferenciación social relacionados entre sí.",0.0,No hay elementos interseccionales sustantivos para integrar.,1956,297
250,1.0,"Desarrolla la triada clima–carbón–género como mutuamente constitutiva, no solo sumando ejes.",1.0,"Discute mecanismos estructurales como las políticas nacionales, el sector extractivo y la desigualdad de género.",1.0,Sitúa el análisis en el contexto sociohistórico y político del sector carbonífero colombiano.,1.0,Utiliza entrevistas semiestructuradas para captar experiencias interseccionales y agencia de mujeres en el sector.,4.0,high,,1.0,"Orienta el análisis hacia la justicia climática y de género, proponiendo una transición justa.",1.0,Reconoce a las mujeres como agentes de cambio y documenta su participación activa en espacios informales de decisión.,True,"El paper analiza la relación entre género, clima y el sector del carbón en Colombia, discutiendo explícitamente la triada y cómo se entrelazan estos ejes.",1.0,"Los elementos se articulan coherentemente: el análisis de poder estructural, agencia y contexto se integra en la propuesta de transición justa.",2010,351
251,1.0,"Habla de 'interlocking systems of oppression' y de cómo la colonialidad, raza y otras inequidades se entrelazan en la experiencia de resiliencia.",1.0,"Enfatiza estructuras como la colonialidad del poder y sistemas de opresión, no solo factores individuales.",1.0,Sitúa el análisis en Chile y en contextos internacionales marcados por historias de colonialismo y desastres.,0.5,"El método es principalmente revisión teórica y conceptual, pero introduce un marco de praxis crítica que implica atención a intersecciones; no hay operacionalización empírica directa.",3.5,high,,1.0,El objetivo explícito es transformar la ética de la investigación hacia la justicia social y evitar la reproducción de jerarquías.,1.0,El enfoque en praxis comunitaria y liberación implica agencia y resistencia de los sujetos en contextos de adversidad.,True,"El abstract articula inequidades sociales enraizadas en la colonialidad del poder y sistemas de opresión interrelacionados, no solo menciona ejes por separado.",1.0,"Los elementos (estructuras, identidades, contexto, praxis, agencia) se articulan en un marco coherente de resiliencia crítica y situada.",1975,380
252,0.0,No trata ejes de diferenciación social.,0.0,No aborda estructuras de poder social.,0.0,No contextualiza en términos sociohistóricos de diferenciación social.,0.0,No hay método relacionado con interseccionalidad social.,0.0,high,,0.0,No hay orientación a la justicia social o ambiental desde una perspectiva interseccional.,0.0,No aborda agencia o resistencia de sujetos sociales diferenciados.,False,"El paper menciona 'intersectional strategies across sectors', pero no articula ejes de diferenciación social relacionados entre sí; se refiere a sectores energéticos, no a identidades sociales.",0.0,No hay elementos interseccionales presentes para integrar.,2085,273
253,0.0,No se abordan identidades sociales ni sus interrelaciones.,0.0,No se discuten estructuras de poder social.,0.0,No hay contextualización sociohistórica de ejes sociales.,0.0,No hay método relacionado con interseccionalidad social.,0.0,high,,0.0,No se orienta a la justicia social o interseccional.,0.0,No se aborda agencia de sujetos sociales diferenciados.,False,"El paper no articula ejes de diferenciación social (género, raza, clase, etc.) como relacionados entre sí; se enfoca en salud animal y gobernanza internacional.",0.0,No hay elementos interseccionales presentes.,2040,271
254,0.5,"Se mencionan categorías interseccionales pero no se explicita cómo se co-construyen; el énfasis está en la diversidad cultural y social, pero no en posiciones mutuamente constitutivas.",0.5,"Se reconoce que creencias, normas y prácticas culturales influyen en la adaptación, pero no se articulan mecanismos estructurales de poder (racismo, patriarcado, etc.).",0.5,"Se menciona la importancia del contexto cultural y el cambio a lo largo del tiempo, pero el nivel de detalle sobre contexto sociohistórico es superficial.",0.0,No se describe un método empírico que operacionalice intersecciones; el enfoque es conceptual/teórico.,1.0,medium,,0.5,"Se sugiere que el análisis puede informar mejores adaptaciones y reconoce la agencia, pero la orientación a la justicia es implícita y no desarrollada.",0.5,"Se menciona la agencia adaptativa y la resiliencia, pero no se documentan estrategias concretas de resistencia o saberes propios.",True,"El abstract menciona explícitamente categorías interseccionales y cómo impactan la agencia adaptativa, sugiriendo una relación entre ejes sociales y culturales.",0.5,"Los elementos (cultura, agencia, categorías interseccionales) están presentes y parcialmente conectados, pero no se articulan en un análisis coherente de poder y contexto.",1893,427
255,0.0,No se identifican ejes de diferenciación social entrelazados.,0.0,No se abordan estructuras de poder social; el foco es en emociones y narrativa.,0.0,No hay contextualización sociohistórica de ejes sociales.,0.0,No hay método empírico ni operacionalización de intersecciones sociales.,0.0,high,,0.0,No se orienta a la justicia social ni a la transformación de desigualdades.,0.0,No se documenta agencia o resistencia de sujetos diferenciados socialmente.,False,"El paper analiza la relación entre emociones y crisis ecológica en una obra de ficción, pero no articula dos o más ejes de diferenciación social como relacionados entre sí.",0.0,"No aplica, ya que no hay elementos interseccionales presentes.",1981,294
256,0.5,"Trata raza y pobreza como factores conjuntos en la exposición, pero los analiza principalmente de forma aditiva (ej. 'low-income Black communities' vs 'high-income white communities').",0.5,"Menciona segregación racial y desigualdad económica, pero no teoriza mecanismos estructurales en profundidad.",0.5,"Contextualiza en las Carolinas y menciona historia de segregación, pero el análisis es principalmente geoespacial/descriptivo.",0.5,"Utiliza GIS para mapear subgrupos (ej. 'low-income Black communities'), pero no analiza interacciones ni co-construcción empírica.",1.0,high,,0.5,"Señala la necesidad de recursos y adaptación para comunidades afectadas, pero la orientación a la justicia es limitada.",0.0,No documenta agencia o resistencia de los sujetos; los presenta como afectados/víctimas.,True,El paper analiza cómo la pobreza y la raza se intersectan en la exposición a la subida del nivel del mar en las Carolinas.,0.5,"Los elementos (raza, pobreza, geografía) están presentes y parcialmente conectados, pero la integración conceptual es limitada.",1997,380
257,0.5,"Trata varios ejes (género, edad, educación, FBO) pero los analiza principalmente como factores separados que influyen en la adaptación.",0.5,"Menciona estructuras como acceso a redes y servicios, pero no teoriza mecanismos estructurales de poder (patriarcado, racismo, etc.).",0.5,"Sitúa el estudio en el contexto periurbano de Ghana, pero el análisis contextual es limitado.",0.5,"Analiza subgrupos descriptivamente (por género, edad, FBO), pero no hay análisis explícito de interacciones entre ejes.",1.0,high,,0.5,"Incluye recomendaciones para políticas y servicios que aborden necesidades de género y redes, pero la orientación a la justicia es superficial.",0.0,No documenta agencia o resistencia de los sujetos; los agricultores aparecen como receptores de intervenciones.,True,"El paper analiza cómo género, edad, educación y pertenencia a redes sociales (FBOs) se relacionan en la influencia sobre estrategias de adaptación.",0.5,"Los elementos (demografía, redes, contexto) están presentes pero yuxtapuestos, con integración parcial en la discusión de recomendaciones.",1991,381
258,1.0,Analiza cómo género y casta se co-constituyen en la experiencia de los campesinos marginalizados ('pernicious gender and caste politics').,1.0,"Utiliza marcos de 'infrastructural violence' y 'capital accumulation', explicitando mecanismos estructurales de opresión.",1.0,"Contextualiza en la transición energética de India, el Gujarat Solar Park y la historia de desigualdad hídrica y agraria local.",1.0,El enfoque de 'assemblage' y 'infrastructural intersectionality' implica un análisis de interacciones entre ejes en el diseño y efectos de las infraestructuras.,3.5,high,,1.0,"El trabajo es explícitamente crítico y orientado a la justicia, denunciando cómo la transición energética puede reproducir o agravar desigualdades.",0.5,"El abstract no documenta estrategias de resistencia o agencia, pero reconoce a los campesinos como actores afectados ('differently positioned peasants').",True,El abstract articula género y casta como ejes relacionados en la distribución desigual de cargas por las infraestructuras solares y de agua.,1.0,"Los elementos (ejes, estructuras, contexto, método crítico) se articulan en un análisis coherente de cómo las infraestructuras reproducen desigualdades interseccionales.",1981,400
259,0.0,No analiza identidades entrelazadas; solo menciona identidad en términos generales.,0.0,No articula mecanismos de poder estructural; el enfoque es descriptivo y metodológico.,0.0,No sitúa hallazgos en contextos sociohistóricos específicos respecto a ejes interseccionales.,0.0,No hay operacionalización empírica de intersecciones; solo se discuten métodos arqueológicos generales.,0.0,high,,0.0,No hay orientación explícita a la justicia o transformación de desigualdades.,0.0,No se documenta agencia o resistencia de sujetos diferenciados.,False,El paper menciona la interseccionalidad como marco potencial pero no articula ni analiza ejes de diferenciación social relacionados entre sí en el cuerpo del texto.,0.0,No hay elementos interseccionales sustantivos a integrar.,1992,307
260,0.0,"Solo género/mujer, sin entrelazar con otros ejes sociales.",0.0,No articula estructuras múltiples de opresión; se enfoca en discursos sobre género y naturaleza.,0.0,No sitúa intersecciones de ejes sociales en contexto sociohistórico más allá de género.,0.0,No hay método empírico que operacionalice intersecciones de ejes sociales.,0.0,high,,0.0,No conecta análisis interseccional con justicia social más allá de género.,0.0,No documenta agencia desde una perspectiva interseccional.,False,"El paper articula género/mujer y naturaleza/madre Tierra, pero no relaciona dos o más ejes de diferenciación social (como raza, clase, etnia, etc.) entre sí; se centra en género y metáforas de maternidad.",0.0,No hay integración de ejes múltiples; solo género.,1986,318
261,0.0,No analiza identidades entrelazadas; no se mencionan ejes sociales específicos.,0.0,No articula mecanismos de poder estructural; enfoque en comunicación general.,0.0,No sitúa el análisis en un contexto sociohistórico específico.,0.0,No hay método empírico que operacionalice intersecciones sociales.,0.0,high,,0.0,No hay orientación explícita a la justicia social o ambiental desde una perspectiva interseccional.,0.0,No se documenta agencia o resistencia de sujetos diferenciados.,False,"El paper discute comunicación sobre salud y cambio climático en general, sin articular explícitamente dos o más ejes de diferenciación social como relacionados entre sí.",0.0,No hay elementos interseccionales presentes para integrar.,2012,288
262,0.0,No se identifican análisis de identidades entrelazadas; el foco es geopolítico y mediático.,0.0,No se abordan mecanismos de poder estructural ligados a ejes sociales diferenciados.,0.0,No se sitúan hallazgos en términos de contextos sociohistóricos de diferenciación social.,0.0,No hay operacionalización empírica de intersecciones entre ejes sociales.,0.0,high,,0.0,No se orienta a la transformación de desigualdades sociales interseccionales.,0.0,No se documenta agencia o resistencia de sujetos diferenciados por múltiples ejes.,False,"El paper analiza cobertura mediática sobre las Islas del Pacífico y el cambio climático, pero no articula explícitamente dos o más ejes de diferenciación social como relacionados entre sí.",0.0,No hay elementos interseccionales a integrar.,1929,312
263,0.0,No se identifican ejes múltiples ni su relación.,0.0,No se abordan estructuras de poder.,0.0,No hay contextualización sociohistórica de ejes sociales.,0.0,No hay método interseccional ni análisis de subgrupos.,0.0,high,,0.0,No se menciona orientación a la justicia social desde una perspectiva interseccional.,0.0,No se aborda agencia ni resistencia de sujetos diferenciados.,False,"El resumen no articula ejes de diferenciación social relacionados entre sí; se centra en la psicología y el cambio climático sin referencia a género, raza, clase u otros ejes.",0.0,No hay elementos interseccionales a integrar.,1850,276
264,0.0,Solo se analiza el género como eje de vulnerabilidad.,0.0,No se articulan mecanismos estructurales más allá del género.,0.0,No se sitúan hallazgos en relación a múltiples ejes sociales.,0.0,No hay operacionalización de intersecciones entre ejes.,0.0,high,,0.0,La orientación a la justicia es solo desde el género.,0.0,No se documenta agencia interseccional.,False,"El paper se centra exclusivamente en el eje de género y sus expectativas, sin articular género con otros ejes de diferenciación social como raza, clase, etnia o edad.",0.0,No hay integración de múltiples ejes de diferenciación social.,2033,275
265,0.0,No se identifican análisis de identidades entrelazadas.,0.0,No se abordan mecanismos de poder estructural vinculados a ejes sociales.,0.0,No hay contextualización sociohistórica de intersecciones.,0.0,No se describe método interseccional.,0.0,high,,0.0,No se observa orientación a la justicia interseccional.,0.0,No se menciona agencia o resistencia de sujetos interseccionales.,False,"El abstract menciona debates sobre economía política y temas como cambio climático e inequidad, pero no articula ejes de diferenciación social relacionados entre sí.",0.0,No hay elementos interseccionales a integrar.,2006,272
266,0.5,"Se reconocen intersecciones de género con otras desigualdades, pero no se detalla un análisis de co-construcción; parece más aditivo/descriptivo.",0.5,"Se mencionan estructuras (desigualdad, discriminación, gobernanza), pero no se explicitan mecanismos estructurales en profundidad.",0.5,"El contexto ártico es central, pero el nivel de detalle sociohistórico y político no es claro en el resumen.",0.0,No se describe un método empírico que operacionalice intersecciones; el énfasis está en la revisión y recomendaciones.,1.0,medium,,1.0,"El trabajo está orientado explícitamente a la transformación y justicia (recomendaciones, mainstreaming, igualdad).",0.0,No se documenta agencia o resistencia de los sujetos; el foco está en estructuras y recomendaciones institucionales.,True,"El abstract menciona explícitamente la intersección de género con otras desigualdades (indigeneidad, migración, juventud) en el análisis de impactos y políticas en el Ártico.",0.5,"Los elementos de género, desigualdad y contexto están presentes y parcialmente conectados, pero no se evidencia una integración analítica profunda.",2110,387
267,0.0,No se identifican ejes de diferenciación social entrelazados.,0.0,No se abordan mecanismos de poder estructural vinculados a identidades sociales.,0.0,"El contexto es geográfico, pero no se sitúan ejes sociales.",0.0,No hay operacionalización empírica de intersecciones sociales.,0.0,high,,0.0,No se menciona orientación a la justicia social o ambiental desde una perspectiva interseccional.,0.0,No se aborda agencia o resistencia de sujetos diferenciados.,False,"El abstract menciona desafíos multifacéticos y procesos socioeconómicos, pero no articula explícitamente dos o más ejes de diferenciación social relacionados entre sí.",0.0,No hay elementos interseccionales presentes para integrar.,1922,289
268,1.0,"Propone una interseccionalidad expandida que incluye especie junto a género y colonialidad, argumentando posiciones específicas (no aditivas).",1.0,"Analiza poder, opresión y política, y discute mecanismos estructurales (colonialismo, especismo, patriarcado) en el contexto de desastres.",0.5,"Sitúa ejemplos en la pandemia de COVID-19 y desastres, pero el contexto es más conceptual que empírico o profundamente situado.",0.0,"Es un artículo conceptual, sin operacionalización empírica ni método interseccional aplicado.",2.0,high,,1.0,Orienta explícitamente a la transformación de la práctica del trabajo social y la inclusión de animales como sujetos de justicia.,0.5,"Reconoce agencia de animales y alianzas, pero la documentación de agencia es más conceptual que empírica.",True,"El paper articula género, especie y colonialidad como ejes relacionados en la conceptualización de la opresión en desastres.",0.5,"Integra los ejes y estructuras en el marco conceptual, pero la falta de análisis empírico limita la articulación completa.",1920,374
269,0.5,"Menciona interseccionalidad y decolonialidad, pero no detalla cómo se co-constituyen identidades específicas; el foco es más teórico que empírico.",1.0,"Critica mecanismos estructurales: extractivismo, tecnocracia, colonialismo, y su relación con el poder en la transición energética.",1.0,"Sitúa el análisis en Alberta, Canadá, y en la historia política y económica del extractivismo y la reconciliación indígena.",0.0,No hay operacionalización empírica de intersecciones ni método que analice identidades entrelazadas; el enfoque es conceptual y de caso.,2.0,high,,1.0,El objetivo es explícitamente transformar relaciones de poder y promover justicia social y ambiental en la transición energética.,0.5,"Se mencionan solidaridades y aprendizajes positivos, pero la agencia de sujetos concretos no se documenta en detalle.",True,El abstract articula explícitamente política feminista interseccional y decolonial como dimensiones relacionadas en la crítica a la transición energética.,0.5,"Integra poder estructural, contexto y orientación a la justicia en el marco de deep energy literacy, pero la articulación de identidades entrelazadas y agencia es parcial y más teórica que empírica.",2117,404
270,0.0,No analiza identidades entrelazadas; los ejes se presentan como fronteras temáticas separadas.,0.0,No se abordan mecanismos de poder estructural; solo se mencionan actores y sectores.,0.0,No hay contextualización sociohistórica de las relaciones entre ejes sociales.,0.0,No hay método empírico que operacionalice intersecciones.,0.0,high,,0.0,No se orienta explícitamente a la justicia o transformación de desigualdades.,0.0,No se documenta agencia o resistencia de sujetos sociales.,False,"El abstract menciona 'First Nations' y otros ejes (agricultura, urbanización), pero no articula cómo se relacionan entre sí como identidades o posiciones sociales entrelazadas.",0.0,No hay elementos interseccionales a integrar.,1906,301
271,0.0,No analiza cómo los ejes de diferenciación se co-construyen o interactúan.,0.0,No desarrolla mecanismos estructurales de poder vinculados a identidades entrelazadas.,0.0,No sitúa hallazgos en contextos sociohistóricos específicos respecto a intersecciones de ejes.,0.0,No hay método empírico que operacionalice intersecciones.,0.0,high,,0.0,No conecta análisis interseccional con justicia social de manera sustantiva.,0.0,No documenta agencia o resistencia de sujetos interseccionales.,False,"Aunque menciona temas de género y equidad, el paper no articula dos o más ejes de diferenciación social como relacionados entre sí; los ejes aparecen solo como parte de una lista de temas críticos.",0.0,No hay elementos interseccionales a integrar.,2158,308
272,0.0,No se identifican ejes sociales entrelazados; el foco está en injusticia ambiental y vulnerabilidad climática como categorías generales.,0.0,No se abordan mecanismos de poder estructural ligados a ejes sociales diferenciados.,0.0,No se contextualizan ejes sociales específicos en historia o geografía social diferenciada.,0.0,No hay operacionalización empírica de intersecciones entre ejes sociales.,0.0,high,,0.0,No se conecta el análisis con justicia social desde una perspectiva interseccional.,0.0,No se documenta agencia o resistencia de sujetos diferenciados por ejes sociales.,False,"El paper introduce el concepto de 'climate edge' como intersección de injusticias ambientales y vulnerabilidad climática, pero no articula explícitamente dos o más ejes de diferenciación social (como género, raza, clase, etc.) en relación mutua.",0.0,No hay elementos interseccionales a integrar.,1937,330
273,0.0,No analiza identidades ni ejes sociales.,0.0,No teoriza mecanismos de poder estructural.,0.0,No sitúa hallazgos en contextos sociohistóricos de diferenciación.,0.0,No operacionaliza intersecciones sociales en el método.,0.0,high,,0.0,No orienta el análisis a la justicia social o ambiental.,0.0,No trata agencia ni resistencia de sujetos diferenciados.,False,"El paper menciona la equidad y la justicia ambiental solo como posibles temas futuros, sin articular ni analizar ejes de diferenciación social relacionados entre sí.",0.0,No hay elementos interseccionales presentes para articular.,2068,266
274,0.5,"Menciona la importancia de la interseccionalidad y el feminismo, pero no detalla cómo se co-construyen los ejes.",1.0,Habla explícitamente de injusticias estructurales y de la necesidad de abordar inequidades sistémicas.,0.5,"Reconoce desigualdades 'across places' y 'sites and scales', pero el contexto es general.",0.0,No hay evidencia de operacionalización empírica ni método interseccional.,2.0,medium,,1.0,"Enfatiza la praxis, la solidaridad y la acción transformadora para la justicia climática.",0.5,"Menciona solidaridad y acción colectiva, pero no documenta agencia específica de sujetos.",True,El abstract discute cómo el cambio climático impacta de manera desigual y aboga por un enfoque feminista interseccional para la justicia climática.,0.5,"Los elementos de poder, praxis y enfoque feminista están conectados, pero la integración de identidades entrelazadas es parcial.",1889,348
275,0.0,No se mencionan ejes de diferenciación social.,0.0,No hay análisis de estructuras de poder social.,0.0,No se aborda contexto sociohistórico de grupos sociales diferenciados.,0.0,No hay método para operacionalizar intersecciones sociales.,0.0,high,,0.0,No se orienta a la justicia social o transformación de desigualdades.,0.0,No se reconoce agencia o resistencia de sujetos sociales.,False,"El abstract no articula ejes de diferenciación social relacionados; se centra en geopolítica, ambiente físico y seguridad estatal, sin referencia a identidades sociales.",0.0,No hay elementos interseccionales presentes para articular.,1879,269
276,0.0,"Solo se aborda la dicotomía Norte-Sur, sin entrelazar múltiples ejes sociales.",0.0,No se operacionalizan estructuras de opresión interseccionales; el foco es en dinámicas institucionales Norte-Sur.,0.0,No se sitúan hallazgos en términos de múltiples contextos sociohistóricos interseccionales.,0.0,No hay método que capte interacciones entre ejes sociales diferenciados.,0.0,high,,0.0,"No se orienta a la justicia interseccional, aunque sí a la equidad Norte-Sur.",0.0,No se documenta agencia o resistencia de sujetos en posiciones interseccionales.,False,"El paper analiza relaciones de poder Norte-Sur y liderazgo del Sur global, pero no articula dos o más ejes de diferenciación social (como género, raza, clase, etc.) como relacionados entre sí.",0.0,"No aplica integración interseccional, ya que solo se aborda un eje (Norte-Sur).",1948,339
277,0.5,"Menciona múltiples ejes y la necesidad de analizarlos juntos, pero no queda claro si analiza co-construcción o solo suma ejes.",1.0,Habla de sistemas kyriarcales y cómo las políticas pueden reproducir desigualdades estructurales.,1.0,Sitúa el análisis en el contexto específico de los Irish Travellers y la política climática irlandesa.,0.0,No se describe un método empírico ni operacionalización de intersecciones; es un artículo conceptual/teórico.,2.0,high,,1.0,El objetivo explícito es transformar las políticas para evitar la reproducción de desigualdades y avanzar hacia la justicia climática.,0.5,"Hace referencia a la voz y experiencias de grupos marginados, pero no documenta en detalle agencia o resistencia.",True,El paper aboga explícitamente por un enfoque interseccional para analizar cómo múltiples ejes de identidad y sistemas de opresión afectan a grupos marginados como los Irish Travellers.,0.5,"Integra bien contexto, poder estructural y orientación a la justicia, pero la articulación entre identidades entrelazadas y agencia es parcial y el método es solo conceptual.",2016,378
278,0.0,No se abordan identidades sociales ni sus interrelaciones.,0.0,"No se discuten estructuras de poder social, solo gobernanza tecnológica.",0.0,No hay contextualización sociohistórica de grupos sociales.,0.0,No hay método para operacionalizar intersecciones sociales.,0.0,high,,0.0,No se orienta a la justicia social ni ambiental desde una perspectiva interseccional.,0.0,No se aborda agencia o resistencia de sujetos sociales diferenciados.,False,"El paper discute la intersección entre IA y conservación climática, pero no articula ejes de diferenciación social relacionados entre sí.",0.0,No hay elementos interseccionales presentes para articular.,1884,275
279,0.0,Solo género como eje principal; otros factores mencionados como esferas separadas.,0.0,No se articulan mecanismos estructurales más allá de la vulnerabilidad de género.,0.0,No se sitúa en un contexto sociohistórico específico.,0.0,No hay método empírico ni operacionalización de intersecciones.,0.0,high,,0.0,Se mencionan recomendaciones generales pero sin análisis crítico de justicia interseccional.,0.0,No se documenta agencia o resistencia de los sujetos.,False,"El paper solo articula género como eje de diferenciación y menciona vulnerabilidades múltiples (pobreza, hambre, desempleo) pero no los relaciona entre sí ni analiza posiciones interseccionales.",0.0,No hay elementos interseccionales sustantivos para integrar.,2028,296
280,1.0,Explora cómo ser mujer indígena de tribus no reconocidas configura una posición específica frente a la inseguridad alimentaria y la contaminación.,1.0,"Articula explícitamente el colonialismo de asentamiento, la explotación industrial y la injusticia ambiental como estructuras que producen opresión.",1.0,"Contextualiza en la historia y política de tribus del Golfo sin reconocimiento federal, y cómo esto afecta el acceso a recursos y salud.",1.0,"El muestreo es intencional de mujeres indígenas de tribus específicas, y el análisis cualitativo explora intersecciones de género, indigeneidad y estatus político.",4.0,high,,1.0,"El trabajo se orienta explícitamente a la justicia social y ambiental, denunciando la perpetuación del colonialismo y proponiendo la soberanía alimentaria.",1.0,Documenta agencia y estrategias de resistencia a través de prácticas de jardinería y defensa de la soberanía alimentaria.,True,"El paper analiza cómo el género (mujeres indígenas), la indigeneidad y la posición política (tribus no reconocidas federalmente) se entrelazan en la experiencia de injusticia ambiental y soberanía alimentaria.",1.0,"Los elementos se articulan coherentemente: el análisis de poder estructural, identidades entrelazadas, contexto y agencia se integran en una narrativa crítica y situada.",2037,413
281,0.5,"Se mencionan diferencias de género, edad y jefatura de hogar, pero el análisis principal es sobre género y los otros ejes aparecen como diferencias descriptivas, no como posiciones co-constituidas.",1.0,"Discute causas estructurales de la división sexual del trabajo y vincula migración, género y sostenibilidad desde una perspectiva de ecología política.",1.0,"El análisis está situado en la historia y geografía específica del delta del Mahanadi, con atención a dinámicas locales y contextuales.",0.5,"Se describen subgrupos (por género, edad, jefatura de hogar), pero no se evidencia un análisis empírico de interacciones entre ejes.",2.5,high,,1.0,"El trabajo está orientado a la transformación, discutiendo implicancias para la equidad de género y la sostenibilidad, y aboga por enfoques integrados.",1.0,"Se documentan cambios en la agencia de las mujeres, incluyendo nuevas actividades y estrategias frente a la migración masculina.",True,"El paper analiza género en interacción con edad y jefatura de hogar, y cómo estos ejes se relacionan en el contexto de migración y cambio ambiental.",0.5,"Los elementos de poder estructural, contexto y agencia están presentes y relacionados, pero la integración de los ejes de diferenciación es parcial, con énfasis principal en género.",1964,420
282,0.0,No se identifican ejes de diferenciación social entrelazados.,0.0,No se abordan mecanismos de poder estructural.,0.0,No se sitúan hallazgos en contextos sociohistóricos específicos.,0.0,No hay operacionalización empírica de intersecciones sociales.,0.0,high,,0.0,No se observa orientación explícita a la justicia social o ambiental.,0.0,No se documenta agencia o resistencia de sujetos diferenciados.,False,"Aunque menciona 'perspectivas interseccionales', el resumen solo refiere a dimensiones biológicas y socioeconómicas, sin articular ejes sociales diferenciados (género, clase, raza, etc.) como relacionados entre sí.",0.0,No hay elementos interseccionales sustantivos para integrar.,1949,294
283,0.0,"El análisis empírico solo aborda género, sin tratar interacciones con otros ejes.",0.0,No se analizan mecanismos estructurales; el foco está en perfiles demográficos y patrones de colaboración.,0.0,No se sitúan los hallazgos en un contexto sociohistórico específico.,0.0,"El método solo distingue género, sin operacionalizar intersecciones.",0.0,high,,0.0,No hay orientación explícita a la justicia ni recomendaciones transformadoras en el análisis empírico.,0.0,No se documenta agencia o resistencia de los sujetos estudiados.,False,"Aunque el paper discute la importancia de la interseccionalidad y critica su ausencia en la literatura, el análisis propio solo reporta diferencias de género y no articula ejes de diferenciación relacionados entre sí.",0.0,No hay integración de elementos interseccionales en el análisis.,2046,312
284,0.0,No se mencionan ni analizan ejes de diferenciación social.,0.0,No hay discusión sobre estructuras de poder o mecanismos de opresión.,0.0,No se sitúan hallazgos en contextos sociohistóricos o políticos específicos.,0.0,No hay método que operacionalice intersecciones sociales.,0.0,high,,0.0,No hay orientación a la justicia social o ambiental desde una perspectiva interseccional.,0.0,No se aborda la agencia o resistencia de sujetos sociales diferenciados.,False,El paper no articula ejes de diferenciación social relacionados; se centra en tecnologías urbanas y mitigación climática sin analizar identidades sociales.,0.0,No hay elementos interseccionales presentes para integrar.,2091,281
285,1.0,"Explora cómo las posiciones de género, indigeneidad y pertenencia a subgrupos se co-constituyen en la experiencia de vulnerabilidad y adaptación.",1.0,Discute dinámicas de poder mediadas por la subjetividad dentro de las sociedades indígenas y cómo estas influyen en la vulnerabilidad.,1.0,El análisis está situado en el contexto sociohistórico y político de mujeres maoríes en Aotearoa/Nueva Zelanda.,1.0,Utiliza etnografía para captar diferencias interseccionales en experiencias y estrategias de adaptación dentro de subgrupos específicos.,4.0,high,,1.0,Orienta el análisis hacia la transformación de políticas y prácticas de adaptación para mayor inclusión y justicia.,1.0,Documenta cómo las mujeres y sus familias desarrollan estrategias diversas de afrontamiento y adaptación.,True,El paper analiza cómo las experiencias de mujeres maoríes varían según múltiples subjetividades y posiciones dentro de la misma comunidad.,1.0,"Los elementos de identidad, poder, contexto, método, justicia y agencia se articulan en un análisis coherente y situado.",2010,355
286,1.0,"Habla de la 'interplay' de género, edad, estado civil y educación como constitutivos del acceso a redes.",0.5,"Menciona 'estructurales y relacionales desigualdades', pero no detalla mecanismos estructurales.",1.0,Contextualiza en el noroeste de Ghana y en dinámicas locales de hogares agrícolas.,1.0,Utiliza análisis de redes y un marco interseccional para examinar interacciones entre ejes.,2.0,high,,0.5,"Advierte que la adaptación sin abordar desigualdades puede profundizarlas, pero no desarrolla recomendaciones transformadoras.",0.5,"Reconoce agencia en el acceso y uso de redes, pero no profundiza en estrategias de resistencia.",True,"El abstract analiza cómo género, edad, estado civil y educación se entrelazan para influir en el acceso a redes sociales para la adaptación climática.",0.5,"Los elementos están presentes y parcialmente conectados (e.g., desigualdades estructurales y redes), pero la integración analítica es limitada.",1904,354
287,0.5,"Aunque menciona intersecciones y compara subgrupos (mujeres de distintos grupos étnicos), el análisis trata género y etnicidad principalmente como efectos aditivos y compara promedios entre grupos.",0.5,"Se reconocen desigualdades estructurales (acceso a educación, empleo, infraestructura) pero no se profundiza en mecanismos de poder como racismo o patriarcado.",1.0,"El análisis está situado en la región montañosa del Noroeste de Vietnam, con referencia a la historia y contexto multiétnico local.",0.5,"El método compara subgrupos interseccionales (género dentro de etnia y viceversa), pero no modela interacciones ni operacionaliza interseccionalidad más allá de la descripción.",1.5,high,,0.5,"Se mencionan implicancias para la inclusión y la justicia en programas de resiliencia, pero la orientación transformadora es limitada y no se desarrolla críticamente.",0.0,No se documentan estrategias de agencia o resistencia de los sujetos; el foco está en diferencias de percepción y resultados.,True,El paper analiza cómo género y etnicidad se intersectan en la percepción y resultados de la resiliencia de medios de vida en comunidades agrícolas de Vietnam.,0.5,"Los elementos (género, etnicidad, contexto, implicancias) están presentes y parcialmente conectados, pero el análisis es mayormente yuxtapuesto y descriptivo.",2072,435
288,0.5,"Se reconocen varios ejes (género, economía, acceso, inclusión), pero no se detalla cómo se co-constituyen; parecen tratados como dimensiones aditivas.",1.0,El análisis es crítico y se centra en cómo las políticas y estructuras de gobernanza refuerzan desigualdades.,1.0,El análisis está situado en el contexto político y social específico de Australia Occidental.,0.0,"No se describe un método empírico que operacionalice intersecciones; el análisis es crítico/político, no empírico.",2.0,high,,1.0,"El trabajo está explícitamente orientado a la justicia social y climática, con recomendaciones para políticas transformadoras.",0.0,No se documenta agencia o resistencia de los sujetos; el foco está en la vulnerabilidad y la falta de apoyo institucional.,True,"El abstract menciona explícitamente un análisis feminista interseccional y la necesidad de abordar múltiples dimensiones de desigualdad (género, economía, acceso, inclusión) como relacionadas.",0.5,"El análisis articula poder estructural, contexto y justicia, pero la relación entre los ejes de desigualdad no se desarrolla plenamente y la agencia está ausente.",1969,378
289,0.5,"Menciona varios ejes y su relación con desigualdades, pero no queda claro si los trata como mutuamente constitutivos o solo aditivos.",0.5,"Se refiere a estructuras sociales (solidaridad, justicia social, retórica 'us vs them'), pero no explicita mecanismos estructurales.",0.5,"Sitúa el análisis en sociedades europeas contemporáneas y menciona desafíos globales, pero el contexto parece general.",0.0,No hay evidencia de un método empírico que operacionalice intersecciones; parece más teórico y descriptivo.,1.0,medium,,0.5,"El enfoque en justicia social y solidaridad implica orientación crítica, pero no se detallan recomendaciones o praxis transformadora.",0.0,No se menciona agencia o resistencia de los sujetos; el foco está en estructuras y valores sociales.,True,"El abstract articula múltiples ejes de diferenciación (género, edad, clase, etnia, orientación sexual) como relacionados en la producción de desigualdades y retos a la solidaridad.",0.5,"Los elementos aparecen relacionados en el discurso general sobre desigualdades y solidaridad, pero no se evidencia una integración analítica profunda.",1955,380
290,0.0,No se abordan ejes de diferenciación social.,0.0,No se discuten estructuras de poder ni mecanismos de opresión.,0.0,No hay contextualización sociohistórica de identidades o desigualdades.,0.0,No hay método para operacionalizar intersecciones sociales.,0.0,high,,0.0,No se orienta a la justicia social ni ambiental desde una perspectiva interseccional.,0.0,No se reconoce agencia ni resistencia de sujetos sociales diferenciados.,False,El paper no articula ejes de diferenciación social relacionados entre sí; se centra en tecnologías y sistemas urbanos sin analizar identidades sociales.,0.0,No hay elementos interseccionales a integrar.,2002,273
291,0.0,"No analiza identidades entrelazadas; se centra en estructuras históricas (imperio, clima) sin tratar posiciones sociales diferenciadas.",0.0,"Aunque discute estructuras (imperialismo), no lo hace en relación a ejes múltiples de diferenciación social.",0.0,"El contexto es macrohistórico, pero no sitúa intersecciones de ejes sociales en contextos específicos.",0.0,No hay método empírico que operacionalice intersecciones de ejes sociales.,0.0,high,,0.0,No hay orientación explícita a la justicia social desde una perspectiva interseccional.,0.0,No se documenta agencia o resistencia de sujetos diferenciados socialmente.,False,"El paper articula imperialismo y clima, pero no relaciona explícitamente dos o más ejes de diferenciación social (como género, raza, clase, etc.) entre sí.",0.0,No hay elementos interseccionales a integrar.,1937,324
292,0.5,"Menciona múltiples ejes (edad, género, etnicidad, ingreso) pero los trata de forma aditiva, no como mutuamente constitutivos.",0.5,"Se refiere a la marginalización estructural y a la injusticia, pero sin detallar mecanismos estructurales específicos.",0.5,"Reconoce diferencias entre regiones y grupos, pero el contexto es general y no situado en una historia o geografía específica.",0.0,No hay operacionalización empírica de intersecciones; es un comentario conceptual y de recomendaciones.,2.0,high,,1.0,"El texto está explícitamente orientado a la transformación y la justicia, con recomendaciones para políticas y praxis.",1.0,Reconoce y promueve la agencia de jóvenes como sujetos activos y proponentes de soluciones.,True,"El abstract articula edad/juventud, género, etnicidad e ingreso como factores relacionados en la vulnerabilidad climática.",0.5,"Los elementos de agencia, justicia y ejes múltiples están presentes pero no completamente integrados en un análisis interseccional coherente.",2133,358
293,0.5,"Trata raza y vulnerabilidad social, pero los analiza principalmente como factores aditivos en la exposición y resultados de salud.",0.5,"Menciona 'long-standing disparities' y factores estructurales, pero no teoriza mecanismos de racismo estructural o desigualdad.",0.5,"Contextualiza en Houston y desastres específicos, pero el análisis del contexto sociohistórico es superficial.",0.5,"Utiliza subgrupos descriptivos (comunidades afroamericanas vs. otras), pero no analiza interacciones entre ejes.",2.0,high,,0.5,"Sugiere que abordar el cambio climático puede aliviar disparidades, pero la orientación a la justicia es limitada.",1.0,"Documenta agencia y resiliencia comunitaria, especialmente en la preparación y respuesta a desastres.",True,"El paper articula raza (comunidades afroamericanas), geografía y vulnerabilidad social como relacionados en la exposición y resiliencia ante desastres.",0.5,"Los elementos están presentes pero la articulación entre estructuras, identidades y agencia es parcial.",2087,359
294,0.0,No se abordan identidades sociales ni sus interrelaciones.,0.0,No se discuten estructuras de poder social.,0.0,No hay contextualización sociohistórica relevante.,0.0,No hay método interseccional ni análisis de subgrupos sociales.,0.0,high,,0.0,No hay orientación a la justicia social o ambiental.,0.0,No se aborda agencia o resistencia de sujetos sociales.,False,El paper describe un accidente eléctrico y analiza causas técnicas sin articular ejes de diferenciación social relacionados entre sí.,0.0,No hay elementos interseccionales presentes para integrar.,1932,255
295,1.0,"Analiza cómo la experiencia de ser Black en EE.UU. implica una posición específica de vulnerabilidad y exposición, no solo suma de raza y salud.",1.0,"Explicita el racismo estructural, supremacía blanca y capitalismo como mecanismos que producen desigualdades en salud y clima.",1.0,"Sitúa el análisis en la historia de la quema de combustibles fósiles, la supremacía blanca y la experiencia afroamericana en EE.UU.",0.0,"El trabajo es teórico/ensayístico, sin operacionalización empírica ni método interseccional aplicado.",3.0,high,,1.0,"El objetivo es exponer y criticar las dinámicas de poder racial y ambiental, orientado a la justicia.",0.5,"La agencia de los sujetos aparece implícita en la referencia a la resistencia y sobrevivencia, pero no es central ni documentada en detalle.",True,"El ensayo articula raza y salud como ejes relacionados, explorando cómo el racismo estructural afecta la exposición y los efectos del clima y la salud.",1.0,"El análisis articula poder estructural, identidades entrelazadas y contexto histórico en una argumentación coherente.",1961,377
296,0.0,No analiza ejes sociales entrelazados.,0.0,No teoriza mecanismos de poder estructural ligados a identidades sociales.,0.0,No sitúa hallazgos en contextos sociohistóricos de diferenciación social.,0.0,No operacionaliza intersecciones sociales en el método.,0.0,high,,0.0,No conecta explícitamente con justicia social desde una perspectiva interseccional.,0.0,No documenta agencia o resistencia de sujetos diferenciados socialmente.,False,"El paper menciona comunidades marginadas y equidad, pero no articula dos o más ejes de diferenciación social como relacionados entre sí; la intersección es entre ambiente y salud mental, no entre identidades sociales.",0.0,No hay elementos interseccionales a integrar.,2111,291
297,1.0,"Analiza explícitamente efectos de interacción entre educación, edad y diversificación de medios de vida entre mujeres, mostrando posiciones interseccionales.",0.5,"Menciona factores estructurales (acceso, educación, servicios financieros) pero no teoriza mecanismos de poder estructural como patriarcado o racismo.",0.5,Contextualiza en tres aldeas de América Latina pero el análisis del contexto sociohistórico es superficial.,1.0,Utiliza modelos de regresión con términos de interacción para operacionalizar intersecciones entre variables.,2.0,high,,0.5,Sugiere implicancias para políticas más equitativas pero no desarrolla una orientación explícita a la justicia o transformación.,0.0,"No documenta agencia o resistencia de las mujeres; el foco está en acceso y adopción, no en estrategias propias.",True,El estudio investiga cómo factores socioeconómicos interactúan entre sí para producir diferencias entre mujeres agricultoras en la adopción de prácticas agrícolas climáticamente inteligentes.,0.5,"Integra análisis de interacciones en el método y resultados, pero la articulación con poder estructural y contexto es parcial.",2006,368
298,1.0,"Analiza cómo ser joven, precario y activista ambiental se entrelazan en posiciones específicas de marginalización y agencia.",1.0,"Discute violencia estructural, desigualdades globales y la necesidad de cambio sistémico, no solo rasgos individuales.",1.0,"Sitúa el análisis en el contexto sociohistórico de crisis múltiples (clima, precariedad) y en países específicos (Reino Unido, Francia).",1.0,"El método cualitativo (entrevistas a jóvenes activistas) explora explícitamente las intersecciones de juventud, precariedad y activismo.",4.0,high,,1.0,"El trabajo se orienta a la transformación social y justicia, discutiendo visiones de paz, no-violencia y cambio sistémico.",1.0,Documenta agencia y estrategias de resistencia de los jóvenes activistas frente a la opresión estructural.,True,"El abstract articula juventud, marginalización, desigualdades globales y precariedad como crisis interrelacionadas que configuran la experiencia de los activistas.",1.0,"Los elementos se articulan coherentemente: el análisis de poder estructural, identidades entrelazadas y agencia se integra en el marco metodológico y teórico.",2063,386
299,1.0,"Explicita que el género intersecta con otros ejes y sistemas de poder, no solo como sumatoria.",1.0,Señala estructuras y relaciones de poder como causas subyacentes de la vulnerabilidad.,0.5,"Habla de vulnerabilidad contextual y diferencial, pero el abstract no detalla un contexto sociohistórico específico.",0.0,No se describe un método empírico ni operacionalización de intersecciones en el abstract.,2.0,medium,,1.0,"El enfoque feminista busca visibilizar causas y proponer alternativas, orientado a la transformación.",1.0,Reconoce la agencia de actores marginados para proponer alternativas.,True,El abstract afirma que el género intersecta con otros sistemas de poder y marginalización para producir experiencias desiguales de vulnerabilidad climática.,0.5,"Los elementos aparecen articulados en el marco teórico, pero falta evidencia de integración metodológica o empírica.",1861,325
300,1.0,"Analiza cómo género, migración, etnicidad y sexualidad se co-constituyen en la agenda autoritaria y ambiental ('policies that promote national identity and directly undermine the rights of migrants, ethnic minorities, women and LGBT+ groups').",1.0,"El foco está en mecanismos estructurales: autoritarismo, populismo, nacionalismo, anti-género, y su impacto en derechos humanos.",1.0,"Sitúa el análisis en el contexto político contemporáneo de autoritarismo y populismo, con referencias a movimientos y partidos específicos.",0.0,"El trabajo es teórico/conceptual, sin operacionalización empírica de intersecciones.",3.0,high,,1.0,El análisis está orientado a la defensa y transformación de los derechos humanos frente a amenazas estructurales.,0.5,"Se reconoce resistencia en el título y enfoque, pero la agencia de los sujetos aparece de forma secundaria.",True,"El paper articula género, migración, etnicidad y sexualidad como ejes relacionados en el contexto de políticas autoritarias y discursos ambientales.",1.0,"Los elementos (ejes, estructuras, contexto, justicia) se articulan en un análisis coherente sobre la amenaza autoritaria y la defensa de derechos.",1971,388
301,0.0,No se identifican ejes de diferenciación social entrelazados.,0.0,No se abordan estructuras de opresión vinculadas a identidades sociales.,0.0,No hay análisis situado de intersecciones sociales.,0.0,No hay método interseccional ni operacionalización de interacciones entre ejes sociales.,0.0,high,,0.0,No se orienta a la justicia desde una perspectiva interseccional.,0.0,No se documenta agencia ni resistencia de sujetos diferenciados socialmente.,False,"El paper analiza la relación entre poder corporativo, salud pública y gobiernos locales, pero no articula dos o más ejes de diferenciación social como relacionados entre sí.",0.0,No hay elementos interseccionales a integrar.,2085,286
302,0.0,No analiza identidades entrelazadas; solo menciona inequidad en general.,0.0,No teoriza mecanismos estructurales específicos.,0.0,No sitúa hallazgos en un contexto sociohistórico específico.,0.0,No hay método empírico ni operacionalización de intersecciones.,0.0,high,,0.0,Menciona justicia social pero sin análisis crítico o transformador.,0.0,No documenta agencia o resistencia de sujetos diferenciados.,False,"El paper menciona inequidad social y económica, pero no articula dos o más ejes de diferenciación social como relacionados entre sí.",0.0,No hay elementos interseccionales a integrar.,1999,271
303,0.0,No se identifican ejes de diferenciación social entrelazados.,0.0,No se abordan estructuras de poder vinculadas a identidades sociales.,0.0,No hay análisis situado de ejes sociales; el contexto es ambiental y político general.,0.0,No hay operacionalización empírica de intersecciones sociales.,0.0,high,,0.0,No se orienta a la justicia social desde una perspectiva interseccional.,0.0,No se documenta agencia ni resistencia de sujetos diferenciados socialmente.,False,"El paper menciona 'drivers' múltiples (gobernanza, conflictos, degradación ambiental) pero no articula ejes de diferenciación social (género, raza, clase, etc.) como relacionados entre sí.",0.0,No hay elementos interseccionales a integrar.,1940,299
304,1.0,"Describe identidades entrelazadas (ser mujer, embarazada, migrante, joven, etc.) como posiciones específicas que configuran la experiencia de calor.",0.5,"Menciona estructuras de poder (dinámicas de hogar, relaciones sociales, estatus socioeconómico), pero no teoriza mecanismos estructurales más amplios como patriarcado o colonialismo.",1.0,"Contextualiza en la región de West Kiang, Gambia, y sitúa los hallazgos en dinámicas locales y climáticas específicas.",1.0,El muestreo es intencional de mujeres embarazadas agricultoras y el análisis cualitativo explora explícitamente intersecciones de identidades.,3.5,high,,1.0,"El trabajo se orienta a la transformación, recomendando considerar las interseccionalidades para mejorar la salud y adaptación de las mujeres.",1.0,Documenta agencia y estrategias de adaptación desarrolladas por las mujeres para enfrentar el calor.,True,"El paper analiza cómo género, embarazo, edad, migración, situación marital y estatus socioeconómico se entrelazan en la experiencia de calor y adaptación.",1.0,"El análisis articula identidades, contexto, agencia y poder en una narrativa coherente sobre adaptación y justicia climática.",2169,394
305,0.5,Menciona identidades interseccionales pero no detalla cómo se co-constituyen; el enfoque parece más aditivo o general.,0.5,"Se refiere a 'poder' y 'marginalización', pero no se explicitan mecanismos estructurales concretos.",0.5,"Reconoce que los impactos no son universales y afectan más a ciertos grupos, pero el contexto es amplio y no situado en una geografía o historia específica.",0.0,No se describe un método empírico ni cómo se operacionalizan las intersecciones; es una convocatoria a un taller.,1.5,medium,,0.5,"Se orienta a la transformación y justicia ('agentes de cambio'), pero sin detalles sobre cómo se aborda esto en la práctica.",1.0,Enfatiza la voz y agencia de sujetos marginalizados como 'agentes de cambio'.,True,El abstract discute explícitamente 'identidades HDSM interseccionales' y su relación con temas ecológicos y feministas.,0.5,"Los elementos de agencia, poder y enfoque interseccional están presentes pero no claramente integrados en un análisis coherente; el texto es más programático que analítico.",1946,384
306,0.0,Solo género como eje analítico.,0.0,No articula múltiples estructuras de poder entrelazadas; se centra en el patriarcado.,0.0,No hay análisis interseccional situado; solo contexto de género.,0.0,No hay operacionalización empírica de intersecciones.,0.0,high,,0.0,No conecta múltiples ejes con justicia; enfoque en género.,0.0,No hay análisis de agencia interseccional.,False,"El paper articula género como eje central, pero no relaciona explícitamente género con otros ejes de diferenciación social (raza, clase, indigeneidad, etc.) en el análisis.",0.0,No hay integración de ejes múltiples.,1996,278
307,0.0,No se abordan identidades sociales ni sus interrelaciones.,0.0,"El análisis de poder es epistémico y estructural, pero no vinculado a ejes de diferenciación social.",0.0,No hay contextualización sociohistórica de identidades o desigualdades sociales.,0.0,No hay operacionalización empírica de intersecciones sociales.,0.0,high,,0.0,No se orienta a transformar desigualdades sociales específicas.,0.0,No se aborda agencia o resistencia de sujetos diferenciados socialmente.,False,"El paper analiza la hegemonía y el poder epistémico de los algoritmos en la gobernanza climática, pero no articula ejes de diferenciación social (género, raza, clase, etc.) como relacionados entre sí.",0.0,No hay elementos interseccionales presentes para articular.,2103,309
308,0.0,No hay análisis de ejes de diferenciación social.,0.0,"No se abordan estructuras de opresión social, solo estructuras económicas y corporativas.",0.0,No hay contextualización sociohistórica de identidades sociales.,0.0,No hay método para operacionalizar intersecciones sociales.,0.0,high,,0.0,No se orienta a la justicia social desde una perspectiva interseccional.,0.0,No se aborda agencia o resistencia de sujetos diferenciados socialmente.,False,"El paper no articula ejes de diferenciación social relacionados; se enfoca en sistemas alimentarios, comercio y salud sin analizar identidades sociales entrelazadas.",0.0,No hay elementos interseccionales a integrar.,2162,279
309,0.0,"Solo se menciona género; otros ejes (desigualdad, clima) aparecen como agendas separadas.",0.0,No se analizan mecanismos estructurales de opresión entrelazados.,0.0,No se sitúan hallazgos en un contexto sociohistórico específico.,0.0,No hay método empírico ni operacionalización de intersecciones.,0.0,high,,0.0,"Se orienta a la transformación, pero sin análisis interseccional sustantivo.",0.0,No se documenta agencia o resistencia de sujetos interseccionales.,False,"Aunque el abstract menciona la necesidad de un enfoque más interseccional y la relación entre género y otros temas (clima, desigualdad), no articula ni analiza cómo dos o más ejes de diferenciación social se relacionan entre sí.",0.0,No hay elementos interseccionales sustantivos para integrar.,2004,318
310,0.5,"Aunque se menciona la interseccionalidad y el feminismo, el foco principal parece estar en género; no queda claro si se analizan ejes múltiples como mutuamente constitutivos.",1.0,"El análisis se centra en estrategias políticas, poder y estructuras de gobernanza global, con un marco crítico explícito.",1.0,El estudio se sitúa en la historia y política específica de la UNFCCC y el activismo feminista en ese contexto.,1.0,"Utiliza análisis documental, entrevistas y observación participante para captar estrategias y prácticas políticas interseccionales.",3.0,medium,,1.0,El trabajo está orientado explícitamente a la transformación y la justicia feminista en la gobernanza climática.,1.0,Documenta agencia y estrategias de resistencia de activistas feministas en el ámbito global.,True,"El abstract menciona explícitamente el uso de un marco conceptual que integra cambio climático con indagación crítica interseccional y práctica política, y analiza estrategias feministas en la UNFCCC.",0.5,"El análisis integra poder, contexto y praxis, pero la evidencia sobre la articulación de múltiples ejes de diferenciación más allá del género no es clara en el abstract.",1968,382
311,0.0,"Solo se menciona la identidad de pastores nómadas, sin análisis de múltiples ejes entrelazados.",0.0,No se abordan mecanismos estructurales de poder vinculados a ejes sociales diferenciados.,0.0,"Aunque hay contexto geográfico y político, no se sitúan intersecciones de ejes sociales.",0.0,No hay operacionalización empírica de intersecciones entre ejes sociales.,0.0,high,,0.0,No se conecta el análisis con justicia social o ambiental desde una perspectiva interseccional.,0.0,No se documenta agencia diferenciada según múltiples ejes sociales.,False,El paper se centra en la identidad de 'pastores nómadas' pero no articula explícitamente dos o más ejes de diferenciación social relacionados entre sí.,0.0,No hay elementos interseccionales a integrar.,1886,309
312,0.0,No se identifican ejes de diferenciación social entrelazados.,0.0,No se abordan mecanismos estructurales ligados a ejes sociales específicos.,0.0,No hay contextualización sociohistórica de ejes sociales diferenciados.,0.0,No hay método que operacionalice intersecciones de ejes sociales.,0.0,high,,0.0,No se conecta explícitamente con justicia desde una perspectiva interseccional.,0.0,No se documenta agencia o resistencia de sujetos diferenciados.,False,"El paper articula injusticias y vulnerabilidades, pero no especifica ni relaciona ejes sociales diferenciados (género, raza, clase, etc.) entre sí.",0.0,No hay elementos interseccionales a integrar.,2038,285
313,1.0,"El marco conceptual enfatiza la co-construcción de desigualdades raciales y de género, y la necesidad de estrategias integradas.",1.0,"Se centra en los 'underlying reinforcers' de desigualdades estructurales y los drivers de vulnerabilidad, con un enfoque crítico en estructuras de poder.",1.0,"El análisis es situado en Barcelona, con atención a la política local y la historia de la ciudad como 'early adopter' de principios de justicia interseccional.",0.5,"El trabajo es conceptual y de revisión, pero ilustra con ejemplos de proyectos que abordan intersecciones; no hay método empírico propio, pero sí operacionalización en ejemplos.",3.5,high,,1.0,"El objetivo explícito es transformar la adaptación climática hacia la justicia social y ambiental, con recomendaciones para la acción.",1.0,"Se destaca la promoción de activismo y resiliencia comunitaria, reconociendo agencia y estrategias de resistencia.",True,"El paper analiza vulnerabilidades 'compounding and overlapping' y propone abordar formas interconectadas de injusticia social-ambiental, articulando explícitamente género, raza y otros ejes.",1.0,"El marco conceptual integra poder estructural, identidades entrelazadas, contexto situado y praxis transformadora en un análisis coherente.",2002,400
314,1.0,"Explora cómo las identidades de género, casta y etnicidad se entrelazan y no son aditivas ('intra-gender power differences').",1.0,"Refiere a 'institucionalized disparities' y 'power relations associated with caste/ethnic identity', articulando mecanismos estructurales.",1.0,"Contextualiza en el sur de Nepal, con historia de desigualdades institucionalizadas y políticas de inclusión.",1.0,"Utiliza metodología cualitativa para explorar relaciones entre los ejes, no solo variables paralelas.",4.0,high,,1.0,"Orienta el análisis a la transformación de desigualdades ('affirmative action', crítica a la homogeneización de 'mujeres').",1.0,"Reconoce a las mujeres como agentes activas ('active players in adaptation', 'spaces to participate').",True,"El abstract analiza cómo género, casta y etnicidad se relacionan en la participación de mujeres en programas de adaptación climática.",1.0,"Los ejes, estructuras, contexto y agencia se articulan en un análisis coherente sobre participación y poder.",1935,358
315,1.0,Discute cómo los ejes de género y raza están 'entangled' y no son simplemente aditivos o multiplicativos.,1.0,Interpreta los resultados en términos de estructuras de poder y arreglos dominantes que producen injusticias ambientales.,1.0,"Contextualiza los hallazgos en el caso de EE.UU., con referencia a historia y geografía de injusticia ambiental.",1.0,"Utiliza interacciones en modelos de regresión para operacionalizar las intersecciones entre raza, género y clase.",4.0,high,,1.0,El análisis está orientado a la justicia ambiental y discute implicancias para la transformación de desigualdades.,1.0,Reconoce y documenta la agencia y resistencia de mujeres de color frente a injusticias ambientales.,True,"El estudio analiza explícitamente cómo género, raza y clase se relacionan en la exposición a riesgos ambientales y desastres, usando interacciones y teoría interseccional.",1.0,"Los elementos teóricos, empíricos y de justicia se articulan coherentemente en el análisis y la interpretación.",2020,350
316,1.0,"Habla de cuerpos, historias y materialidades diversas como mutuamente constitutivas en el aula y en la experiencia climática.",1.0,"Explicita el análisis de estructuras como colonialismo, supremacía blanca, patriarcado y normatividad corporal como inseparables del cambio climático.",1.0,"Sitúa el análisis en el contexto específico del aula, reconociendo su historia, materialidad y política situada.",1.0,"El método pedagógico de 'composting' integra perspectivas interseccionales y anticoloniales en la práctica docente, no solo en el análisis teórico.",4.0,high,,1.0,"El objetivo explícito es transformar la pedagogía hacia la justicia social y ambiental, con compromiso con la rendición de cuentas y la responsabilidad.",1.0,Reconoce la agencia de estudiantes y docentes en la co-construcción de saberes y resistencias dentro y fuera del aula.,True,"El paper articula género, colonialismo, raza, normatividad corporal y otras diferencias como entrelazadas en la experiencia y pedagogía del cambio climático.",1.0,"Los elementos se articulan coherentemente: el marco estructural y situado informa la práctica pedagógica, que a su vez promueve agencia y justicia.",2056,386
317,0.0,No analiza identidades ni ejes sociales.,0.0,No aborda estructuras de poder social.,0.0,No sitúa hallazgos en contextos sociohistóricos diferenciados.,0.0,No hay método empírico sobre intersecciones sociales.,0.0,high,,0.0,No orienta el análisis a la justicia social o ambiental desde una perspectiva interseccional.,0.0,No trata agencia o resistencia de sujetos diferenciados.,False,"El paper discute marcos de emergencia y gobernanza climática, pero no articula ejes de diferenciación social relacionados entre sí.",0.0,No hay elementos interseccionales a integrar.,2008,265
318,1.0,"Explicita que los dominios estructurales, materiales, sociales e individuales se superponen y co-constituyen la experiencia de las mujeres.",1.0,"Analiza mecanismos estructurales como discriminación, marginalización política, presión social y factores económicos.",1.0,"Sitúa los casos en Senegal, Kenia y EE.UU., y discute cómo los contextos históricos, legales y sociales específicos afectan la agencia.",0.5,"Utiliza estudios de caso para ilustrar la superposición de factores, pero no queda claro si hay un método empírico sistemático de análisis interseccional.",3.5,high,,1.0,Orienta explícitamente el análisis a mejorar programas y políticas para transformar desigualdades y ampliar la agencia de las mujeres.,1.0,"El foco está en la agencia de las mujeres, sus estrategias y capacidades de resistencia frente a presiones estructurales.",True,"El paper analiza cómo género, clase/economía, marginalización política y factores globales se combinan para influir en la agencia de las mujeres respecto a la mutilación/corte genital.",1.0,"Los elementos (estructuras, identidades, contexto, agencia) se articulan en un análisis coherente sobre la agencia y la opresión.",2117,387
319,0.0,No se abordan identidades sociales ni sus interrelaciones.,0.0,No se discuten estructuras de poder ni mecanismos de opresión.,0.0,"El contexto es geográfico y técnico, no sociohistórico ni político.",0.0,No hay operacionalización de intersecciones sociales; el método es técnico.,0.0,high,,0.0,No hay orientación a la justicia social o ambiental más allá de la sostenibilidad técnica.,0.0,No se reconoce agencia ni resistencia de sujetos sociales.,False,"El paper solo considera factores socioeconómicos como distancia a carreteras o centros urbanos, sin articular ejes de diferenciación social (género, clase, etnia, etc.) como relacionados entre sí.",0.0,No hay elementos interseccionales presentes para integrar.,2110,292
320,0.0,"Los ejes de diferenciación social solo se usan como variables de estratificación, no como identidades entrelazadas.",0.0,No se abordan mecanismos estructurales de poder; el análisis es puramente epidemiológico.,0.0,El contexto es geográfico (Alabama) pero no se sitúa sociohistóricamente la diferenciación social.,0.0,No hay análisis de interacciones entre ejes sociales; solo estratificación paralela.,0.0,high,,0.0,No hay orientación a la justicia ni recomendaciones transformadoras.,0.0,Los sujetos no son representados como agentes; solo como casos en registros.,False,"Aunque estratifica por género, edad y raza, los ejes se analizan por separado y no se articulan como relacionados entre sí.",0.0,No hay integración de elementos interseccionales.,2012,307
321,0.5,"Se mencionan múltiples ejes (género, clase, edad, localización) pero el análisis parece tratar los ejes de forma agregada o paralela, no como mutuamente constitutivos.",0.5,"Se discuten implicancias de justicia ambiental y cómo las políticas pueden obscurecer desigualdades, pero no se profundiza en mecanismos estructurales.",0.5,"El análisis se sitúa en el contexto sueco y sus agencias, pero el tratamiento del contexto es más institucional que sociohistórico profundo.",0.0,"No hay operacionalización empírica de intersecciones; el método es análisis discursivo de documentos, sin análisis interaccional de subgrupos.",1.0,high,,0.5,"Se mencionan implicancias para la justicia ambiental y la necesidad de enfoques más inclusivos, pero la orientación transformadora es limitada.",0.0,No se documenta agencia o resistencia de sujetos; el foco está en representaciones institucionales.,True,"El paper analiza cómo las agencias gubernamentales representan diferencias sociales como género, clase, edad y localización, y discute sus interrelaciones en el contexto de la política climática.",0.5,"Los elementos de diferencia social y justicia ambiental están conectados en el análisis, pero la integración es parcial y más programática que sustantiva.",1958,408
322,0.5,"Se mencionan múltiples ejes (capitalismo, ruralidad, posición en el sistema global), pero no se profundiza en identidades entrelazadas a nivel de género, etnia u otros; el foco es más estructural que identitario.",1.0,"El análisis se centra en mecanismos estructurales: expansión capitalista, colonialidad, y cómo estas estructuras interactúan con el cambio climático.",1.0,"El estudio está situado en Aboadze, Ghana, con contexto histórico y geográfico detallado sobre la expansión de fronteras y el impacto local.",1.0,El método etnográfico y el marco de doble exposición permiten analizar la interacción entre procesos estructurales y vulnerabilidad local.,3.5,high,,1.0,"El trabajo tiene una orientación crítica explícita, buscando transformar la comprensión de la vulnerabilidad y llamando a análisis más justos y matizados.",0.5,"Se menciona la capacidad de adaptación y agencia comunitaria, pero el énfasis está más en la vulnerabilidad que en la resistencia activa.",True,"El paper analiza cómo la expansión capitalista y el cambio climático interactúan para producir vulnerabilidad en una comunidad costera, articulando al menos clase, territorio y relaciones globales como ejes relacionados.",1.0,"El análisis integra poder estructural, contexto, método y orientación crítica en una narrativa coherente sobre la doble exposición.",2037,416
323,0.0,No analiza cómo los ejes se co-construyen; solo menciona factores de vulnerabilidad por separado.,0.0,No teoriza mecanismos estructurales; atribuye riesgos a factores agregados y acceso a servicios.,0.0,"El contexto es geográfico (Harris County), pero no hay análisis sociohistórico de los ejes de diferenciación.",0.0,No hay operacionalización empírica de intersecciones; usa variables paralelas.,0.0,high,,0.0,"El enfoque es descriptivo y orientado a planificación, sin marco crítico de justicia.",0.0,No se documenta agencia ni resistencia de los sujetos; solo se describen riesgos.,False,"El paper menciona factores de vulnerabilidad social (estatus socioeconómico, factores demográficos) pero no articula dos o más ejes de diferenciación social como relacionados entre sí; los trata como variables separadas en el análisis de riesgo.",0.0,"No hay integración de elementos interseccionales, ya que no se articulan ejes ni estructuras.",2109,343
324,0.0,No se identifican ejes sociales entrelazados; el foco está en gobernanza y conocimiento.,0.0,No se abordan mecanismos de poder estructural ligados a ejes sociales.,0.0,"El contexto es ecológico y de gobernanza, no de diferenciación social situada.",0.0,No hay operacionalización empírica de intersecciones sociales.,0.0,high,,0.0,No se orienta a la transformación de desigualdades sociales interseccionales.,0.0,No se documenta agencia o resistencia de sujetos diferenciados socialmente.,False,"El paper discute conflictos entre gobernanza, conservación y medios de vida, pero no articula explícitamente dos o más ejes de diferenciación social (como género, clase, etnia, etc.) como relacionados entre sí.",0.0,"No aplica, ya que no hay elementos interseccionales presentes.",2069,312
325,0.0,No se identifican ejes sociales específicos ni su entrelazamiento.,0.0,No se abordan mecanismos estructurales específicos de opresión ligados a ejes sociales diferenciados.,0.0,No hay contextualización sociohistórica de grupos diferenciados.,0.0,No hay método empírico ni operacionalización de intersecciones.,0.0,high,,0.0,"Aunque hay orientación a la justicia, no se vincula a análisis interseccional.",0.0,No se discute agencia o resistencia de sujetos diferenciados.,False,El abstract menciona justicia social y ambiental pero no articula dos o más ejes de diferenciación social relacionados entre sí.,0.0,No hay elementos interseccionales a integrar.,1806,281
326,1.0,Se problematiza la noción dominante de violencia de género mostrando cómo ser mujer rural implica una posición específica frente a la violencia ambiental y climática.,1.0,"El análisis enfatiza causas estructurales (conflicto armado, desigualdad, violencia ambiental) y critica marcos reduccionistas.",1.0,"El contexto colombiano, el proceso de paz y la historia de violencia ambiental están detalladamente situados.",0.5,"El enfoque es teórico y crítico, no empírico; la operacionalización es conceptual, no metodológica, pero articula categorías interseccionales en el análisis.",3.5,high,,1.0,El objetivo explícito es transformar la comprensión y abordaje de la violencia de género en la política de paz y justicia ambiental.,0.5,"Se reconoce la experiencia y agencia de las mujeres rurales, aunque la agencia no es el foco central.",True,El paper analiza cómo el género y la ruralidad (y en parte clase y territorio) se entrelazan en la experiencia de violencia ambiental y climática en el contexto del posconflicto colombiano.,1.0,"El análisis integra género, ruralidad, estructuras de violencia y contexto político en una crítica coherente y situada.",1976,380
327,0.0,No hay evidencia de análisis de identidades entrelazadas.,0.0,No se articulan mecanismos estructurales específicos.,0.0,No se sitúan hallazgos en contextos sociohistóricos concretos.,0.0,No se describe ningún método empírico interseccional.,0.0,high,,0.0,No se evidencia orientación a la justicia más allá de menciones generales.,0.0,No se documenta agencia o resistencia de sujetos.,False,"El abstract menciona 'intersectional inequities' y una variedad de enfoques, pero no articula explícitamente dos o más ejes de diferenciación social como relacionados entre sí; la referencia es general y programática.",0.0,No hay elementos interseccionales sustantivos a integrar.,2000,289
328,0.5,"Menciona intersección de género y minoría racial/sexual, pero trata los ejes más como aditivos que co-constitutivos.",1.0,"Se refiere explícitamente a factores estructurales (subyugación colonial, crisis económicas, desastres, acceso desigual a salud).",1.0,"Contextualiza en la historia política de Puerto Rico, desastres recientes y el sistema de salud local.",0.0,No hay evidencia de método empírico que operacionalice intersecciones; el análisis es descriptivo y basado en observaciones.,1.5,high,,0.5,"Señala la necesidad de abordar factores estructurales y la subrepresentación, pero no desarrolla recomendaciones transformadoras.",0.0,No se documenta agencia o resistencia de los sujetos; se los presenta como población vulnerable y desconectada.,True,"El abstract articula género (trans, GNC), raza/etnicidad (minorías, Puerto Rico), y estatus minoritario como relacionados en la vulnerabilidad ante COVID-19 y OUD.",0.5,"Los elementos de contexto, poder estructural y ejes de diferenciación están presentes y parcialmente conectados, pero no se integran en un análisis interseccional coherente.",2108,393
329,0.0,No se identifican ejes de diferenciación social entrelazados.,0.0,"No se abordan estructuras de poder social como racismo, género o clase.",0.0,No hay contextualización sociohistórica de ejes sociales.,0.0,No hay método empírico que operacionalice intersecciones sociales.,0.0,high,,0.0,No se orienta a la transformación de desigualdades sociales.,0.0,No se documenta agencia o resistencia de sujetos diferenciados socialmente.,False,"El abstract se centra en enfoques posthumanistas y relacionales, pero no articula explícitamente dos o más ejes de diferenciación social relacionados entre sí.",0.0,No hay elementos interseccionales presentes para articular.,1977,284
330,0.0,Solo se analiza la pobreza; no se exploran identidades entrelazadas.,0.0,No se teoriza el poder estructural más allá de la pobreza.,0.0,No se contextualizan múltiples ejes en un marco sociohistórico.,0.0,No hay método interseccional; solo se aborda la pobreza.,0.0,high,,0.0,No hay orientación explícita a la justicia interseccional.,0.0,No se documenta agencia o resistencia de sujetos diferenciados.,False,"El paper solo articula la pobreza como eje central de vulnerabilidad, sin relacionarla sustantivamente con otros ejes de diferenciación social.",0.0,No hay elementos interseccionales que integrar.,1910,278
331,0.5,"Trata raza y vulnerabilidad ambiental, pero los analiza principalmente de forma aditiva/comparativa (exposición de cementerios negros vs. otros).",1.0,Explicita mecanismos estructurales de racismo ambiental y patrones de exposición racializada.,1.0,"Contextualiza en Cancer Alley, Louisiana, con referencias a historia local, política de siting industrial y activismo.",0.5,"El método GIS compara exposición por raza, pero no modela interacciones complejas; subgrupos descriptivos.",2.5,high,,1.0,Conecta explícitamente con justicia ambiental y movilización para transformar desigualdades en la gestión y preservación.,1.0,Documenta agencia y resistencia de activistas ambientales afroamericanos frente a la injusticia.,True,El estudio articula raza y vulnerabilidad ambiental como ejes relacionados en la exposición diferencial de cementerios afroamericanos a riesgos multihazard.,0.5,"Los elementos (estructura, contexto, agencia) están presentes y parcialmente conectados, pero el análisis de intersección de ejes es limitado.",2079,355
332,0.5,"Se mencionan varios ejes (género, SES, migración) pero no se analiza cómo se co-construyen; el enfoque parece aditivo o paralelo.",0.5,"Se reconocen vulnerabilidades sociales e institucionales y la marginalización, pero no se explicitan mecanismos estructurales (racismo, patriarcado, etc.).",0.5,"El contexto de Pakistán y Karachi está presente, pero el análisis sociohistórico es superficial.",0.0,"Es una revisión conceptual, no hay operacionalización empírica de intersecciones ni método interaccional.",1.0,high,,0.5,"Se orienta a la inclusión y políticas sensibles, pero la dimensión de justicia es mencionada sin desarrollo crítico.",0.0,No se documenta agencia o resistencia de los sujetos; se los presenta como grupos vulnerables.,True,"El abstract menciona explícitamente la necesidad de un enfoque integrado para vulnerabilidades de subgrupos marginados como género, estatus socioeconómico, historia de desplazamiento y migración, sugiriendo relaciones entre ejes.",0.5,"Los elementos están parcialmente integrados en el marco de vulnerabilidad, pero la articulación entre ejes y estructuras es limitada.",1931,387
333,1.0,"Explica que la oportunidad de empoderamiento fue solo para mujeres de clase media-alta y castas dominantes, mostrando posiciones interseccionales específicas.",1.0,"Analiza mecanismos estructurales de poder (política económica, estructuras de casta y clase) que median el acceso y la exclusión.",1.0,"Contextualiza en la transición energética de India, el caso específico de Gujarat y las políticas de desarrollo rural.",1.0,"Utiliza métodos mixtos para captar cómo las intersecciones de género, clase y casta configuran la experiencia de las mujeres en el parque solar.",3.5,high,,1.0,Critica explícitamente la reproducción de desigualdades y advierte sobre el riesgo de intervenciones que exacerban exclusión; orientado a la justicia social.,0.5,"Menciona la (des)empoderamiento y la exclusión, pero la agencia de las mujeres aparece marginalmente, más como víctimas de estructuras.",True,"El paper analiza cómo los esquemas de empoderamiento femenino en el parque solar reproducen asimetrías de clase y casta, articulando género, clase y casta como ejes relacionados.",1.0,"El análisis articula coherentemente los ejes, estructuras, contexto y método para explicar los efectos interseccionales de la política energética.",2012,403
334,0.5,"Reconoce diferencias dentro de las categorías de género y menciona identidades sociales, pero la operacionalización parece limitada a género y tribalidad tratados en paralelo.",1.0,"Analiza relaciones de poder, distribución de recursos y normas culturales que estructuran las experiencias de género y clima.",1.0,"Sitúa el análisis en India, especialmente en comunidades tribales, y discute cambios agrarios y de gobernanza en contexto histórico y geográfico.",0.5,"Presenta ejemplos micro de análisis de género y una meta-síntesis de casos, pero no queda claro si el método capta interacciones más allá de subgrupos descriptivos.",2.0,medium,,1.0,"El trabajo está orientado a la transformación y la relevancia política, con recomendaciones explícitas para la justicia de género y climática.",0.5,"Menciona conflicto y cooperación, pero la agencia de los sujetos aparece solo marginalmente.",True,"El abstract discute cómo las experiencias de mujeres y hombres frente al cambio climático dependen de posiciones sociales específicas y relaciones de producción/reproducción, y menciona el trabajo con comunidades tribales.",0.5,"Los elementos de poder, contexto y justicia están presentes y parcialmente conectados, pero la integración entre identidades entrelazadas y método es limitada.",1942,398
335,1.0,Habla de 'intersectional drivers of precarity and trauma' y utiliza marcos de feminismo interseccional y pensamiento radical negro.,1.0,"Analiza explícitamente el racismo estructural, el capitalismo racial y la historia de deshumanización como mecanismos de opresión.",1.0,"Contextualiza en la historia específica de racismo ambiental y habitacional en Washington, DC.",1.0,"Utiliza métodos cualitativos (archivos, historias orales, entrevistas) que permiten captar experiencias interseccionales y estrategias situadas.",4.0,high,,1.0,El objetivo es explícitamente transformar estructuras opresivas mediante un marco abolicionista y de justicia climática.,1.0,Documenta agencia y prácticas de cuidado y sanación de los propios residentes como formas de resistencia.,True,"El abstract articula raza, género y clase como ejes entrelazados en la experiencia de vulnerabilidad y resistencia en barrios mayoritariamente negros de Washington, DC.",1.0,"El análisis articula poder estructural, identidades entrelazadas, contexto histórico y agencia en una propuesta coherente de justicia climática abolicionista.",1954,366
336,0.0,No hay análisis de identidades sociales ni de sus interrelaciones.,0.0,No se abordan estructuras de poder ni mecanismos de opresión social.,0.0,"El contexto es ecológico y de gobernanza, no sociohistórico de diferenciación social.",0.0,No hay operacionalización empírica de intersecciones sociales.,0.0,high,,0.0,No se orienta a la justicia social ni a la transformación de desigualdades sociales.,0.0,No se documenta agencia ni resistencia de sujetos diferenciados socialmente.,False,El paper no articula dos o más ejes de diferenciación social como relacionados entre sí; se centra en enfoques de paisaje y gobernanza sin analizar identidades sociales entrelazadas.,0.0,No hay elementos interseccionales presentes para articular.,2022,298
337,0.0,No se identifican ejes de diferenciación social entrelazados.,0.0,No se articula poder estructural en términos de ejes sociales diferenciados.,0.0,No hay contextualización interseccional sociohistórica de ejes sociales.,0.0,No hay método que operacionalice intersecciones de ejes sociales.,0.0,high,,0.0,No se observa orientación a la justicia desde una perspectiva interseccional.,0.0,No se documenta agencia o resistencia de sujetos en términos interseccionales.,False,"Aunque el abstract menciona 'intersections' entre orden geopolítico, cambio climático, guerra y explotación de recursos, no articula dos o más ejes de diferenciación social (como género, raza, clase, etc.) como relacionados entre sí.",0.0,No hay elementos interseccionales a integrar.,2057,308
338,0.0,No hay análisis de identidades entrelazadas.,0.0,No se articulan mecanismos estructurales de opresión.,0.0,No se sitúan hallazgos en un contexto sociohistórico de ejes interseccionales.,0.0,No hay método que operacionalice intersecciones sociales.,0.0,high,,0.0,No hay orientación explícita a la justicia desde un marco interseccional.,0.0,No se documenta agencia o resistencia de sujetos diferenciados.,False,"El abstract menciona temas de justicia social/racial y cambio climático, pero no articula dos o más ejes de diferenciación social como relacionados entre sí; se centra en la integración de diseño y planificación.",0.0,No hay elementos interseccionales a integrar.,1926,290
339,0.5,"Se abordan marginalización y ruralidad/campesinado, pero no se exploran como posiciones co-constitutivas sino como grupos afectados por políticas.",1.0,"El análisis se centra en cómo los marcos discursivos y las políticas estructurales (land grabbing, climate security) configuran el acceso y control de recursos.",1.0,"Contextualiza en la historia reciente de Mali, el Sahel, y la política agraria nacional, situando los procesos en tiempo y espacio.",0.0,No hay operacionalización empírica de intersecciones; el análisis es teórico y discursivo.,2.0,high,,1.0,"El trabajo está explícitamente orientado a la justicia agraria y climática, proponiendo alternativas transformadoras y criticando marcos hegemónicos.",1.0,Documenta la agencia de los movimientos campesinos y su resistencia mediante la creación de comisiones de tierras y redes de acción.,True,"El paper analiza cómo los marcos de 'climate security' y 'agrarian climate justice' afectan a grupos campesinos marginados en Mali, articulando diferenciaciones de clase, ruralidad y marginalización política.",0.5,"El análisis integra poder estructural, contexto y praxis, pero la articulación de identidades entrelazadas es parcial y no se operacionaliza empíricamente.",1962,408
340,0.0,No hay análisis de ejes de diferenciación social.,0.0,No se abordan estructuras de poder social.,0.0,No se sitúan hallazgos en contextos sociohistóricos de opresión o diferenciación social.,0.0,No hay método para operacionalizar intersecciones sociales.,0.0,high,,0.0,No hay orientación explícita a la justicia social o ambiental desde una perspectiva interseccional.,0.0,No se analiza agencia o resistencia de sujetos diferenciados socialmente.,False,El paper no articula dos o más ejes de diferenciación social relacionados entre sí; se enfoca en prácticas de diseño y sostenibilidad sin analizar identidades sociales entrelazadas.,0.0,No hay elementos interseccionales a integrar.,1996,287
341,0.0,No se identifican ejes de diferenciación social entrelazados.,0.0,No se detallan mecanismos estructurales vinculados a ejes sociales.,0.0,No se sitúan hallazgos en contextos sociohistóricos específicos.,0.0,No se describe un método que operacionalice intersecciones.,0.0,high,,0.0,No se explicita una orientación a la justicia desde la interseccionalidad.,0.0,No se menciona agencia o resistencia de sujetos diferenciados.,False,"El abstract menciona enfoques decoloniales y justicia climática, pero no articula explícitamente dos o más ejes de diferenciación social como relacionados entre sí.",0.0,No hay elementos interseccionales a integrar.,1894,285
342,1.0,Analiza cómo ser mujer indígena (Ojibwe) y la experiencia palestina/israelí se co-constituyen en la resistencia anti-colonial y ecofeminista.,1.0,"El colonialismo, patriarcado y ocupación son tratados como estructuras que configuran las posibilidades de agencia y resistencia.",1.0,"Sitúa los análisis en contextos históricos y geopolíticos específicos (Ojibwe, Palestina/Israel, ciencia ficción indígena).",1.0,"El análisis literario explora explícitamente las intersecciones entre género, indigeneidad y colonialismo en los textos seleccionados.",4.0,high,,1.0,"El trabajo está orientado a la transformación y justicia decolonial y ambiental, proponiendo futuros optimistas desde la resistencia.",1.0,Documenta agencia y resistencia: los personajes y comunidades usan estrategias para la autodeterminación y recuperación de tierras.,True,"El abstract articula género, indigeneidad, colonialismo y nacionalidad como ejes entrelazados en la resistencia y la agencia en contextos de ciencia ficción y cambio climático.",1.0,"Los elementos se articulan en un análisis coherente donde las estructuras de poder, identidades entrelazadas, contexto y agencia se integran en la interpretación de los textos.",2181,394
343,0.0,No se mencionan identidades sociales ni ejes de diferenciación.,0.0,No hay referencia a estructuras de poder o mecanismos sociales.,0.0,"El contexto es geográfico y geológico, no sociohistórico.",0.0,No hay operacionalización de intersecciones sociales.,0.0,high,,0.0,No se aborda justicia social ni transformación de desigualdades.,0.0,No se consideran sujetos sociales ni agencia.,False,El paper no articula ejes de diferenciación social; se centra exclusivamente en riesgos geológicos y de infraestructura.,0.0,No hay elementos interseccionales presentes para integrar.,2136,258
344,1.0,"Analiza cómo la identidad indígena, la pertenencia rural y la posición frente al Estado se co-constituyen en las luchas por la tierra y el clima.",1.0,"Explicita mecanismos estructurales: concentración de poder, acaparamiento de tierras, colonialismo interno, y relaciones Estado-comunidades.",1.0,"Contextualiza en la historia política de Myanmar, la democratización, y la geografía específica (Tanintharyi, territorios indígenas).",1.0,"El análisis compara niveles (local, regional, nacional) y documenta cómo las intersecciones de ejes sociales estructuran la acción colectiva.",4.0,high,,1.0,"El trabajo está orientado explícitamente a la transformación y la justicia agraria y climática, con recomendaciones y crítica situada.",1.0,Documenta agencia y resistencia: estrategias de comunidades indígenas y rurales para establecer territorios y redes de lucha.,True,"El abstract articula cómo las luchas por justicia agraria y climática involucran comunidades indígenas, relaciones de poder estatal y étnico, y procesos de democratización, mostrando ejes de diferenciación social relacionados.",1.0,"Los elementos se articulan en un análisis coherente: el poder estructural explica las identidades entrelazadas, situadas en contexto, con agencia y orientación a la justicia.",1930,405
345,0.5,"Reconoce la insuficiencia del binarismo de género y menciona la necesidad de un enfoque interseccional, pero no detalla cómo se entrelazan otros ejes.",0.5,"Identifica normas socioculturales y supuestos institucionales como barreras estructurales, pero no teoriza mecanismos complejos de poder.",1.0,El estudio se sitúa explícitamente en comunidades rurales costeras de Bangladesh y discute el contexto local.,0.5,"Analiza organizaciones lideradas por mujeres pobres, pero no queda claro si el método operacionaliza intersecciones más allá del género y pobreza.",2.0,high,,0.5,"Propone que la adaptación debe orientarse a la justicia de género interseccional, pero las recomendaciones son generales.",1.0,Documenta la agencia de mujeres líderes en la formación y sostenimiento de organizaciones comunitarias.,True,El paper critica el enfoque dicotómico de género y aboga por una perspectiva interseccional en la adaptación comunitaria.,0.5,"Los elementos interseccionales aparecen en la discusión y recomendaciones, pero no se integran plenamente en el análisis empírico.",1962,375
346,0.0,No se identifican ejes de diferenciación social entrelazados.,0.0,No se abordan estructuras de poder específicas ni mecanismos de opresión.,0.0,No se sitúan hallazgos en contextos sociohistóricos específicos.,0.0,No hay método empírico que operacionalice intersecciones.,0.0,high,,0.0,No se menciona orientación a la justicia o transformación de desigualdades.,0.0,No se documenta agencia o resistencia de sujetos diferenciados.,False,El abstract no articula explícitamente dos o más ejes de diferenciación social relacionados entre sí; se centra en la incertidumbre y conceptos geográficos generales.,0.0,No hay elementos interseccionales presentes para articular.,1911,283
347,0.0,No analiza identidades entrelazadas; el foco es en sistemas de conocimiento y valores culturales.,0.0,No teoriza mecanismos de poder estructural ligados a ejes sociales diferenciados.,0.0,No sitúa hallazgos en términos de posiciones sociales diferenciadas.,0.0,No hay operacionalización empírica de intersecciones sociales.,0.0,high,,0.0,"Aunque menciona justicia social y ambiental, no lo hace desde una perspectiva interseccional.",0.0,No documenta agencia/resistencia de sujetos diferenciados socialmente.,False,"El paper compara y pone en diálogo cosmovisiones (aloha 'āina y economía circular) y saberes indígenas, pero no articula explícitamente dos o más ejes de diferenciación social como relacionados entre sí.",0.0,No hay elementos interseccionales a integrar.,2089,304
348,0.5,"Distingue entre subgrupos (tripulantes, pescadores, dueños de botes, comerciantes) y etnicidad, pero trata los ejes principalmente de forma aditiva/descriptiva.",0.5,"Menciona inequidades y relaciones de poder en el acceso a recursos y ayuda estatal, pero no teoriza mecanismos estructurales en profundidad.",0.5,"Contextualiza en Fiji y la situación de Indo-Fiyianos, pero el análisis del contexto sociohistórico es limitado.",0.5,"El método distingue subgrupos y roles, pero no analiza interacciones entre ejes ni operacionaliza intersecciones de manera explícita.",1.5,high,,0.5,"Sugiere que el análisis puede informar políticas para evitar ampliar inequidades, pero la orientación a la justicia es incipiente.",0.5,"Menciona respuestas y estrategias de los actores ante las crisis, pero la agencia no es un foco central.",True,"El paper analiza cómo las relaciones de poder social y las inequidades afectan a diferentes subgrupos de Indo-Fiyianos en la pesca artesanal, articulando clase, ocupación y etnicidad.",0.5,"Los elementos (poder, subgrupos, contexto, agencia) están presentes pero no se articulan en un marco interseccional coherente.",2125,411
349,0.0,Solo se analiza género; no se articulan otros ejes.,0.0,El análisis de poder se limita a estructuras de género.,0.0,No se contextualizan múltiples ejes en un marco sociohistórico.,0.0,No hay operacionalización empírica de intersecciones.,0.0,high,,0.0,"No se aborda la justicia interseccional, solo género.",0.0,No se documenta agencia interseccional.,False,"El paper solo articula el eje de género en relación con el clima y el conflicto, sin relacionarlo sustantivamente con otros ejes de diferenciación social.",0.0,No hay integración de múltiples ejes; solo género.,2044,272
350,1.0,"Analiza cómo el ser 'aliado' en XR Vancouver implica posiciones específicas de privilegio y opresión, no solo sumatorias (e.g., 'estrategia de racial extractivism', 'alianza decolonial').",1.0,"Explicita mecanismos estructurales: colonialismo de asentamiento, racismo, extractivismo, y cómo configuran la crisis climática y la organización social.",1.0,"Contextualiza en Vancouver, territorio indígena no cedido, y en la historia política de Canadá como petroestado colonial.",0.5,"El método es reflexivo y teórico, no empírico sistemático, pero la reflexión se centra en posiciones interseccionales y alianzas; no hay operacionalización empírica de intersecciones.",3.5,high,,1.0,"Orientación explícita a la transformación: propone una ética de justicia y decolonización para XR, con recomendaciones y crítica situada.",1.0,Reconoce agencia y resistencia: enfatiza la 'política de la negativa' y la capacidad de los sujetos indígenas y aliados para subvertir el estado y proponer alternativas.,True,"El paper articula género, raza, colonialidad y privilegio como ejes entrelazados en la crítica a XR y la propuesta de una ética de alianza decolonial.",1.0,"Los elementos se articulan coherentemente: la crítica estructural, el análisis de posiciones interseccionales y la praxis de justicia se integran en la propuesta ética.",2026,440
351,1.0,"Analiza cómo ser mujer en contextos matrilineales vs. patrilineales produce posiciones específicas, no aditivas.",1.0,"Atribuye la vulnerabilidad a discriminación socioeconómica y cultural derivada de la dominancia patriarcal, explicitando mecanismos estructurales.",1.0,Sitúa el análisis en comunidades específicas (Kom y Oku) y discute diferencias históricas y culturales entre sistemas de parentesco.,1.0,Utiliza el método de historias de vida para captar experiencias interseccionales de mujeres según linaje y estado civil.,3.5,high,,1.0,"Orienta el análisis a la transformación de políticas de adaptación, recomendando la inclusión de perspectivas culturales.",0.5,"Menciona autonomía de algunas mujeres (viudas en sociedades patrilineales), pero la agencia no es un foco central.",True,El paper articula género y etnicidad (matrilinealidad/patrilinealidad) como ejes relacionados en la vulnerabilidad climática.,1.0,"Los ejes, estructuras, contexto y método se articulan coherentemente en el análisis de la vulnerabilidad.",1981,365
352,1.0,"Analiza cómo ser mujer de la mayoría etno-religiosa implica una posición específica de vulnerabilidad, no solo suma de ejes.",1.0,"Explicita mecanismos estructurales como normas patriarcales, redes masculinas y estructuras de poder socio-culturales.",1.0,Contextualiza en la historia y geografía de la migración y normas en la costa de Bangladesh.,0.5,"El análisis es principalmente cualitativo/descriptivo de subgrupos interseccionales, sin método empírico explícito de interacción.",3.5,high,,1.0,"Orienta el análisis a la justicia social y ambiental, con recomendaciones de adaptación inclusiva.",0.5,"Menciona desafíos y estrategias de las mujeres, pero la agencia aparece de modo secundario frente a la victimización.",True,"El paper articula género, clase/ingreso y etno-religión como ejes relacionados en la vulnerabilidad climática.",1.0,"Los ejes, estructuras y contexto se articulan en un análisis coherente que explica la vulnerabilidad y la injusticia.",2097,356
353,0.5,"Reconoce la importancia de las intersecciones (género, casta, clase), pero el análisis principal se centra en género y la interseccionalidad aparece como recomendación.",0.5,"Se discuten estructuras como la casta y la clase, pero no se profundiza en mecanismos estructurales; el foco está en la política y su lenguaje.",0.5,"El contexto es India y sus políticas estatales, pero el análisis es más normativo que situado sociohistóricamente.",0.0,No hay método empírico que operacionalice intersecciones; es una revisión de documentos con foco en género.,1.0,high,,0.5,"Se orienta a mejorar la justicia de género en políticas, pero la dimensión transformadora/interseccional es más una recomendación que un análisis desarrollado.",0.0,No se documenta agencia o resistencia de sujetos; el foco está en el nivel de política.,True,"El abstract menciona la necesidad de expandir la conceptualización de género para incluir intersecciones con casta, clase y recursos.",0.5,"La integración es parcial: se reconoce la necesidad de un enfoque interseccional, pero los elementos no se articulan en el análisis principal.",2045,390
354,1.0,"Explora cómo ser joven indígena, abuela mayor, etc., son posiciones específicas en la lucha contra el extractivismo y la criminalización.",1.0,"Analiza explícitamente el poder estructural del colonialismo, el Estado, el sistema judicial y la industria fósil.",1.0,Contextualiza en la historia y geografía de territorios indígenas no cedidos en Canadá y la coyuntura política del extractivismo.,1.0,El método de etnografía de sala de tribunal permite observar interacciones entre identidades y estructuras en situaciones concretas.,4.0,high,,1.0,"El trabajo está orientado a la justicia climática y anticolonial, con crítica explícita y llamado a la transformación.",1.0,"Documenta agencia y solidaridad interseccional, estrategias de resistencia y ética del cuidado entre los sujetos.",True,"El abstract analiza cómo la criminalización de la defensa de la tierra afecta a sujetos indígenas y no indígenas de distintas edades y posiciones, y discute la solidaridad interseccional y la ética del cuidado.",1.0,"Los elementos se articulan en un análisis coherente donde el poder estructural, las identidades entrelazadas y la agencia se analizan en contexto y con orientación a la justicia.",2066,387
355,1.0,"Analiza cómo la posición de las comunidades indígenas de Suau es específica, no solo 'indígena' más 'afectada por REDD+', sino una experiencia co-constituida por historia y contexto.",1.0,"Explicita mecanismos estructurales: colonialismo, misión, extracción de recursos y poder global en la gobernanza ambiental.",1.0,"Contextualiza en la historia local de colonización, misión y extracción en Suau, PNG.",1.0,"El método etnográfico permite captar cómo las intersecciones de historia, poder y ontología se manifiestan en la experiencia local.",4.0,high,,1.0,"El análisis es crítico y orientado a la justicia, mostrando cómo los mecanismos globales perpetúan desigualdades y expropiación.",1.0,"Documenta agencia local: resistencia, reinterpretación y temor activo frente a los proyectos, no solo victimización.",True,El paper articula cómo la identidad local (indigeneidad) y la historia de colonización se entrelazan en la experiencia de gobernanza ambiental global.,1.0,"El análisis articula poder estructural, identidades entrelazadas, contexto y agencia en una narrativa coherente sobre la política de la traducción ontológica.",1940,388
356,0.0,No se identifican ejes de diferenciación social entrelazados.,0.0,No se abordan mecanismos de poder estructural ligados a identidades sociales.,0.0,No se sitúan hallazgos en contextos sociohistóricos de ejes sociales diferenciados.,0.0,No hay operacionalización empírica de intersecciones entre ejes sociales.,0.0,high,,0.0,No se orienta a la transformación de desigualdades entre grupos sociales diferenciados.,0.0,No se documenta agencia o resistencia de sujetos diferenciados socialmente.,False,"El paper analiza la intersección discursiva entre la crisis migratoria y la crisis climática, pero no articula dos o más ejes de diferenciación social (como género, raza, clase, etc.) como relacionados entre sí.",0.0,No hay elementos interseccionales sustantivos a integrar.,2080,313
357,0.0,No se identifican ejes múltiples ni su relación.,0.0,No se abordan mecanismos estructurales de poder.,0.0,No hay contextualización sociohistórica específica.,0.0,No se operacionalizan intersecciones en el método.,0.0,high,,0.0,No hay orientación explícita a la justicia social desde una perspectiva interseccional.,0.0,No se documenta agencia o resistencia de los sujetos.,False,"El abstract solo menciona 'vulnerable populations' y personas en crisis de salud mental, sin articular dos o más ejes de diferenciación social relacionados entre sí.",0.0,No hay elementos interseccionales presentes para integrar.,1873,271
358,0.0,No se identifican ejes sociales entrelazados; el foco es generacional y afectivo.,0.0,"No se abordan estructuras de poder social como racismo, patriarcado o clase.",0.0,"El contexto es el movimiento juvenil belga, pero no se sitúan ejes interseccionales.",0.0,No hay operacionalización de intersecciones sociales; el método aborda narrativas y afectos.,0.0,high,,0.0,No se conecta el análisis con justicia social interseccional.,0.0,No se documenta agencia en términos de resistencia a opresiones interseccionales.,False,"El paper analiza la indignación juvenil y la tensión entre imaginarios 'moderno' y 'terrestre', pero no articula dos o más ejes de diferenciación social (como género, raza, clase, etc.) en relación entre sí.",0.0,No hay elementos interseccionales a integrar.,2024,326
359,0.5,"Se mencionan género y otros ejes (colonialidad, desarrollo), pero el análisis se centra en la crítica a la binarización de género más que en la co-construcción de múltiples ejes.",1.0,"El artículo analiza cómo los discursos internacionales y las estructuras de poder (colonialismo, desarrollo) producen vulnerabilidad.",1.0,"Sitúa el análisis en Maasailand, Tanzania, y traza la genealogía histórica y política de los discursos de género.",0.0,No hay operacionalización empírica de intersecciones; el análisis es discursivo y teórico.,2.0,high,,1.0,"El artículo tiene una orientación crítica explícita, abogando por enfoques que transformen los discursos y estructuras que producen vulnerabilidad.",1.0,"Se enfatiza la necesidad de investigar la agencia de las mujeres y lo que ellas hacen frente al cambio climático, no solo su victimización.",True,El paper critica la esencialización de género y aboga por enfoques que reconozcan la interseccionalidad y la agencia de las mujeres en Maasailand.,0.5,"Los elementos críticos y contextuales están bien articulados, pero la operacionalización empírica de las intersecciones es limitada.",2062,386
360,0.5,"Analiza diferencias por edad y raza, pero los trata como categorías aditivas en los análisis, no como posiciones mutuamente constitutivas.",0.5,"Menciona vulnerabilidad y recursos sociales/psicológicos, pero no teoriza mecanismos estructurales como racismo o desigualdad sistémica.",0.5,"Sitúa el estudio en el contexto específico del huracán Harvey en Texas, pero el análisis del contexto sociohistórico es superficial.",0.0,"El método usa regresiones y análisis por subgrupos, pero no modela interacciones entre ejes sociales ni operacionaliza intersecciones.",1.0,high,,0.5,"Menciona la importancia de identificar y mitigar riesgos, pero la orientación a la justicia es limitada y no desarrolla recomendaciones transformadoras.",0.0,"Los sujetos son presentados principalmente como víctimas que requieren servicios, sin documentar agencia o estrategias de resistencia.",True,"El estudio examina variaciones en síntomas de estrés postraumático según edad, raza y desplazamiento, articulando al menos dos ejes de diferenciación social como relacionados.",0.5,"Los elementos (edad, raza, desplazamiento, recursos) se presentan juntos pero no se articulan en un marco interseccional coherente.",2037,393
361,1.0,"Identifica diferencias en impactos y valores a través de intersecciones de identidad (ubicación, raza, etnia, género, edad) y no como sumas aditivas.",1.0,"Explicita la influencia de estructuras sociales y relaciones de poder, incluyendo historias de colonización y normas de género.",1.0,"El análisis es situado en el contexto sociohistórico de Saskatchewan, Canadá, con referencia a historias locales y estructuras específicas.",1.0,El marco empírico identifica diferencias a través de intersecciones de identidad y analiza cómo estas interactúan en la experiencia de los impactos.,4.0,high,,1.0,"Orienta explícitamente a la transformación de políticas de adaptación para que sean más inclusivas y equitativas, abordando causas raíz de la vulnerabilidad.",1.0,Reconoce y valora la agencia local y las acciones que los residentes ya están tomando en respuesta a los peligros.,True,"El paper analiza cómo los impactos y pérdidas por incendios varían según intersecciones de ubicación, raza, etnia, género y edad, y cómo estas diferencias están influidas por estructuras sociales y relaciones de poder.",1.0,"Los elementos de identidad, poder, contexto, método, justicia y agencia están articulados en un análisis coherente que informa recomendaciones prácticas.",2108,392
362,0.0,No se identifican ejes sociales entrelazados.,0.0,No se abordan mecanismos de poder estructural ligados a ejes sociales.,0.0,No hay contextualización sociohistórica de ejes sociales.,0.0,No hay método que operacionalice intersecciones sociales.,0.0,high,,0.0,No se conecta el análisis con justicia desde una perspectiva interseccional.,0.0,No se documenta agencia de sujetos diferenciados socialmente.,False,"El abstract menciona 'intersections between the social, economic, and environmental dimensions', pero no articula ejes de diferenciación social (como género, raza, clase, etc.) relacionados entre sí.",0.0,No hay elementos interseccionales a integrar.,1868,283
363,1.0,"Analiza cómo ser mujer afroamericana con discapacidad en un contexto de colapso climático constituye una posición específica, no aditiva.",1.0,"Explicita mecanismos estructurales: patriarcado, racismo, jerarquías sociales y su relación con la opresión y la violencia.",1.0,"Sitúa el análisis en el contexto sociohistórico de EE.UU. post-apocalíptico, con referencias a racismo, sexismo y crisis climática.",0.0,"El trabajo es teórico-literario, sin operacionalización empírica ni método interseccional aplicado.",3.5,high,,1.0,"El análisis es explícitamente crítico y orientado a la transformación, con énfasis en la crítica a las estructuras de dominación y la propuesta de alternativas (Earthseed).",1.0,La agencia y resistencia de la protagonista y la comunidad Earthseed son centrales en el análisis.,True,"El abstract articula género, raza, clase y discapacidad (hiperempatía) como ejes relacionados en la experiencia de la protagonista y en la crítica ecofeminista.",1.0,"El análisis articula coherentemente los ejes de opresión, el poder estructural, el contexto y la agencia en una crítica ecofeminista integrada.",2228,389
364,0.5,"Se mencionan varios ejes (género, sexualidad, salud, desigualdades globales), pero no queda claro si se analizan como mutuamente constitutivos o solo como temas paralelos.",1.0,"El enfoque es crítico y estructural, abordando poder, violencia, política y desigualdades globales.",0.5,"Se alude a contextos globales y a la diversidad de perspectivas, pero el nivel de contextualización sociohistórica no es detallado en el abstract.",0.5,"Se mencionan contribuciones metodológicas diversas, pero no se especifica si los métodos capturan intersecciones de manera no aditiva.",2.0,medium,,1.0,"El volumen está orientado explícitamente a la transformación y la justicia, promoviendo la paz y soluciones a problemas globales.",1.0,"El enfoque feminista y de paz implica reconocimiento de agencia y resistencia, aunque no se detalla en el abstract.",True,"El abstract indica que el volumen aborda intersecciones entre feminismo, género, paz, justicia y violencia, y menciona explícitamente cuerpos, sexualidades, salud y desigualdades globales, sugiriendo articulación de múltiples ejes.",0.5,"Los elementos aparecen articulados en torno a la crítica feminista y la transformación, pero la integración profunda de los ejes no es completamente evidente en el abstract.",1993,417
365,0.0,No analiza identidades entrelazadas; solo referencia inclusión socioeconómica de forma general.,0.0,No teoriza mecanismos de poder estructural; el enfoque es institucional y sectorial.,0.0,No sitúa hallazgos en contextos sociohistóricos específicos de diferenciación social.,0.0,No operacionaliza intersecciones identitarias en el método.,0.0,high,,0.0,No conecta explícitamente con justicia social o transformación de desigualdades entre grupos sociales diferenciados.,0.0,No documenta agencia o resistencia de sujetos diferenciados.,False,"El paper menciona 'inclusión socioeconómica' y 'equidad social', pero no articula dos o más ejes de diferenciación social (como género, raza, clase, etc.) como relacionados entre sí; se enfoca en la intersección sectorial (agua-energía-alimentos), no identitaria.",0.0,No hay elementos interseccionales sustantivos a integrar.,1949,333
366,0.0,No se identifican ejes de diferenciación social entrelazados.,0.0,No se abordan mecanismos estructurales de poder vinculados a identidades sociales.,0.0,No se sitúan hallazgos en contextos sociohistóricos específicos de diferenciación social.,0.0,No hay método empírico que operacionalice intersecciones de ejes sociales.,0.0,high,,0.0,No se conecta explícitamente el análisis con la transformación de desigualdades interseccionales.,0.0,No se documenta agencia o resistencia de sujetos en posiciones interseccionales.,False,"El abstract discute la integración de pedagogías culturalmente sostenedoras y educación ambiental, pero no articula explícitamente dos o más ejes de diferenciación social como relacionados entre sí.",0.0,No hay elementos interseccionales sustantivos a integrar.,1935,309
367,1.0,"Explora cómo las identidades de género, etnicidad, estatus marital y otras se co-constituyen en la experiencia de acceso a la tierra y adaptación.",1.0,"Articula mecanismos estructurales como normas estatales y no estatales, poder normativo y luchas de poder en torno a derechos de propiedad.",1.0,"Sitúa el análisis en cinco zonas agroecológicas específicas de Camerún y reconoce la especificidad de los contextos musulmán, anglófono y francófono.",1.0,"Analiza empíricamente cómo la interacción de múltiples ejes (género, etnicidad, estatus marital) afecta la adaptación, no solo como variables paralelas.",4.0,high,,1.0,Incluye recomendaciones contextuales para fortalecer la capacidad adaptativa y transformar desigualdades en el acceso a la tierra.,1.0,Documenta cómo las mujeres negocian activamente sus derechos y estrategias de adaptación en contextos normativos complejos.,True,"El paper analiza cómo género, etnicidad, estatus marital y otras identidades interactúan en la adaptación al cambio climático de mujeres rurales en Camerún.",1.0,"El análisis integra identidades, estructuras, contexto, método y praxis en una narrativa coherente sobre la adaptación interseccional.",1991,393
368,0.5,"Menciona raza y clase como factores de vulnerabilidad, pero no queda claro si los analiza como mutuamente constitutivos o solo aditivos.",1.0,"Habla de 'profundas inequidades estructurales' y 'racismo sistémico', lo que indica un enfoque en mecanismos estructurales.",0.5,"Sitúa el análisis en el contexto de la pandemia y la crisis climática global, pero el contexto sociohistórico parece superficial.",0.0,No hay evidencia de un método empírico que operacionalice intersecciones; parece un capítulo teórico o de revisión.,1.0,medium,,0.5,"Reconoce la necesidad de abordar desigualdades, pero no se observa una orientación explícita a la transformación o recomendaciones.",0.0,No se menciona agencia o resistencia de los sujetos; se los presenta como poblaciones vulnerables.,True,El abstract articula raza y clase (comunidades de color y poblaciones de bajos ingresos) como ejes relacionados en la exposición a COVID-19 y cambio climático.,0.5,Los elementos de inequidad estructural y ejes sociales están presentes pero no claramente integrados en un análisis interseccional coherente.,1875,383
369,1.0,Se analiza cómo identidades de género y colonialidad se entrelazan en la ideología carnista y en la lingüística indígena.,1.0,"Se abordan estructuras como el colonialismo, el patriarcado y el racismo en la organización sociopolítica y la ideología nacional.",1.0,"El análisis se sitúa en contextos históricos y geográficos específicos (ej. Argentina, comunidades indígenas) y reconoce la no-universalidad.",0.0,No se describe un método empírico ni operacionalización de intersecciones; es un artículo de agenda y diálogo teórico.,3.5,high,,1.0,"El texto está explícitamente orientado a la transformación y la justicia climática, con énfasis en la praxis y la acción comunitaria.",1.0,Se reconoce la agencia de comunidades indígenas y otros sujetos en la resistencia y reimaginación de la justicia climática.,True,"El abstract articula género, colonialidad, indigeneidad y clase como ejes relacionados en la construcción de identidades y en la justicia climática.",1.0,"Los elementos de poder estructural, identidades entrelazadas, contexto y praxis se articulan en un marco coherente de análisis y propuesta.",1988,381
370,0.0,No se identifican ejes sociales entrelazados.,0.0,No se abordan estructuras de poder social.,0.0,"El contexto es técnico y sectorial, no sociohistórico.",0.0,No hay operacionalización de intersecciones sociales.,0.0,high,,0.0,No se orienta a la justicia social o ambiental desde una perspectiva interseccional.,0.0,No se reconoce agencia de sujetos diferenciados socialmente.,False,"El paper discute la complejidad de variables técnicas y de gobernanza en la resiliencia urbana, pero no articula ejes de diferenciación social (género, clase, raza, etc.) como relacionados entre sí.",0.0,No hay elementos interseccionales a integrar.,2088,284
371,0.0,No analiza identidades entrelazadas.,0.0,No articula estructuras de poder.,0.0,No sitúa hallazgos en contexto sociohistórico específico.,0.0,No operacionaliza intersecciones en el método.,0.0,high,,0.0,No hay orientación explícita a la justicia.,0.0,No documenta agencia o resistencia.,False,El abstract solo menciona género como un área futura de investigación y no articula dos o más ejes de diferenciación social como relacionados entre sí.,0.0,No hay elementos interseccionales a integrar.,1926,250
372,1.0,Habla de 'intersectional subjectivities' y cómo género e inequidades se co-constituyen en la vulnerabilidad y agencia.,1.0,Analiza explícitamente 'inner workings of power' y relaciones de poder estructurales en la adaptación.,1.0,El estudio se sitúa en comunidades rurales de Ghana y enfatiza la importancia del contexto específico.,1.0,Utiliza talleres participativos y co-learning para captar cómo se negocian las intersecciones de poder y género en la práctica.,4.0,high,,1.0,El objetivo es subvertir y renegociar procesos inequitativos y crear caminos hacia la justicia climática.,1.0,Documenta agencia y resistencia en la (re)negociación de subjetividades y relaciones de poder.,True,El abstract articula género e 'inequalities' como interrelacionados y utiliza un 'intersectional subjectivities lens' para analizar poder y agencia.,1.0,"El análisis integra poder estructural, identidades entrelazadas, agencia y contexto en una narrativa coherente orientada a la justicia.",1983,351
373,1.0,"Analiza explícitamente la interacción entre género y migración (ej. 'male non-migrants' vs 'female non-migrants') como posiciones específicas, no solo sumatorias.",1.0,"Utiliza un marco de ecología política y discute relaciones de poder estructurales (ej. acaparamiento de tierras, desigualdad de género, migración forzada).",1.0,"Contextualiza en la costa de Tanzania, con referencia a historia reciente de LSLAs y vulnerabilidad climática local.",1.0,"El análisis empírico incluye interacciones entre género y migración en modelos multivariados, y examina efectos cruzados con clima.",3.0,high,,0.5,Sugiere implicancias de política (priorizar agricultura campesina) pero la orientación a la justicia es limitada y no profundamente desarrollada.,0.0,No se documentan estrategias de agencia o resistencia de los sujetos; el foco está en vulnerabilidad y efectos estructurales.,True,El paper analiza cómo género y migración interactúan en la experiencia de inseguridad alimentaria bajo el impacto combinado de cambio climático y acaparamiento de tierras.,1.0,"El análisis articula poder estructural, identidades entrelazadas, contexto y método en una narrativa coherente sobre vulnerabilidad interseccional.",2087,400
374,0.0,No se mencionan ejes de diferenciación social.,0.0,No hay referencia a estructuras de poder social.,0.0,No se sitúa en contexto sociohistórico de grupos sociales diferenciados.,0.0,No hay método empírico sobre intersecciones sociales.,0.0,high,,0.0,No se orienta a la justicia social interseccional.,0.0,No se aborda agencia o resistencia de sujetos sociales.,False,"El abstract no articula ejes de diferenciación social relacionados; se enfoca en la intersección entre áreas legales, no identidades sociales.",0.0,No hay elementos interseccionales a integrar.,1802,265
375,0.0,No se identifican ejes sociales entrelazados.,0.0,No se abordan estructuras de poder social.,0.0,No hay contextualización sociohistórica de ejes sociales.,0.0,No hay método interseccional aplicado a ejes sociales.,0.0,high,,0.0,No se orienta a la justicia social desde una perspectiva interseccional.,0.0,No se documenta agencia de sujetos diferenciados socialmente.,False,"Aunque menciona 'intersectionality' entre clima, sostenibilidad, ambiente y salud pública, no articula ejes de diferenciación social (género, raza, clase, etc.) como relacionados entre sí.",0.0,No hay elementos interseccionales a integrar.,1927,281
376,0.5,"Se centra en clase/trabajo y ambiente, pero no desarrolla otras identidades ni analiza co-construcción más allá de la clase.",1.0,"El análisis es explícitamente estructural: capitalismo, relaciones laborales, Capitalocene.",0.5,"Menciona trabajadores del Sur y contexto global, pero el contexto sociohistórico es general.",0.0,No se describe un método empírico ni operacionalización de intersecciones.,2.0,high,,1.0,"Orientación explícita a la transformación y justicia: lucha sindical, crítica al green growth.",1.0,Enfatiza la agencia de los trabajadores y el movimiento laboral global.,True,"El abstract articula clase y trabajo como ejes constitutivos de la experiencia climática, y explora su intersección con el ambientalismo.",0.5,"Integra agencia, poder estructural y praxis, pero la articulación de identidades entrelazadas es parcial y centrada en clase.",1948,332
377,0.5,"Trata raza/etnicidad y clase como factores de vulnerabilidad, pero los analiza principalmente como aditivos, no como mutuamente constitutivos.",1.0,"Explicita mecanismos estructurales (racismo, desigualdad económica, fallas institucionales) como causas de trauma interseccional.",1.0,"Sitúa los casos en contextos sociohistóricos y geográficos específicos (Flint, Katrina, Maria, COVID-19 en EE.UU.).",0.0,No hay evidencia de método empírico que operacionalice intersecciones; es una revisión conceptual/comparativa.,2.0,high,,1.0,Orienta el análisis hacia la transformación y estrategias de mitigación de desigualdades en salud pública.,0.5,"Menciona la agencia en términos de confianza/desconfianza y participación cívica, pero no desarrolla estrategias de resistencia de los sujetos.",True,El paper articula raza/etnicidad y clase como ejes relacionados en la producción de trauma y desigualdades en salud mental.,0.5,"Los elementos estructurales y contextuales se articulan, pero la integración entre identidades entrelazadas y agencia es parcial.",2040,377
378,1.0,"Analiza cómo ser joven, mujer y vivir en ciertas localidades constituye una posición específica con efectos particulares.",1.0,"Explicita mecanismos estructurales: la intersección de edad, género y localización inhibe la toma de decisiones y el acceso a ingresos.",1.0,"Contextualiza en Ghana, en hogares rurales dependientes de la agricultura de secano, y vincula con dinámicas históricas y geográficas.",0.5,"El análisis describe subgrupos interseccionales (jóvenes mujeres rurales), pero no se evidencia un método empírico de interacción formal.",2.0,high,,0.5,"Menciona desigualdades y restricciones, pero no explicita recomendaciones ni una orientación transformadora clara.",0.0,No se documenta agencia ni estrategias de resistencia de las jóvenes mujeres; se presentan principalmente como afectadas.,True,"El abstract articula género, edad y localización como ejes interrelacionados que afectan la seguridad alimentaria bajo el cambio climático.",0.5,"Los elementos de identidad, estructura y contexto están articulados, pero la praxis y agencia quedan poco desarrolladas.",1860,363
379,0.5,"Menciona género y migración, pero no queda claro si analiza posiciones co-constituidas (ej. mujeres inmigrantes) o solo ejes paralelos.",0.5,"Se refiere a estructuras como el mercado laboral flexible y la precariedad, pero no teoriza mecanismos estructurales en profundidad.",1.0,"Contextualiza en áreas periurbanas específicas de España y el Mediterráneo, con referencias a historia y geografía local.",0.5,"El enfoque empírico parece describir subgrupos (género, migración) pero no se evidencia análisis interaccional explícito.",2.0,medium,,0.5,"Menciona preocupaciones éticas, de justicia y políticas, pero no desarrolla una orientación transformadora clara.",1.0,Reconoce agencia y estrategias de los trabajadores inmigrantes en sus luchas por seguridad alimentaria y movilidad.,True,"El paper articula migración, género y clase (trabajo agrícola inmigrante, empleo generizado, estrategias de subsistencia) como relacionados en la transformación de sistemas agroalimentarios.",0.5,"Los elementos (contexto, agencia, estructuras) están presentes pero la articulación entre ejes y estructuras es parcial.",2063,381
380,1.0,"Habla de cómo las crisis 'amplifican, componen y crean nuevas formas de injusticia' y de la 'co-producción' de injusticias, lo que implica ejes mutuamente constitutivos.",1.0,"Se refiere a 'inequidades estructurales y marginaciones sistémicas', y a la producción estructural, material y discursiva de injusticias.",1.0,"Reconoce la especificidad de las crisis globales y su manifestación 'a través de escalas y sitios', situando el análisis en contextos sociohistóricos concretos.",0.5,"El abstract sugiere un análisis conceptual y crítico, pero no detalla un método empírico interseccional; parece más teórico, aunque con enfoque en la interacción de crisis.",3.5,high,,1.0,El enfoque feminista y la atención a la injusticia estructural implican una orientación explícita hacia la transformación y la justicia.,0.5,"No se documenta agencia o resistencia de sujetos en el abstract, pero el enfoque feminista sugiere al menos una consideración marginal de agencia.",True,"El abstract menciona explícitamente un análisis interseccional y la co-producción de injusticias estructurales, materiales y discursivas, abordando múltiples ejes de marginalización como interconectados.",1.0,"El análisis articula explícitamente los ejes, estructuras y contextos en una lectura coherente de las crisis superpuestas.",1882,434
381,0.0,No se identifican ejes sociales entrelazados.,0.0,No se abordan estructuras de poder social.,0.0,No hay contextualización sociohistórica de ejes sociales.,0.0,No hay método interseccional aplicado a ejes sociales.,0.0,high,,0.0,No se orienta a la justicia social o transformación de desigualdades sociales.,0.0,No se documenta agencia o resistencia de sujetos sociales diferenciados.,False,"El abstract menciona la 'complejidad de la intersección entre sistemas humanos y naturales', pero no articula dos o más ejes de diferenciación social relacionados entre sí.",0.0,No hay elementos interseccionales a integrar.,1912,278
382,0.0,Solo género tratado como eje principal; otras diferencias solo mencionadas.,0.0,No se articula poder estructural más allá de factores socioeconómicos generales.,0.0,"Contexto nacional y estatal, pero sin análisis interseccional situado.",0.0,No hay método que operacionalice intersecciones.,0.0,high,,0.0,"Enfoque en recomendaciones de política, pero sin marco crítico interseccional.",0.0,No se documenta agencia o resistencia de sujetos interseccionales.,False,"Aunque menciona 'intersectional demographic characteristics such as age and location', el análisis y los ejemplos se centran en género como eje principal, sin articular cómo los ejes se relacionan entre sí.",0.0,No hay integración de ejes múltiples; género es el único eje analizado.,1986,298
383,0.0,No analiza ejes de diferenciación social entrelazados.,0.0,No teoriza mecanismos estructurales de poder.,0.0,No sitúa hallazgos en contextos sociohistóricos específicos.,0.0,No hay operacionalización empírica de intersecciones.,0.0,high,,0.0,No desarrolla orientación a la justicia desde una perspectiva interseccional.,0.0,No documenta agencia o resistencia de sujetos diferenciados.,False,"Aunque menciona la importancia de abordar inequidades raciales y racismo estructural, el propio abstract reconoce que ninguna literatura revisada aborda estos temas y no articula ejes de diferenciación social relacionados.",0.0,No hay elementos interseccionales a integrar.,2107,280
384,0.5,"Se mencionan género y lugar como factores compuestos, pero el análisis tiende a tratar diferencias por género y por lugar más que su co-construcción específica.",0.5,"Se reconocen desigualdades estructurales (post-conflicto, ruralidad, género), pero los mecanismos estructurales no se teorizan en profundidad.",1.0,El estudio está situado explícitamente en el contexto sociohistórico de Liberia post-conflicto y rural.,0.5,"El método permite comparar subgrupos (género y lugar), pero no queda claro si analiza interacciones o solo diferencias paralelas.",2.0,high,,0.5,"Se orienta a mejorar la equidad en servicios y resiliencia, pero la dimensión de justicia se menciona más en implicaciones prácticas que como marco crítico.",0.5,"Se menciona agencia (deseo de más extensionistas mujeres, estrategias de adaptación), pero la agencia no es central en el análisis.",True,El paper analiza cómo género y lugar/ruralidad se intersectan para afectar el acceso a servicios de extensión agrícola y resiliencia en Liberia.,0.5,"Los elementos están presentes y parcialmente conectados (género y lugar en contexto post-conflicto), pero la integración analítica es limitada.",2038,398
385,1.0,Analiza cómo el racismo estructural y la pobreza se entrelazan en la exposición a daños ambientales y en la salud infantil.,1.0,Enfatiza mecanismos estructurales como el racismo institucional y políticas que afectan desproporcionadamente a comunidades racializadas y de bajos ingresos.,1.0,Sitúa los ejemplos en contextos comunitarios específicos y reconoce la no-universalidad de los impactos.,0.5,"Presenta casos que ilustran intersecciones, pero no queda claro si hay un método empírico sistemático de análisis interaccional.",3.5,high,,1.0,"Propone recomendaciones explícitas para la transformación de prácticas y políticas, orientadas a la justicia climática y sanitaria.",1.0,Destaca la importancia de centrar las voces y la resiliencia de familias y comunidades afectadas.,True,"El abstract articula explícitamente la relación entre racismo estructural, clase (bajo ingreso), y salud infantil en el contexto del cambio climático.",1.0,"Los elementos de poder estructural, identidades entrelazadas, contexto y praxis se articulan coherentemente en el análisis y las recomendaciones.",1946,365
386,1.0,"Se analiza cómo la violencia estructural se experimenta en la intersección de identidades políticas y sociales, no como sumatoria.",1.0,"El foco está en transformar estructuras de poder que impulsan el cambio climático y las desigualdades, con énfasis en la violencia estructural.",0.5,"El contexto es global y teórico, con ejemplos de procesos, pero sin un anclaje sociohistórico o geográfico detallado.",0.0,"El trabajo es conceptual/teórico, sin operacionalización empírica ni método interseccional aplicado.",2.0,high,,1.0,El marco está explícitamente orientado a la transformación de estructuras y la justicia social y ambiental.,0.5,"Se mencionan oportunidades y procesos de agencia (redistribución, economías de cuidado), pero no se documenta agencia de sujetos concretos.",True,"El paper conceptualiza la paz resiliente al clima desde una comprensión interseccional, abordando la violencia estructural en la intersección de identidades políticas y sociales.",0.5,"Los elementos teóricos se articulan en el marco conceptual, pero la falta de aplicación empírica limita la integración plena.",2014,377
387,0.0,Solo se menciona género; no hay análisis de ejes entrelazados.,0.0,No se articulan mecanismos estructurales más allá de la mención de género.,0.0,No se contextualizan ejes múltiples ni se reconoce la no-universalidad.,0.0,No hay método que operacionalice intersecciones.,0.0,high,,0.0,No se desarrolla una orientación a la justicia interseccional.,0.0,No se documenta agencia ni resistencia de sujetos interseccionales.,False,"El abstract solo menciona género y hace referencia a la posibilidad de un enfoque interseccional, pero no articula dos o más ejes de diferenciación social como relacionados entre sí.",0.0,No hay elementos interseccionales a integrar.,1911,290
388,1.0,"Analiza cómo ser mujer indígena implica una posición específica frente a la injusticia ambiental y reproductiva, no solo suma de ejes.",1.0,"Explora explícitamente el rol del colonialismo, la explotación ambiental y la opresión histórica como estructuras que afectan la salud reproductiva.",1.0,"Contextualiza en la historia y política de una tribu específica del Golfo Sur, con énfasis en el no reconocimiento federal y la situación geográfica.",1.0,"Utiliza entrevistas de historia de vida con mujeres indígenas, captando experiencias interseccionales y no solo variables paralelas.",4.0,high,,1.0,"El trabajo se orienta a la justicia reproductiva y ambiental, con énfasis en la soberanía indígena y recomendaciones transformadoras.",1.0,"Reconoce agencia en las mujeres indígenas, incluyendo su activismo y estrategias para enfrentar la injusticia.",True,"El paper articula género, indigeneidad y colonialismo como ejes relacionados en la experiencia de injusticia reproductiva y ambiental.",1.0,"Los elementos se articulan coherentemente: el análisis de poder estructural, identidades entrelazadas, contexto y agencia se integran en un marco de justicia.",1991,377
389,1.0,"Analiza cómo ser lesbiana implica posiciones específicas que cruzan género, sexualidad, clase y geografía ('lesbian identity as political, nonessentialist, intersectional, and community grounded').",1.0,"Se abordan mecanismos estructurales como la lesbofobia, la patologización, la criminalización, el neo-fascismo y la gentrificación.",1.0,"Reconoce variaciones históricas y geográficas ('attacks that morph and change across time and space', diferencias dentro y fuera de EE.UU.).",0.0,No se describe un método empírico ni operacionalización de intersecciones; es un editorial/síntesis teórica.,3.5,high,,1.0,El texto se orienta explícitamente a la transformación y justicia ('power of the lesbian movement to fight the rise of neo-fascism and the devastation of climate change').,1.0,"Reconoce agencia y resistencia ('lesbian intellectual traditions', 'politics of inclusion and solidarity').",True,"El abstract articula género, sexualidad, clase (desigualdad de ingresos), y geografía como ejes relacionados en la experiencia lesbiana.",1.0,"Los elementos (identidades, estructuras, contexto, agencia, justicia) se articulan en un análisis coherente sobre la identidad lesbiana.",2030,396
390,0.0,No se identifican ejes de diferenciación social entrelazados.,0.0,No se abordan estructuras de poder vinculadas a ejes sociales.,0.0,No hay análisis de contextos sociohistóricos ligados a identidades sociales.,0.0,No hay operacionalización empírica de intersecciones sociales.,0.0,high,,0.0,No se orienta a la justicia social desde una perspectiva interseccional.,0.0,No se documenta agencia/resistencia de sujetos diferenciados socialmente.,False,"El paper discute la agencia local y redes multinivel, pero no articula explícitamente dos o más ejes de diferenciación social como relacionados entre sí.",0.0,"No aplica, ya que no hay elementos interseccionales presentes.",1903,288
391,0.0,No se mencionan ni analizan ejes de diferenciación social.,0.0,No hay referencia a estructuras de poder o mecanismos de opresión.,0.0,No se sitúan hallazgos en contextos sociohistóricos específicos.,0.0,No hay método empírico que operacionalice intersecciones.,0.0,high,,0.0,No se aborda la justicia social o transformación de desigualdades.,0.0,No se reconoce agencia o resistencia de sujetos diferenciados.,False,"El abstract no articula ejes de diferenciación social relacionados entre sí; se centra en deporte, urbanización y sostenibilidad sin referencia a género, raza, clase u otros ejes.",0.0,No hay elementos interseccionales presentes para integrar.,1927,283
392,1.0,"Se abordan múltiples ejes (raza, salud, violencia, pandemia) como mutuamente constitutivos en la experiencia y epistemología de los sujetos.",1.0,El texto enfatiza el racismo estructural y la necesidad de una promoción de la salud crítica y decolonial.,1.0,"Sitúa el análisis en el contexto sociohistórico de la pandemia, el racismo y la violencia policial en el presente.",0.0,No hay método empírico ni operacionalización de intersecciones; es un ensayo teórico y conceptual.,3.5,high,,1.0,El objetivo es explícitamente transformador: avanzar hacia la justicia epistémica y la equidad en salud.,1.0,"Se reconoce la agencia a través de la poesía como praxis de resistencia, sanación y reimaginación.",True,"El abstract articula explícitamente la intersección de racismo estructural, COVID-19, violencia policial racializada y cambio climático como contextos entrelazados que afectan la promoción de la salud.",1.0,"Los elementos (estructuras, identidades, agencia, contexto, praxis) se articulan coherentemente en una propuesta crítica y transformadora.",1993,373
393,0.0,No se abordan identidades sociales ni sus interrelaciones.,0.0,No se discuten estructuras de poder ni mecanismos sociales.,0.0,No hay contextualización sociohistórica; el foco es técnico y ambiental.,0.0,No hay operacionalización de intersecciones sociales en el método.,0.0,high,,0.0,No se orienta a la justicia social ni ambiental desde una perspectiva interseccional.,0.0,No se aborda la agencia o resistencia de sujetos sociales.,False,"El paper se centra en métodos de recolección y caracterización de partículas finas y ultrafinas, sin articular ejes de diferenciación social ni analizarlos como relacionados.",0.0,No hay elementos interseccionales presentes para integrar.,2157,284
394,1.0,"Discute la dificultad de posiciones interseccionales y marginalización situada, no solo suma de ejes.",1.0,Analiza mecanismos estructurales de desigualdad y cómo se reproducen en espacios participativos.,1.0,"Estudio etnográfico situado en Nueva York post-Huracán Sandy, con atención a contexto sociohistórico y político.",1.0,El método etnográfico permite captar variaciones de agencia y posiciones interseccionales en la práctica.,4.0,high,,1.0,El objetivo es empoderar comunidades marginadas y transformar desigualdades en espacios participativos.,1.0,Analiza variaciones en la agencia individual y estrategias de resistencia de los sujetos.,True,"El abstract menciona explícitamente 'intersectional positions' y 'situated marginalisation beyond commonly acknowledged identity markers', indicando articulación de múltiples ejes de diferenciación social.",1.0,"Los elementos (estructura, agencia, contexto, interseccionalidad) se articulan en el análisis de los mecanismos y problemas en la práctica participativa.",1833,346
395,0.0,No analiza identidades entrelazadas ni ejes múltiples de diferenciación.,0.0,No teoriza mecanismos estructurales específicos de opresión interseccional.,0.0,No sitúa hallazgos en contextos sociohistóricos específicos.,0.0,No hay método empírico que operacionalice intersecciones.,0.0,high,,0.0,No desarrolla orientación a la justicia desde una perspectiva interseccional.,0.0,No documenta agencia o resistencia de sujetos diferenciados.,False,"El paper revisa literatura sobre justicia ambiental y desigualdades, pero no articula dos o más ejes de diferenciación social como relacionados entre sí; se enfoca en la integración entre ciencias naturales y justicia social en general.",0.0,No hay elementos interseccionales a integrar.,1947,295
396,0.0,No se identifican ejes de diferenciación social entrelazados.,0.0,No se abordan mecanismos estructurales de poder vinculados a ejes sociales.,0.0,No se sitúan hallazgos en contextos sociohistóricos específicos de ejes sociales.,0.0,No hay operacionalización empírica de intersecciones entre ejes sociales.,0.0,high,,0.0,No se conecta el análisis con justicia social desde una perspectiva interseccional.,0.0,No se documenta agencia o resistencia de sujetos diferenciados por ejes sociales.,False,"El paper trata la intersección entre migración, salud y cambio climático, pero no articula explícitamente dos o más ejes de diferenciación social (como género, raza, clase, etc.) como relacionados entre sí.",0.0,No hay elementos interseccionales a integrar.,2088,310
397,0.0,No se mencionan ejes de diferenciación social.,0.0,No se abordan estructuras de poder ni mecanismos de opresión.,0.0,No hay contextualización sociohistórica de identidades o desigualdades.,0.0,No hay método para operacionalizar intersecciones sociales.,0.0,high,,0.0,No se conecta el análisis con justicia social desde una perspectiva interseccional.,0.0,No se aborda agencia o resistencia de sujetos diferenciados.,False,El abstract no articula dos o más ejes de diferenciación social relacionados entre sí; se centra en sistemas urbanos y resiliencia sin referencia a identidades sociales o sus interrelaciones.,0.0,"No aplica, ya que no hay elementos interseccionales presentes.",2009,284
398,1.0,Explicita que la injusticia racial y la crisis ecológica están 'entrelazadas' y que no pueden abordarse por separado.,1.0,"Critica ideologías estructurales (dualismos, monoteísmo trascendental) y nombra el racismo sistémico como mecanismo de opresión.",0.5,"Sitúa el análisis en la tradición occidental y su historia religiosa, pero el contexto geográfico/político es general.",0.0,Es un ensayo teórico sin operacionalización empírica ni método que capte intersecciones.,3.0,high,,1.0,Orientación explícita a la justicia interseccional y crítica transformadora de estructuras opresivas.,1.0,Afirma agencia tanto de sujetos humanos (derechos de BIPOC) como de la naturaleza (animismo filosófico).,True,"El abstract afirma que la teología ecofeminista propuesta considera que la injusticia racial y el racismo sistémico están entrelazados con la crisis ecológica, y que no pueden abordarse por separado.",1.0,"El análisis articula poder estructural, identidades entrelazadas, agencia y orientación a la justicia en un marco coherente.",2120,383
399,0.0,No se identifican ejes de diferenciación social entrelazados.,0.0,No se abordan mecanismos de poder estructural ligados a identidades sociales.,0.0,No hay análisis de contexto sociohistórico en términos de interseccionalidad.,0.0,No se operacionalizan intersecciones de identidades sociales.,0.0,high,,0.0,No se conecta el análisis con justicia social desde una perspectiva interseccional.,0.0,No se documenta agencia o resistencia de sujetos diferenciados socialmente.,False,"El abstract analiza extractivismo, populismo y rendición de cuentas, pero no articula explícitamente dos o más ejes de diferenciación social como relacionados entre sí.",0.0,No hay elementos interseccionales a integrar.,2029,289
400,0.5,"Menciona varios ejes (raza, indigeneidad, marginalización) pero los trata principalmente como grupos afectados, sin análisis de co-construcción.",0.5,"Nombra injusticias estructurales (racial, económica) y la necesidad de justicia, pero no teoriza mecanismos específicos.",0.5,"Reconoce contexto global y menciona historia de injusticia racial, pero el análisis es general y no situado en un caso o geografía específica.",0.0,No hay evidencia de método empírico ni operacionalización de intersecciones; es un paper conceptual/político.,1.0,high,,1.0,"El trabajo está explícitamente orientado a la transformación y la justicia, con recomendaciones para políticas inclusivas y justas.",0.0,No se documenta agencia o resistencia de los sujetos; se los presenta como grupos afectados.,True,"El abstract articula raza, indigeneidad y marginalización como ejes relacionados en la exposición a la pandemia y el cambio climático.",0.5,"Los elementos de justicia, equidad y reconocimiento de desigualdades están conectados, pero la integración entre ejes y estructuras es parcial y más programática que analítica.",2067,378
401,0.5,"Se reconocen múltiples ejes sociales que influyen en la movilidad, pero no se detalla cómo se co-constituyen; parecen tratados de forma aditiva.",0.5,"Se alude a determinantes sociales y políticas, pero no se explicitan mecanismos estructurales ni marcos críticos.",0.5,"Se mencionan regiones (Asia y África) y el contexto de COVID-19, pero el análisis contextual es superficial.",0.0,No se describe un método empírico que operacionalice intersecciones; es una síntesis de evidencia.,1.0,medium,,0.5,"Se sugiere la necesidad de una agenda de investigación orientada a políticas, pero la orientación a la justicia es implícita y no desarrollada.",0.0,No se documenta agencia o resistencia de los sujetos; se enfocan en determinantes de movilidad/inmovilidad.,True,El abstract menciona explícitamente 'intersecting social determinants' que influyen en la movilidad e inmovilidad bajo el cambio climático.,0.5,Los elementos interseccionales están presentes pero no se articulan en un análisis coherente; la integración es parcial.,1918,374
402,0.5,"Se mencionan múltiples ejes (clase, género, capacidad, poder geopolítico) y su relación con impactos diferenciados, pero no queda claro si se analizan como mutuamente constitutivos o solo aditivos.",1.0,"El marco conceptualiza explícitamente asimetrías de poder estructurales (classism, ableism, sexism, geopolitical/economic power) y su rol en los impactos.",1.0,"El CSIM enfatiza los impactos a través de escalas espacio-temporales y reconoce la especificidad de los contextos (subsistence marketplaces, sistemas locales y globales).",0.5,"El marco propuesto (CSIM) parece permitir análisis cruzados de subgrupos interseccionales, pero no se detalla un método empírico concreto de operacionalización interaccional.",2.0,medium,,1.0,El artículo está orientado a la transformación: propone soluciones de política y mercado para mejorar el bienestar de los prosumidores vulnerables.,0.5,"Se reconoce a los prosumidores como actores en sistemas de producción y consumo, pero no se documentan explícitamente estrategias de resistencia o agencia.",True,"El abstract menciona explícitamente que el CSIM aborda impactos diferenciados para grupos/individuos que experimentan asimetrías de poder interseccionales como clase, género, capacidad y poder geopolítico/económico.",0.5,"El marco integra varios elementos (poder, contexto, orientación a la justicia), pero la articulación entre identidades entrelazadas y método parece parcial.",2014,458
403,1.0,"Se discute la carga desproporcionada en la 'intersección de clase y estatus ocupacional feminizado', mostrando co-construcción de ejes.",1.0,"El análisis se sitúa en estructuras como el patriarcado, la feminización del trabajo y la injusticia ambiental.",1.0,El estudio se sitúa explícitamente en el contexto sociohistórico del huracán Irma en los Florida Keys y en la historia de desastres en la región.,1.0,"El método cualitativo analiza relatos de educadoras en ocupaciones feminizadas, focalizando en subgrupos interseccionales.",4.0,high,,1.0,"El objetivo declarado es promover reconocimiento, distribución justa de cargas y cambios en políticas de justicia ambiental y laboral.",1.0,Se reconoce la agencia de las educadoras como 'trabajadoras esenciales' que contribuyen activamente a la recuperación.,True,"El paper analiza cómo género, clase y estatus ocupacional se entrelazan en la experiencia de educadoras tras un desastre.",1.0,"El análisis articula género, clase, estatus ocupacional y estructuras de poder en un marco coherente orientado a la justicia.",2030,373
404,0.5,"Aunque se menciona un enfoque interseccional y 'gender+', el foco sigue siendo principalmente en mujeres y hombres, con dimensiones tratadas más como aditivas que co-constitutivas.",0.5,"Se reconoce la existencia de estructuras de desigualdad de género y su reproducción en políticas, pero no se profundiza en mecanismos estructurales más allá del género.",0.5,"El contexto es Alemania y se discute la aplicabilidad en otros lugares, pero el análisis sociohistórico es superficial.",0.5,"El método (herramienta GIA) permite identificar dimensiones de género en políticas, pero no queda claro si operacionaliza interacciones entre ejes más allá del género.",1.5,high,,1.0,El objetivo explícito es transformar la gobernanza de la igualdad y mejorar la justicia de género en políticas climáticas.,0.0,No se documenta agencia o resistencia de sujetos; el foco está en la herramienta y el análisis institucional.,True,"El paper afirma operar con un concepto 'gender+' e interseccional, y aborda siete dimensiones de género que trascienden la dicotomía mujer/hombre.",0.5,"Los elementos de género, política y justicia están presentes y parcialmente conectados, pero la integración interseccional es limitada y el análisis se centra en el instrumento.",1957,406
405,0.0,"Solo se menciona el nexo mujer/naturaleza, sin análisis de múltiples ejes sociales entrelazados.",0.0,No se explicitan mecanismos estructurales más allá de la opresión mujer/naturaleza.,0.0,No se sitúa el análisis en un contexto sociohistórico específico con múltiples ejes.,0.0,No hay método empírico ni operacionalización de intersecciones.,0.0,high,,0.0,No se desarrolla una orientación explícita a la justicia interseccional.,0.0,No se documenta agencia o resistencia de sujetos interseccionales.,False,"El abstract solo articula el eje género/naturaleza como un nexo paralelo, sin relacionar explícitamente dos o más ejes de diferenciación social (por ejemplo, género y raza, o género y clase) como mutuamente constitutivos.",0.0,No hay elementos interseccionales sustantivos para integrar.,1873,323
406,0.0,No hay evidencia de análisis de ejes entrelazados.,0.0,No se articula poder estructural en el resumen.,0.0,No se sitúa el análisis en un contexto sociohistórico específico.,0.0,No se describe ningún método empírico interseccional.,0.0,high,,0.0,No se evidencia orientación a la justicia o transformación.,0.0,No se menciona agencia o resistencia de los sujetos.,False,"El abstract menciona 'interseccionalidad' como tema tratado entre muchos, pero no articula explícitamente dos o más ejes de diferenciación social como relacionados entre sí.",0.0,No hay elementos interseccionales sustantivos para integrar.,2019,277
407,1.0,Explora cómo la raza y la política urbana se co-constituyen en la exposición a buyouts y vulnerabilidad climática.,1.0,Articula mecanismos estructurales como el racismo institucional (redlining) y la política color-evasive en la producción de desigualdad.,1.0,Sitúa el análisis en la historia específica del redlining de los años 1930 y su legado en ciudades estadounidenses.,1.0,Utiliza análisis espacial y de contenido para mapear la intersección entre zonas históricamente racializadas y políticas actuales.,3.5,high,,1.0,Orienta explícitamente el análisis hacia la justicia ambiental y la transformación de políticas para una adaptación climática equitativa.,0.5,"Menciona la co-producción de conocimiento y la necesidad de centrar voces afectadas, pero la agencia de los sujetos aparece más en recomendaciones que en el análisis empírico.",True,El paper analiza cómo la racialización histórica (redlining) y las políticas actuales de buyouts se relacionan en la producción de vulnerabilidad climática.,1.0,"El análisis integra historia, estructuras de poder, métodos y orientación a la justicia en un marco coherente.",1997,373
408,0.0,Solo se analiza la infancia como eje; no se exploran posiciones interseccionales.,0.0,No se articulan mecanismos estructurales de opresión más allá de la edad.,0.0,No se sitúan hallazgos en múltiples contextos sociohistóricos interseccionales.,0.0,"El método solo distingue por edad/infancia, sin operacionalizar intersecciones.",0.0,high,,0.0,No hay orientación interseccional a la justicia; el foco es la inclusión infantil.,0.0,"La agencia se refiere a la infancia como grupo, no a posiciones interseccionales.",False,"Aunque menciona interseccionalidad e identidad política, el análisis se centra exclusivamente en la infancia/juventud como eje, sin articularlo con otros ejes de diferenciación social (género, raza, clase, etc.) de manera relacionada.",0.0,No hay elementos interseccionales que integrar.,2094,325
409,0.0,"No se abordan ejes sociales como género, raza, clase, etc.",0.0,No se discuten estructuras de poder ni mecanismos sociales.,0.0,"El contexto es técnico y geográfico, no sociohistórico ni político.",0.0,"El método es de simulación técnica, sin operacionalización de intersecciones sociales.",0.0,high,,0.0,No hay orientación a la justicia social o ambiental.,0.0,No se consideran sujetos sociales ni agencia.,False,"El paper modela fallas en infraestructura de transporte y energía durante evacuaciones por huracanes, pero no articula ejes de diferenciación social ni identidades relacionadas.",0.0,No hay elementos interseccionales presentes para articular.,1945,279
410,0.5,"Se consideran dos ejes (pobreza energética y de transporte) pero no se evidencia un análisis de cómo se co-constituyen, sino que se aboga por estudiarlos juntos.",0.5,"Se mencionan inequidades sociales y materiales, pero no se detallan mecanismos estructurales (racismo, patriarcado, etc.).",0.5,"El enfoque parece centrado en el contexto europeo y transiciones bajas en carbono, pero el contexto sociohistórico es superficial.",0.0,No se describe un método empírico que operacionalice intersecciones; el enfoque es conceptual/político.,1.0,medium,,0.5,"Se orienta a mejorar la justicia en transiciones bajas en carbono, pero no se desarrollan recomendaciones transformadoras concretas en el abstract.",0.0,No se menciona agencia o resistencia de los sujetos; el foco está en la vulnerabilidad.,True,"El abstract discute la importancia de abordar conjuntamente la pobreza energética y la pobreza en transporte, y menciona explícitamente la necesidad de considerar sus intersecciones para entender la vulnerabilidad.",0.5,"Se reconoce la necesidad de articular los conceptos, pero la integración analítica es parcial y más programática que sustantiva.",2668,390
411,1.0,"Describe posiciones como 'migrantes que son también arrendatarios' y 'pastores mayores de 50 años', mostrando identidades co-construidas y no aditivas.",1.0,"Explicita cómo estructuras como el acceso a instituciones (comisiones de riego diseñadas para hombres propietarios hispanohablantes) median la adaptación, vinculando sistemas de poder con desigualdades.",1.0,"Contextualiza en la provincia de Caylloma, Perú, con detalles sobre historia local, migración, idioma y estructuras agrarias.",1.0,El método cualitativo (entrevistas y observación) explora explícitamente subgrupos interseccionales y sus experiencias diferenciadas.,4.0,high,,1.0,"El análisis se orienta a la justicia ambiental y social, evidenciando barreras y proponiendo la necesidad de transformar estructuras desiguales.",1.0,"Documenta estrategias de adaptación y agencia diferenciada (ej. mujeres diversificando ingresos, migrantes usando espacios públicos para adaptación).",True,"El abstract analiza cómo género, edad, migración y estatus de vivienda interactúan y se entrelazan con sistemas de poder para moldear la adaptación al cambio socioecológico.",1.0,"El análisis articula identidades, estructuras, contexto, método y agencia en una narrativa coherente sobre desigualdad y adaptación.",2143,409
412,0.5,"Se reconocen múltiples ejes (género, ingreso, casta, etnicidad) pero el análisis se centra en género y trata los otros ejes principalmente como contexto o factores adicionales.",0.5,"Se mencionan desigualdades estructurales y socio-culturales, pero no se profundiza en mecanismos estructurales específicos.",0.5,"El contexto urbano y socio-cultural es considerado, pero el análisis es de revisión sistemática y no profundiza en contextos sociohistóricos específicos.",0.0,No hay operacionalización empírica de intersecciones; el método es revisión sistemática y los resultados se reportan principalmente por género.,1.5,high,,0.5,"Se discuten implicaciones para la igualdad de género y la agencia, y se sugieren enfoques más interseccionales, pero la orientación a la justicia es limitada.",1.0,Se documenta explícitamente el aumento de agencia para mujeres a través de ciertas intervenciones.,True,"El abstract menciona género, ingreso, casta y etnicidad como ejes de desigualdad relacionados en la vulnerabilidad y resultados de adaptación.",0.5,"Los elementos de agencia, género y contexto aparecen conectados, pero la integración de múltiples ejes y estructuras es parcial.",1976,395
413,0.5,"Menciona varios ejes (pobreza, lugar, raza) y 'compounded vulnerability', pero no queda claro si los analiza como mutuamente constitutivos o solo aditivos.",0.5,"Se refiere a recursos y desigualdades estructurales, pero no teoriza mecanismos de poder estructural en detalle.",0.5,"Reconoce que la vulnerabilidad es específica de subgrupos y contextos, pero el contexto sociohistórico es superficial.",0.0,No se describe un método empírico ni operacionalización de intersecciones; es un artículo conceptual/discursivo.,1.0,high,,0.5,"Aboga por implicaciones para la política y la justicia, pero sin recomendaciones o crítica situada desarrollada.",0.0,No se menciona agencia o resistencia de los sujetos; el foco está en la vulnerabilidad y el riesgo.,True,"El abstract discute cómo pobreza, lugar y raza se entrelazan en la vulnerabilidad climática y aboga por un marco interseccional.",0.5,"Los elementos están parcialmente integrados en la discusión conceptual, pero no se articulan empíricamente ni en profundidad.",1880,376
414,1.0,"Analiza cómo la identidad caribeña se constituye por la intersección de raza, colonialismo y experiencia climática ('herencia de esclavitud y colonialismo', 'Caribbean Afrofuturism').",1.0,"Explicita mecanismos estructurales: 'infrastructural, social, and cultural pillage of imperial and neocolonial imposition'.",1.0,"Contextualiza en la historia y geografía caribeña, con referencias a la herencia colonial y la especificidad regional.",0.5,"Describe praxis digital y modelos de intervención, pero no detalla un método empírico que operacionalice intersecciones en el análisis de datos.",3.5,high,,1.0,Orientación explícita a la justicia social y ambiental ('power of digital humanities for social and environmental justice').,1.0,"Reconoce agencia y resistencia en la 'redesign, digital imagination, and representation' de comunidades caribeñas.",True,"El abstract articula raza (Afrofuturismo, herencia de esclavitud), colonialismo y comunidad caribeña como ejes relacionados en la experiencia climática.",1.0,"Los elementos (identidad, poder, contexto, praxis, agencia) se articulan en un análisis coherente orientado a la transformación.",1972,394
415,1.0,"Explora cómo género, edad y estado civil se co-constituyen en subjetividades y roles adaptativos (‘intersectional subjectivities’).",1.0,"Enfatiza dinámicas de poder, normas sociales y estructuras que producen desigualdades (‘entrenched power dynamics’, ‘socio-political drivers’).",1.0,"Contextualiza en comunidades agrícolas específicas de la Región Central de Ghana, con atención a normas y cultura local.",1.0,"Utiliza entrevistas, grupos focales y photovoice para captar subjetividades interseccionales y experiencias cruzadas.",4.0,high,,1.0,"Orienta el análisis a la transformación y renegociación de relaciones de poder (‘trajectories toward transformation’, ‘supporting marginalised groups’).",1.0,"Documenta agencia y resistencia (‘power subversion’, ‘emboldened social actors’).",True,"El paper analiza cómo género, edad y estado civil se entrelazan en la construcción de subjetividades y oportunidades de adaptación.",1.0,"Los elementos se articulan coherentemente: las subjetividades interseccionales, el poder estructural y la agencia se analizan en contexto y con método adecuado.",2026,371
416,0.0,No trata ejes de diferenciación social como mutuamente constitutivos.,0.0,No articula mecanismos de poder estructural vinculados a identidades sociales.,0.0,No sitúa hallazgos en términos de diferenciación social situada.,0.0,No hay método empírico que operacionalice intersecciones sociales.,0.0,high,,0.0,No hay orientación explícita a la justicia social desde una perspectiva interseccional.,0.0,No documenta agencia ni resistencia de sujetos diferenciados socialmente.,False,"El paper revisa la literatura legal sobre agua y cambio climático en EE.UU., pero no articula ejes de diferenciación social relacionados entre sí; menciona actores (tribus, estados) pero no analiza identidades entrelazadas.",0.0,No hay elementos interseccionales a integrar.,2026,302
417,0.5,"Se mencionan género y división laboral, pero la co-construcción de identidades es más sugerida que analizada en profundidad.",1.0,"Analiza cómo discursos estructurales (masculinismo, economía verde) configuran la política climática y la división del trabajo.",1.0,Sitúa el análisis en el contexto sociohistórico y político del Reino Unido y sus políticas climáticas.,0.5,"Utiliza análisis crítico discursivo, identificando subgrupos y relaciones, pero sin método empírico de interacciones entre ejes.",2.0,high,,1.0,El objetivo explícito es transformar la política climática hacia la justicia interseccional.,0.5,"Se reconoce la agencia en la formulación de alternativas, pero la documentación de estrategias concretas es limitada.",True,El paper articula género y economía (clase/labores) como ejes relacionados en la división de trabajo ambiental y la política climática.,0.5,"Los elementos están conectados en el argumento, pero la integración entre identidades entrelazadas y método es parcial.",1901,360
418,0.0,"No se identifican ejes sociales entrelazados (género, raza, clase, etc.) en el análisis.",0.0,No se abordan mecanismos de poder estructural ligados a ejes sociales diferenciados.,0.0,No se sitúan hallazgos en contextos sociohistóricos específicos de diferenciación social.,0.0,No hay operacionalización empírica de intersecciones sociales.,0.0,high,,0.0,No se conecta el análisis con justicia social desde una perspectiva interseccional.,0.0,No se documenta agencia o resistencia de sujetos diferenciados socialmente.,False,"El abstract discute interconexiones entre política climática y acaparamiento de tierras, pero no articula explícitamente dos o más ejes de diferenciación social relacionados entre sí.",0.0,No hay elementos interseccionales a integrar.,1935,307
419,0.0,Solo se analiza género; no se entrelazan otros ejes.,0.0,No se identifican mecanismos estructurales más allá del género.,0.0,No se observa contextualización interseccional situada.,0.0,No hay método empírico interseccional.,0.0,high,,0.0,No se desarrolla una praxis interseccional orientada a la justicia.,0.0,No se documenta agencia interseccional.,False,"El capítulo se centra en el eje de género y su relación con el ambientalismo, pero no articula dos o más ejes de diferenciación social como relacionados entre sí.",0.0,No hay elementos interseccionales que integrar.,1975,274
420,1.0,"El análisis se centra en cómo las posiciones de raza, género y clase se co-constituyen en la experiencia de confianza tras desastres (ejemplo: 'black women trust less than all other race–gender groups').",0.5,"Se mencionan estructuras como raza y clase, pero el análisis se enfoca en diferencias de grupo más que en mecanismos estructurales explícitos.",0.5,"El contexto es EE.UU. y huracanes, pero la discusión del contexto sociohistórico es limitada.",1.0,"Utiliza una interacción triple (raza, clase, género) en el análisis estadístico, operacionalizando empíricamente la interseccionalidad.",2.0,high,,0.5,"Menciona implicaciones para la gestión de eventos críticos y la importancia de entender la interseccionalidad, pero no desarrolla una orientación transformadora o de justicia.",0.0,No se documenta agencia o resistencia de los sujetos; se analizan como receptores de efectos.,True,"Analiza explícitamente la interacción entre raza, clase y género en la confianza política tras desastres, usando una interacción triple.",0.5,"El análisis integra los ejes en el método y resultados, pero la articulación con poder estructural y justicia es parcial.",1901,397
421,1.0,"Describe cómo ser mujer, no blanca y pobre configura una posición específica de vulnerabilidad en el acceso al aborto tras Harvey.",1.0,"Se abordan barreras estructurales como políticas restrictivas, falta de seguro, y violencia de género.",1.0,"Contextualiza en Texas, tras Harvey, con referencias a políticas estatales y condiciones locales.",1.0,"Muestreo intencional de personas en la intersección de género, raza y clase; análisis cualitativo de experiencias interseccionales.",4.0,high,,1.0,"Incluye recomendaciones para políticas y actores institucionales, orientado a transformar desigualdades.",1.0,Documenta estrategias de las personas para acceder a servicios y navegar barreras.,True,"El estudio analiza cómo género, raza (no blancas), clase (dificultades económicas) y violencia interpersonal se entrelazan en el acceso al aborto tras un desastre.",1.0,"El análisis articula estructuras, identidades y agencia en un marco coherente y situado.",1909,338
422,1.0,"Explicita que las posiciones (p.ej. 'propietario vulnerable') emergen de intersecciones de clase, género, edad y lugar, no como sumas aditivas.",1.0,Analiza cómo las narrativas se construyen en relación a estructuras de poder y discursos dominantes sobre responsabilidad ambiental y riesgo.,1.0,"Sitúa el análisis en el contexto sueco, con referencia a discursos oficiales y diferencias regionales.",1.0,El método narrativo explora explícitamente cómo las intersecciones de ejes sociales configuran experiencias y posicionamientos frente al riesgo.,3.5,high,,0.5,"Menciona la importancia de considerar estas intersecciones para políticas y comunicación, pero la orientación a la transformación es limitada.",1.0,"Documenta cómo los sujetos se posicionan activamente frente al riesgo, incluyendo narrativas alternativas y de resistencia.",True,"El paper analiza cómo las intersecciones de clase, género, edad y lugar configuran diferentes posicionamientos frente al riesgo climático en las narrativas de propietarios de viviendas.",1.0,"El análisis articula coherentemente los ejes interseccionales, el poder estructural, el contexto y la agencia en la interpretación de las narrativas.",2033,382
423,0.0,No se mencionan ni analizan ejes de diferenciación social.,0.0,No hay discusión de estructuras de poder o mecanismos de opresión.,0.0,No se sitúan hallazgos en contextos sociohistóricos de diferenciación social.,0.0,No hay método que operacionalice intersecciones sociales.,0.0,high,,0.0,No hay orientación explícita a la justicia social o transformación de desigualdades.,0.0,No se aborda agencia o resistencia de sujetos diferenciados.,False,"El abstract no articula ejes de diferenciación social relacionados; se centra en gobernanza local, resiliencia y colaboración sin referencia a género, raza, clase u otros ejes.",0.0,No hay elementos interseccionales presentes para articular.,1906,287
424,0.0,Solo género; no hay análisis de ejes entrelazados.,0.0,No se discuten estructuras más allá de la desigualdad de género.,0.0,No se sitúa en un contexto sociohistórico interseccional.,0.0,No hay método interseccional; solo género.,0.0,high,,0.0,No se articula una praxis de justicia interseccional.,0.0,No se documenta agencia interseccional.,False,"Aunque menciona un 'enfoque interseccional', solo articula género (mujeres/hombres) como eje de diferenciación, sin relacionarlo con otros ejes sociales.",0.0,No hay elementos interseccionales para integrar.,1799,281
425,0.0,"No analiza ejes sociales como género, raza, clase, etc. de forma entrelazada.",0.0,No teoriza mecanismos estructurales de poder; se limita a exposición física y agregados sociales.,0.0,No contextualiza sociohistóricamente los ejes de diferenciación social.,0.0,No hay operacionalización empírica de intersecciones sociales; solo variables agregadas.,0.0,high,,0.0,No hay orientación explícita a la justicia social o transformación de desigualdades.,0.0,No se documenta agencia o resistencia de los sujetos.,False,"El paper menciona la 'intersección de vulnerabilidad social y riesgo físico', pero no articula dos o más ejes de diferenciación social relacionados entre sí; la vulnerabilidad social se mide con datos censales agregados sin análisis de identidades entrelazadas.",0.0,No hay elementos interseccionales a integrar.,2072,322
426,0.5,"Se consideran varios ejes (raza, edad, estructura familiar, vivienda), pero se tratan como factores aditivos en la construcción del índice, no como mutuamente constitutivos.",0.5,"Se mencionan estructuras sociales (por ejemplo, raza, vivienda, necesidades especiales), pero no se teoriza explícitamente sobre mecanismos estructurales de poder.",0.5,"El análisis está situado en la costa de Carolina del Norte y se reconoce el contexto geográfico, pero la dimensión sociohistórica y política es superficial.",0.0,El método (PCA y SOVI) utiliza variables paralelas y no operacionaliza interacciones entre ejes sociales; no hay análisis interseccional empírico.,1.0,high,,0.5,"El trabajo menciona aplicaciones para la reducción de riesgos y la planificación, pero no desarrolla una orientación explícita hacia la justicia social o ambiental.",0.0,No se documenta agencia ni estrategias de resistencia de los sujetos; la población es tratada como objeto de vulnerabilidad.,True,"El paper articula múltiples ejes de diferenciación social (raza, estructura familiar, edad, tipo de vivienda) como factores que interactúan en la vulnerabilidad social al riesgo de inundación.",0.5,"Los elementos (ejes sociales, contexto, vulnerabilidad) están presentes pero yuxtapuestos; no se articulan en un análisis interseccional coherente.",2151,425
427,1.0,"Trata indigeneidad, raza y clase como mutuamente constitutivos en la formación de subjetividades ambientales (no aditivos).",1.0,"Explicita la influencia de estructuras como el colonialismo, el capitalismo y el estado colonial/settler en las respuestas al clima.",1.0,Sitúa los hallazgos en comunidades específicas (Karuk Tribe y homesteaders urbanos) y reconoce la no-universalidad de las experiencias.,0.5,"Utiliza análisis comparativo de comunidades con posiciones estructurales distintas, pero no detalla un método empírico de intersección más allá del análisis cualitativo secundario.",3.5,high,,1.0,Critica explícitamente la invisibilización de saberes y prácticas no normativas y conecta el análisis con la justicia epistémica y ambiental.,1.0,Reconoce y documenta las prácticas y saberes situados como formas de agencia y resistencia frente a narrativas dominantes.,True,"El paper analiza cómo diferencias de indigeneidad, raza y clase se relacionan en la formación de subjetividades ambientales y respuestas al cambio climático.",1.0,"Los elementos de poder estructural, identidades entrelazadas, contexto y agencia se articulan coherentemente en el análisis de subjetividades ambientales.",2017,393
428,0.0,Solo analiza género; menciona otros ejes como brecha en la literatura.,0.0,No articula mecanismos estructurales; se enfoca en disparidades de género.,0.0,No sitúa hallazgos en contextos sociohistóricos específicos.,0.0,No operacionaliza intersecciones en el método; revisión centrada en género.,0.0,high,,0.0,No desarrolla orientación a la justicia más allá de recomendaciones generales sobre género.,0.0,No documenta agencia o resistencia; enfoque en vulnerabilidad.,False,"Aunque el paper menciona que pocos estudios exploran impactos interseccionales (género con etnia, clase, educación), su propia revisión y análisis se centra exclusivamente en el eje de género, sin articular cómo se relaciona con otros ejes de diferenciación social.",0.0,No hay integración de ejes ni elementos interseccionales.,2095,313
429,0.0,No analiza identidades entrelazadas; solo menciona género como vacío.,0.0,No teoriza mecanismos estructurales; enfoque descriptivo de vacíos.,0.0,No sitúa hallazgos en contextos sociohistóricos específicos.,0.0,No hay método empírico que operacionalice intersecciones.,0.0,high,,0.0,No hay orientación a la justicia ni recomendaciones transformadoras.,0.0,No documenta agencia ni resistencia de sujetos.,False,"El paper menciona la necesidad de estudios interseccionales y de género en el turismo-agua, pero no articula ni analiza ejes de diferenciación social relacionados entre sí; solo identifica vacíos en la literatura.",0.0,No hay elementos interseccionales a integrar.,1981,288
430,0.5,Se mencionan varios ejes pero no queda claro si se analizan como mutuamente constitutivos o solo yuxtapuestos en relatos personales.,0.5,"Se alude a estructuras como capitalismo y conflicto, pero no se detalla si se analizan mecanismos estructurales en profundidad.",0.5,"El libro es internacional y recoge voces de 25 países, pero el nivel de contextualización sociohistórica no se especifica en el abstract.",0.0,No se describe un método empírico que operacionalice intersecciones; parece una colección de relatos y ensayos.,1.5,medium,,0.5,"Se menciona una orientación crítica y un vocabulario para discutir la 'cyborgificación', pero no se explicita una orientación transformadora o de justicia.",1.0,El foco en relatos personales y voces diversas sugiere una fuerte presencia de agencia y estrategias de los sujetos.,True,"El abstract menciona explícitamente la articulación de múltiples ejes (raza, género, sexualidad, clase, discapacidad, etc.) en relación con la experiencia de vivir como cyborg.",0.5,"Los elementos parecen estar presentes pero probablemente yuxtapuestos en relatos y ensayos individuales, sin una integración analítica fuerte.",1998,389
431,0.0,No se identifican ejes de diferenciación social entrelazados.,0.0,No se abordan estructuras de poder o mecanismos de opresión.,0.0,No hay contextualización sociohistórica de desigualdades.,0.0,No hay método que operacionalice intersecciones sociales.,0.0,high,,0.0,No se orienta a la justicia social ni transformación de desigualdades.,0.0,No se aborda agencia o resistencia de sujetos diferenciados.,False,"El paper se centra en la participación de actores de salud pública y científicos, pero no articula ejes de diferenciación social (género, raza, clase, etc.) como relacionados entre sí.",0.0,No hay elementos interseccionales presentes para articular.,1945,284
432,0.0,"Solo se analiza género; otros ejes (clase, etnia, edad) no se articulan.",0.0,"El foco está en normas de género y acceso a recursos, sin teorización estructural explícita.",0.0,"Aunque hay contexto geográfico, no se sitúan múltiples ejes sociales.",0.0,"El método cualitativo explora género, pero no operacionaliza intersecciones.",0.0,high,,0.0,"El análisis es descriptivo sobre vulnerabilidad de género, sin orientación transformadora explícita.",0.0,No se documenta agencia o resistencia de los sujetos.,False,"Aunque menciona 'interlinked factors' y 'intersectionality' en palabras clave, el análisis se centra exclusivamente en género como eje de diferenciación, sin articularlo con otros ejes sociales de manera relacional.",0.0,No hay integración de ejes múltiples ni de los elementos interseccionales.,2043,319
433,1.0,"Explora cómo género, edad, estado civil y residencia se entrelazan en la experiencia de las mujeres agricultoras.",0.5,"Menciona dinámicas de poder y acceso a recursos, pero no teoriza mecanismos estructurales en profundidad.",1.0,Contextualiza en la región semiárida de Ghana y discute especificidades locales y sociales.,1.0,"Utiliza muestreo y análisis cualitativo para captar subgrupos interseccionales (edad, estado civil, residencia).",2.5,high,,0.5,"Señala la importancia de políticas adaptativas sensibles a diferencias intra-género, pero la orientación a la justicia es limitada.",1.0,Documenta estrategias de adaptación y agencia de las mujeres frente al cambio climático.,True,"El paper analiza cómo el género se cruza con edad, estado civil y residencia para influir en la adaptación y el acceso a recursos.",0.5,"Los elementos interseccionales están presentes y parcialmente integrados, pero la articulación entre poder estructural y agencia podría ser más profunda.",1986,353
434,0.5,"Aunque se menciona la intersección de género, raza y clase, el análisis parece centrarse principalmente en género, usando los otros ejes más como contexto.",1.0,"Se discuten inequidades estructurales (racismo, desigualdad económica, patriarcado) como causas del cambio climático.",0.5,"Se refiere al contexto del Green New Deal y a la historia de desigualdades, pero el nivel de detalle contextual no es claro.",0.0,No hay evidencia de un método empírico que operacionalice intersecciones; el trabajo es teórico/discursivo.,2.0,high,,1.0,El artículo está orientado explícitamente a la transformación y la justicia social y ambiental.,0.5,"Se menciona el liderazgo de mujeres y la agencia de activistas, pero no se documentan estrategias concretas de resistencia.",True,"El abstract articula género, raza y clase como ejes interrelacionados en la producción y solución de la crisis climática.",0.5,"Los elementos de poder estructural, justicia y agencia están presentes y relacionados, pero la integración entre los ejes de identidad es parcial.",1930,371
435,0.0,No se abordan identidades sociales ni sus interrelaciones.,0.0,No se discuten estructuras de poder ni mecanismos de opresión.,0.0,No hay contextualización sociohistórica de ejes sociales.,0.0,No hay método para operacionalizar intersecciones sociales.,0.0,high,,0.0,No hay orientación a la justicia social o transformación de desigualdades.,0.0,No se aborda agencia o resistencia de sujetos diferenciados socialmente.,False,"El paper no articula ejes de diferenciación social relacionados; se centra en modelos de negocio y transformación digital en universidades sin referencia a género, raza, clase u otros ejes sociales.",0.0,No hay elementos interseccionales presentes para integrar.,1948,280
436,1.0,"Explicita que 'no todas las mujeres o todos los hombres son igualmente vulnerables', y que las vulnerabilidades surgen de la intersección de condiciones contextuales.",0.5,"Menciona factores estructurales (globalización, urbanización, desarrollo), pero no teoriza mecanismos de poder en detalle.",1.0,Sitúa el análisis en el contexto específico del Hindu-Kush Himalaya y reconoce la variabilidad contextual.,0.5,"Se refiere a estudios que abordan intersecciones, pero no queda claro si el método es plenamente interseccional o solo descriptivo de subgrupos.",2.0,medium,,0.5,"Se orienta a mejorar el conocimiento para abordar desigualdades, pero no explicita una praxis transformadora.",0.0,No hay mención de agencia o resistencia de los sujetos; el foco está en la vulnerabilidad.,True,"El abstract discute cómo género, ubicación, clase y otros factores se intersecan para producir vulnerabilidades diferenciadas, no solo aditivas.",0.5,"Los elementos están presentes y parcialmente articulados, pero la integración analítica no es completa.",1946,368
437,1.0,"Se enfatiza la 'herramienta feminista del análisis interseccional' y la necesidad de coaliciones que reconozcan posiciones específicas, no solo sumas de identidades.",1.0,"El análisis aborda la necesidad de 'reencuadrar procesos y objetivos de política general de los gobiernos', lo que implica una crítica a estructuras de poder y sistemas opresivos.",1.0,"El contexto es situado: EEUU, tras la introducción del Green New Deal, en el marco de la pandemia y debates políticos contemporáneos.",1.0,"El método incluye entrevistas a miembros de la coalición, seleccionados por su rol en procesos interseccionales de organización y acción colectiva.",4.0,high,,1.0,"El trabajo está explícitamente orientado a la transformación social y política, con propuestas para una economía alternativa y justicia climática feminista.",1.0,"Se documenta la agencia de las activistas, su rol en la creación de coaliciones y estrategias de resistencia y construcción de alternativas.",True,"El paper discute explícitamente el uso de un análisis feminista interseccional en la construcción de una coalición para el Green New Deal, articulando género con otros ejes de diferenciación social en procesos de acción colectiva.",1.0,"Los elementos de identidad, poder, contexto, método, praxis y agencia se articulan coherentemente en el análisis de la coalición y sus propuestas.",1985,418
438,0.0,No se mencionan ni analizan ejes de diferenciación social.,0.0,"No hay referencia a estructuras de poder social (racismo, género, etc.).",0.0,"El contexto es institucional y geográfico, no sociohistórico de desigualdades.",0.0,No hay método que operacionalice intersecciones sociales.,0.0,high,,0.0,No se menciona orientación a la justicia social o ambiental desde una perspectiva interseccional.,0.0,No se aborda agencia o resistencia de sujetos sociales diferenciados.,False,"El abstract no articula ejes de diferenciación social relacionados entre sí; se centra en instituciones, gobernanza y escalas geográficas, no en identidades sociales entrelazadas.",0.0,No hay elementos interseccionales presentes para articular.,1847,295
439,0.0,"No hay análisis de cómo se entrelazan ejes como género, raza, clase, etc.",0.0,No se explicitan mecanismos estructurales de poder.,0.0,No se sitúan hallazgos en contextos sociohistóricos específicos.,0.0,No hay operacionalización empírica de intersecciones.,0.0,high,,0.0,No se desarrolla una orientación explícita a la justicia más allá de la mención.,0.0,No se documenta agencia o resistencia de sujetos diferenciados.,False,"El abstract menciona 'movilizaciones interseccionales' y 'grupos subalternos', pero no articula ni analiza ejes de diferenciación social relacionados entre sí.",0.0,No hay elementos interseccionales sustantivos a integrar.,1891,292
440,0.0,Solo se analiza religión como eje.,0.0,No se abordan mecanismos estructurales de opresión entrelazados.,0.0,No hay contextualización interseccional de múltiples ejes.,0.0,No hay método que operacionalice intersecciones de ejes sociales.,0.0,high,,0.0,No se orienta a la transformación de desigualdades interseccionales.,0.0,No se documenta agencia desde una perspectiva interseccional.,False,"El paper se centra en religión como eje de diferenciación, pero no articula explícitamente dos o más ejes sociales relacionados entre sí (como género, raza, clase, etc.) en el análisis.",0.0,No hay elementos interseccionales para articular.,1972,286
441,0.5,"Menciona múltiples ejes (pobreza, ciudadanía, políticas federales) pero no analiza posiciones interseccionales específicas.",1.0,"Explicita mecanismos estructurales como el colonialismo, políticas federales y desigualdades sistémicas.",1.0,"Contextualiza en la historia, política y economía específica de Puerto Rico.",0.0,No describe un método empírico que operacionalice intersecciones; es un marco conceptual/descriptivo.,2.0,high,,1.0,Orienta explícitamente a la transformación sistémica y la justicia en salud.,0.5,Menciona la importancia de enfoques comunitarios pero no documenta agencia concreta.,True,"El paper articula cómo factores históricos, políticos, económicos y culturales se intersectan para producir disparidades de salud en Puerto Rico.",0.5,"Los elementos estructurales y contextuales están articulados, pero la integración entre identidades y agencia es parcial.",1993,330
442,1.0,Habla de 'intersectional exclusion' y cómo las identidades marginadas se entrelazan en la experiencia de exclusión en la COP.,1.0,"Explicita la reproducción de estructuras coloniales y de poder en el proceso de la COP, no solo en términos individuales.",1.0,"Contextualiza el análisis en la historia y política de la COP25, y en la colonialidad de las negociaciones climáticas.",1.0,"Utiliza observación participante y entrevistas focalizadas en sujetos con identidades interseccionales (jóvenes indígenas, etc.), captando interacciones.",4.0,high,,1.0,"El trabajo está orientado explícitamente a la transformación y justicia climática, proponiendo centrar prioridades indígenas y descolonizar procesos.",1.0,Documenta agencia y resistencia de jóvenes activistas e indígenas en la lucha por justicia climática.,True,"El paper analiza la exclusión interseccional de jóvenes e indígenas en las negociaciones climáticas, articulando múltiples ejes de diferenciación social como mutuamente relacionados.",1.0,"Los elementos se articulan en un análisis coherente: la exclusión interseccional se explica por estructuras coloniales, situada en el contexto COP, con agencia y orientación transformadora.",1963,385
443,0.0,No analiza identidades entrelazadas; solo menciona interseccionalidad como término.,0.0,No desarrolla mecanismos estructurales; se limita a definiciones generales.,0.0,No sitúa hallazgos en un contexto sociohistórico específico.,0.0,No hay método empírico ni operacionalización de intersecciones.,0.0,high,,0.0,No hay orientación a la transformación o justicia más allá de mencionar el término 'climate justice'.,0.0,No documenta agencia ni resistencia de sujetos.,False,"El paper es un glosario/discusión conceptual que menciona 'determinantes interseccionales de la salud', pero no articula ni analiza ejes de diferenciación social relacionados entre sí.",0.0,No hay elementos sustantivos a integrar.,1847,297
444,0.0,"No analiza ejes sociales entrelazados (género, raza, clase, etc.).",0.0,No teoriza mecanismos de poder estructural entre ejes sociales.,0.0,No sitúa hallazgos en términos de diferenciación social contextualizada.,0.0,No operacionaliza intersecciones sociales en el método.,0.0,high,,0.0,No orienta el análisis a la transformación de desigualdades sociales interseccionales.,0.0,No documenta agencia/resistencia de sujetos en posiciones interseccionales.,False,"El paper se centra en la relacionalidad humano/más-que-humano y la agencia intra-activa, pero no articula explícitamente dos o más ejes de diferenciación social como relacionados entre sí.",0.0,No hay elementos interseccionales sustantivos a integrar.,1979,304
445,1.0,"Analiza cómo los discursos de la BMGF refuerzan desigualdades racializadas y generizadas, no como sumas sino como posiciones co-constituidas ('racialised and gendered socio-spatial inequality').",1.0,"Teoriza mecanismos estructurales como el racial capitalism, la colonialidad y el neoliberalismo, y cómo estos operan en las políticas de población y agricultura.",1.0,"Sitúa el análisis en la historia del malthusianismo, la colonialidad y las políticas globales de desarrollo, reconociendo la especificidad de los contextos y actores.",0.0,"El trabajo es teórico y discursivo, sin operacionalización empírica de intersecciones en datos o métodos.",3.0,high,,1.0,"El análisis es explícitamente crítico y orientado a la justicia, proponiendo el concepto de 'necro-populationism' y llamando a la transformación de las estructuras de poder.",0.5,"Menciona la necesidad de reconocer y afirmar formas de resistencia, pero no documenta empíricamente estrategias concretas de agencia.",True,"El paper articula género y raza como ejes mutuamente constitutivos en los discursos y políticas de la BMGF, enmarcados en estructuras de poder global.",1.0,"Los elementos teóricos (ejes, estructuras, contexto, justicia) se articulan en un marco coherente que explica cómo operan conjuntamente en los discursos y políticas analizadas.",2144,433
446,0.0,No analiza identidades sociales entrelazadas.,0.0,No teoriza mecanismos de poder estructural ligados a ejes sociales.,0.0,No sitúa hallazgos en términos de diferenciación social contextualizada.,0.0,No operacionaliza intersecciones sociales en el método.,0.0,high,,0.0,No orienta el análisis a la justicia social o ambiental desde una perspectiva interseccional.,0.0,No documenta agencia o resistencia de sujetos diferenciados socialmente.,False,"El paper menciona factores culturales y de mercado, pero no articula dos o más ejes de diferenciación social como relacionados entre sí.",0.0,No hay elementos interseccionales a integrar.,2070,275
447,0.0,Solo se analiza el género; no se articulan múltiples ejes entrelazados.,0.0,No se discuten mecanismos estructurales más allá del género.,0.0,No se contextualizan múltiples ejes en un marco sociohistórico.,0.0,No hay método que operacionalice intersecciones.,0.0,high,,0.0,No se observa una orientación explícita a la justicia interseccional.,0.0,No se documenta agencia o resistencia de sujetos interseccionales.,False,"Aunque menciona 'interseccionalidad' y 'género', el abstract solo articula el eje de género en relación con crisis y políticas de la UE, sin relacionarlo con otros ejes de diferenciación social.",0.0,No hay elementos interseccionales a integrar.,1979,295
448,0.0,No se identifican ejes de diferenciación social entrelazados.,0.0,No se abordan estructuras de poder vinculadas a ejes sociales.,0.0,No hay contextualización sociohistórica de ejes sociales.,0.0,No hay método empírico sobre intersecciones de ejes sociales.,0.0,high,,0.0,No se articula una praxis de justicia desde la interseccionalidad.,0.0,No se documenta agencia de sujetos diferenciados socialmente.,False,"El abstract articula 'matters of justice' (económico, cultural, político) y escalas geográficas, pero no menciona ni relaciona explícitamente ejes de diferenciación social como género, raza, clase, etc.",0.0,No hay elementos interseccionales a integrar.,1893,297
449,0.0,,0.0,,0.0,,0.0,,0.0,high,,0.0,,0.0,,False,"El abstract menciona múltiples temas y disciplinas, pero no articula explícitamente dos o más ejes de diferenciación social como relacionados entre sí.",0.0,,1957,184
450,0.0,No analiza cómo se co-construyen los ejes; solo los menciona.,0.0,Menciona desigualdades estructurales pero sin teorización de mecanismos.,0.0,No hay contexto sociohistórico situado.,0.0,No hay operacionalización empírica de intersecciones.,0.0,high,,0.0,"No hay orientación explícita a la justicia, solo mención de desigualdades.",0.0,No se documenta agencia ni resistencia.,False,"El abstract menciona 'realidades interseccionales' y desigualdades estructurales, pero no articula dos o más ejes de diferenciación social como relacionados entre sí; solo los menciona por separado (género, pobreza, cambio climático).",0.0,No hay elementos interseccionales sustantivos para articular.,1872,302
451,0.0,No analiza identidades entrelazadas; trata a los migrantes como un grupo homogéneo.,0.0,No teoriza mecanismos estructurales de poder; se enfoca en factores globales y políticos generales.,0.0,No sitúa los hallazgos en contextos sociohistóricos o geográficos específicos.,0.0,No hay operacionalización empírica de intersecciones; análisis general.,0.0,high,,0.0,No hay orientación explícita a la justicia ni recomendaciones transformadoras.,0.0,No documenta agencia o resistencia de los sujetos; los migrantes aparecen como objetos de políticas.,False,"El paper menciona vulnerabilidad y migración en términos generales, pero no articula dos o más ejes de diferenciación social como relacionados entre sí.",0.0,No hay elementos interseccionales presentes para articular.,2059,305
452,0.5,"Menciona género, pobreza y ruralidad como factores, pero no queda claro si los analiza como mutuamente constitutivos o solo aditivos.",1.0,"Critica estructuras de poder y relaciones de género, y discute cómo las políticas pueden cimentar desigualdades.",0.5,"Hace referencia a ruralidad y contexto político (foros internacionales, políticas), pero el contexto sociohistórico es superficial.",0.0,No se describe un método empírico ni operacionalización de intersecciones.,2.0,medium,,1.0,Llama explícitamente a la transformación y a una resiliencia transformadora para evitar la reproducción de desigualdades.,0.5,"Desafía la visión de las mujeres solo como víctimas, pero no se documentan estrategias concretas de agencia o resistencia.",True,"El abstract articula género, pobreza y ruralidad como elementos críticos y relacionados en la vulnerabilidad climática.",0.5,"Integra poder estructural y orientación a la justicia, pero la articulación entre los ejes y el contexto es parcial.",1897,351
453,0.5,"Analiza género junto a estado civil y roles intra-hogar, pero los trata mayormente como factores aditivos (ej. mujeres casadas vs. jefas de hogar).",0.5,"Menciona dinámicas de poder (intra-hogar, acceso a recursos) y crítica a enfoques occidentales, pero no teoriza mecanismos estructurales en profundidad.",1.0,"Contextualiza en Malawi y Zambia, discute la aplicabilidad de enfoques occidentales y la necesidad de políticas situadas.",0.5,"El método distingue subgrupos (mujeres casadas, jefas de hogar, hombres), pero no analiza interacciones complejas entre ejes.",2.0,high,,0.5,"Recomienda reformas de política y reconoce la importancia de la justicia de género, pero la orientación transformadora es limitada.",0.5,"Reconoce agencia en la adopción de CSA, especialmente en jefas de hogar, pero la agencia no es un foco central.",True,"El paper discute género en relación con estado civil, intra-hogar, acceso a recursos y reconoce la heterogeneidad dentro de las categorías de género.",0.5,"Los elementos aparecen conectados en la discusión de contexto y recomendaciones, pero la integración analítica es parcial.",2079,401
454,0.5,"Se mencionan género y equidad social, pero no queda claro si se analizan como mutuamente constitutivos o solo aditivos.",1.0,El abstract enfatiza la reproducción de dinámicas estructurales y asimetrías de poder en los sistemas energéticos.,0.5,"Se reconoce la importancia de los contextos socio-culturales y socio-económicos, pero sin detalle específico.",0.0,"Como revisión de literatura, no hay operacionalización empírica de intersecciones.",1.5,medium,,1.0,"El análisis está orientado a la justicia, criticando la falta de transformación de desigualdades estructurales.",0.0,No se menciona agencia o resistencia de los sujetos; el foco está en estructuras.,True,El abstract articula género y equidad social como ejes relacionados en el análisis de transiciones energéticas.,0.5,"Se articulan poder estructural y contexto, pero la integración de identidades entrelazadas y agencia es limitada.",1892,341
455,1.0,Analiza cómo género y colonialidad se co-constituyen en la producción artística y la representación de la Antártida.,1.0,"Explora estructuras de poder como el imperio, el patriarcado y la producción de conocimiento en el arte polar.",1.0,"Sitúa el análisis en la historia específica de la Antártida, la exclusión de mujeres y la tradición visual occidental.",0.5,"El método es análisis crítico de obras y prácticas artísticas, con atención a intersecciones, pero sin operacionalización empírica formal.",3.5,high,,1.0,"El trabajo se orienta a desnaturalizar y transformar imaginarios dominantes, vinculando arte feminista y justicia ecológica/postcolonial.",1.0,Las artistas son presentadas como agentes que intervienen críticamente en los discursos y prácticas sobre la Antártida.,True,"El paper articula género, colonialidad/imperio y la relación humano/no-humano como ejes entrelazados en el análisis de prácticas artísticas feministas en la Antártida.",1.0,"El análisis articula género, poder estructural, contexto histórico y agencia en una narrativa coherente sobre arte y política en la Antártida.",1936,381
456,0.0,No se identifican análisis de identidades entrelazadas.,0.0,No se abordan estructuras de poder vinculadas a ejes sociales.,0.0,"El contexto es político-económico, no sociohistórico en términos de diferenciación social.",0.0,No hay operacionalización empírica de intersecciones sociales.,0.0,high,,0.0,No se orienta a la justicia social desde una perspectiva interseccional.,0.0,No se documenta agencia o resistencia de sujetos diferenciados socialmente.,False,"El paper analiza la transición energética a través de constelaciones de intereses e instituciones, pero no articula ejes de diferenciación social (género, raza, clase, etc.) como relacionados entre sí.",0.0,No hay elementos interseccionales a integrar.,1901,296
457,0.0,No se identifican ejes de diferenciación social entrelazados.,0.0,No se abordan estructuras de opresión vinculadas a identidades sociales diferenciadas.,0.0,No hay referencia a contextos sociohistóricos de grupos sociales diferenciados.,0.0,No hay método empírico que operacionalice intersecciones de ejes sociales.,0.0,high,,0.0,"Aunque se menciona la justicia cultural, no se conecta con desigualdades interseccionales.",0.0,No se documenta agencia de sujetos diferenciados por ejes sociales.,False,"El abstract se centra en la relación entre arte, patrocinio petrolero y justicia cultural, pero no articula explícitamente dos o más ejes de diferenciación social relacionados entre sí.",0.0,No hay elementos interseccionales a integrar.,1922,300
458,0.0,No se identifican ejes sociales entrelazados.,0.0,No se abordan mecanismos estructurales de opresión social.,0.0,No se sitúan hallazgos en ejes sociohistóricos de diferenciación.,0.0,No hay operacionalización empírica de intersecciones sociales.,0.0,high,,0.0,No se conecta explícitamente con justicia social desde una perspectiva interseccional.,0.0,No se documenta agencia ni resistencia de sujetos diferenciados.,False,"El abstract menciona 'intersections' entre sistemas alimentarios, cambio climático, política de salud y relaciones de poder, pero no articula ejes de diferenciación social (género, raza, clase, etc.) como relacionados entre sí.",0.0,No hay elementos interseccionales sustantivos a integrar.,1858,300
459,0.5,"Se menciona la masculinidad joven como sujeto interseccional, pero no se exploran múltiples ejes de manera co-constitutiva más allá del género/edad.",1.0,"El análisis se centra en relaciones de poder, discursos y mecanismos estructurales en torno a la securitización y la política global.",1.0,"El caso de Siria se sitúa en un contexto geopolítico e histórico específico, reconociendo la no-universalidad de los ensamblajes.",0.0,El trabajo es teórico/conceptual y no operacionaliza empíricamente las intersecciones.,1.5,high,,0.5,"Se problematizan los discursos de poder y securitización, pero la orientación a la justicia es implícita y no desarrollada en recomendaciones.",0.0,No se documenta agencia o resistencia de los sujetos; se los analiza como construcciones discursivas.,True,El paper analiza cómo la masculinidad joven se configura como sujeto interseccional en la relación clima-terrorismo-radicalización.,0.5,"El análisis articula poder estructural, contexto y sujetos interseccionales, pero la integración es parcial y centrada en el discurso.",2052,382
460,0.5,"Menciona interseccionalidad y BAME, pero trata los ejes principalmente como aditivos (raza, colonialidad, cultura) y no como mutuamente constitutivos.",1.0,Analiza explícitamente el legado estructural del colonialismo y el racismo en la inequidad en salud y educación médica.,1.0,"Sitúa el análisis en el contexto histórico del colonialismo, la esclavitud y la educación médica contemporánea en el Reino Unido.",0.0,No hay método empírico ni operacionalización de intersecciones; es un análisis teórico y de eventos/discursos.,2.0,high,,1.0,El objetivo explícito es transformar la educación médica hacia la justicia social y decolonial.,0.5,"Reconoce agencia en los saberes indígenas y en la resistencia a la hegemonía biomédica, pero no documenta estrategias concretas de sujetos.",True,"El paper discute la intersección de raza/etnicidad (BAME), colonialidad, y sistemas de salud, y menciona explícitamente la interseccionalidad y trauma intergeneracional.",0.5,"Los elementos de poder estructural, contexto y justicia están integrados, pero la interseccionalidad y agencia aparecen más como menciones yuxtapuestas que como parte de un análisis coherente.",2076,410
461,0.0,,0.0,,0.0,,0.0,,0.0,high,,0.0,,0.0,,False,"El abstract no articula ejes de diferenciación social relacionados, sino que describe la creación de un centro y actividades educativas generales sobre clima y salud.",0.0,,1891,185
462,0.0,No analiza identidades entrelazadas; solo mención general a diversidad.,0.0,No desarrolla mecanismos estructurales; solo referencia a neoliberalismo y racismo ambiental.,0.0,No sitúa hallazgos en un contexto sociohistórico específico.,0.0,No hay método empírico que operacionalice intersecciones.,0.0,high,,0.0,No desarrolla orientación a la justicia más allá de la mención a movimientos.,0.0,No documenta agencia o resistencia de sujetos específicos.,False,"El abstract menciona 'intersectional mobilizations' y diversidad de sectores, pero no articula explícitamente dos o más ejes de diferenciación social como relacionados entre sí; se enfoca en movimientos y coaliciones amplias.",0.0,No hay elementos interseccionales sustantivos a integrar.,1877,299
463,0.0,No se identifican ejes sociales entrelazados; solo actores institucionales.,0.0,No hay discusión de estructuras de poder o mecanismos de opresión.,0.0,No se sitúan hallazgos en contextos sociohistóricos de diferenciación social.,0.0,No hay operacionalización empírica de intersecciones sociales.,0.0,high,,0.0,No se orienta a transformar desigualdades sociales; el foco es técnico y educativo.,0.0,No se documenta agencia o resistencia de sujetos diferenciados socialmente.,False,"El paper menciona la 'intersección de todos los actores participantes', pero no articula ni analiza ejes de diferenciación social (género, raza, clase, etc.) como relacionados entre sí.",0.0,No hay elementos interseccionales a integrar.,2231,300
464,0.0,No se identifican ejes de diferenciación social entrelazados.,0.0,"No se abordan estructuras de poder como racismo, género o clase.",0.0,No hay contextualización sociohistórica de ejes sociales.,0.0,El método no operacionaliza intersecciones de ejes sociales.,0.0,high,,0.0,No hay orientación explícita a la justicia social o ambiental desde una perspectiva interseccional.,0.0,No se documenta agencia o resistencia de sujetos en relación a ejes de opresión.,False,"El paper analiza la transformación de prácticas veganas y el rol de las TIC, pero no articula dos o más ejes de diferenciación social relacionados entre sí; se centra en prácticas y comunidades veganas en general.",0.0,"No aplica, ya que no se articula un análisis interseccional.",1936,307
465,0.0,"Solo se analiza religión como eje principal, sin entrelazar con otros ejes sociales.",0.0,No se abordan estructuras de poder más allá de la religión y la política como narrativas.,0.0,No se sitúa en un contexto sociohistórico de múltiples ejes de opresión.,0.0,No hay operacionalización empírica de intersecciones entre ejes sociales.,0.0,high,,0.0,"El foco está en estrategias de comunicación, no en transformación de desigualdades estructurales.",0.0,No se documenta agencia o resistencia de sujetos en posiciones interseccionales.,False,"El paper articula religión y escepticismo climático como ejes, pero no los relaciona con otros ejes de diferenciación social (género, raza, clase, etc.) ni explora intersecciones entre múltiples identidades sociales.",0.0,No hay integración de múltiples ejes de diferenciación social.,2071,323
466,0.0,No se mencionan ni analizan ejes de diferenciación social.,0.0,No hay referencia a estructuras de poder vinculadas a identidades sociales.,0.0,"El contexto es geopolítico y estatal, no situado en términos de diferenciación social.",0.0,No hay método empírico ni operacionalización de intersecciones sociales.,0.0,high,,0.0,No se aborda la justicia social ni la transformación de desigualdades sociales.,0.0,No se reconoce agencia ni resistencia de sujetos diferenciados socialmente.,False,"El abstract discute la relación entre el Estado, la energía y el ambiente en términos generales y geopolíticos, sin articular ejes de diferenciación social relacionados entre sí.",0.0,No hay elementos interseccionales presentes para articular.,1965,293
467,0.0,No se identifican ejes entrelazados; solo se menciona desventaja social en general.,0.0,No se detallan mecanismos estructurales específicos ni su relación con identidades múltiples.,0.0,No se observa contextualización sociohistórica de intersecciones.,0.0,No se describe método que operacionalice intersecciones.,0.0,high,,0.0,No se articula una orientación explícita a la justicia interseccional.,0.0,No se menciona agencia o resistencia de sujetos diferenciados.,False,"El abstract menciona 'desventaja social' y 'inequidades estructurales', pero no articula explícitamente dos o más ejes de diferenciación social como relacionados entre sí.",0.0,No hay elementos interseccionales a integrar.,1891,295
468,1.0,"Analiza cómo marginalización social, migración forzada y espacialidad se entrelazan en la producción de invisibilidad y vulnerabilidad.",1.0,"Atribuye las invisibilidades a desequilibrios estructurales de poder y recursos, y discute mecanismos de gobierno y ciudadanía.",1.0,"Sitúa el análisis en América Latina, con ejemplos concretos (Amazonia, migración, post-colonialidad) y reconoce la especificidad contextual.",0.5,"Propone una taxonomía conceptual y estrategias, pero no reporta un método empírico que operacionalice intersecciones en datos primarios.",3.5,high,,1.0,"Orienta explícitamente a la justicia social y climática, proponiendo estrategias de empoderamiento y acción transformadora.",1.0,"Reconoce agencia de los sujetos marginalizados, discutiendo estrategias de empoderamiento y accountability.",True,"El paper articula múltiples ejes de marginalización (social, espacial, migración, salud) como inter-relacionados y co-constitutivos en la invisibilidad de riesgos climáticos.",1.0,"Los elementos (poder, identidades, contexto, agencia, justicia) se articulan en un análisis coherente sobre invisibilidad y acción política.",2070,390
469,0.0,No se identifican análisis de identidades entrelazadas.,0.0,No se abordan mecanismos de poder estructural ligados a ejes sociales diferenciados.,0.0,No hay contextualización sociohistórica de ejes interseccionales.,0.0,No hay método que operacionalice intersecciones de ejes sociales.,0.0,high,,0.0,No se conecta el análisis con justicia social desde una perspectiva interseccional.,0.0,No se documenta agencia o resistencia de sujetos diferenciados.,False,"El paper discute la relación entre cambio climático y cuestiones de tierra, pero no articula explícitamente dos o más ejes de diferenciación social como relacionados entre sí.",0.0,No hay elementos interseccionales a integrar.,2012,286
470,1.0,Argumenta explícitamente que los ejes no son independientes y que sus intersecciones producen posiciones sociales específicas (ejemplo: masculinidad + pobreza + edad).,1.0,"Discute cómo las relaciones de poder y las estructuras sociales (ideales de masculinidad, pobreza estructural, religión) configuran la vulnerabilidad.",1.0,"Contextualiza en la región específica del norte de Ghana, con referencia a historia, geografía y dinámicas locales.",1.0,"Utiliza trabajo de campo cualitativo intensivo y estudios de caso para captar intersecciones en la experiencia vivida, no solo variables paralelas.",4.0,high,,1.0,"Critica los enfoques convencionales y aboga por intervenciones más justas y situadas, orientadas a necesidades reales.",1.0,El análisis de experiencias vividas implica agencia y estrategias de los sujetos frente a la vulnerabilidad.,True,"El paper analiza cómo múltiples ejes (masculinidad, salud, religión, género, edad, estado civil, pobreza) se entrecruzan para configurar la vulnerabilidad climática.",1.0,"Los elementos (ejes entrelazados, poder, contexto, método, justicia, agencia) se articulan en un análisis coherente y crítico.",1976,387
471,0.5,"Aunque se menciona la interseccionalidad y la coexistencia de diferentes significados de género, el análisis parece centrarse principalmente en género, con referencias a su relación con otras desigualdades más en la discusión que en el análisis empírico.",1.0,El trabajo examina mecanismos estructurales y discursivos que perpetúan desigualdades de género en el contexto de las negociaciones climáticas.,1.0,"El análisis está situado en el contexto específico de las COPs y la política internacional, reconociendo la especificidad geográfica e histórica.",0.5,"El método cualitativo permite explorar discursos y prácticas, pero no queda claro que se operacionalicen intersecciones empíricas más allá del género.",2.0,high,,1.0,"El trabajo está orientado explícitamente a la justicia y transformación de desigualdades, proponiendo nuevas coaliciones y técnicas para resultados más justos.",0.5,"Se reconoce la agencia en la formación de coaliciones y en la disputa de discursos, aunque la agencia de sujetos concretos aparece de forma limitada.",True,El paper utiliza un lente interseccional para analizar cómo los discursos de género en las negociaciones climáticas se entrelazan con otras formas de desigualdad y poder.,0.5,"El análisis integra poder estructural, contexto y praxis, pero la articulación de múltiples ejes de diferenciación es parcial y el foco principal sigue siendo el género.",2022,429
472,1.0,"Analiza cómo ser mujer indígena y joven implica posiciones específicas en la red de gobernanza, no solo suma de categorías.",1.0,"Teoriza explícitamente el colonialismo, heteropatriarcado y racismo como estructuras que configuran la gobernanza y la exclusión.",1.0,Sitúa el análisis en la historia y política de la gobernanza indígena y la ciencia ambiental en Norteamérica.,1.0,Utiliza análisis de redes sociales para mapear posiciones interseccionales y roles estructurales en la organización.,4.0,high,,1.0,"Orienta el análisis a la transformación de la gobernanza y la decolonización de las alianzas científicas, con recomendaciones explícitas.",1.0,"Documenta agencia de mujeres indígenas como 'bridgers' y su trabajo relacional, no solo como víctimas.",True,"El paper analiza cómo género, edad, indigeneidad y raza se entrelazan en la gobernanza de una organización climática, no solo como variables separadas.",1.0,"El análisis integra estructuras de poder, identidades entrelazadas, contexto, método y agencia en una argumentación coherente sobre la decolonización.",1974,371
473,0.0,No se identifican análisis de identidades entrelazadas.,0.0,No se operacionalizan mecanismos estructurales vinculados a ejes múltiples.,0.0,No se observa contextualización sociohistórica de intersecciones.,0.0,No se describe método que capte interacciones entre ejes.,0.0,high,,0.0,No se desarrolla una orientación a la justicia desde una perspectiva interseccional.,0.0,No se documenta agencia o resistencia de sujetos interseccionales.,False,"El abstract menciona comunidades marginadas y opresión estructural, pero no articula explícitamente dos o más ejes de diferenciación social como relacionados entre sí.",0.0,No hay elementos interseccionales sustantivos para integrar.,2135,285
474,0.0,No analiza identidades entrelazadas ni ejes sociales específicos.,0.0,No teoriza mecanismos estructurales de opresión ligados a ejes sociales.,0.0,No sitúa hallazgos en contextos sociohistóricos diferenciados por ejes sociales.,0.0,No hay método empírico ni operacionalización de intersecciones.,0.0,high,,0.0,No conecta análisis con justicia social desde una perspectiva interseccional.,0.0,No documenta agencia ni resistencia de sujetos diferenciados.,False,El paper revisa marcos de justicia y transición urbana pero no articula dos o más ejes de diferenciación social como relacionados entre sí.,0.0,No hay elementos interseccionales a integrar.,1935,282
475,0.0,Solo se analiza el género como eje de diferenciación; no hay análisis de identidades entrelazadas.,0.0,No se abordan mecanismos estructurales más allá de la exclusión de género.,0.0,"El contexto es global y general, sin análisis situado de intersecciones.",0.0,"El método compara representación por región y género, pero no operacionaliza intersecciones.",0.0,high,,0.0,"El enfoque es descriptivo sobre representación y prioridades, sin orientación explícita a la justicia interseccional.",0.0,"Las mujeres son representadas como sujetos de derechos, pero no se documenta agencia o resistencia interseccional.",False,"Aunque el paper menciona 'diverse women populations' y prioridades variadas (como derechos sobre la tierra, trata sexual, acceso a internet, cambio climático), trata el género como eje único y no articula explícitamente cómo otros ejes (raza, clase, etnia, etc.) se relacionan entre sí o con el género.",0.0,No hay integración de ejes múltiples ni análisis interseccional.,2266,353
476,0.5,"Se mencionan enfoques interseccionales y multidimensionalidad, pero no se detalla cómo se co-construyen los ejes; parece más una yuxtaposición.",1.0,"El texto enfatiza estructuras como colonialismo, racismo y políticas de securitización, con un marco crítico explícito.",1.0,"Se sitúan los fenómenos en contextos geopolíticos (Norte-Sur, post/decolonial), reconociendo la no-universalidad.",0.0,No hay evidencia de métodos empíricos que operen intersecciones; parece un número especial teórico o de revisión.,2.0,medium,,1.0,Orientación explícita a la justicia ambiental y crítica de discursos anti-migración; busca transformar perspectivas y políticas.,0.5,"Se menciona 'dar voz' a perspectivas alternativas, lo que sugiere agencia, pero no se documenta en detalle.",True,"El abstract menciona enfoques interseccionales y post/decoloniales para analizar migración y conflicto climático, articulando múltiples ejes (e.g., Norte-Sur, raza, género, clase) como relacionados.",0.5,"Los elementos críticos y contextuales están presentes y parcialmente integrados, pero la articulación entre identidades entrelazadas y método es limitada.",1915,404
477,1.0,"Explicita que género y otros ejes se entrelazan y co-constituyen vulnerabilidades, no son aditivos.",1.0,"Habla de estructuras sociales y de género, y de cómo influyen mecanismos socioeconómicos y de poder.",1.0,"Enfatiza la importancia del contexto específico (localización, tiempo, condiciones preexistentes) en la producción de vulnerabilidad.",0.0,"Es un paper conceptual basado en revisión de literatura, sin operacionalización empírica ni método interseccional.",2.5,high,,0.5,"El enfoque es crítico y busca complejizar la comprensión de la vulnerabilidad, pero no se explicita una orientación transformadora o recomendaciones de justicia.",0.0,No se menciona agencia o resistencia de los sujetos; el foco está en la conceptualización de vulnerabilidad.,True,"El abstract afirma que el género intersecta con otras condiciones contextuales para producir vulnerabilidades diferenciadas, y que estos factores son complejos e interrelacionados.",1.0,"El análisis conceptual integra los ejes, el contexto y las estructuras en un marco coherente.",1927,359
478,0.0,No analiza cómo se entrelazan ejes; solo los menciona como influencias teóricas.,0.0,"No desarrolla mecanismos estructurales, solo referencia movimientos y teorías.",0.0,No sitúa hallazgos en contextos sociohistóricos específicos.,0.0,No hay método empírico ni operacionalización de intersecciones.,0.0,high,,0.0,No hay orientación explícita a la justicia o transformación.,0.0,No documenta agencia o resistencia de sujetos.,False,"El paper revisa influencias teóricas y menciona la interseccionalidad y otros ejes (raza, sexualidad, colonialidad), pero no articula dos o más ejes de diferenciación social como relacionados entre sí en el análisis.",0.0,No hay elementos interseccionales sustantivos a integrar.,2100,304
479,0.0,No se identifican ejes sociales entrelazados.,0.0,No se abordan estructuras de poder social.,0.0,No se sitúan hallazgos en ejes sociohistóricos de diferenciación.,0.0,No hay operacionalización empírica de intersecciones sociales.,0.0,high,,0.0,No se orienta a la transformación de desigualdades sociales interseccionales.,0.0,No se documenta agencia de sujetos en relación a ejes sociales entrelazados.,False,"El abstract menciona diferencias de biografía, cultura, política y lugar, pero no articula explícitamente dos o más ejes de diferenciación social (como género, raza, clase, etc.) como relacionados entre sí.",0.0,No hay elementos interseccionales a integrar.,2026,296
480,0.0,No se identifican análisis de identidades entrelazadas.,0.0,No se articula poder estructural en relación a ejes sociales.,0.0,No hay contextualización sociohistórica de intersecciones.,0.0,No hay método empírico ni operacionalización de intersecciones.,0.0,high,,0.0,No se observa orientación a la justicia interseccional.,0.0,No se documenta agencia o resistencia de sujetos interseccionales.,False,"El abstract menciona que los bordes intersectan con temas como identidad, cultura, migración, etc., pero no articula explícitamente dos o más ejes de diferenciación social como relacionados entre sí; la discusión es teórica y general.",0.0,No hay elementos interseccionales sustantivos para integrar.,1982,297
481,1.0,Analiza cómo la identidad indígena y la posición frente a estructuras coloniales y alimentarias se co-constituyen (no solo suma de ejes).,1.0,Explicita el rol de estructuras coloniales y políticas federales como mecanismos de opresión.,1.0,Sitúa el análisis en la historia y política específica de las comunidades nativas en EE.UU.,0.5,"El enfoque es principalmente teórico y de revisión crítica, no empírico, pero discute la necesidad de elevar liderazgos indígenas y enfoques situados.",3.5,high,,1.0,"Orientación explícita a la transformación y justicia (derechos humanos, soberanía alimentaria, crítica a la colonización).",1.0,Reconoce y centra la agencia y liderazgo indígena en los movimientos de soberanía alimentaria.,True,"El abstract articula la vulnerabilidad indígena en la intersección de justicia ambiental y alimentaria, vinculando colonización, raza/etnicidad e inequidad estructural.",1.0,"El análisis articula estructuras, identidades, contexto y praxis en una propuesta coherente de transformación y justicia.",1865,364
482,0.0,"Solo se refiere a 'identidad' en general, sin especificar ni relacionar ejes sociales.",0.0,No se mencionan estructuras de poder ni mecanismos sociales.,0.0,No hay contextualización sociohistórica o geográfica.,0.0,No se operacionalizan intersecciones de ejes sociales.,0.0,high,,0.0,No se aborda la justicia social ni la transformación de desigualdades.,0.0,No se documenta agencia ni resistencia de los sujetos.,False,El abstract solo menciona 'identidad' y 'trauma' sin articular dos o más ejes de diferenciación social relacionados entre sí.,0.0,No hay elementos interseccionales presentes para integrar.,1839,276
483,1.0,"Describe cómo ser mujer, mayor y recién llegada constituye una posición específica de vulnerabilidad y exclusión, no solo suma de factores.",1.0,"Atribuye la exclusión a cambios estructurales (neoliberalismo, colapso institucional, normas comunitarias) y no solo a características individuales.",1.0,"Contextualiza en la historia reciente de la ruralidad australiana, el declive económico y la política local.",1.0,Utiliza etnografía y análisis empírico para captar experiencias interseccionales de mujeres mayores recién llegadas.,3.5,high,,0.5,"Discute implicaciones para la resiliencia y exclusión, pero la orientación a la transformación es limitada.",0.5,"Menciona la agencia de las mujeres al elegir mudarse y buscar nuevas vidas, pero el foco está más en la exclusión que en la resistencia activa.",True,"El paper analiza cómo la edad, el género (mujeres mayores solteras) y el estatus de recién llegadas interactúan en la exclusión social en un contexto rural.",1.0,"El análisis articula estructuras, identidades y contexto en una narrativa coherente sobre exclusión y resiliencia.",2029,377
484,0.0,No analiza identidades sociales entrelazadas.,0.0,No teoriza mecanismos de poder estructural ligados a ejes sociales diferenciados.,0.0,No sitúa hallazgos en términos de ejes sociales específicos.,0.0,No hay método empírico sobre intersecciones de ejes sociales.,0.0,high,,0.0,No hay orientación explícita a la justicia social desde una perspectiva interseccional.,0.0,No documenta agencia o resistencia de sujetos diferenciados socialmente.,False,"El paper menciona 'intersecciones' entre agua, poder e historia, pero no articula explícitamente dos o más ejes de diferenciación social como relacionados entre sí.",0.0,No hay elementos interseccionales a integrar.,2055,286
485,1.0,Analiza cómo género y colonialidad se co-constituyen en la política del conocimiento y la justicia urbana.,1.0,Explicita la necesidad de cuestionar y alterar estructuras de poder en la producción de conocimiento ambiental.,1.0,Sitúa el análisis en ciudades norteamericanas y en procesos históricos de urbanización y colonialidad.,0.0,"El trabajo es teórico y propositivo, sin operacionalización empírica de intersecciones.",3.5,high,,1.0,Orienta explícitamente el análisis a la transformación de estructuras y la justicia social y ambiental.,1.0,Reconoce la agencia en la producción de conocimiento y en las luchas urbanas por justicia.,True,El paper articula género y colonialidad como ejes entrelazados en la producción de conocimiento y la planificación urbana.,1.0,Los elementos teóricos y críticos se articulan coherentemente en una propuesta integrada de transformación de los sistemas de conocimiento.,2062,322
486,1.0,Explora cómo religión y clase/labor se co-constituyen en la identidad y acción sindicalista.,1.0,"Aborda estructuras como el sindicalismo, la justicia ambiental y laboral, y la influencia cultural de la religión.",1.0,"Sitúa los hallazgos en historias de vida, historia organizacional y contexto social específico.",1.0,"Utiliza entrevistas de historia de vida para captar la intersección de religión, trabajo y ambiente en experiencias concretas.",4.0,high,,1.0,"Conecta explícitamente el análisis con la justicia social y ambiental, mostrando cómo la religión impulsa la acción transformadora.",1.0,"Documenta agencia y estrategias de los sindicalistas, mostrando cómo la religión informa su resistencia y acción.",True,"El paper analiza cómo religión, clase/trabajo y justicia ambiental se entrelazan en la experiencia de sindicalistas.",1.0,"Los elementos se articulan coherentemente: la religión estructura identidades laborales y ambientales, contextualizadas y orientadas a la justicia.",1861,335
487,1.0,"Identifica que ser 'displaced-renter' no es solo la suma de ser desplazado y ser inquilino, sino una posición específica con mayor riesgo.",0.5,"Menciona 'vulnerabilidades sociales' y factores estructurales (estatus de vivienda, desplazamiento), pero no teoriza mecanismos estructurales en profundidad.",0.5,"El contexto es el post-Harvey en Texas, pero la discusión del contexto sociohistórico es superficial.",1.0,Utiliza análisis de interacción en regresión logística para captar el efecto combinado de desplazamiento y estatus de vivienda.,2.0,high,,0.5,"Discute estrategias y enfoques prácticos para reducir riesgos, pero la orientación a la justicia es limitada.",0.5,"Reconoce recursos como lazos sociales y sentido de pertenencia, pero la agencia de los sujetos no es central.",True,"El estudio analiza cómo la combinación de desplazamiento y condición de inquilinato (displaced-renters) genera riesgos específicos, articulando al menos dos ejes (estatus de vivienda y desplazamiento) como relacionados.",0.5,"Los elementos interseccionales aparecen en el análisis estadístico y en la discusión de riesgos, pero no se integran plenamente en un marco crítico coherente.",1999,397
488,0.0,No se identifican análisis de identidades entrelazadas; el foco es cultura y marginalización general.,0.0,"Aunque menciona inequidades estructurales globales, no articula mecanismos entre ejes sociales diferenciados.",0.0,"El contexto es cultural y geográfico, pero no se sitúan intersecciones de ejes sociales.",0.0,No hay operacionalización empírica de intersecciones entre ejes sociales.,0.0,high,,0.0,"El trabajo es descriptivo respecto a cultura y distress, sin orientación explícita a la justicia interseccional.",0.0,No se documenta agencia diferenciada por identidades interseccionales.,False,"El paper articula cultura, globalización y marginalización, pero no relaciona explícitamente dos o más ejes de diferenciación social (como género, clase, raza, etc.) entre sí.",0.0,No hay integración de ejes de diferenciación social; el análisis es cultural y estructural general.,2027,334
489,0.0,No analiza identidades entrelazadas; solo menciona ecofeminismo y 'interseccionalidad' de forma abstracta.,0.0,No articula mecanismos de poder estructural ligados a ejes sociales diferenciados.,0.0,No sitúa hallazgos en contextos sociohistóricos de grupos diferenciados.,0.0,No hay método empírico que operacionalice intersecciones de ejes sociales.,0.0,high,,0.0,No conecta el análisis con justicia social o ambiental desde una perspectiva interseccional.,0.0,No documenta agencia o resistencia de sujetos diferenciados.,False,"Aunque el paper critica la abstracción teórica y menciona la ecofeminismo y la 'interseccionalidad' en el discurso, no articula dos o más ejes de diferenciación social como relacionados entre sí en el análisis.",0.0,No hay elementos interseccionales sustantivos a integrar.,2422,325
490,1.0,"Analiza cómo género, religión y estado civil se co-constituyen en las relaciones y transformaciones de medios de vida.",1.0,"Explora mecanismos estructurales que afectan la resiliencia y las relaciones de género, incluyendo el rol de ONGs y estructuras sociales.",1.0,"Contextualiza en el Sundarbans post-Aila, con atención a historia, geografía y política local.",0.5,"Opera intersecciones en el análisis teórico y revisión, pero como capítulo de revisión, la operacionalización empírica es limitada.",3.5,high,,1.0,"Orienta el análisis hacia la transformación de desigualdades y resiliencia, con implicancias para la justicia social y ambiental.",1.0,Documenta estrategias de resiliencia y agencia de las comunidades afectadas.,True,"El paper investiga cómo género, religión y estado civil se entrecruzan en las experiencias post-desastre de las comunidades del Sundarbans.",1.0,Los elementos se articulan en un análisis coherente sobre cómo las estructuras y ejes interseccionales configuran la resiliencia y transformación post-desastre.,1942,360
491,0.0,No se identifican análisis de identidades entrelazadas.,0.0,No se abordan estructuras de poder social; el foco es ambiental y económico.,0.0,No hay análisis de contexto sociohistórico en términos de diferenciación social.,0.0,No hay método para operacionalizar intersecciones sociales.,0.0,high,,0.0,No se orienta a la justicia social ni a la transformación de desigualdades.,0.0,No se documenta agencia o resistencia de sujetos diferenciados.,False,"El paper analiza impactos del BRI sobre agricultura, agua y seguridad alimentaria, pero no articula ejes de diferenciación social (género, clase, etnia, etc.) como relacionados entre sí.",0.0,No hay elementos interseccionales presentes para articular.,2126,293
492,1.0,"El análisis destaca que el riesgo para mujeres negras con educación universitaria es distinto al de mujeres blancas con el mismo nivel educativo, mostrando posiciones interseccionales.",0.5,"Se menciona el racismo como factor de riesgo y se discute la inequidad, pero no se profundiza en mecanismos estructurales.",0.5,"El contexto es Minnesota y se mencionan características demográficas, pero la discusión sobre historia o política local es limitada.",1.0,El diseño empírico incluye análisis de interacción entre raza y educación en la exposición a olas de calor.,2.0,high,,0.5,"Se menciona la equidad en salud y el racismo, pero la orientación a la transformación o recomendaciones de justicia son superficiales.",0.0,No se documenta agencia ni estrategias de resistencia de los sujetos; se presentan como afectados por riesgos.,True,El estudio analiza cómo la raza y la educación interactúan en el riesgo de parto prematuro bajo exposición a olas de calor.,0.5,"El análisis empírico integra bien los ejes, pero la articulación con poder estructural y praxis es parcial.",2079,368
493,1.0,"Expone cómo género, generación y clase se co-constituyen en las prácticas de remesas ('shape remittance practices and their effects on social resilience').",0.5,"Menciona relaciones de poder (género, clase) pero no teoriza mecanismos estructurales en profundidad.",1.0,Contextualiza en la migración rural-urbana tailandesa y en dinámicas multilocales específicas.,1.0,Utiliza investigación cualitativa multisituada para captar interacciones entre ejes en prácticas concretas.,3.5,high,,0.5,"Conecta con resiliencia y adaptación, pero la orientación a la justicia es implícita, no central.",1.0,Documenta agencia en el manejo de remesas y estrategias familiares.,True,"El paper analiza cómo género, relaciones generacionales y estatus socioeconómico se entrelazan en las prácticas de remesas y resiliencia social.",1.0,Los ejes y niveles se articulan coherentemente en el análisis de prácticas y resiliencia.,1917,342
494,0.0,No se abordan ejes de diferenciación social.,0.0,No se discuten estructuras de poder vinculadas a identidades sociales.,0.0,No hay contextualización sociohistórica de ejes sociales.,0.0,No hay método para operacionalizar intersecciones de ejes sociales.,0.0,high,,0.0,No se orienta a la justicia social desde una perspectiva interseccional.,0.0,No se aborda agencia o resistencia de sujetos diferenciados socialmente.,False,"El paper analiza la intersección entre valores-noticia, encuadres y posicionamiento ideológico en el periodismo climático, pero no articula ejes de diferenciación social (género, raza, clase, etc.) como relacionados entre sí.",0.0,No hay elementos interseccionales a integrar.,2022,296
495,0.0,No se identifican ejes sociales entrelazados.,0.0,No se abordan estructuras de poder específicas (solo victimización y activismo en general).,0.0,No hay contextualización sociohistórica de ejes sociales.,0.0,No hay método interseccional ni operacionalización de interacciones.,0.0,high,,0.0,"Aunque hay orientación a la justicia, no se vincula a análisis interseccional.",0.0,"Se reconoce agencia de víctimas/activistas, pero no en clave interseccional.",False,"El abstract menciona 'intersección' entre activismo y victimización, pero no articula dos o más ejes de diferenciación social relacionados entre sí (género, raza, clase, etc.).",0.0,No hay elementos interseccionales a integrar.,1974,301
496,0.5,"Se abordan género y otros ejes (acceso a tierra, migración, clase implícita) pero el énfasis está en género, y la co-construcción de identidades no es central en el resumen.",1.0,"El texto articula mecanismos estructurales como la commodificación, migración masculina, acceso desigual a recursos y el impacto de intervenciones de desarrollo.",1.0,"El análisis se sitúa en regiones específicas (África, América Latina, Asia) y vincula los procesos a contextos históricos y geográficos concretos.",0.5,"Se menciona el uso de enfoques metodológicos nuevos e interseccionales y estudios de caso, pero no queda claro si el método es plenamente interaccional o solo descriptivo por subgrupos.",2.5,medium,,1.0,El libro se orienta a la transformación de desigualdades de género en la agricultura y discute cómo las innovaciones pueden empoderar o desventajar a las mujeres.,1.0,"Se documenta la agencia de las mujeres al innovar y adaptarse en la agricultura, no solo como víctimas.",True,"El abstract menciona explícitamente el uso de análisis interseccional y aborda cómo género se entrelaza con procesos estructurales como la migración, acceso a recursos y transformaciones agrarias.",0.5,"Los elementos aparecen conectados (estructura, contexto, agencia), pero el resumen sugiere integración parcial más que un análisis completamente entrelazado.",1938,442
497,0.0,No hay análisis de ejes sociales entrelazados.,0.0,No se abordan estructuras de poder social.,0.0,No hay contextualización sociohistórica de desigualdades.,0.0,No hay método que operacionalice intersecciones sociales.,0.0,high,,0.0,No hay orientación explícita a la justicia social o ambiental desde una perspectiva interseccional.,0.0,No se documenta agencia o resistencia de sujetos sociales diferenciados.,False,"Aunque menciona equidad, diversidad e inclusión, no articula dos o más ejes de diferenciación social como relacionados entre sí; las referencias a diversidad son generales y no se analizan identidades entrelazadas.",0.0,No hay elementos interseccionales a integrar.,2451,286
498,0.0,No se identifican ejes de diferenciación social tratados.,0.0,No se abordan estructuras de poder social.,0.0,No hay contextualización sociohistórica de ejes sociales.,0.0,No hay método relacionado con interseccionalidad.,0.0,high,,0.0,No se orienta a la justicia social o ambiental desde una perspectiva interseccional.,0.0,No se aborda agencia o resistencia de sujetos diferenciados.,False,"El paper no articula ejes de diferenciación social relacionados entre sí; se centra en gobernanza, datos y rendición de cuentas sin referencia a género, raza, clase u otros ejes sociales.",0.0,No hay elementos interseccionales a integrar.,1838,279
499,0.0,No analiza ejes de diferenciación social entrelazados; solo menciona vulnerabilidad general.,0.0,"Aunque se menciona el poder y la política, no se operacionalizan mecanismos estructurales en relación a identidades.",0.0,"El contexto es geográfico, pero no se sitúan ejes sociales ni su interacción.",0.0,No hay método empírico que capte intersecciones de identidades.,0.0,high,,0.0,No hay orientación explícita a la justicia interseccional; solo recomendaciones generales para estudios futuros.,0.0,No se documenta agencia ni resistencia de sujetos diferenciados.,False,"El paper menciona la importancia de la interseccionalidad y el poder, pero no articula ni analiza dos o más ejes de diferenciación social como relacionados entre sí; se limita a una revisión de servicios y desastres sin operacionalizar identidades entrelazadas.",0.0,No hay elementos interseccionales sustantivos para articular.,2031,337
500,0.0,,0.0,,0.0,,0.0,,0.0,high,,0.0,,0.0,,False,"El abstract discute discursos y agencia en torno a desastres en el Pacífico, pero no articula dos o más ejes de diferenciación social como relacionados entre sí.",0.0,,1906,191
501,0.0,No analiza identidades entrelazadas.,0.0,No teoriza mecanismos estructurales.,0.0,No sitúa hallazgos en un contexto sociohistórico específico.,0.0,No hay método interseccional ni operacionalización empírica de intersecciones.,0.0,high,,0.0,No hay orientación explícita a la justicia o transformación.,0.0,No documenta agencia ni resistencia de sujetos.,False,"El abstract menciona variaciones culturales y tendencias socioeconómicas, pero no articula dos o más ejes de diferenciación social como relacionados entre sí.",0.0,No hay elementos interseccionales a integrar.,1998,265
502,0.0,"Los ejes se listan como factores independientes, no como identidades entrelazadas.",0.0,No se articula un análisis de poder estructural; el enfoque es demográfico y funcional.,0.0,"No hay contextualización sociohistórica detallada, solo referencias generales a regiones rurales y Europa.",0.0,No se operacionalizan intersecciones; los factores demográficos se consideran por separado.,0.0,high,,0.0,"El trabajo es descriptivo y de revisión, sin orientación explícita a la justicia o transformación.",0.0,No se aborda la agencia o resistencia de los sujetos; el foco es en vulnerabilidad y capacidad.,False,"Aunque menciona múltiples ejes (género, estatus socioeconómico, migración), los trata como factores separados que afectan la gestión de riesgos, sin analizarlos como relacionados entre sí.",0.0,"No hay integración de elementos interseccionales, ya que no se articulan ejes entrelazados.",2078,330
503,1.0,"Analiza cómo color, clase, pobreza y género se co-constituyen en la vulnerabilidad ('burden... would follow the color/class/poverty/gender lines').",1.0,Enfatiza mecanismos estructurales como la 'política de la desechabilidad' y critica la respuesta estatal ('humanly and inhumanely authored trajectory').,1.0,"Sitúa el análisis en la historia (1918 flu epidemic), geografía (EEUU) y política específica (Trump, respuesta nacional).",0.0,No se describe un método empírico que operacionalice intersecciones; es un análisis teórico/crítico.,3.0,high,,1.0,"Orientación explícita a la justicia y la crítica política ('investigate Donald Trump for crime against humanity', denuncia la desechabilidad).",0.5,"Menciona la agencia en términos de resistencia a mensajes de salud, pero el foco principal es la victimización estructural.",True,"El abstract articula explícitamente color, clase, pobreza y género como líneas entrelazadas de desigualdad en el impacto de COVID-19.",1.0,"Los ejes, estructuras, contexto y crítica se articulan en un análisis coherente de la pandemia como fenómeno interseccional.",1893,389
504,0.5,"Se mencionan género y raza como ejes relevantes, pero el análisis parece tratar los sesgos hacia cada uno por separado, no como mutuamente constitutivos.",0.5,"Se reconocen estructuras como el racismo y el sexismo, pero el foco está en sesgos (conscientes/inconscientes) y respuestas institucionales más que en mecanismos estructurales detallados.",0.5,"El contexto es el movimiento ecuménico global y sus debates internos, pero la historicidad y geografía son tratadas de forma general.",0.0,No se describe un método empírico que operacionalice intersecciones; el análisis es conceptual/discursivo.,1.0,medium,,0.5,"El trabajo está orientado a la justicia social y reconoce la importancia de abordarla integralmente, pero las recomendaciones o propuestas transformadoras no son detalladas.",0.0,"No se documenta agencia o resistencia de los sujetos; el foco está en los 'champions' y sus sesgos, no en sujetos oprimidos.",True,"El paper analiza cómo los temas de justicia racial y de género se entrelazan y cómo los actores pueden ser sensibles a un eje e ignorar otro, sugiriendo una relación entre ellos.",0.5,"Los elementos de raza, género y justicia están presentes y parcialmente conectados, pero no se integran en un análisis interseccional coherente.",1942,426
505,0.0,No se identifican ejes sociales entrelazados.,0.0,No se abordan estructuras de poder social.,0.0,No hay contextualización sociohistórica de ejes sociales.,0.0,No hay método empírico ni operacionalización de intersecciones sociales.,0.0,high,,0.0,No se orienta a la justicia social desde una perspectiva interseccional.,0.0,No se aborda agencia o resistencia de sujetos diferenciados.,False,"El abstract menciona 'intersecciones' entre ambiente, cultura y medios, pero no articula ejes de diferenciación social relacionados entre sí.",0.0,No hay elementos interseccionales a integrar.,1871,270
506,0.0,No se abordan ejes de diferenciación social.,0.0,No se discuten estructuras de poder ni mecanismos de opresión.,0.0,No hay contextualización sociohistórica de desigualdades.,0.0,No hay operacionalización empírica de intersecciones sociales.,0.0,high,,0.0,No se orienta a la justicia social ni a la transformación de desigualdades.,0.0,No se aborda la agencia o resistencia de sujetos diferenciados.,False,El paper no articula dos o más ejes de diferenciación social como relacionados entre sí; se enfoca en competencias laborales y necesidades del mercado sin analizar identidades sociales.,0.0,No hay elementos interseccionales presentes para articular.,2054,280
507,0.5,"Menciona varios ejes (inmigración, salud, encarcelamiento) pero no queda claro si los analiza como mutuamente constitutivos o solo como sumas de problemas.",1.0,"Enmarca los problemas en términos de estructuras (justicia social, políticas públicas, sistemas de opresión) y critica el abordaje sectorial.",0.5,"Hace referencia al contexto contemporáneo (pandemia, crisis climática), pero no detalla historia o geografía específica.",0.0,No hay evidencia de un método empírico ni operacionalización de intersecciones; es un ensayo conceptual.,1.5,medium,,1.0,"Orientación explícita a la justicia social y climática, con llamado a transformar políticas y centrar la equidad.",0.0,No se documenta agencia o resistencia de los sujetos; el foco está en la crítica estructural y política.,True,"El abstract discute explícitamente cómo la crisis climática se cruza con temas como inmigración, salud pública y encarcelamiento masivo, articulando múltiples ejes de diferenciación social como relacionados.",0.5,"Integra varios elementos (estructuras, ejes, justicia) en el argumento, pero la articulación entre identidades y mecanismos es parcial y conceptual.",1817,393
508,0.0,No analiza identidades entrelazadas; los ejes sociales no se co-construyen.,0.0,No se articula poder estructural; el foco es en capacidades y demografía.,0.0,No hay contextualización sociohistórica de intersecciones sociales.,0.0,No hay método interseccional; análisis demográfico general.,0.0,high,,0.0,No hay orientación explícita a la justicia interseccional.,0.0,No se documenta agencia o resistencia de sujetos diferenciados.,False,"El paper articula demografía (edad, migración, fertilidad) y ambiente, pero no relaciona explícitamente dos o más ejes de diferenciación social (como género, raza, clase) entre sí.",0.0,No hay elementos interseccionales a integrar.,1911,297
509,0.0,No hay análisis de ejes de diferenciación social.,0.0,No se abordan mecanismos de poder estructural ligados a identidades sociales.,0.0,No contextualiza hallazgos en términos de diferenciación social situada.,0.0,No hay método empírico sobre intersecciones de ejes sociales.,0.0,high,,0.0,No hay orientación a la justicia desde una perspectiva interseccional.,0.0,No se documenta agencia de sujetos diferenciados socialmente.,False,"El paper no articula dos o más ejes de diferenciación social relacionados entre sí; se centra en la cosmovisión islámica y estructuras económicas, sin analizar identidades sociales entrelazadas.",0.0,No hay elementos interseccionales a integrar.,1936,287
510,0.0,No analiza identidades entrelazadas; solo menciona enfoques.,0.0,No teoriza mecanismos estructurales; se centra en metodologías.,0.0,No sitúa hallazgos en contextos sociohistóricos específicos.,0.0,No operacionaliza intersecciones en el método.,0.0,high,,0.0,No desarrolla orientación a la justicia más allá de la equidad como principio general.,0.0,No aborda agencia o resistencia de sujetos.,False,"El paper revisa metodologías de evaluación de equidad en salud ambiental y menciona la interseccionalidad como una de varias literaturas, pero no articula ni analiza ejes de diferenciación social como relacionados entre sí.",0.0,No hay elementos interseccionales sustantivos a integrar.,1980,292
511,0.5,"Se mencionan interseccionalidad y desigualdad económica, pero no queda claro si se analizan como mutuamente constitutivos o solo como dimensiones separadas.",1.0,"El enfoque es explícitamente crítico de estructuras como el racismo y la desigualdad económica, y discute mecanismos estructurales en la constitución.",1.0,"El análisis se sitúa en el contexto histórico, político y legal específico de Estados Unidos y su constitución.",0.0,No se describe un método empírico ni operacionalización de intersecciones; el trabajo es teórico y propositivo.,2.0,medium,,1.0,El objetivo explícito es transformar la constitución para alinear la ley con la justicia social y los derechos humanos.,0.5,"Se reconoce la agencia en la propuesta de derechos 'of, by, and for the people', pero no se documentan estrategias concretas de resistencia o saberes de sujetos oprimidos.",True,"El abstract menciona el uso de interseccionalidad y critical race theory para fundamentar propuestas de reforma constitucional, sugiriendo articulación de múltiples ejes de diferenciación social.",0.5,"Los elementos críticos y de justicia están presentes y parcialmente articulados, pero la integración entre los ejes de diferenciación y el análisis estructural parece limitada por la falta de operacionalización empírica.",1991,411
512,0.0,No se abordan identidades sociales ni sus interrelaciones.,0.0,"No se discuten estructuras de poder social, solo dinámicas institucionales y discursivas.",0.0,"El contexto es institucional, no sociohistórico ni situado en términos de diferenciación social.",0.0,No hay operacionalización empírica de intersecciones sociales.,0.0,high,,0.0,No hay orientación a la justicia social o ambiental desde una perspectiva interseccional.,0.0,No se aborda la agencia o resistencia de sujetos diferenciados socialmente.,False,"El paper analiza la complejidad institucional y discursiva en la gobernanza REDD+, pero no articula ejes de diferenciación social (género, raza, clase, etc.) como relacionados entre sí.",0.0,No hay elementos interseccionales presentes para integrar.,2115,302
513,1.0,"Analiza cómo la racialización y la pobreza se co-constituyen bajo el neoliberalismo, no como sumas aditivas.",1.0,"El foco está en mecanismos estructurales: el estado racial neoliberal, políticas económicas y culturales.",1.0,Sitúa el análisis en el contexto histórico-político de EE.UU. post-1970s y el caso específico de Katrina.,0.0,No hay método empírico operacionalizado; es un análisis teórico/cultural.,3.5,high,,1.0,"El artículo se orienta a la transformación política y estética, proponiendo el cine independiente como praxis crítica.",1.0,Reconoce agencia en la visión de Burnett y la capacidad de contestar la política neoliberal.,True,El abstract articula raza y clase (pobreza) como ejes relacionados en la dinámica del estado racial neoliberal tras Katrina.,1.0,"El análisis integra poder estructural, identidades entrelazadas, contexto y praxis en una argumentación coherente.",1916,334
514,0.0,No se identifican ejes de diferenciación social entrelazados.,0.0,No se discuten estructuras de poder ni mecanismos de opresión.,0.0,No hay contextualización sociohistórica de desigualdades.,0.0,No hay método que operacionalice intersecciones sociales.,0.0,high,,0.0,No hay orientación explícita a la justicia social o ambiental desde una perspectiva interseccional.,0.0,No se documenta agencia diferenciada de sujetos sociales.,False,"El paper no articula dos o más ejes de diferenciación social relacionados entre sí; se centra en comunidades en general sin desagregar por género, clase, etnia u otros ejes.",0.0,No hay elementos interseccionales presentes para articular.,2014,288
515,0.0,No se mencionan ni analizan identidades sociales.,0.0,No hay discusión sobre estructuras de poder o mecanismos sociales.,0.0,"El contexto es físico (intersección urbana), no sociohistórico.",0.0,No hay operacionalización de intersecciones sociales.,0.0,high,,0.0,No hay orientación a la justicia social o ambiental desde una perspectiva interseccional.,0.0,No se aborda la agencia o resistencia de sujetos sociales.,False,"El paper no articula ejes de diferenciación social; se centra exclusivamente en emisiones y pérdidas de combustible sin referencia a género, clase, raza u otros ejes sociales.",0.0,No hay elementos interseccionales presentes para integrar.,2083,276
516,1.0,"Explicita que los ejes de género, clase y sexualidad se intersectan y transforman mutuamente, no como sumas aditivas.",1.0,"Analiza el poder y las desigualdades como procesos estructurales, no como atributos individuales, y critica el enfoque dicotómico de empoderamiento/marginación.",1.0,"El estudio se sitúa en una comunidad rural específica (Sumner, Missouri) y vincula los procesos a cambios ecológicos y sociales concretos.",1.0,El trabajo de campo etnográfico de 20 meses permite captar interacciones entre ejes en la vida cotidiana y en la reorganización comunitaria.,4.0,high,,1.0,"El análisis busca transformar la comprensión de la resiliencia y las desigualdades, con recomendaciones explícitas para académicos y políticas públicas.",1.0,"Documenta cómo individuos sostienen activamente su comunidad y negocian posiciones de (des)ventaja, mostrando agencia y estrategias.",True,"El abstract afirma que género, clase y sexualidad intersectan y se transforman recíprocamente en la experiencia de desigualdad y resiliencia.",1.0,"Los ejes, el poder estructural, el contexto y la agencia se articulan en un análisis coherente de la resiliencia interseccional.",1941,396
517,0.0,No se abordan ejes de diferenciación social entrelazados.,0.0,"No se discuten estructuras de poder social como racismo, género o clase.",0.0,No hay contextualización sociohistórica de ejes sociales.,0.0,No hay método que operacionalice intersecciones de ejes sociales.,0.0,high,,0.0,No se orienta a la justicia social ni transformación de desigualdades estructurales.,0.0,No se documenta agencia o resistencia de sujetos en relación a ejes sociales.,False,"El paper explora la intersección entre apego religioso y apego al lugar, pero no articula dos o más ejes de diferenciación social (como género, raza, clase, etc.) como relacionados entre sí.",0.0,No hay elementos interseccionales que integrar.,1900,302
518,0.5,"Menciona múltiples ejes (raza, etnicidad, clase, estatus migratorio) pero no queda claro si los analiza como mutuamente constitutivos o solo aditivos.",1.0,"Enfatiza mecanismos estructurales (zoning, land use planning, paradigmas de planificación, políticas regulatorias) y su rol en la injusticia ambiental.",0.5,Incluye referencia a contexto histórico (historia del movimiento EJ) pero no se detalla un contexto sociohistórico situado específico.,0.0,"No se describe un método empírico que operacionalice intersecciones; se discuten métodos en general (GIS, evaluación de impacto) pero no interacciones.",2.0,medium,,1.0,"El capítulo está orientado a la transformación y justicia, discutiendo políticas, regulación y crítica a paradigmas existentes.",0.5,"Menciona la participación pública y el rol de comunidades, pero no queda claro si documenta agencia o resistencia específica.",True,"El abstract articula explícitamente raza, etnicidad, clase y estatus migratorio como ejes relacionados en la conceptualización de justicia ambiental.",0.5,"Los elementos están presentes y parcialmente conectados (crítica estructural, orientación a la justicia), pero la integración entre ejes y mecanismos no es completamente explícita.",1949,405
519,0.0,No se mencionan ni analizan identidades sociales.,0.0,No hay referencia a estructuras de poder o mecanismos sociales.,0.0,"El contexto es físico y geográfico, no sociohistórico.",0.0,"El método es técnico, sin operacionalización de intersecciones sociales.",0.0,high,,0.0,No hay orientación a la justicia social o ambiental desde una perspectiva interseccional.,0.0,No se consideran sujetos sociales ni agencia.,False,El paper no articula ejes de diferenciación social; se centra exclusivamente en variables hidrológicas y de ingeniería.,0.0,No hay elementos interseccionales presentes para integrar.,2043,264
520,1.0,Explora cómo ser mujer queer blanca en un pueblo pequeño implica posiciones específicas y tensiones con la latinidad y otras identidades.,1.0,"Reflexiona sobre estructuras de poder como racismo, privilegio blanco, homofobia y borramiento de diferencias en contextos rurales.",1.0,"Sitúa la experiencia en un pueblo pequeño del sur de EE.UU., tras la masacre de Pulse, con referencias a historia y política local.",1.0,"El método es narrativo/autoetnográfico, centrado en la experiencia situada de intersecciones identitarias y sus tensiones.",4.0,high,,1.0,"El texto se orienta explícitamente a la justicia social, la crítica de borramiento y la construcción de alianzas para la transformación.",1.0,"Documenta agencia y estrategias de resistencia, negociación y coalición entre sujetos diversos.",True,"El abstract articula género, sexualidad, raza/etnicidad y privilegio como identidades entrelazadas y en tensión, no solo mencionadas.",1.0,"Los elementos se articulan en un análisis coherente donde las estructuras de poder, identidades y agencia se entrelazan en el contexto situado.",1944,373
521,1.0,"Se refiere a 'análisis interseccionales e inclusivos', lo que implica tratamiento de ejes como mutuamente constitutivos.",1.0,El enfoque es crítico y aborda estructuras de poder como la dominación masculina sobre mujeres y naturaleza.,1.0,El volumen cubre contextos globales y reconoce la evolución histórica y geográfica del campo.,0.5,"Como handbook, incluye tanto teoría como investigación empírica diversa; no se detalla método interseccional sistemático en el abstract.",3.5,medium,,1.0,El enfoque es crítico y orientado a la transformación de desigualdades de género y ambientales.,1.0,"Incluye perspectivas de resistencia y agencia, como se infiere de la referencia a queer ecology y prácticas políticas.",True,"El abstract menciona explícitamente análisis interseccionales e inclusivos, y aborda género junto a otros ejes en contextos diversos.",1.0,El abstract sugiere una integración coherente de los elementos interseccionales en el análisis del género y ambiente.,1930,344
522,1.0,"Habla de 'complejas intersecciones' entre migración, informalidad y exclusión urbana, no solo sumando ejes sino analizando su co-construcción.",1.0,"Enfoca la vulnerabilidad desde una perspectiva estructural, mencionando causas como la urbanización excluyente y la falta de reconocimiento.",1.0,"Contextualiza en Bangalore, migración desde Bengala Occidental, y procesos históricos de urbanización y crisis agraria.",1.0,"Utiliza métodos cualitativos para explorar intersecciones complejas, no solo variables paralelas.",3.5,high,,1.0,El análisis está orientado explícitamente a la justicia social y la transformación de la desigualdad en la adaptación climática.,0.5,"No se menciona explícitamente agencia o resistencia, pero sí la falta de reconocimiento y estrategias de adaptación implícitas.",True,"El paper analiza cómo la migración interestatal, la clase (trabajo informal), y la exclusión urbana se entrelazan en la vulnerabilidad de los recicladores migrantes.",1.0,"Los elementos (estructuras, identidades entrelazadas, contexto, método y justicia) se articulan en un análisis coherente.",1929,378
523,0.0,No se identifican ejes entrelazados.,0.0,No se articula poder estructural en términos de ejes sociales diferenciados.,0.0,No hay contextualización sociohistórica de ejes interseccionales.,0.0,No hay método interseccional ni operacionalización empírica.,0.0,high,,0.0,No se observa orientación a la justicia desde una perspectiva interseccional.,0.0,No se documenta agencia ni resistencia de sujetos diferenciados.,False,"El abstract menciona vulnerabilidad y justicia, pero no articula dos o más ejes de diferenciación social como relacionados entre sí.",0.0,No hay elementos interseccionales a integrar.,1847,275
524,0.0,No hay análisis de identidades sociales múltiples ni su co-construcción.,0.0,"No se abordan estructuras de poder social como racismo, género, clase, etc.",0.0,"El contexto es ambiental y de gobernanza, no sociohistórico de diferenciación social.",0.0,No hay método que operacionalice intersecciones sociales.,0.0,high,,0.0,No hay orientación a la justicia social o ambiental desde una perspectiva interseccional.,0.0,No se documenta agencia ni resistencia de sujetos diferenciados socialmente.,False,"El paper no articula dos o más ejes de diferenciación social relacionados entre sí; se enfoca en actores como 'fish and farmers' y 'powerful players', pero no analiza identidades sociales entrelazadas.",0.0,No hay elementos interseccionales presentes para integrar.,2026,305
525,1.0,Analiza cómo la identidad indígena y la relación con la tierra se co-constituyen en la experiencia de desplazamiento ('displaced without moving').,1.0,Explicita el rol del colonialismo de asentamiento y las estructuras legales internacionales en la producción de desplazamiento.,1.0,Sitúa el caso en el contexto sociohistórico y geográfico del noroeste de Canadá y la historia de despojo indígena.,0.0,"El análisis es teórico y crítico, sin operacionalización empírica de intersecciones.",3.0,high,,1.0,Orienta el análisis a la transformación estructural y la resistencia frente a la injusticia ambiental y colonial.,0.5,"Menciona la necesidad de resistencia, pero documenta marginalmente agencia concreta de los sujetos.",True,El paper articula indigeneidad y relaciones con la tierra como ejes constitutivos en el contexto de desplazamiento por proyectos de energía verde.,1.0,"Los elementos de identidad, poder estructural, contexto y justicia se articulan en un análisis coherente y crítico.",2085,352
526,0.0,No hay análisis de identidades entrelazadas; los actores sociales se tratan como colectivos generales.,0.0,"El foco está en estructuras de gobernanza y relaciones de poder institucional, no en opresiones estructurales ligadas a ejes sociales.",0.0,"Aunque hay contexto histórico-político, no se vincula a interseccionalidad de ejes sociales.",0.0,No hay operacionalización empírica de intersecciones entre ejes sociales.,0.0,high,,0.0,No hay orientación explícita a la justicia social desde una perspectiva interseccional.,0.0,No se documenta agencia o resistencia de sujetos diferenciados por ejes sociales.,False,"El paper analiza intereses sociales y gobernanza urbana, pero no articula explícitamente dos o más ejes de diferenciación social (como género, raza, clase, etc.) como relacionados entre sí.",0.0,"No aplica, ya que no se articula interseccionalidad sustantiva.",2619,334
527,0.5,"Se abordan género (trabajadoras del cuidado), migración y ciudadanía, pero los ejes aparecen más como casos paralelos que como posiciones co-constituidas.",1.0,"El análisis se centra en cómo las estructuras legales y políticas (nación-estado, ciudadanía, derecho internacional) producen sufrimiento y exclusión.",1.0,El análisis está situado en Turquía y contextualiza históricamente la relación entre nación-estado y derechos humanos.,0.0,No hay método empírico ni operacionalización de intersecciones; el análisis es teórico y basado en casos ilustrativos.,2.0,medium,,1.0,"El capítulo tiene una orientación crítica explícita, denunciando la perpetuación de la injusticia y proponiendo una crítica estructural.",0.5,"Se reconoce la agencia en la discusión de los sujetos desplazados, pero el foco principal está en la victimización estructural.",True,"El capítulo analiza la situación de refugiados, migrantes y trabajadores del cuidado en Turquía, articulando género, migración y ciudadanía como ejes relacionados en el contexto de derechos humanos y cambio climático.",0.5,"Los elementos estructurales y contextuales se articulan bien, pero la relación entre los ejes de diferenciación es más yuxtapuesta que integrada.",2064,397
528,1.0,"Analiza cómo racismo, sexismo y clasismo se entrelazan en la vulnerabilidad y respuesta a desastres, no como sumas aditivas.",1.0,"Enfatiza la naturaleza institucional y sistémica de racismo, sexismo y clasismo, y critica la falta de reconocimiento de opresiones interseccionales.",1.0,"Sitúa el análisis en el contexto específico de Katrina y la respuesta estatal/federal, reconociendo la historia y política local.",0.0,El abstract no describe un método empírico ni operacionalización de intersecciones; es un análisis teórico/conceptual.,3.5,high,,1.0,El artículo aboga explícitamente por centrar el conocimiento comunitario y fomentar el activismo para el cambio social.,1.0,"Critica la falta de centralidad del conocimiento y activismo comunitario, implicando la importancia de la agencia y resistencia.",True,"El abstract articula género, raza y clase como ejes interrelacionados en la vulnerabilidad y respuesta a desastres, usando marcos de feminismo negro y planificación radical.",1.0,"El análisis integra los ejes de opresión, el poder estructural, el contexto y la praxis en una crítica coherente y orientada a la transformación.",1898,394
529,0.5,"Menciona múltiples ejes (raza, género, economía) y su intersección, pero no queda claro si analiza posiciones co-constitutivas o solo reconoce su coexistencia.",1.0,"Articula mecanismos estructurales como colonialismo, imperio y capitalismo en el análisis de la transición energética.",0.5,"Hace referencia a contextos globales y alianzas transnacionales, pero el nivel de detalle sobre contextos sociohistóricos específicos no es claro en el abstract.",0.0,No se describe un método empírico que operacionalice intersecciones; el enfoque parece teórico y discursivo.,2.0,medium,,1.0,El trabajo está orientado explícitamente a la justicia climática y la transformación de desigualdades.,1.0,Reconoce la agencia de los movimientos sociales y comunidades en resistencia a la expansión del carbón.,True,"El abstract reconoce explícitamente que el cambio climático es un tema interseccional que abarca justicia racial, de género y económica, y discute cómo las desigualdades se entrelazan en la política cultural del carbón.",0.5,"Los elementos de poder estructural, agencia y justicia están presentes y parcialmente conectados, pero la integración analítica de los ejes interseccionales no es completamente clara desde el abstract.",1901,401
530,0.0,No se abordan identidades sociales ni sus interrelaciones.,0.0,"El análisis se centra en poder empresarial y estatal, no en estructuras de opresión social.",0.0,No hay contextualización sociohistórica de ejes sociales.,0.0,No hay método para operacionalizar intersecciones sociales.,0.0,high,,0.0,No se orienta a la justicia social ni ambiental desde una perspectiva interseccional.,0.0,No se aborda agencia o resistencia de sujetos sociales diferenciados.,False,"El paper analiza relaciones de poder entre empresas, gobiernos y cadenas de suministro, pero no articula ejes de diferenciación social (género, raza, clase, etc.) como relacionados entre sí.",0.0,No hay elementos interseccionales presentes para integrar.,1959,290
531,0.0,No se identifican ejes sociales entrelazados; el foco es en dinámicas estructurales generales.,0.0,"Aunque se discuten dinámicas de poder (élite vs. campesinos), no se operacionalizan múltiples ejes sociales.",0.0,"El contexto es situado, pero no en términos de interseccionalidad de ejes sociales.",0.0,No hay método que operacionalice intersecciones de ejes sociales.,0.0,high,,0.0,No se articula una praxis interseccional orientada a la justicia desde múltiples ejes.,0.0,No se documenta agencia diferenciada por identidades entrelazadas.,False,"El paper analiza la intersección entre desastres climáticos y acaparamientos de tierras, pero no articula explícitamente dos o más ejes de diferenciación social (como género, raza, clase) como relacionados entre sí.",0.0,No hay elementos interseccionales que integrar.,1859,330
532,0.0,No analiza ejes de diferenciación social entrelazados.,0.0,No articula mecanismos estructurales de opresión social.,0.0,No sitúa hallazgos en contextos sociohistóricos de diferenciación social.,0.0,No hay método que operacionalice intersecciones de ejes sociales.,0.0,high,,0.0,No hay orientación explícita a la justicia social o ambiental desde una perspectiva interseccional.,0.0,No se documenta agencia o resistencia de sujetos diferenciados socialmente.,False,El abstract menciona la 'política de identidad' pero no articula dos o más ejes de diferenciación social como relacionados entre sí; se centra en ideología y discurso político.,0.0,No hay elementos interseccionales a integrar.,1955,292
533,0.0,No hay análisis de identidades entrelazadas; los ejes se tratan por separado.,0.0,No se articula poder estructural; el foco está en creencias individuales.,0.0,No hay contextualización sociohistórica más allá de variables demográficas.,0.0,"El método analiza variables paralelas, sin operacionalización interseccional.",0.0,high,,0.0,No hay orientación explícita a la justicia o transformación.,0.0,No se aborda agencia ni resistencia de los sujetos.,False,"Aunque se mencionan asociaciones entre género, ideología, religión y región, los ejes se analizan como variables independientes y no como relacionados entre sí.",0.0,No hay integración de elementos interseccionales.,1945,282
534,0.0,No se identifican ejes sociales entrelazados.,0.0,No se abordan estructuras de poder ni mecanismos de opresión.,0.0,No hay contextualización sociohistórica específica de grupos sociales diferenciados.,0.0,No se operacionalizan intersecciones sociales en el método.,0.0,high,,0.0,No hay orientación explícita a la justicia social o transformación de desigualdades.,0.0,No se reconoce agencia o resistencia de sujetos diferenciados.,False,"El paper discute vulnerabilidad y riesgo de desastre en términos generales, sin articular explícitamente dos o más ejes de diferenciación social como relacionados entre sí.",0.0,No hay elementos interseccionales presentes para articular.,2048,278
535,0.0,No se identifican ejes de diferenciación social entrelazados.,0.0,No se abordan mecanismos de poder estructural ligados a múltiples ejes sociales.,0.0,No hay contextualización sociohistórica de intersecciones sociales.,0.0,No se operacionalizan intersecciones sociales en el método.,0.0,high,,0.0,No se articula una orientación a la justicia desde una perspectiva interseccional.,0.0,No se documenta agencia o resistencia de sujetos en posiciones interseccionales.,False,"El abstract solo articula el eje trabajo/naturaleza y menciona justicia social y ambiental, pero no relaciona explícitamente dos o más ejes de diferenciación social (como género, raza, clase, etc.) entre sí.",0.0,No hay elementos interseccionales a integrar.,1908,301
536,0.0,No se mencionan ni analizan identidades sociales.,0.0,No hay referencia a estructuras de poder o mecanismos sociales.,0.0,"El contexto es físico-ambiental, no sociohistórico ni político.",0.0,No hay operacionalización de intersecciones sociales; solo modelado hidrológico.,0.0,high,,0.0,"No se aborda la justicia social, política ni ambiental desde una perspectiva interseccional.",0.0,No se consideran sujetos sociales ni agencia.,False,El paper no articula ejes de diferenciación social; se centra exclusivamente en proyecciones hidrológicas y climáticas para el sector hidroeléctrico.,0.0,No hay elementos interseccionales presentes para articular.,2042,280
537,0.0,No se identifican análisis de identidades entrelazadas.,0.0,No se abordan estructuras de poder ni mecanismos de opresión.,0.0,No hay contextualización sociohistórica de grupos sociales diferenciados.,0.0,No se operacionalizan intersecciones en el método.,0.0,high,,0.0,No hay orientación explícita a la justicia social o ambiental desde una perspectiva interseccional.,0.0,No se documenta agencia ni resistencia de sujetos diferenciados.,False,"El paper no articula ejes de diferenciación social relacionados; se enfoca en impactos generales sobre la recreación y la gestión de áreas naturales, sin analizar identidades sociales ni relaciones entre ejes como género, raza o clase.",0.0,No hay elementos interseccionales presentes para integrar.,1950,294
538,1.0,"Propone un análisis relacional de género, clase y raza, enfatizando sus efectos co-constitutivos en la adaptación.",1.0,Identifica mecanismos estructurales políticos y económicos de jerarquización que afectan la adaptación.,0.5,"Menciona mecanismos internacionales y nacionales, pero el contexto sociohistórico es general.",0.0,No se describe un método empírico ni operacionalización de intersecciones; es un artículo teórico.,2.0,high,,1.0,Critica la victimización esencialista y orienta el análisis hacia la transformación de desigualdades.,0.5,"Reconoce la agencia al proponer analizar el 'scope of action', pero no documenta estrategias concretas.",True,"El abstract articula género, clase y raza como ejes que producen efectos específicos en la adaptación climática, no solo mencionados por separado.",0.5,"Integra poder estructural e identidades entrelazadas en el marco teórico, pero la falta de método empírico limita la articulación completa.",1977,347
539,1.0,"Explora cómo género, edad, educación y lugar interactúan para producir vulnerabilidades específicas, no solo sumando ejes.",1.0,"Atribuye la vulnerabilidad a mecanismos estructurales como acceso desigual a recursos, participación limitada y roles domésticos impuestos.",1.0,"Contextualiza en slums urbanos de Accra, Ghana, y discute especificidad frente a estudios rurales.",0.5,Describe diferencias entre subgrupos interseccionales pero no queda claro si el método empírico analiza interacciones más allá de la descripción.,3.5,high,,1.0,"Concluye con recomendaciones explícitas para políticas de adaptación sensibles al género y contexto, orientadas a la justicia.",0.5,"Menciona percepciones y conocimientos diferenciados, pero la agencia de los sujetos aparece marginalmente.",True,"El paper analiza cómo género, edad, estatus educativo y factores de lugar se entrelazan en la vulnerabilidad climática en slums urbanos.",1.0,"Los elementos (ejes entrelazados, estructuras, contexto, recomendaciones) se articulan en un análisis coherente.",2042,360
540,1.0,"Analiza cómo raza, clase y género se entrelazan en la dominación de la computación y sus impactos ambientales.",1.0,"Explicita mecanismos estructurales como el colonialismo, el patriarcado y el racismo en la producción tecnológica.",1.0,"Sitúa el análisis en la historia de la computación, la hegemonía eurodescendiente y la revitalización cultural indígena.",0.5,"Propone enfoques pedagógicos y teóricos, pero no detalla un método empírico interseccional concreto.",3.5,high,,1.0,"Orienta explícitamente a la transformación educativa y ambiental, abogando por justicia social y ecológica.",1.0,Reconoce agencia indígena en la revitalización cultural y la producción de conocimiento alternativo.,True,"El abstract articula raza, clase y género en relación con la producción de tecnología y el cambio climático, usando teoría interseccional y epistemologías indígenas.",1.0,"Los elementos se articulan en un análisis coherente que vincula estructuras de poder, identidades entrelazadas, contexto y praxis transformadora.",1964,361
541,0.0,No se identifican ejes de diferenciación social entrelazados; el foco es comunidad periurbana vs. ciudad.,0.0,No se abordan mecanismos estructurales de poder ligados a ejes sociales diferenciados.,0.0,"No hay análisis de cómo la interseccionalidad opera de forma situada; el contexto es periurbanización, pero no en clave de ejes sociales múltiples.",0.0,No hay operacionalización empírica de intersecciones entre ejes sociales.,0.0,high,,0.0,No se conecta el análisis con justicia social desde una perspectiva interseccional.,0.0,"Se documenta agencia comunitaria, pero no en relación a posiciones interseccionales.",False,"El paper analiza la exclusión y estrategias comunitarias en torno al agua en comunidades periurbanas, pero no articula explícitamente dos o más ejes de diferenciación social relacionados entre sí (género, clase, casta, etc.).",0.0,No hay elementos interseccionales a integrar.,2014,342
542,0.0,No se mencionan ni analizan identidades sociales.,0.0,No hay referencia a estructuras de poder o mecanismos sociales.,0.0,"El contexto es técnico y geográfico, no sociohistórico ni político.",0.0,No hay operacionalización de intersecciones sociales.,0.0,high,,0.0,No hay orientación a la justicia social o ambiental desde una perspectiva interseccional.,0.0,No se aborda agencia o resistencia de sujetos sociales.,False,El paper no articula ejes de diferenciación social; se enfoca exclusivamente en emisiones de CO2 y aspectos técnicos de la construcción.,0.0,No hay elementos interseccionales presentes para integrar.,1989,268
543,0.0,No analiza identidades humanas entrelazadas ni ejes sociales co-constitutivos.,0.0,No articula mecanismos de poder estructural entre ejes sociales humanos.,0.0,No sitúa hallazgos en contextos sociohistóricos de diferenciación social humana.,0.0,No hay método empírico que operacionalice intersecciones sociales.,0.0,high,,0.0,No conecta análisis interseccional con justicia social entre humanos.,0.0,No documenta agencia o resistencia de sujetos humanos diferenciados.,False,"Aunque menciona ecofeminismo e interseccionalidad, el abstract no articula dos o más ejes de diferenciación social como relacionados entre sí; se centra en la posición de los animales en la criminología verde.",0.0,No hay elementos interseccionales humanos a integrar.,2040,303
544,0.0,No se identifican ejes sociales entrelazados.,0.0,No se abordan estructuras de poder social.,0.0,No hay análisis de contexto sociohistórico de ejes sociales.,0.0,No hay método para operacionalizar intersecciones sociales.,0.0,high,,0.0,No se orienta a la justicia social desde una perspectiva interseccional.,0.0,No se documenta agencia de sujetos diferenciados socialmente.,False,"El paper discute intersecciones entre sectores (agua-energía-alimentos) y gobernanza, pero no articula ejes de diferenciación social (género, raza, clase, etc.) como relacionados entre sí.",0.0,No hay elementos interseccionales a integrar.,1955,284
545,0.5,"Menciona la complejidad de la identidad y diferencias según identidades, pero no ejemplifica co-construcción específica de ejes.",1.0,"Enfatiza el análisis de poder, desigualdad y justicia en los procesos de toma de decisiones y critica la naturalización de sistemas energéticos.",0.5,"Reconoce la necesidad de situar el análisis en procesos de decisión multiescalares, pero el contexto sociohistórico es general.",1.0,"Propone una etnografía crítica y multi-situada basada en teoría feminista interseccional, lo que implica un método diseñado para captar intersecciones.",2.0,high,,1.0,El objetivo explícito es transformar la investigación y la política energética hacia mayor justicia y cuestionar estructuras existentes.,0.5,"Sugiere examinar quién participa en las decisiones y sus roles, pero no documenta agencia o resistencia concreta.",True,"El abstract discute cómo los beneficios y cargas de las decisiones energéticas y climáticas se manifiestan de manera diferente según identidades individuales y grupales, y aboga por métodos que aborden la complejidad de la identidad.",0.5,"Los elementos (poder, identidad, método, justicia) están conectados en la propuesta metodológica, pero la integración analítica es más programática que demostrada.",2074,407
546,1.0,"Analiza cómo ser mujer negra en contextos específicos implica posiciones particulares de liderazgo y resistencia, no solo suma de ejes.",1.0,"Enfatiza estructuras de poder como racismo, colonialismo y patriarcado en la lucha por la justicia climática.",1.0,"Sitúa los casos en contextos sociohistóricos y geográficos concretos (Nigeria, Haití, Honduras, EEUU).",1.0,"El análisis es cualitativo y compara subgrupos interseccionales (mujeres negras, comunidades negras rurales) en diferentes contextos.",4.0,high,,1.0,El trabajo está explícitamente orientado a la transformación y la justicia climática y racial.,1.0,"Documenta agencia, liderazgo y estrategias de resistencia de comunidades negras y mujeres.",True,"El abstract articula raza, género y territorio como ejes relacionados en la experiencia y liderazgo de comunidades negras en la justicia climática.",1.0,"Los elementos se articulan en un análisis coherente donde el poder estructural, las identidades entrelazadas y la agencia se conectan en contextos situados.",1878,356
547,1.0,"Explora cómo las Grannies movilizan su edad, blancura y género de manera co-constitutiva en la acción colectiva.",1.0,"Discute ejes de poder como el racismo, el patriarcado y la blancura en la dinámica de la coalición y la solidaridad.",1.0,"Sitúa el análisis en el contexto específico de Seattle, el movimiento ShellNo y la historia local de activismo.",1.0,"Utiliza métodos cualitativos (observación participante, discusión grupal) para captar interacciones entre edad, género y raza en la práctica.",4.0,high,,1.0,"El análisis está orientado explícitamente a la justicia climática y social, con foco en la transformación de relaciones de poder.",1.0,Documenta la agencia de las Grannies y otros actores como sujetos activos en la resistencia y la solidaridad.,True,"El paper analiza cómo la edad, el género y la raza se entrelazan en las prácticas de solidaridad intergeneracional dentro de un movimiento climático específico.",1.0,"Los elementos de identidad, poder, contexto, método y agencia se articulan en un análisis coherente de la solidaridad interseccional.",2023,369
548,0.0,No se abordan ejes de diferenciación social.,0.0,No se discuten estructuras de poder relacionadas con identidades sociales.,0.0,"El contexto es institucional y de políticas, no sociohistórico de grupos sociales diferenciados.",0.0,No hay método para operacionalizar intersecciones sociales.,0.0,high,,0.0,No hay orientación a la justicia social o ambiental desde una perspectiva interseccional.,0.0,No se aborda la agencia o resistencia de sujetos sociales diferenciados.,False,"El paper analiza la interacción entre políticas de cambio climático y reducción de riesgos de desastre, pero no articula ejes de diferenciación social ni identidades entrelazadas.",0.0,No hay elementos interseccionales presentes para articular.,1962,285
549,0.5,"Los ejes (género, etnicidad, educación, edad) se consideran pero mayormente de forma aditiva, no como posiciones co-constitutivas.",0.5,"Se mencionan normas sociales y culturales, pero el análisis de mecanismos estructurales es superficial.",0.5,"El contexto local (Luo y Kalenjin en Kenia occidental) se describe, pero sin un análisis sociohistórico profundo.",0.0,El método es cuantitativo y descriptivo por subgrupos; no analiza interacciones ni operacionaliza intersecciones.,1.0,high,,0.5,"Se argumenta la necesidad de intervenciones focalizadas y reconoce prioridades locales, pero la orientación a la justicia es limitada.",0.0,No se documenta agencia o resistencia de los sujetos; los agricultores aparecen como receptores de intervenciones.,True,"El paper analiza cómo género, etnicidad, educación, edad y estado civil se relacionan en la adopción de agricultura climáticamente inteligente.",0.5,"Los elementos (género, etnicidad, contexto) están presentes pero yuxtapuestos, con integración parcial en la discusión de intervenciones.",2028,373
550,0.0,"Solo se analiza la negociación entre identidad política y científica, no entre ejes sociales estructurales.",0.0,"No se abordan mecanismos de poder estructural como racismo, patriarcado o clase.",0.0,"El contexto es educativo y político, pero no se sitúa en términos de ejes sociales diferenciados.",0.0,No hay operacionalización de intersecciones entre ejes sociales.,0.0,high,,0.0,No hay orientación explícita a la justicia social o transformación de desigualdades estructurales.,0.0,No se documenta agencia o resistencia en términos de opresión estructural.,False,"El paper articula la identidad política y la identidad científica/estudiantil, pero no aborda dos o más ejes de diferenciación social como género, raza, clase, etnia, etc., en relación entre sí.",0.0,"No aplica, ya que no se articula interseccionalidad sustantiva.",1925,325
551,0.0,No se identifican ejes de diferenciación social entrelazados.,0.0,No se abordan mecanismos de poder estructural ligados a identidades sociales.,0.0,No hay referencia a contextos sociohistóricos situados en términos de ejes sociales.,0.0,No se operacionalizan intersecciones de identidades en el método.,0.0,high,,0.0,No se conecta el análisis con justicia social desde una perspectiva interseccional.,0.0,No se documenta agencia o resistencia de sujetos diferenciados socialmente.,False,"El abstract menciona impactos sociales y conflictos, pero no articula dos o más ejes de diferenciación social como relacionados entre sí; se enfoca en instrumentos regulatorios y legitimidad general.",0.0,No hay elementos interseccionales presentes para articular.,1851,298
552,0.0,No se mencionan ejes de diferenciación social.,0.0,No hay análisis de poder estructural vinculado a identidades sociales.,0.0,No hay contextualización sociohistórica de ejes sociales.,0.0,No hay método interseccional ni operacionalización de ejes sociales.,0.0,high,,0.0,No se aborda la justicia social desde una perspectiva interseccional.,0.0,No se discute agencia o resistencia de sujetos diferenciados socialmente.,False,El abstract no articula ejes de diferenciación social relacionados entre sí; se centra en estructuras y procesos de ciencia e innovación sin referencia a identidades sociales.,0.0,No hay elementos interseccionales presentes para integrar.,2039,278
553,0.0,No hay análisis de identidades entrelazadas.,0.0,"No se abordan estructuras de poder social, solo marcos legales.",0.0,No hay contextualización sociohistórica de grupos sociales diferenciados.,0.0,No hay método empírico sobre intersecciones sociales.,0.0,high,,0.0,No se orienta a la justicia social interseccional.,0.0,No se discute agencia o resistencia de sujetos diferenciados.,False,"El paper discute la condicionalidad climática en acuerdos comerciales y de derechos humanos, pero no articula ejes de diferenciación social (género, raza, clase, etc.) como relacionados entre sí.",0.0,No hay elementos interseccionales a integrar.,1986,283
554,0.5,"Se mencionan género y edad como factores que influyen en la visibilidad de voces, pero el análisis es más aditivo que co-constitutivo.",0.5,"Se reconocen diferencias de poder (sesgos de género, edad, redes académicas), pero los mecanismos estructurales no se desarrollan en profundidad.",0.5,"El contexto es el Norte circumpolar, pero la discusión es más sobre patrones generales en la literatura que sobre contextos sociohistóricos específicos.",0.0,"No hay operacionalización empírica de intersecciones; el análisis es una revisión sistemática de literatura, no un estudio empírico de subgrupos interseccionales.",1.0,high,,0.5,"Se sugieren mejoras y la necesidad de desafiar supuestos, pero la orientación a la justicia es incipiente.",0.0,No se documenta agencia o resistencia de los sujetos; el foco está en la invisibilización.,True,El paper discute cómo género y edad (y otros ejes) interactúan en la producción y reconocimiento del conocimiento local/tradicional en el Norte circumpolar.,0.5,Los elementos están presentes pero más yuxtapuestos que integrados en un marco analítico coherente.,1991,392
555,0.0,No se identifican ejes de diferenciación social entrelazados.,0.0,No hay análisis de estructuras de opresión vinculadas a identidades sociales.,0.0,No se sitúan hallazgos en términos de interseccionalidad sociohistórica.,0.0,No hay método que operacionalice intersecciones de identidades.,0.0,high,,0.0,No se orienta explícitamente a la justicia interseccional.,0.0,No se documenta agencia de sujetos diferenciados interseccionalmente.,False,"El abstract menciona diálogo entre hinduismo y islam sobre cambio climático, pero no articula explícitamente dos o más ejes de diferenciación social relacionados entre sí; se centra en religión y política como instituciones, no en identidades entrelazadas.",0.0,No hay elementos interseccionales a integrar.,1855,307
556,0.0,No trata identidades entrelazadas; el foco es geopolítico (Norte-Sur) sin análisis de múltiples ejes sociales.,0.0,"Aunque menciona estructuras de poder (sesgo estructural Norte-Sur), no articula mecanismos interseccionales entre ejes sociales.",0.0,"El contexto es geopolítico-académico, pero no se sitúan identidades sociales múltiples.",0.0,No hay operacionalización empírica de intersecciones entre ejes sociales.,0.0,high,,0.0,No hay orientación a la justicia interseccional; el foco es en la visibilidad del conocimiento.,0.0,No se documenta agencia o resistencia de sujetos sociales diferenciados.,False,"El paper analiza desigualdades Norte-Sur en la producción y visibilidad del conocimiento, pero no articula dos o más ejes de diferenciación social relacionados entre sí (como género, raza, clase, etc.).",0.0,"No aplica, ya que no se articula un análisis interseccional.",1963,344
557,0.0,No se identifican análisis de ejes entrelazados.,0.0,No se detallan mecanismos estructurales específicos.,0.0,No se evidencia contextualización sociohistórica de intersecciones.,0.0,No se describe método que operacionalice intersecciones.,0.0,high,,0.0,No se explicita orientación a la justicia desde la interseccionalidad.,0.0,No se menciona agencia o resistencia de sujetos interseccionales.,False,"El abstract menciona enfoques feministas o interseccionales y temas de diversidad, pero no articula explícitamente dos o más ejes de diferenciación social como relacionados entre sí.",0.0,No hay elementos interseccionales sustantivos a integrar.,1923,283
558,0.0,No hay análisis de identidades entrelazadas.,0.0,No se abordan mecanismos estructurales de poder entre ejes sociales.,0.0,No se sitúa en un contexto sociohistórico específico.,0.0,No hay método empírico ni operacionalización de intersecciones.,0.0,high,,0.0,No se desarrolla una orientación a la justicia interseccional.,0.0,No se reconoce agencia o resistencia de sujetos diferenciados.,False,"El abstract solo menciona grupos poblacionales afectados y diferentes tipos de injusticia (inter-nacional, intra-societal, inter-generacional), pero no articula dos o más ejes de diferenciación social como relacionados entre sí.",0.0,No hay elementos interseccionales a integrar.,1866,289
559,0.0,No se identifican ejes entrelazados; solo se menciona diversidad religiosa.,0.0,No se abordan mecanismos estructurales de poder vinculados a ejes sociales.,0.0,No hay contextualización sociohistórica de intersecciones de ejes sociales.,0.0,No se describe método que operacionalice intersecciones de ejes sociales.,0.0,high,,0.0,No se articula una orientación a la justicia desde una perspectiva interseccional.,0.0,No se documenta agencia o resistencia de sujetos en posiciones interseccionales.,False,"El abstract discute la diversidad religiosa y su relación con el ambiente, pero no articula explícitamente dos o más ejes de diferenciación social como relacionados entre sí.",0.0,No hay elementos interseccionales a integrar.,1965,298
560,1.0,Analiza cómo ser mujer indígena implica una posición específica de vulnerabilidad y agencia frente al cambio climático y el colonialismo.,1.0,Explicita el rol de estructuras como el colonialismo y el patriarcado en la producción de inequidades de salud y poder.,1.0,"Sitúa el análisis en el contexto sociohistórico y geográfico de Canadá, con referencia a la historia colonial y sus efectos actuales.",0.0,"Es un comentario teórico y de revisión, sin operacionalización empírica de las intersecciones.",3.5,high,,1.0,"El trabajo está orientado explícitamente a la transformación y la justicia, proponiendo áreas de acción en salud pública.",1.0,"Reconoce la agencia y los roles de las mujeres, incluyendo su participación y estrategias en la resiliencia comunitaria.",True,"El abstract articula género, indigeneidad y colonialismo como ejes relacionados en la producción de inequidades climáticas.",1.0,"Los elementos de género, colonialismo, poder estructural y agencia se articulan en un marco coherente orientado a la acción.",1959,353
561,0.0,No articula ejes sociales entrelazados.,0.0,No discute estructuras de poder social.,0.0,No contextualiza en términos de diferenciación social.,0.0,No hay método para operacionalizar intersecciones sociales.,0.0,high,,0.0,No orientado a justicia social interseccional.,0.0,No trata agencia de sujetos diferenciados socialmente.,False,"El paper usa 'intersectional' para referirse a la intersección entre áreas legales (privacidad y eficiencia energética), no a ejes de diferenciación social como género, raza, clase, etc.",0.0,No hay elementos interseccionales sustantivos a integrar.,1998,271
562,1.0,"Explicita que los ejes (género, etnicidad, generación, clase) se co-constituyen en las posiciones de los personajes y sus experiencias de movilidad.",1.0,"Analiza mecanismos estructurales (socioeconómicos, étnicos, de género) que configuran el acceso y la valoración de la movilidad en el contexto del cambio climático.",1.0,"Sitúa el análisis en el Ártico canadiense, con referencias a historia, geografía y prácticas culturales específicas.",1.0,"El análisis dramatúrgico examina interacciones entre ejes en los personajes y sus trayectorias, no solo variables paralelas.",4.0,high,,1.0,"El trabajo tiene una orientación crítica, cuestionando discursos dominantes y proponiendo una ética y estética alternativa para abordar la justicia climática.",1.0,"Reconoce agencia en los personajes, mostrando estrategias, saberes y resistencias frente a la movilidad impuesta y el duelo ambiental.",True,"El análisis articula cómo género, etnicidad, generación y estatus socioeconómico se entrelazan en la experiencia de movilidad y vulnerabilidad en el Ártico.",1.0,"Los elementos se articulan en un análisis coherente donde las estructuras de poder explican las posiciones interseccionales y la agencia, enmarcadas en el contexto ártico.",2027,407
563,0.0,No se identifican ejes de diferenciación social entrelazados.,0.0,"Aunque se menciona el capitalismo y la jerarquía, no se operacionalizan mecanismos estructurales ligados a ejes sociales.",0.0,No hay contextualización sociohistórica específica de ejes sociales.,0.0,No se describe método empírico ni operacionalización de intersecciones.,0.0,high,,0.0,No se articula orientación a la justicia desde una perspectiva interseccional.,0.0,No se documenta agencia o resistencia de sujetos diferenciados.,False,"El abstract discute jerarquías de poder y capitalismo, pero no articula explícitamente dos o más ejes de diferenciación social relacionados entre sí.",0.0,No hay elementos interseccionales a integrar.,1832,293
564,0.0,No se abordan identidades sociales entrelazadas.,0.0,"El análisis de poder es institucional y de redes, no de estructuras de opresión social.",0.0,No se sitúan ejes sociales en contexto sociohistórico.,0.0,No hay operacionalización de intersecciones entre ejes sociales.,0.0,high,,0.0,No hay orientación a la justicia desde una perspectiva interseccional.,0.0,No se aborda agencia/resistencia de sujetos diferenciados socialmente.,False,"El paper articula intersecciones entre redes sociales e instituciones, pero no entre ejes de diferenciación social como género, raza, clase, etc.",0.0,No hay elementos interseccionales a integrar.,1981,279
565,0.0,No trata identidades sociales ni ejes entrelazados.,0.0,No analiza mecanismos de opresión estructural ligados a ejes sociales.,0.0,"El contexto es epistemológico y geográfico, no sociohistórico de diferenciación social.",0.0,No hay método empírico sobre intersecciones sociales.,0.0,high,,0.0,No se orienta a la justicia social o transformación de desigualdades sociales.,0.0,No aborda agencia o resistencia de sujetos diferenciados socialmente.,False,"El paper discute la coproducción de conocimiento, espacio y poder, pero no articula ejes de diferenciación social (género, raza, clase, etc.) como relacionados entre sí.",0.0,No hay elementos interseccionales a integrar.,1950,290
566,0.0,"Solo se analiza género, sin entrelazar con otros ejes.",0.0,No se abordan mecanismos estructurales más allá de género.,0.0,No hay contextualización interseccional sociohistórica.,0.0,No hay método que operacionalice intersecciones.,0.0,high,,0.0,No se desarrolla una orientación a la justicia interseccional.,0.0,No se documenta agencia ni resistencia interseccional.,False,"El paper solo articula el eje de género en el análisis de discursos sobre agricultura climáticamente inteligente, sin relacionarlo con otros ejes de diferenciación social.",0.0,No hay elementos interseccionales a integrar.,1884,271
567,0.0,No hay análisis de ejes de diferenciación social.,0.0,No se abordan estructuras de poder social; el foco es organizacional.,0.0,No se sitúa en un contexto sociohistórico de diferenciación social.,0.0,No hay método para operacionalizar intersecciones sociales.,0.0,high,,0.0,No hay orientación a la justicia social desde una perspectiva interseccional.,0.0,No se aborda agencia ni resistencia de sujetos diferenciados socialmente.,False,El paper no articula dos o más ejes de diferenciación social relacionados entre sí; se centra en liderazgo institucional y cambio organizacional sin analizar identidades sociales entrelazadas.,0.0,"No aplica, ya que no hay elementos interseccionales presentes.",2056,286
568,1.0,"Analiza masculinidades como pluralidad entrelazada con otros ejes (socioculturales, etnoraciales, geográficos), no solo como suma de atributos.",1.0,"Discute hegemonía, estructuras de género y cómo estas influyen en dinámicas ambientales, abordando mecanismos estructurales.",1.0,"Enfatiza la importancia de contextos socioculturales, etnoraciales, ecológicos y geográficos específicos en los estudios revisados.",0.5,"Como revisión, no aplica método empírico propio, pero destaca estudios que sitúan y diferencian subgrupos interseccionales.",3.5,high,,1.0,"Orienta explícitamente a mejorar resultados de intervenciones ambientales y a desafiar estereotipos, con enfoque crítico y transformador.",1.0,"Reconoce agencia y diversidad de comportamientos masculinos, incluyendo aquellos que apoyan dinámicas ambientales saludables.",True,"El abstract afirma que las masculinidades interactúan con otros factores y que las identidades masculinas son diversas y situadas, mencionando explícitamente la interseccionalidad.",1.0,"Los elementos (identidades, poder, contexto, agencia, praxis) se articulan en un análisis coherente sobre masculinidades y ambiente.",2032,390
569,0.0,No se identifican ejes sociales entrelazados.,0.0,No se abordan mecanismos estructurales de diferenciación social.,0.0,"El contexto es sobre eventos y políticas, no sobre posiciones sociales diferenciadas.",0.0,No hay operacionalización empírica de intersecciones sociales.,0.0,high,,0.0,No se conecta con justicia social desde una perspectiva interseccional.,0.0,No se documenta agencia de sujetos diferenciados socialmente.,False,"El abstract discute justicia, derechos y ética del agua, pero no articula explícitamente dos o más ejes de diferenciación social como relacionados entre sí.",0.0,No hay elementos interseccionales a integrar.,1906,276
570,0.5,"Se refiere a la 'fragmentación' y 'precariado agrícola', pero no desglosa identidades entrelazadas más allá de la posición de clase y contexto rural.",1.0,"Explicita mecanismos estructurales: cambio agrario post-apartheid, respuestas del sector agrícola, y vulnerabilidad estructural.",1.0,Contextualiza en la historia y política específica de Sudáfrica post-apartheid y la región de KwaZulu-Natal.,0.5,"Utiliza encuesta y análisis de subgrupos (precariado agrícola), pero no queda claro si analiza interacciones entre ejes sociales.",2.0,high,,1.0,Concluye con un llamado explícito a políticas agrarias orientadas a la justicia social.,0.0,No hay evidencia de agencia o resistencia de los sujetos; se los describe como precarios y vulnerables.,True,"El paper analiza cómo la precariedad de los habitantes rurales resulta de la interacción entre dinámicas agrarias post-apartheid y riesgos climáticos, articulando clase, historia y estructura.",0.5,"Los elementos estructurales y contextuales están bien articulados, pero la integración de identidades entrelazadas y agencia es limitada.",2007,382
571,0.0,No se mencionan ni analizan ejes de diferenciación social.,0.0,No hay discusión sobre estructuras de poder o mecanismos sociales.,0.0,No se sitúa en un contexto sociohistórico relevante para interseccionalidad.,0.0,"El método es puramente meteorológico, sin operacionalización de intersecciones sociales.",0.0,high,,0.0,No hay orientación a la justicia social o ambiental.,0.0,No se aborda agencia o resistencia de sujetos sociales.,False,El paper no articula ejes de diferenciación social; se centra en técnicas de pronóstico meteorológico sin referencia a identidades sociales.,0.0,No hay elementos interseccionales presentes para integrar.,2044,274
572,0.0,No se identifican ejes de diferenciación social entrelazados.,0.0,"No se abordan estructuras de poder como racismo, patriarcado o colonialismo.",0.0,No se sitúan hallazgos en términos de ejes sociales diferenciados.,0.0,No hay operacionalización empírica de intersecciones entre ejes sociales.,0.0,high,,0.0,No se orienta a la transformación de desigualdades estructurales.,0.0,No se documenta agencia en términos de resistencia a opresiones interseccionales.,False,"El paper analiza la intersección entre sentido de lugar, resiliencia y redes sociales, pero no articula explícitamente dos o más ejes de diferenciación social (como género, raza, clase, etc.) como relacionados entre sí.",0.0,No hay elementos interseccionales que integrar.,1959,311
573,0.5,"Aunque se menciona un 'análisis interseccional', el enfoque es principalmente aditivo (reporta diferencias por género y etnia, y luego examina la intersección para resultados más matizados).",0.5,"Se reconoce que las políticas de desarrollo han ignorado diferencias estructurales, pero no se profundiza en mecanismos de poder o estructuras como racismo o patriarcado.",0.5,"El contexto geográfico (Isiolo, Kenia) está claro, pero el análisis sociohistórico es superficial.",0.5,"Se realiza un análisis de la intersección de género y etnia en percepciones, pero parece limitado a descripciones de subgrupos, no a modelos de interacción robustos.",1.0,high,,0.5,"Se sugiere que integrar percepciones diversas puede mejorar la reducción de la pobreza, pero la orientación a la justicia es implícita y poco desarrollada.",0.0,No se documenta agencia o resistencia de los sujetos; el foco está en percepciones y diferencias.,True,El paper analiza cómo género y etnicidad se intersectan en las percepciones de resiliencia y no solo los reporta por separado.,0.5,"Los elementos (género, etnia, percepciones, contexto) están presentes y parcialmente conectados, pero la articulación es limitada y descriptiva.",1975,421
574,1.0,Analiza cómo la indigeneidad y la marginalización se co-constituyen en la relación con el Estado y el ambiente ('contested relationship between marginalized peoples and hegemonic state and nonstate powers').,1.0,"Explicita mecanismos estructurales como el colonialismo, el poder estatal y la hegemonía ('slow, historical processes of erasure under colonialism and imperialism').",1.0,Contextualiza en la historia y política específica de Sikkim y la relación con el Estado indio ('longer history of the contested relationship...').,1.0,Utiliza etnografía situada para captar experiencias interseccionales y registros diversos de pérdida y resistencia.,4.0,high,,1.0,"Orienta el análisis hacia la decolonización y la justicia ambiental ('calls to decolonize the Anthropocene', 'holistic approach to uneven impacts').",1.0,Reconoce agencia y saberes indígenas en la interpretación y respuesta a los desastres ('diverse interpretations and registers of loss and erasure').,True,"El paper articula indigeneidad, marginalización y relaciones con el Estado como ejes entrelazados en la experiencia de los impactos ambientales.",1.0,"Los elementos se articulan en un análisis coherente que vincula estructuras de poder, identidades entrelazadas, contexto y agencia.",2021,406
575,0.0,No se identifican ejes de diferenciación social entrelazados.,0.0,No se abordan mecanismos de poder estructural ligados a identidades sociales.,0.0,No hay contextualización sociohistórica de ejes sociales.,0.0,No hay método empírico ni operacionalización de intersecciones.,0.0,high,,0.0,No se conecta el análisis con justicia social desde una perspectiva interseccional.,0.0,No se documenta agencia o resistencia de sujetos diferenciados socialmente.,False,"El abstract solo articula la dicotomía ambiente-economía y menciona elites económicas, pero no relaciona explícitamente dos o más ejes de diferenciación social (como género, raza, clase, etc.) entre sí.",0.0,No hay elementos interseccionales presentes para articular.,2045,300
576,0.0,No analiza ejes sociales entrelazados.,0.0,No aborda estructuras de opresión social.,0.0,No sitúa hallazgos en contextos sociohistóricos de diferenciación social.,0.0,No hay método interseccional aplicado a ejes sociales.,0.0,high,,0.0,No conecta con justicia social desde una perspectiva interseccional.,0.0,No trata agencia o resistencia de sujetos diferenciados socialmente.,False,"El paper solo articula la intersección de intereses económicos nacionales y cambios estructurales globales, sin tratar ejes de diferenciación social (género, raza, clase, etc.) como relacionados entre sí.",0.0,No hay elementos interseccionales a integrar.,1893,282
577,0.0,No se abordan identidades sociales ni sus interrelaciones.,0.0,"No se discuten estructuras de poder social, solo marcos legales de propiedad.",0.0,No hay contextualización sociohistórica de ejes sociales.,0.0,No hay método empírico ni operacionalización de intersecciones sociales.,0.0,high,,0.0,No hay orientación a la justicia social o ambiental desde una perspectiva interseccional.,0.0,No se aborda agencia o resistencia de sujetos diferenciados socialmente.,False,"El paper analiza la relación entre derecho de propiedad y regulación ambiental, pero no articula ejes de diferenciación social (género, raza, clase, etc.) como relacionados entre sí.",0.0,No hay elementos interseccionales presentes para articular.,1941,291
578,0.5,"Se identifican intersecciones (ej. género y juventud, género y discapacidad), pero el análisis es preliminar y no profundiza en la co-constitución.",0.5,"Se mencionan estructuras (vulnerabilidad, desplazamiento), pero los mecanismos estructurales no se desarrollan en profundidad.",0.5,"El contexto de Laamu Atoll está presente, pero el análisis sociohistórico es superficial.",0.0,El método es cualitativo-descriptivo; no hay operacionalización empírica de intersecciones más allá de la identificación de subgrupos.,1.0,high,,0.5,"Se mencionan implicaciones para política y práctica, pero la orientación a la justicia es incipiente.",0.0,No se documenta agencia o resistencia de los grupos; se los describe principalmente como vulnerables.,True,"El paper explora cómo la vulnerabilidad se configura en la intersección de categorías como género, juventud, discapacidad y localización, no solo por separado.",0.5,Los elementos interseccionales están presentes pero la integración es parcial y reconocida como preliminar.,1968,366
579,1.0,Analiza cómo racismo y género se co-constituyen en la producción de vulnerabilidad y exclusión (no solo sumados).,1.0,"Desarrolla mecanismos estructurales de racismo y explotación ambiental, y su historia.",1.0,"Sitúa los casos en contextos históricos y geográficos específicos (Lagos, EE.UU. post-Guerra Civil, Brasil).",0.0,"El análisis es teórico y genealógico, sin operacionalización empírica de intersecciones.",3.0,high,,1.0,Orienta explícitamente el análisis hacia la transformación de la justicia climática y el desmantelamiento del racismo ambiental.,0.5,"Menciona agencia en la resistencia histórica, pero el foco principal está en la denuncia de estructuras opresivas.",True,El paper articula explícitamente raza y género como ejes relacionados en la construcción de vidas ilegibles en políticas climáticas.,1.0,"Los elementos (identidades, poder, contexto, justicia) se articulan en un marco coherente y crítico.",1911,347
580,0.0,"Solo género; otros factores son contextuales, no ejes co-constitutivos.",0.0,No articula mecanismos estructurales más allá de desigualdad de género.,0.0,No hay contextualización sociohistórica específica.,0.0,No hay método empírico ni operacionalización de intersecciones.,0.0,high,,0.0,Menciona justicia de género pero sin análisis crítico ni orientación transformadora.,0.0,"Las mujeres aparecen como víctimas, no se documenta agencia.",False,"El paper solo articula el eje de género (hombres/mujeres) y menciona factores como 'estatus social' y 'condiciones socioeconómicas' pero no los relaciona como ejes entrelazados, sino como causas de la vulnerabilidad de las mujeres.",0.0,No hay elementos interseccionales a integrar.,1983,305
581,0.0,No analiza ejes de diferenciación social.,0.0,No teoriza mecanismos de poder estructural ligados a identidades sociales.,0.0,No sitúa hallazgos en contextos sociohistóricos de diferenciación social.,0.0,No hay método empírico ni operacionalización de intersecciones.,0.0,high,,0.0,No conecta con justicia social desde una perspectiva interseccional.,0.0,No aborda agencia o resistencia de sujetos diferenciados socialmente.,False,"El paper discute ética y valores en sostenibilidad, pero no articula dos o más ejes de diferenciación social como relacionados entre sí.",0.0,No hay elementos interseccionales a integrar.,2007,273
582,0.5,"Los ejes (edad, ingreso, género, raza) se analizan principalmente por separado, aunque se mencionan diferencias entre grupos.",0.5,"Se reconocen factores estructurales como urbanización y desigualdad, pero no se profundiza en mecanismos de poder.",0.5,"El contexto se sitúa en ciudades de EE.UU. y se reconocen diferencias geográficas, pero el análisis sociohistórico es superficial.",0.0,El método utiliza variables demográficas paralelas y no analiza interacciones entre ejes sociales.,1.0,high,,0.5,"Se mencionan implicaciones para la resiliencia y la salud pública, pero sin una orientación explícita a la justicia.",0.0,No se documenta agencia ni estrategias de los sujetos; el foco es en exposición y vulnerabilidad.,True,"El paper analiza cómo la exposición al calor varía según múltiples ejes demográficos (edad, ingreso, género, raza) y sugiere relaciones entre ellos en los resultados.",0.5,Los elementos están presentes pero yuxtapuestos; no se articulan en un marco interseccional coherente.,2044,365
583,0.0,"Solo se analiza la pobreza como eje, sin entrelazar con otros.",0.0,No se abordan mecanismos estructurales de opresión más allá de la pobreza.,0.0,No se sitúan hallazgos en contextos sociohistóricos diferenciados por múltiples ejes.,0.0,No hay operacionalización empírica de intersecciones entre ejes.,0.0,high,,0.0,No hay análisis crítico interseccional orientado a la justicia entre ejes múltiples.,0.0,"La agencia se discute solo respecto a la pobreza, no en posiciones interseccionales.",False,"El paper articula la pobreza como eje central pero no relaciona explícitamente dos o más ejes de diferenciación social (como género, raza, etnia, etc.) en su análisis.",0.0,No hay integración de múltiples ejes de diferenciación social.,2193,310
584,0.5,"Se mencionan raza y clase como ejes que se cruzan, pero el análisis parece tratar sus efectos de forma aditiva más que co-constitutiva.",1.0,"El texto refiere a opresión, esclavitud y estructuras históricas de poder (racismo, clase) en la relación con el río.",1.0,"El análisis está situado en el contexto histórico, geográfico y político del sur de EE.UU. y la historia afroamericana.",0.0,No se describe un método empírico que operacionalice intersecciones; el enfoque es histórico-cultural y analítico.,2.0,high,,0.5,"Se reconoce la importancia de visibilizar historias ocultas y desigualdades, pero no se articula una orientación explícita a la transformación o justicia.",1.0,"Se documenta agencia y resistencia (el río como refugio, escape, construcción de memoria y cultura afroamericana).",True,El abstract articula raza y clase como ejes diferenciados y relacionados en la experiencia afroamericana con el Mississippi.,0.5,"Los elementos de poder, contexto y agencia están presentes y parcialmente conectados, pero la articulación entre raza y clase no es plenamente integrada.",2143,378
585,1.0,"Analiza cómo clase, edad, migración y generación se entrelazan en la construcción de los discursos y omisiones sobre el clima.",1.0,Explora cómo el privilegio profesional y de clase estructura qué narrativas y omisiones dominan el discurso climático.,1.0,"Sitúa el análisis en el contexto sociohistórico y geográfico específico del sureste de Florida, pre-2015.",0.5,"El análisis empírico distingue subgrupos y voces, pero no reporta un método explícito de operacionalización de intersecciones (más bien análisis cualitativo de discursos y omisiones).",3.5,high,,1.0,"El trabajo está orientado a la justicia climática y educativa, criticando omisiones y proponiendo ampliar la inclusión y la acción.",0.5,"Reconoce potencial de agencia en la diversidad poblacional, pero la agencia de los sujetos aparece más como posibilidad que como evidencia empírica documentada.",True,"El paper utiliza un enfoque relacional de interseccionalidad para analizar cómo la diversidad (migración, generaciones, clase, etc.) es omitida o tratada en el discurso climático.",1.0,"El análisis articula coherentemente los ejes de diferenciación, el poder estructural, el contexto y la orientación a la justicia en una crítica integrada del discurso climático.",1969,407
586,0.0,No se mencionan ejes sociales diferenciados.,0.0,No hay referencia a estructuras de poder social.,0.0,No se sitúa en un contexto sociohistórico de diferenciación social.,0.0,No hay método para operacionalizar intersecciones sociales.,0.0,high,,0.0,No se orienta a la justicia social o transformación de desigualdades sociales.,0.0,No se aborda agencia o resistencia de sujetos sociales diferenciados.,False,"El abstract no articula ejes de diferenciación social (género, raza, clase, etc.) relacionados entre sí; se centra en la relación humano-entorno y la agencia no-humana.",0.0,No hay elementos interseccionales presentes para articular.,1868,280
587,0.0,No se abordan ejes de diferenciación social.,0.0,No se discuten estructuras de poder vinculadas a identidades sociales.,0.0,No hay análisis de contexto sociohistórico en términos de diferenciación social.,0.0,No hay método para operacionalizar intersecciones sociales.,0.0,high,,0.0,No se orienta a la justicia social ni ambiental desde una perspectiva interseccional.,0.0,No se aborda agencia o resistencia de sujetos diferenciados socialmente.,False,El paper no articula ejes de diferenciación social relacionados; se centra en experimentación de políticas y gobernanza sin analizar identidades sociales ni sus interrelaciones.,0.0,No hay elementos interseccionales presentes para integrar.,1968,282
588,1.0,"Refiere a 'perspectivas de comunidades diversas' y 'incongruencias' en la justicia, lo que implica análisis de posiciones co-construidas.",1.0,"Menciona desafíos a visiones arraigadas y proyectos de justicia social, lo que sugiere atención a estructuras y mecanismos de poder.",1.0,El enfoque en 'contingencias' y 'incongruencias' implica atención al contexto sociohistórico y político específico.,0.5,"Como volumen teórico, probablemente integra perspectivas y casos, pero no necesariamente métodos empíricos interseccionales formales.",3.5,medium,,1.0,El libro se orienta explícitamente a proyectos de justicia y transformación social.,1.0,"Al centrar 'inversiones' y perspectivas de comunidades, reconoce agencia y resistencia.",True,"El abstract indica que el libro articula perspectivas de justicia desde comunidades diversas y campos como estudios indígenas, discapacidad, clima y queer, sugiriendo análisis de ejes relacionados.",1.0,"Los elementos (identidades, poder, contexto, justicia, agencia) se articulan en torno a la pregunta sobre el sentido y práctica de la justicia.",1860,369
589,0.5,"Se reconocen comunidades indígenas y locales como categorías diferenciadas, pero no se profundiza en cómo estos ejes se co-constituyen; el análisis es más comparativo que interseccional.",1.0,"El texto critica explícitamente la subordinación de derechos humanos a agendas políticas y corporativas, y problematiza la estructura de los acuerdos internacionales.",1.0,El análisis se sitúa en el contexto de acuerdos internacionales y la historia de los derechos indígenas en el marco de REDD+.,0.0,No hay evidencia de un método empírico que operacionalice intersecciones; el análisis es teórico y normativo.,2.0,high,,1.0,El artículo está orientado a la justicia climática y la transformación de las estructuras que afectan a comunidades vulnerables.,0.5,"Se reconoce la agencia de comunidades indígenas y locales en la búsqueda de derechos, pero no se documentan estrategias o saberes concretos.",True,"El paper analiza cómo los derechos y la justicia climática afectan específicamente a comunidades indígenas y locales, articulando al menos dos ejes (indigeneidad y posición socioeconómica/política) en relación con estructuras globales.",0.5,"Los elementos críticos y de justicia están articulados, pero la intersección de identidades queda más sugerida que desarrollada en profundidad.",1960,406
590,0.5,"Se mencionan varios ejes (discapacidad, ciudadanía, postcolonialidad, migración, género, etc.) pero no queda claro si se analizan como mutuamente constitutivos o solo yuxtapuestos.",1.0,"El texto enfatiza mecanismos estructurales (postcolonialismo, desigualdad, acceso a derechos, recursos limitados) y un marco crítico.",1.0,"El análisis se sitúa explícitamente en el contexto sociohistórico y político del Sur Global, reconociendo diferencias con el Norte Global.",0.5,"Se sugiere una aproximación crítica y polifónica, pero no se detalla un método empírico que operacionalice intersecciones; parece más teórico y de debate.",2.5,medium,,1.0,"El volumen está orientado a la transformación y equidad en discapacidad, cuestionando y problematizando estrategias y derechos.",1.0,"Se destaca la polivocalidad, incluyendo voces de personas con discapacidad, activistas y sujetos del Sur Global, lo que implica agencia y resistencia.",True,"El abstract menciona explícitamente la exploración de identidad e interseccionalidad en relación con discapacidad y ciudadanía en el Sur Global, articulando múltiples ejes de diferenciación social.",0.5,"Los elementos aparecen articulados en el enfoque general del libro, pero el abstract sugiere una colección de voces y temas más que un análisis completamente integrado.",1982,425
591,1.0,El valor de la interseccionalidad es central y se analiza cómo se co-constituyen relaciones sociales en la práctica del movimiento.,1.0,"El análisis se centra en la creación de culturas alternativas a la desigualdad y los combustibles fósiles, implicando crítica a estructuras de poder.",1.0,"El estudio está situado en Santa Barbara, con referencias a su historia ambiental y política local.",1.0,"Utiliza grounded theory, entrevistas y observación participante para captar cómo se viven y articulan las intersecciones en la práctica.",4.0,high,,1.0,El objetivo explícito es la transformación hacia la justicia climática y la creación de futuros alternativos.,1.0,Documenta agencia y prácticas de los jóvenes como creadores de cultura y estrategias de resistencia.,True,El abstract destaca la centralidad de la 'interseccionalidad' como valor y analiza cómo los jóvenes activistas construyen culturas políticas que integran múltiples ejes de justicia.,1.0,"Los valores, prácticas y contextos se articulan en un análisis coherente sobre cómo la interseccionalidad estructura la acción colectiva y la cultura del movimiento.",1917,364
592,0.0,No articula ejes sociales entrelazados.,0.0,No discute estructuras de poder social.,0.0,No contextualiza en términos sociohistóricos de diferenciación social.,0.0,No operacionaliza intersecciones de identidades sociales.,0.0,high,,0.0,No orienta el análisis a la justicia social o ambiental desde una perspectiva interseccional.,0.0,No trata agencia o resistencia de sujetos diferenciados socialmente.,False,"El paper usa 'intersectionalities' para referirse a mecanismos de alineación institucional, no a ejes de diferenciación social como género, raza, clase, etc.",0.0,No hay elementos interseccionales sustantivos a integrar.,1918,277
593,0.0,No se abordan identidades sociales ni sus interrelaciones.,0.0,"No se discuten estructuras de poder social, solo dinámicas institucionales de ciencia y política.",0.0,No hay análisis de contexto sociohistórico en términos de diferenciación social.,0.0,No hay método para operacionalizar intersecciones sociales.,0.0,high,,0.0,No se orienta a la justicia social ni a la transformación de desigualdades sociales.,0.0,No se aborda la agencia de sujetos diferenciados socialmente.,False,"El paper discute la relación entre ciencia, política y práctica en la adaptación climática, pero no articula ejes de diferenciación social (género, raza, clase, etc.) como relacionados entre sí.",0.0,No hay elementos interseccionales presentes para integrar.,2006,297
594,0.0,Solo se analiza el eje de género/masculinidades.,0.0,"No se abordan mecanismos estructurales interseccionales, solo poder masculino.",0.0,No hay contextualización sociohistórica interseccional.,0.0,No hay método empírico ni operacionalización de intersecciones.,0.0,high,,0.0,No se desarrolla una orientación a la justicia interseccional.,0.0,No se documenta agencia ni resistencia de sujetos interseccionales.,False,"El paper solo articula el eje de género/masculinidades en relación al poder y el ambiente, sin relacionarlo con otros ejes de diferenciación social.",0.0,No hay elementos interseccionales para articular.,1996,283
595,0.0,No analiza identidades entrelazadas; la interseccionalidad se menciona como marco teórico.,0.0,No se abordan mecanismos estructurales de poder en relación a ejes sociales.,0.0,"El contexto es sobre la investigación, no sobre sujetos sociales diferenciados.",0.0,No hay operacionalización empírica de intersecciones sociales.,0.0,high,,0.0,"La orientación a la justicia es sobre la práctica investigativa, no sobre desigualdades sociales entre sujetos.",0.0,No se documenta agencia o resistencia de sujetos sociales diferenciados.,False,"El paper discute la metodología colectiva y la reflexividad en la investigación, mencionando la interseccionalidad como marco, pero no articula ni analiza ejes de diferenciación social relacionados entre sí en el corpus presentado.",0.0,No hay elementos interseccionales sustantivos a integrar.,1916,315
596,0.0,No hay análisis de identidades sociales entrelazadas.,0.0,"El foco está en estructuras políticas y económicas, pero no en opresiones sociales diferenciadas.",0.0,No se sitúan identidades sociales en contexto sociohistórico.,0.0,No hay operacionalización de intersecciones sociales.,0.0,high,,0.0,No hay orientación a la justicia social desde una perspectiva interseccional.,0.0,No se aborda agencia o resistencia de sujetos diferenciados socialmente.,False,"El paper analiza intersecciones entre políticas, comercio y gobernanza, pero no articula ejes de diferenciación social (género, raza, clase, etc.) como relacionados entre sí.",0.0,No hay elementos interseccionales a integrar.,2113,286
597,0.0,No se identifican ejes sociales específicos ni su relación.,0.0,No se abordan mecanismos estructurales de poder ligados a ejes sociales.,0.0,No hay contextualización sociohistórica de ejes interseccionales.,0.0,No hay método interseccional ni operacionalización de interacciones.,0.0,high,,0.0,No se desarrolla una orientación a la justicia desde una perspectiva interseccional.,0.0,No se documenta agencia ni resistencia de sujetos diferenciados.,False,"El abstract menciona vulnerabilidad, desigualdad y justicia, pero no articula dos o más ejes de diferenciación social relacionados entre sí (género, raza, clase, etc.), ni los trata como entrelazados.",0.0,No hay elementos interseccionales a integrar.,1915,297
598,1.0,"Explicita que no todas las mujeres enfrentan los mismos obstáculos, sino que estos dependen de la intersección de género con raza, nacionalidad, idioma y disciplina.",0.5,"Menciona barreras estructurales (dominancia del Norte Global, idioma, disciplina), pero no teoriza mecanismos en profundidad.",0.5,"Sitúa el análisis en el contexto del IPCC y la ciencia climática global, pero el contexto sociohistórico es superficial.",0.5,"Analiza subgrupos interseccionales (mujeres según raza, nacionalidad, etc.) pero no queda claro si el método empírico capta interacciones más allá de la descripción.",2.0,high,,0.5,"Identifica oportunidades para diversificar la ciencia climática y sugiere la importancia de la inclusión, pero la orientación a la justicia es limitada.",0.5,"Menciona experiencias positivas y agencia de algunas mujeres, pero la agencia no es central en el análisis.",True,"El paper analiza cómo género, nacionalidad, raza, idioma y disciplina se entrecruzan en la experiencia de mujeres científicas en el IPCC.",0.5,"Los elementos interseccionales están presentes y parcialmente conectados, pero la integración analítica es limitada.",2016,399
599,0.0,Solo se menciona género como eje.,0.0,No se abordan mecanismos estructurales más allá de roles de género.,0.0,No hay contextualización sociohistórica específica.,0.0,No se describe método empírico ni operacionalización de intersecciones.,0.0,high,,0.0,No se evidencia orientación a la justicia más allá de la mención de igualdad de género.,0.0,No se documenta agencia o resistencia de los sujetos.,False,"El abstract solo articula género como eje de diferenciación, sin relacionarlo con otros ejes sociales (raza, clase, etnia, etc.).",0.0,No hay elementos interseccionales a integrar.,1893,273
600,0.0,No se identifican ejes sociales entrelazados; el foco es en contexto regional y acceso a información.,0.0,No se abordan estructuras de poder ni mecanismos de opresión.,0.0,"Aunque hay contextualización regional, no se sitúan ejes sociales interseccionales.",0.0,No hay operacionalización de intersecciones sociales.,0.0,high,,0.0,No se orienta a la transformación de desigualdades sociales.,0.0,No se documenta agencia ni resistencia de sujetos diferenciados socialmente.,False,"El paper analiza diferencias regionales y necesidades de actores, pero no articula dos o más ejes de diferenciación social como relacionados entre sí.",0.0,No hay elementos interseccionales a integrar.,1919,285
601,0.0,No se identifican ejes específicos ni su entrelazamiento.,0.0,No se especifican estructuras de poder vinculadas a ejes sociales diferenciados.,0.0,No hay referencia a contextos sociohistóricos situados respecto a ejes múltiples.,0.0,No se describe método que operacionalice intersecciones de ejes sociales.,0.0,high,,0.0,No se menciona orientación a la justicia desde una perspectiva interseccional.,0.0,No se aborda agencia o resistencia de sujetos diferenciados.,False,"El abstract menciona 'intersections of risk and inequalities', pero no articula dos o más ejes de diferenciación social relacionados entre sí; se refiere a desigualdades en general.",0.0,No hay elementos interseccionales a integrar.,1877,292
602,0.0,No se abordan identidades sociales ni sus interrelaciones.,0.0,No se discuten estructuras de poder vinculadas a ejes sociales.,0.0,No hay contextualización sociohistórica de ejes sociales.,0.0,No hay método para operacionalizar intersecciones sociales.,0.0,high,,0.0,No se orienta a la justicia social desde una perspectiva interseccional.,0.0,No se aborda agencia o resistencia de sujetos diferenciados socialmente.,False,"El paper discute gobernanza y restauración forestal pero no articula ejes de diferenciación social (género, raza, clase, etc.) como relacionados entre sí.",0.0,No hay elementos interseccionales presentes para integrar.,1949,281
603,0.0,No se mencionan ni analizan ejes de diferenciación social.,0.0,No hay referencia a estructuras de poder o mecanismos de opresión.,0.0,No se sitúa el análisis en un contexto sociohistórico específico.,0.0,No hay método empírico que operacionalice intersecciones sociales.,0.0,high,,0.0,No se orienta explícitamente a la justicia social o transformación de desigualdades.,0.0,No se aborda la agencia o resistencia de sujetos diferenciados.,False,El abstract no articula ejes de diferenciación social relacionados entre sí; se centra en la experiencia humana general con la naturaleza.,0.0,No hay elementos interseccionales presentes para integrar.,2067,276
604,0.0,No se identifican ejes de diferenciación social entrelazados.,0.0,No se abordan estructuras de poder social; el foco es en conocimiento y gobernanza.,0.0,No hay análisis de contextos sociohistóricos de diferenciación social.,0.0,No hay método para operacionalizar intersecciones sociales.,0.0,high,,0.0,No se orienta a la justicia social o transformación de desigualdades sociales.,0.0,No se documenta agencia o resistencia de sujetos diferenciados socialmente.,False,"El paper analiza variedades de conocimiento y actores en la gobernanza de inundaciones, pero no articula ejes de diferenciación social (género, clase, casta, etc.) como relacionados entre sí.",0.0,No hay elementos interseccionales presentes para articular.,1951,297
605,0.5,"Se mencionan raza y educación como ejes relevantes, pero no queda claro si se analizan como mutuamente constitutivos o solo aditivos.",0.5,"Se alude a disparidades estructurales (raza, educación), pero no se explicitan mecanismos estructurales en el abstract.",0.5,"El contexto es la Costa del Golfo y eventos históricos (Katrina, derrame BP), pero el nivel de detalle es superficial.",0.0,No hay información sobre método empírico ni operacionalización de intersecciones.,1.0,medium,,0.5,"Se menciona la necesidad de abordar disparidades y se hace una advertencia crítica, pero no se desarrollan recomendaciones o praxis.",0.0,No se documenta agencia o resistencia de los sujetos; el foco está en las disparidades.,True,El abstract menciona explícitamente la intersección de raza y educación en el contexto de desastres en la Costa del Golfo.,0.5,"Los elementos (raza, educación, contexto) están presentes pero no claramente integrados en un análisis interseccional coherente.",1851,367
606,0.0,No analiza identidades entrelazadas ni ejes sociales específicos.,0.0,No teoriza mecanismos de poder estructural; se centra en procesos de coproducción y legitimidad.,0.0,No sitúa hallazgos en contextos sociohistóricos de diferenciación social.,0.0,No hay método que operacionalice intersecciones sociales.,0.0,high,,0.0,No hay orientación explícita a la justicia social o transformación de desigualdades.,0.0,No documenta agencia o resistencia de sujetos diferenciados socialmente.,False,"El paper menciona la integración de diferentes tipos de conocimiento y la inclusión de diversos actores, pero no articula explícitamente dos o más ejes de diferenciación social como relacionados entre sí.",0.0,No hay elementos interseccionales presentes para articular.,2006,297
607,1.0,"Analiza cómo raza, clase, género y nación se co-constituyen en los debates y representaciones sobre pit bulls y sus dueños (ejemplo: el caso de Michael Vick como hombre negro en un rol racializado).",1.0,"El análisis se centra en mecanismos estructurales como la racialización mediática, el clasismo y la nacionalidad en la construcción de categorías y estigmas.",1.0,"Sitúa el análisis en el contexto sociohistórico de los EE.UU., con referencias a la racialización de Michael Vick y la cultura sureña de dogfighting.",1.0,"El método es cualitativo y analiza narrativas y representaciones cruzando ejes de identidad y especie, mostrando cómo se entrelazan en casos concretos.",4.0,high,,1.0,"El trabajo es crítico y orientado a la transformación, cuestionando las estructuras de poder y los discursos que producen desigualdad y estigmatización.",1.0,"Reconoce agencia tanto en los sujetos humanos (Vick, rescatistas, dogfighters) como en los animales, explorando cómo ambos influyen en la construcción de identidades.",True,"El abstract explora cómo las relaciones entre humanos y pit bulls revelan intersecciones entre raza, clase, género, nación, y especie, articulando explícitamente la relación entre múltiples ejes.",1.0,"Los elementos se articulan en un análisis coherente donde los ejes de diferenciación, el poder estructural, el contexto y la agencia se entrelazan para explicar los procesos de 'becoming in kind'.",1976,455
608,0.0,No se identifican ejes de diferenciación social entrelazados.,0.0,No se abordan estructuras de poder o mecanismos de opresión.,0.0,No se sitúan hallazgos en contextos sociohistóricos específicos de diferenciación social.,0.0,No hay operacionalización empírica de intersecciones sociales.,0.0,high,,0.0,No se orienta explícitamente a la transformación de desigualdades sociales.,0.0,No se documenta agencia o resistencia de sujetos diferenciados socialmente.,False,"El abstract menciona la integración de diferentes tipos de conocimiento y la inclusión de diversos actores, pero no articula explícitamente dos o más ejes de diferenciación social como relacionados entre sí.",0.0,No hay elementos interseccionales presentes para articular.,1988,294
609,1.0,"Explora cómo ser mujer y persona de color en el trabajo de recuperación configura una posición específica ('outsiders-within'), no aditiva.",1.0,"Analiza explícitamente relaciones de poder estructural (alianza gobierno/corporaciones, mecanismos racializados y generizados de exclusión).",1.0,"Contextualiza en el Mississippi post-Katrina, con referencias a historia, geografía y política local.",1.0,"El diseño cualitativo (entrevistas, observación) y el análisis focalizan en posiciones interseccionales y mecanismos cruzados.",4.0,high,,1.0,"El análisis se orienta a la justicia social y a transformar inequidades, con crítica explícita a la distribución de recursos y poder.",1.0,Documenta agencia y estrategias de resistencia de los/as trabajadores/as ('outsiders-within') frente a estructuras opresivas.,True,"El paper analiza cómo género, raza y clase se entrelazan en las relaciones de poder y en la experiencia de trabajadores/as de recuperación tras Katrina.",1.0,"Los elementos se articulan en un análisis coherente donde las estructuras de poder explican posiciones interseccionales y experiencias, integrando contexto, método y praxis.",2082,377
610,0.0,No analiza identidades entrelazadas ni posiciones interseccionales.,0.0,No teoriza mecanismos de poder estructural vinculados a ejes sociales.,0.0,No sitúa hallazgos en contextos sociohistóricos específicos respecto a ejes sociales.,0.0,No hay método empírico que operacionalice intersecciones.,0.0,high,,0.0,No hay orientación explícita a la justicia interseccional.,0.0,No documenta agencia ni resistencia de sujetos diferenciados.,False,"El paper revisa el concepto de 'resiliencia' y menciona equidad social y económica, pero no articula dos o más ejes de diferenciación social como relacionados entre sí.",0.0,No hay elementos interseccionales a integrar.,1935,290
611,1.0,Explora cómo ser mujer viuda/divorciada implica una posición específica distinta de solo 'mujer' o solo 'viuda'.,0.5,"Menciona desigualdades estructurales en acceso a recursos, pero no teoriza mecanismos estructurales en profundidad.",1.0,Contextualiza en la ruralidad tanzana y especifica diferencias por género y estado civil en ese contexto.,1.0,Utiliza análisis de subgrupos interseccionales (género x estado civil) y compara estrategias adaptativas entre ellos.,2.0,high,,0.5,"Discute implicaciones para política y la importancia de la interseccionalidad, pero la orientación a la justicia es limitada.",0.5,"Menciona estrategias de diversificación y adaptación, pero la agencia no es el foco central.",True,"El paper analiza cómo género y estado civil se entrelazan en la adaptación al cambio climático, no solo como variables separadas.",0.5,"Los elementos están presentes y parcialmente conectados, pero la articulación entre estructuras, agencia y contexto podría ser más profunda.",1977,362
612,1.0,Habla de la 'conectividad de estas dimensiones' y cómo las interacciones influyen en la representación y reproducción del riesgo.,1.0,"Se refiere a relaciones de poder, privilegio y subordinación, y cómo estas se reproducen mediante la gestión del riesgo.",0.5,"Menciona espacios sociales y geográficos, pero el contexto sociohistórico es general y no detallado.",0.0,El abstract es teórico y no describe una operacionalización empírica de las intersecciones.,1.5,high,,0.5,"Propone una perspectiva crítica y feminista, pero no explicita orientación a la transformación o recomendaciones de justicia.",0.0,No se menciona agencia o resistencia de los sujetos; el foco está en estructuras y discursos.,True,"El abstract discute explícitamente cómo clase, género y raza se entrelazan en la producción y gestión del riesgo, no solo como variables separadas.",0.5,"Integra bien los ejes y el poder estructural en el análisis teórico, pero la falta de método empírico y agencia limita la articulación completa.",1956,360
613,0.0,No se identifican ejes de diferenciación social entrelazados.,0.0,No se abordan estructuras de poder vinculadas a ejes sociales.,0.0,No hay contextualización sociohistórica de ejes interseccionales.,0.0,No hay método que operacionalice intersecciones de ejes sociales.,0.0,high,,0.0,No se observa orientación a la justicia desde una perspectiva interseccional.,0.0,No se documenta agencia ni resistencia de sujetos interseccionales.,False,"El abstract menciona 'intersecciones' entre religión y otras instituciones globales, pero no articula dos o más ejes de diferenciación social relacionados entre sí.",0.0,No hay elementos interseccionales a integrar.,1859,286
614,0.0,No se identifican ejes entrelazados en el resumen.,0.0,No se desarrolla un análisis de mecanismos estructurales.,0.0,No se sitúan hallazgos en un contexto sociohistórico específico.,0.0,No se describe un método que operacionalice intersecciones.,0.0,high,,0.0,No se evidencia una orientación explícita a la justicia más allá de la mención.,0.0,No se documenta agencia o resistencia de los sujetos.,False,"Aunque menciona 'intersectionality' y varios ejes (social, económico, político), no articula explícitamente dos o más ejes de diferenciación social como relacionados entre sí en el análisis presentado.",0.0,No hay elementos interseccionales sustantivos a integrar.,1859,289
615,0.0,No se identifican ejes sociales entrelazados.,0.0,No se abordan estructuras de poder social.,0.0,No se sitúan hallazgos en contextos sociohistóricos de diferenciación social.,0.0,No hay método empírico sobre intersecciones sociales.,0.0,high,,0.0,No se conecta con justicia social desde una perspectiva interseccional.,0.0,No se documenta agencia de sujetos diferenciados socialmente.,False,"El abstract menciona 'intersecciones' entre degradación y cambio ambiental, pero no articula ejes de diferenciación social (género, raza, clase, etc.) como relacionados entre sí.",0.0,No hay elementos interseccionales a integrar.,1851,283
616,1.0,"Se refiere explícitamente a identidades múltiples y fragmentadas que se intersectan, y a diferencias intra-género.",1.0,"Menciona relaciones de poder, dinámicas institucionales y negociación dentro del hogar y la comunidad.",1.0,Sitúa los hallazgos en contextos geográficos específicos (Bihar y Uttarakhand) y reconoce la influencia del contexto socio-ecológico.,1.0,"El diseño compara casos y analiza subgrupos interseccionales (género, casta, riqueza, edad) en sus estrategias de adaptación.",4.0,high,,1.0,El enfoque feminista interseccional y la atención a barreras y dinámicas de poder implican una orientación a la justicia.,1.0,"Se documentan negociaciones y estrategias de adaptación, mostrando agencia de los sujetos.",True,"El abstract analiza cómo género, casta, riqueza y edad se intersectan para influir en las estrategias de adaptación y las dinámicas de poder.",1.0,"Los elementos (identidades, poder, contexto, método, agencia) se articulan en un análisis coherente de las estrategias de adaptación.",1946,361
617,1.0,"Se declara una intención explícita de analizar cómo las intersecciones de raza, clase y género informan experiencias de injusticia, superando enfoques aditivos.",1.0,"El texto enfatiza la necesidad de superar marcos reduccionistas y aborda 'injusticia y desigualdad', sugiriendo un enfoque en estructuras de poder.",1.0,"Se menciona el análisis en 'paisajes políticos, culturales y personales turbulentos', lo que implica una contextualización situada.",0.5,"Como volumen editado, se presume variedad metodológica; el abstract no especifica métodos interseccionales, pero sí una intención de análisis cruzado.",2.5,medium,,1.0,"El volumen busca inspirar nuevas vinculaciones teóricas y prácticas para abordar la injusticia, mostrando orientación a la transformación.",0.5,"Se invita a la reflexión y a la participación de voces diversas, lo que sugiere agencia, aunque no se documenta explícitamente resistencia o estrategias.",True,"El abstract afirma que el volumen aborda explícitamente las intersecciones de raza, clase y género en el análisis del cambio climático.",0.5,"El abstract promete integración conceptual y metodológica, pero la naturaleza de volumen editado sugiere posible yuxtaposición parcial.",1969,391
618,0.0,No se identifican ejes de diferenciación social entrelazados.,0.0,No se abordan mecanismos de poder estructural ligados a identidades sociales.,0.0,No hay referencia a contextos sociohistóricos de ejes sociales diferenciados.,0.0,No se operacionalizan intersecciones de identidades sociales.,0.0,high,,0.0,No hay orientación a la justicia desde una perspectiva interseccional.,0.0,No se documenta agencia o resistencia de sujetos diferenciados socialmente.,False,"El abstract discute dimensiones sociales, políticas y ambientales, pero no articula explícitamente dos o más ejes de diferenciación social como relacionados entre sí.",0.0,No hay elementos interseccionales a integrar.,2028,282
619,0.0,No se mencionan ni analizan ejes de diferenciación social.,0.0,No hay discusión sobre estructuras de poder social.,0.0,No se aborda contexto sociohistórico de grupos sociales.,0.0,No hay método relacionado con interseccionalidad social.,0.0,high,,0.0,No se orienta a justicia social o ambiental desde una perspectiva interseccional.,0.0,No se discute agencia o resistencia de sujetos sociales.,False,El paper no articula ejes de diferenciación social relacionados; se centra en restauración ecológica y gobernanza sin referencia a identidades sociales.,0.0,"No aplica, ya que no hay elementos interseccionales presentes.",2042,273
620,1.0,"Explora cómo los ejes de género, justicia reproductiva y justicia climática se co-constituyen en la metáfora y la agenda política.",1.0,Discute estructuras de poder como el patriarcado y el racismo en la alineación de agendas de justicia.,0.5,"Sitúa el análisis en el contexto de organizaciones específicas (Asian Communities for Reproductive Justice), pero el contexto sociohistórico es limitado.",0.0,"El trabajo es teórico/retórico, sin operacionalización empírica de intersecciones.",3.0,high,,1.0,El objetivo es explícitamente coalicional y orientado a la transformación social y política.,1.0,Reconoce la agencia de las mujeres y organizaciones en la construcción de marcos y coaliciones.,True,"El paper analiza explícitamente la intersección entre justicia climática y justicia reproductiva, articulando género y otros ejes en relación.",1.0,"El análisis integra poder estructural, identidades entrelazadas y praxis en un marco coherente a través de la metáfora.",1932,348
621,0.0,No se identifican ejes de diferenciación social tratados como entrelazados.,0.0,No se abordan estructuras de poder ni mecanismos de opresión.,0.0,No hay análisis de contexto sociohistórico en términos de ejes sociales.,0.0,No hay método que operacionalice intersecciones de ejes sociales.,0.0,high,,0.0,No se orienta a la justicia social desde una perspectiva interseccional.,0.0,No se aborda agencia o resistencia de sujetos diferenciados socialmente.,False,"El paper no articula ejes de diferenciación social relacionados; se centra en la legitimidad de grupos de acción local sin referencia a género, clase, raza u otros ejes interrelacionados.",0.0,No hay elementos interseccionales presentes para integrar.,1950,295
622,0.0,"No hay análisis de ejes sociales (género, raza, clase, etc.).",0.0,No se abordan estructuras de poder social.,0.0,"El contexto es técnico-científico, no sociohistórico en términos de diferenciación social.",0.0,No hay método para operacionalizar intersecciones sociales.,0.0,high,,0.0,No hay orientación a la justicia social o ambiental desde una perspectiva interseccional.,0.0,No se aborda agencia o resistencia de sujetos sociales diferenciados.,False,"El paper analiza la relación histórica entre la ciencia climática y la investigación nuclear, pero no articula ejes de diferenciación social ni identidades entrelazadas.",0.0,No hay elementos interseccionales presentes para articular.,1989,287
623,0.0,No se identifican ejes de diferenciación social entrelazados.,0.0,No se abordan estructuras de poder vinculadas a ejes sociales.,0.0,"El contexto es urbano y transnacional, pero no se sitúan ejes sociales específicos.",0.0,No hay operacionalización empírica de intersecciones sociales.,0.0,high,,0.0,No hay orientación explícita a la justicia social o ambiental desde una perspectiva interseccional.,0.0,No se documenta agencia o resistencia de sujetos diferenciados socialmente.,False,"El paper analiza la movilidad de políticas urbanas y la construcción de identidades ecológicas urbanas, pero no articula explícitamente dos o más ejes de diferenciación social (como género, raza, clase, etc.) en relación entre sí.",0.0,No hay elementos interseccionales presentes para articular.,2045,311
624,0.0,No se identifican ejes de diferenciación social entrelazados.,0.0,No se abordan estructuras de poder vinculadas a ejes sociales.,0.0,El contexto es multiescalar pero no sociohistórico respecto a identidades sociales.,0.0,No hay operacionalización empírica de intersecciones sociales.,0.0,high,,0.0,No se orienta a la justicia social ni transformación de desigualdades sociales.,0.0,No se discute agencia o resistencia de sujetos diferenciados socialmente.,False,"El paper discute 'place' y 'scale' en sostenibilidad, pero no articula explícitamente dos o más ejes de diferenciación social como relacionados entre sí.",0.0,"No aplica, ya que no hay elementos interseccionales presentes.",2005,293
625,0.0,No se identifican análisis de identidades entrelazadas.,0.0,No se abordan estructuras de poder vinculadas a ejes sociales.,0.0,No hay contextualización sociohistórica de ejes de diferenciación.,0.0,No se operacionalizan intersecciones de ejes sociales.,0.0,high,,0.0,No hay orientación a la justicia social o ambiental desde una perspectiva interseccional.,0.0,No se aborda agencia o resistencia de sujetos diferenciados.,False,"El paper se centra en instituciones y planificación, sin articular ejes de diferenciación social (género, raza, clase, etc.) como relacionados entre sí.",0.0,No hay elementos interseccionales a integrar.,2008,279
626,0.0,No se abordan identidades sociales ni sus interrelaciones.,0.0,"No se discuten estructuras de poder social, solo cuestiones regulatorias.",0.0,No hay contextualización sociohistórica de desigualdades.,0.0,No hay método empírico sobre intersecciones sociales.,0.0,high,,0.0,No hay orientación a la justicia social o ambiental desde una perspectiva interseccional.,0.0,No se aborda agencia o resistencia de sujetos sociales diferenciados.,False,El paper no articula ejes de diferenciación social relacionados; se centra en redes de cumplimiento ambiental y cuestiones regulatorias.,0.0,"No aplica, ya que no hay elementos interseccionales presentes.",1890,274
627,0.0,No se identifican ejes de diferenciación social entrelazados.,0.0,No se abordan mecanismos de opresión ligados a ejes sociales diferenciados.,0.0,No hay análisis de contextos interseccionales sociohistóricos.,0.0,No hay operacionalización empírica de intersecciones sociales.,0.0,high,,0.0,No se orienta a la justicia desde una perspectiva interseccional.,0.0,No se documenta agencia diferenciada por ejes sociales.,False,"El paper analiza impactos de REDD en comunidades locales y estructuras políticas, pero no articula dos o más ejes de diferenciación social (como género, etnia, clase) como relacionados entre sí.",0.0,No hay elementos interseccionales a integrar.,2051,291
628,1.0,"Explora la posición específica de 'chinos' y 'afroamericanos de bajos ingresos' como categorías co-construidas de clase, raza y ciudadanía.",1.0,Se centra en los intereses de las élites urbanas y mecanismos estructurales de exclusión y despojo.,1.0,"Sitúa los casos en contextos históricos, geográficos y políticos concretos (San Francisco 1906, Nueva Orleans 2005).",0.5,"Comparación histórica y análisis cualitativo de subgrupos interseccionales, pero sin método empírico explícito de interacción.",3.5,high,,1.0,El análisis está orientado a la crítica de la injusticia urbana y la transformación de desigualdades.,1.0,Alude a la resistencia y resultados divergentes de las poblaciones afectadas.,True,"El abstract analiza cómo clase, raza y ciudadanía se entrelazan en la experiencia de desastres urbanos.",1.0,"Los elementos (ejes, poder, contexto, agencia) se articulan en un análisis coherente de la producción de desigualdad y resistencia.",1877,358
629,0.0,No hay análisis de ejes de diferenciación social.,0.0,No se abordan estructuras de poder ni mecanismos de opresión.,0.0,No hay contextualización sociohistórica de identidades o desigualdades.,0.0,No hay método para operacionalizar intersecciones sociales.,0.0,high,,0.0,No se orienta a la justicia social ni a la transformación de desigualdades.,0.0,No se reconoce agencia ni resistencia de sujetos diferenciados.,False,El paper no articula ejes de diferenciación social relacionados; se enfoca en crisis globales y tecnología sin analizar identidades sociales ni sus interrelaciones.,0.0,No hay elementos interseccionales presentes para integrar.,1994,277
630,0.5,"Distingue comunidades marginadas social y económicamente, pero trata los ejes de forma aditiva y no como mutuamente constitutivos.",0.5,"Menciona estructuras de poder y marginalización, pero no teoriza mecanismos estructurales en profundidad.",1.0,Contextualiza los hallazgos en el marco sociohistórico y geográfico específico del Harappa post-urbano.,0.5,"Analiza subgrupos de entierro y vulnerabilidad, pero no queda claro si el método capta interacciones más allá de la descripción.",1.5,high,,0.5,"Discute implicaciones sobre vulnerabilidad y poder, pero la orientación a la justicia es implícita y no desarrollada.",0.0,"No se documenta agencia o resistencia de los sujetos, solo vulnerabilidad y victimización.",True,El paper articula cómo la marginalización social y económica se intersecta con la vulnerabilidad a enfermedades en el contexto de cambio climático en Harappa.,0.5,"Los elementos de contexto, poder y diferenciación social están presentes pero no completamente integrados en un análisis interseccional coherente.",2045,369
631,0.0,No hay análisis de identidades sociales ni de sus interrelaciones.,0.0,"El foco está en estructuras económicas y geopolíticas, no en opresión social o mecanismos interseccionales.",0.0,No se sitúan hallazgos en contextos sociohistóricos de diferenciación social.,0.0,No hay método empírico sobre intersecciones sociales.,0.0,high,,0.0,No hay orientación a la justicia social o ambiental desde una perspectiva interseccional.,0.0,No se aborda agencia o resistencia de sujetos diferenciados socialmente.,False,"El paper analiza la geopolítica de la soja brasileña en términos de mercados, poder estatal y relaciones internacionales, pero no articula ejes de diferenciación social (género, raza, clase, etc.) como relacionados entre sí.",0.0,"No aplica, ya que no hay elementos interseccionales presentes.",1972,314
632,1.0,"Analiza cómo injusticias culturales y de género se entrelazan, no solo suman; también considera su relación con el cambio climático.",1.0,"El enfoque es sobre injusticias estructurales (negación del pluralismo, violencia masiva, migraciones forzadas) y no sobre rasgos individuales.",1.0,"Sitúa los análisis en contextos concretos de injusticia extrema (violencia sexual masiva, migraciones por clima), reconociendo la especificidad contextual.",0.0,No hay evidencia de un método empírico que operacionalice intersecciones; es un trabajo filosófico-normativo.,3.0,high,,1.0,El objetivo es explícitamente normativo y orientado a la transformación (defensa de un interculturalismo razonable frente a injusticias).,0.5,"Se reconoce la agencia en la defensa del pluralismo, pero el foco está más en la injusticia sufrida que en estrategias de resistencia.",True,"El abstract menciona explícitamente la intersección entre injusticias culturales y desigualdades de género, así como su entrelazamiento con desigualdades derivadas del cambio climático.",1.0,"Los elementos (ejes entrelazados, estructuras, contexto, orientación a la justicia) se articulan en un marco filosófico coherente.",1874,403
633,1.0,"Se discute que ser mujer pobre en un entorno degradado implica una posición específica de vulnerabilidad, no solo la suma de factores.",0.5,"Se mencionan estructuras como la gobernanza y la distribución desigual de recursos, pero no se teoriza en profundidad sobre mecanismos estructurales.",1.0,El análisis está situado en el contexto sociohistórico y geográfico de Metro Manila y sus sistemas urbanos específicos.,0.5,"El muestreo y análisis distinguen subgrupos interseccionales (hogares pobres, mujeres jefas de hogar), pero el análisis es principalmente descriptivo.",2.0,high,,0.5,"Se mencionan implicaciones para la gobernanza y la seguridad humana, pero la orientación a la transformación es limitada.",0.5,"Se describen respuestas adaptativas de las comunidades, pero la agencia se menciona de forma marginal.",True,"El paper analiza cómo género, pobreza y localización espacial interactúan para configurar la vulnerabilidad y las respuestas adaptativas.",0.5,"Los elementos interseccionales están presentes y parcialmente conectados, pero la articulación entre estructuras, identidades y agencia es incompleta.",2081,372
634,0.0,No se identifican ejes múltiples entrelazados.,0.0,No se abordan mecanismos estructurales de poder ligados a ejes sociales diferenciados.,0.0,No se sitúan hallazgos en contextos sociohistóricos específicos de diferenciación social.,0.0,No hay método empírico que operacionalice intersecciones.,0.0,high,,0.0,No se orienta explícitamente a la transformación de desigualdades interseccionales.,0.0,No se documenta agencia o resistencia de sujetos diferenciados.,False,"Aunque menciona 'intersectionality', el abstract solo discute la pertenencia cosmopolita como identidad performativa sin articular explícitamente dos o más ejes de diferenciación social relacionados entre sí.",0.0,No hay elementos interseccionales sustantivos a integrar.,1883,300
635,0.0,No analiza identidades entrelazadas ni múltiples ejes sociales.,0.0,No teoriza mecanismos de poder estructural ligados a ejes sociales diferenciados.,0.0,No sitúa hallazgos en contextos sociohistóricos de diferenciación social.,0.0,No hay método empírico ni operacionalización de intersecciones sociales.,0.0,high,,0.0,No conecta con justicia social desde una perspectiva interseccional.,0.0,No aborda agencia o resistencia de sujetos diferenciados socialmente.,False,"El paper se enfoca en la relación entre estados del Sur Global y el derecho económico internacional, pero no articula dos o más ejes de diferenciación social relacionados entre sí (como género, raza, clase, etc.).",0.0,No hay elementos interseccionales a integrar.,2063,298
636,0.0,No se identifican ejes de diferenciación social entrelazados.,0.0,No se abordan estructuras de poder vinculadas a identidades sociales.,0.0,No hay contextualización sociohistórica de ejes sociales.,0.0,No hay método que operacionalice intersecciones.,0.0,high,,0.0,No se orienta explícitamente a la justicia social desde una perspectiva interseccional.,0.0,No se aborda agencia o resistencia de sujetos diferenciados.,False,"El abstract discute la ética del consumo y la responsabilidad, pero no articula dos o más ejes de diferenciación social como relacionados entre sí.",0.0,No hay elementos interseccionales a integrar.,1935,275
637,0.0,No hay análisis de identidades entrelazadas.,0.0,No se abordan estructuras de poder social; el foco es geopolítico y estatal.,0.0,No hay contextualización sociohistórica de ejes sociales.,0.0,No hay método para operacionalizar intersecciones sociales.,0.0,high,,0.0,No hay orientación a la justicia social o ambiental desde una perspectiva interseccional.,0.0,No se aborda agencia o resistencia de sujetos diferenciados.,False,"El paper no articula ejes de diferenciación social (género, raza, clase, etc.) como relacionados entre sí; se centra en política energética y exterior a nivel estatal.",0.0,No hay elementos interseccionales a integrar.,1920,282
638,1.0,"Analiza cómo ser mujer afroamericana implica una posición específica, no solo suma de ejes ('la intersección de raza, género y clase').",1.0,"El análisis se centra en estructuras de opresión (racismo, sexismo, clasismo) y sus efectos en la experiencia post-desastre.",1.0,Contextualiza en el evento histórico y geográfico de Katrina y la situación de mujeres afroamericanas en ese contexto.,1.0,El diseño cualitativo y el muestreo intencional de mujeres afroamericanas permite captar la interacción de los ejes.,4.0,high,,1.0,"El foco en resiliencia, espiritualidad y estrategias de afrontamiento apunta a la transformación y justicia social.",1.0,"Documenta agencia y estrategias de resistencia (resiliencia, espiritualidad, afrontamiento) de las participantes.",True,"El estudio explora explícitamente cómo la intersección de raza, género y clase social influyó en las experiencias de las mujeres afroamericanas tras Katrina.",1.0,"Los elementos se articulan en un análisis coherente que vincula estructuras, identidades y agencia en contexto.",1844,363
639,0.0,No se identifican ejes de diferenciación social entrelazados.,0.0,No se operacionalizan mecanismos de poder estructural ligados a identidades sociales.,0.0,No hay análisis situado de intersecciones sociales.,0.0,No hay método interseccional ni análisis empírico de identidades entrelazadas.,0.0,high,,0.0,No se orienta a la justicia desde una perspectiva interseccional.,0.0,No se documenta agencia de sujetos diferenciados socialmente.,False,"El texto analiza relaciones Norte–Sur, poder geopolítico y estructuras agrarias, pero no articula dos o más ejes de diferenciación social (como género, raza, clase, etnia) como relacionados entre sí.",0.0,No hay elementos interseccionales a integrar.,2181,298
640,0.0,No se identifican ejes sociales entrelazados.,0.0,No se abordan mecanismos estructurales de poder.,0.0,No hay contextualización sociohistórica específica.,0.0,No se describe método empírico ni operacionalización de intersecciones.,0.0,high,,0.0,No se desarrolla una orientación a la justicia más allá de la mención general a derechos humanos.,0.0,No se menciona agencia o resistencia de los sujetos.,False,"El abstract solo menciona 'los más vulnerables' y la integración de derechos humanos y clima, sin articular dos o más ejes de diferenciación social relacionados entre sí.",0.0,No hay elementos interseccionales a integrar.,1864,278
641,0.0,No se identifican ejes de diferenciación social entrelazados.,0.0,No se abordan mecanismos de poder estructural ligados a identidades sociales.,0.0,No hay contextualización sociohistórica de grupos diferenciados.,0.0,No hay método empírico ni operacionalización de intersecciones.,0.0,high,,0.0,"Aunque se menciona la justicia, no se vincula a ejes interseccionales.",0.0,No se documenta agencia o resistencia de sujetos diferenciados.,False,"El abstract discute justicia ambiental y laboral, pero no articula dos o más ejes de diferenciación social como relacionados entre sí.",0.0,No hay elementos interseccionales a integrar.,1984,279
642,0.0,No se abordan identidades sociales ni sus interrelaciones.,0.0,"No se discuten estructuras de poder social, solo agencia ciudad-naturaleza.",0.0,No hay análisis de contexto sociohistórico en términos de diferenciación social.,0.0,No hay método empírico sobre intersecciones sociales.,0.0,high,,0.0,No se orienta a la justicia social ni transformación de desigualdades.,0.0,No se aborda agencia o resistencia de sujetos sociales diferenciados.,False,"El paper analiza la relación entre ciudad y naturaleza, pero no articula ejes de diferenciación social (género, raza, clase, etc.) como relacionados entre sí.",0.0,No hay elementos interseccionales presentes para articular.,1900,285
643,1.0,"Analiza cómo ser mujer rural en Nicaragua implica una posición específica en la adaptación tecnológica, no solo género o ruralidad por separado.",1.0,"Cuestiona los efectos opresivos de las narrativas tecnológicas y cómo las tecnologías pueden reproducir roles de género tradicionales, articulando mecanismos estructurales.",1.0,"Sitúa el análisis en el contexto sociohistórico y político de Nicaragua, con trabajo de campo etnográfico.",1.0,Utiliza etnografía para captar cómo las intersecciones de género y ruralidad se experimentan en la vida cotidiana y en la interacción con tecnologías.,4.0,high,,1.0,El trabajo está orientado a la transformación de desigualdades y critica las soluciones tecnológicas que refuerzan la opresión.,1.0,"Llama a repensar las tecnologías como posibilidad para desafiar desigualdades, reconociendo agencia y resistencia de las mujeres rurales.",True,"El paper articula género y ruralidad/clase en relación con la tecnología y la adaptación climática, analizando cómo las tecnologías pueden (re)producir injusticias específicas para mujeres rurales.",1.0,"El análisis integra género, poder estructural, contexto, método y agencia en una crítica coherente de la adaptación tecnológica.",1955,387
644,0.0,No se abordan identidades sociales ni ejes de diferenciación.,0.0,No se discuten estructuras de poder social.,0.0,"El contexto es ecológico, no sociohistórico en términos de diferenciación social.",0.0,No hay operacionalización de intersecciones sociales.,0.0,high,,0.0,No hay orientación a la justicia social o ambiental desde una perspectiva interseccional.,0.0,No se aborda agencia o resistencia de sujetos sociales.,False,El paper no articula ejes de diferenciación social; se centra exclusivamente en la composición y diversidad de especies vegetales.,0.0,No hay elementos interseccionales presentes para integrar.,2133,268
645,1.0,"Explicita que las capacidades de adaptación surgen de la intersección de género, edad, etnia, etc., no de ejes aislados.",0.5,"Menciona que las diferencias surgen de roles y responsabilidades, pero no desarrolla mecanismos estructurales en el abstract.",0.5,"Se refiere a contextos agrarios y roles situados, pero el nivel de detalle contextual es limitado en el abstract.",0.0,"Es una revisión conceptual, no un estudio empírico con operacionalización de intersecciones.",1.0,high,,0.5,"Argumenta que el enfoque interseccional puede mejorar la programación y resultados de adaptación, pero no detalla acciones transformadoras.",0.0,No menciona agencia o resistencia de los sujetos; el foco está en categorías y capacidades.,True,"El abstract argumenta que roles y responsabilidades relevantes para la adaptación emergen en la intersección de múltiples categorías de identidad (género, edad, etnia, etc.), no solo género.",0.5,"Integra la crítica a los enfoques aditivos y propone la interseccionalidad como marco, pero la articulación entre elementos es parcial y conceptual.",1913,377
646,1.0,"Analiza cómo ser 'Canadiens, como sujetos blancos no británicos' implica una posición específica en el imperio, no solo suma de raza y nacionalidad.",1.0,"El análisis se centra en estructuras de poder como el imperio, el colonialismo y el racismo institucional en la administración de Durham.",1.0,Contextualiza los hechos en la historia política y social de la década de 1830 en Canadá y el Imperio Británico.,0.0,No hay evidencia de un método empírico que operacionalice intersecciones; el análisis es histórico y teórico.,3.5,high,,1.0,"El artículo conecta el análisis con luchas por derechos políticos y la abolición de gobiernos irresponsables, orientado a la justicia política.",1.0,"Los Patriotes son presentados como agentes activos en la lucha por la independencia y derechos, no solo como víctimas.",True,"El abstracto explora la intersección de género, raza, independencia, política y imperio en el contexto de los Patriotes y su destierro, articulando explícitamente varios ejes de diferenciación social como relacionados.",1.0,"El análisis articula coherentemente los ejes de diferenciación, el poder estructural y la agencia en un marco histórico situado.",1900,389
647,0.0,No hay análisis de identidades sociales entrelazadas.,0.0,No se abordan estructuras de poder vinculadas a ejes sociales.,0.0,"El contexto es institucional/político, no sociohistórico de diferenciación social.",0.0,No hay método para operacionalizar intersecciones sociales.,0.0,high,,0.0,No hay orientación a la justicia social desde una perspectiva interseccional.,0.0,No se documenta agencia o resistencia de sujetos diferenciados socialmente.,False,"El paper analiza debates y actores en la gobernanza ambiental, pero no articula ejes de diferenciación social (género, raza, clase, etc.) como relacionados entre sí.",0.0,"No aplica, ya que no hay elementos interseccionales presentes.",2008,289
648,0.0,No se abordan identidades sociales ni sus interrelaciones.,0.0,No se discuten estructuras de poder social; el análisis es institucional y legal.,0.0,No se sitúan hallazgos en términos de diferenciación social contextual.,0.0,No hay método para operacionalizar intersecciones sociales.,0.0,high,,0.0,No hay orientación a la justicia social o ambiental desde una perspectiva interseccional.,0.0,No se aborda la agencia o resistencia de sujetos diferenciados socialmente.,False,"El paper compara regímenes de prevención de contaminación petrolera entre Canadá y EE.UU., pero no articula ejes de diferenciación social (género, raza, clase, etc.) como relacionados entre sí.",0.0,No hay elementos interseccionales presentes para articular.,2019,296
649,0.0,No hay análisis de ejes de diferenciación social.,0.0,"No se abordan estructuras de poder social como racismo, género o clase.",0.0,No se sitúan hallazgos en contextos sociohistóricos de diferenciación social.,0.0,No hay método para operacionalizar intersecciones de identidades.,0.0,high,,0.0,No hay orientación explícita a la justicia social o transformación de desigualdades.,0.0,No se documenta agencia o resistencia de sujetos diferenciados socialmente.,False,El paper no articula dos o más ejes de diferenciación social relacionados entre sí; se centra en prácticas de ingeniería y toma de decisiones institucionales sin analizar identidades sociales.,0.0,"No aplica, ya que no hay elementos interseccionales presentes.",2013,293
650,0.0,No se identifican ejes de diferenciación social entrelazados.,0.0,No se abordan estructuras de opresión social específicas; el foco es en política e instituciones.,0.0,No se sitúan identidades sociales en contexto sociohistórico diferenciado.,0.0,No hay operacionalización empírica de intersecciones sociales.,0.0,high,,0.0,No se orienta a la justicia social desde una perspectiva interseccional.,0.0,No se documenta agencia o resistencia de sujetos diferenciados socialmente.,False,"El paper analiza la intersección entre políticas climáticas y de desarrollo, pero no articula explícitamente dos o más ejes de diferenciación social (como género, raza, clase, etc.) como relacionados entre sí.",0.0,No hay elementos interseccionales a integrar.,2082,302
651,0.0,No se identifican análisis de identidades entrelazadas; el foco es en comunidades y justicia ambiental en general.,0.0,"Aunque se discuten estructuras regulatorias y políticas, no se abordan mecanismos de opresión ligados a ejes sociales diferenciados.",0.0,"El contexto es histórico y geográfico, pero no se sitúan intersecciones de ejes sociales.",0.0,No hay operacionalización empírica de intersecciones entre ejes sociales.,0.0,high,,0.0,"El análisis es crítico respecto a la política, pero no se orienta a transformar desigualdades interseccionales.",0.0,No se documenta agencia diferenciada de sujetos en función de identidades entrelazadas.,False,"El paper analiza justicia ambiental en relación con emisiones y políticas, pero no articula explícitamente dos o más ejes de diferenciación social como relacionados entre sí.",0.0,No hay elementos interseccionales a integrar.,2102,327
652,0.0,"Solo se menciona género como eje principal, sin análisis de co-construcción con otros ejes.",0.0,No se desarrolla un análisis de mecanismos estructurales en el propio texto.,0.0,No se sitúan hallazgos en contextos sociohistóricos específicos en el editorial.,0.0,No hay operacionalización empírica de intersecciones en el editorial.,0.0,high,,0.0,No se articula una orientación explícita a la justicia en el análisis propio.,0.0,No se documenta agencia o resistencia de sujetos en el editorial.,False,"El editorial menciona la relevancia de marcos interseccionales y la diversidad de género, pero no articula explícitamente dos o más ejes de diferenciación social como relacionados entre sí en su propio análisis.",0.0,No hay integración de elementos interseccionales en el análisis propio.,1904,311
653,1.0,"Analiza cómo las categorizaciones sociales se entrelazan y son dinámicas, evitando la esencialización.",1.0,Enfatiza estructuras de poder y cómo estas configuran las relaciones con el cambio climático.,1.0,Subraya la importancia del contexto específico y la historicidad de las categorizaciones sociales.,0.0,No hay evidencia de operacionalización empírica o método aplicado; es un trabajo teórico/conceptual.,3.5,high,,1.0,Presenta la interseccionalidad como herramienta crítica para evitar la esencialización y promover solidaridad y agencia.,1.0,"Reconoce agencia y renegociación de categorías, no solo victimización.",True,El abstract discute explícitamente cómo diferentes grupos se relacionan con el cambio climático según su posición en estructuras de poder y categorizaciones sociales dinámicas y contextuales.,1.0,"Los elementos (poder, identidades, agencia, contexto) se articulan en un marco coherente para el análisis interseccional del cambio climático.",1904,339
654,0.0,No se abordan identidades sociales ni sus interrelaciones.,0.0,No se discuten estructuras de poder social; el foco es institucional y regulatorio.,0.0,No hay análisis de contexto sociohistórico en términos de diferenciación social.,0.0,No hay método para operacionalizar intersecciones sociales.,0.0,high,,0.0,No se orienta a la justicia social ni a la transformación de desigualdades.,0.0,No se aborda la agencia o resistencia de sujetos diferenciados socialmente.,False,"El paper analiza arreglos de gobernanza en políticas de bosques y clima, pero no articula ejes de diferenciación social (género, raza, clase, etc.) como relacionados entre sí.",0.0,No hay elementos interseccionales presentes para integrar.,1913,294
655,1.0,"Explicita que ser mujer jefa de hogar, de cierta edad o clase, implica posiciones diferenciadas y no aditivas.",1.0,Discute cómo las políticas de desarrollo y estructuras institucionales generan desigualdad en el acceso a recursos.,1.0,"Contextualiza en Ky Nam, Vietnam central, con referencia a políticas y programas nacionales específicos.",1.0,"Utiliza métodos mixtos para analizar subgrupos interseccionales (mujeres por clase, edad, jefatura de hogar) y sus adaptaciones diferenciadas.",4.0,high,,1.0,Orienta el análisis a la transformación de políticas y la justicia en el acceso a recursos y adaptación.,1.0,Documenta las estrategias de adaptación y agencia de distintos grupos de mujeres.,True,"El paper analiza cómo género, clase, edad y jefatura de hogar se entrelazan en la vulnerabilidad y adaptación de mujeres rurales.",1.0,"El análisis articula los ejes de diferenciación, estructuras de poder, contexto, método y agencia en una narrativa coherente orientada a la justicia.",1995,351
656,1.0,"Analiza cómo género y clase se co-constituyen en la vulnerabilidad y respuesta ('intersectionalities of social difference, especially along gender and class lines, differentiate the ways in which impacts... are experienced and responded to').",1.0,"Se refiere a normas patriarcales, inequidades y relaciones de poder social como estructurantes de la vulnerabilidad ('patriarchal norms, inequities, and inequalities... place women and men in differentiated positions').",1.0,"Sitúa el análisis en el contexto sociohistórico y geográfico de Asia del Sur, con atención a tareas productivas y reproductivas en sociedades agrarias.",0.5,"El abstract sugiere un análisis crítico y multiescalar, pero no especifica un método empírico que operacionalice intersecciones; parece más teórico/conceptual.",3.5,high,,1.0,"Orienta el análisis a informar políticas y transformar narrativas ('better inform policymaking', 'encourages... to engage with global debates').",0.5,"Menciona cómo diferentes grupos responden y se adaptan, sugiriendo agencia, pero no detalla estrategias concretas de resistencia.",True,"El abstract discute explícitamente cómo género y clase se entrelazan en la experiencia y respuesta al cambio climático, y menciona 'intersectionalities of social difference'.",1.0,"El análisis articula poder estructural, identidades entrelazadas, contexto y orientación crítica en un marco coherente.",2046,436
657,0.0,No analiza identidades entrelazadas; se enfoca en movimientos y sectores.,0.0,No articula mecanismos de poder estructural ligados a ejes sociales.,0.0,No sitúa hallazgos en términos de ejes sociales diferenciados.,0.0,No hay método empírico sobre intersecciones de identidades.,0.0,high,,0.0,No conecta análisis de ejes sociales con justicia transformadora.,0.0,No documenta agencia/resistencia de sujetos diferenciados por ejes sociales.,False,"El paper articula la convergencia de movimientos y temas (agrario, justicia social, ambiental), pero no relaciona explícitamente dos o más ejes de diferenciación social (género, raza, clase, etc.) como entrelazados; se centra en sectores y agendas, no en identidades sociales interseccionales.",0.0,No hay elementos interseccionales a integrar.,2019,321
658,0.5,"Se reconocen varios ejes (género, diferencias socioeconómicas), pero el análisis parece centrarse en género como principal, con otros factores mencionados pero no plenamente co-construidos.",0.5,"Se alude a 'relaciones de poder desiguales' y diferencias socioeconómicas, pero no se desarrollan mecanismos estructurales en profundidad.",1.0,El análisis está situado en el contexto específico del desastre de Tokwe Mukosi en Zimbabwe y la comunidad de Chingwizi.,0.0,No hay evidencia de un método empírico que operacionalice intersecciones; el enfoque parece principalmente descriptivo y teórico.,1.5,medium,,0.5,"Se mencionan buenas prácticas y la importancia de enfoques inclusivos, pero la orientación a la transformación es limitada.",0.5,"Se reconoce que las personas 'encuentran formas de sobrevivir de manera diferente', lo que sugiere agencia, aunque no se desarrolla en profundidad.",True,"El abstract menciona explícitamente la 'intersección de factores, más importante el género', y cómo diferentes personas experimentan la inundación de manera diferenciada.",0.5,"Los elementos están presentes y parcialmente conectados (género, poder, contexto), pero la integración analítica es limitada.",1911,398
659,0.0,No se identifican ejes sociales entrelazados; el foco es paisaje y cultura regional.,0.0,"No se abordan estructuras de poder social (racismo, patriarcado, etc.).",0.0,"El contexto es geográfico e histórico, pero no en términos de diferenciación social.",0.0,No hay operacionalización de intersecciones sociales.,0.0,high,,0.0,No hay orientación a la justicia social o ambiental desde una perspectiva interseccional.,0.0,No se documenta agencia o resistencia de sujetos diferenciados socialmente.,False,"El paper describe relaciones entre geomorfología, cultura y patrimonio, pero no articula explícitamente dos o más ejes de diferenciación social (como género, clase, raza, etc.) como relacionados entre sí.",0.0,No hay elementos interseccionales a integrar.,2155,305
660,0.5,"Se mencionan enfoques interseccionales y la necesidad de ir más allá del género, pero el análisis parece centrarse en la reflexión sobre métodos y desafíos más que en la co-construcción de identidades.",1.0,"Se enfatiza la relevancia de las relaciones de poder y la ecología política feminista, abordando estructuras como el patriarcado y el colonialismo.",0.5,"Se mencionan casos de múltiples regiones y la importancia del contexto, pero el nivel de detalle contextual en la síntesis parece superficial.",0.5,"Se discuten desafíos metodológicos de la interseccionalidad y se comparan métodos cualitativos y mixtos, pero no se evidencia una operacionalización empírica robusta de las intersecciones.",2.0,medium,,1.0,"El artículo está orientado a la transformación y a influir en agendas de política y justicia, con un enfoque crítico.",0.5,"Se reconoce la agencia en los debates y casos, pero no es el foco central del análisis.",True,"El artículo discute la incorporación de enfoques interseccionales y de género en el estudio del cambio ambiental global, articulando género con otros ejes y estructuras de poder.",0.5,"Los elementos están presentes y parcialmente articulados en la reflexión, pero la integración analítica es limitada por el carácter de síntesis y diálogo.",2019,417
661,1.0,Analiza cómo género y sexualidad se co-constituyen en la marginalización dentro de la gestión post-desastre.,1.0,Critica los mecanismos estructurales de la gestión tecnocrática que despolitiza y reproduce desigualdades.,1.0,Sitúa el análisis en el contexto específico del sur de Filipinas tras el tifón Washi y en la política local de gestión de desastres.,1.0,"Utiliza métodos cualitativos (entrevistas, talleres, body mapping) y un relevamiento específico en campamentos para captar experiencias interseccionales.",4.0,high,,1.0,El objetivo explícito es transformar la gestión de riesgos y centrar los derechos humanos y la justicia en sexualidad y reproducción.,1.0,Documenta agencia y saberes de las personas afectadas a través de métodos participativos como body mapping y talleres.,True,El paper articula género y sexualidad como dimensiones relacionadas en la experiencia post-desastre y su gestión.,1.0,"El análisis articula poder estructural, identidades entrelazadas, contexto y agencia en una crítica coherente a la gestión post-desastre.",1989,364
662,0.0,No se identifican ejes de diferenciación social entrelazados.,0.0,No se abordan mecanismos estructurales de poder vinculados a ejes sociales.,0.0,No se contextualizan ejes interseccionales en historia o política específica.,0.0,No hay operacionalización empírica de intersecciones sociales.,0.0,high,,0.0,No se conecta el análisis con justicia social desde una perspectiva interseccional.,0.0,No se documenta agencia o resistencia de sujetos diferenciados socialmente.,False,"El paper discute vulnerabilidad y participación de 'usuarios locales' y 'poblaciones vulnerables', pero no articula dos o más ejes de diferenciación social relacionados entre sí (género, clase, etnia, etc.).",0.0,No hay elementos interseccionales a integrar.,2039,305
663,1.0,"Analiza cómo género, sexualidad y raza se co-constituyen y critica el binarismo de género, mostrando posiciones específicas (no aditivas).",1.0,"Enmarca los problemas en relaciones macroeconómicas, militarizadas y de poder estructural (biopolítica, patriarcado, racismo).",1.0,Sitúa el análisis en el caso de Haití y en contextos históricos y geográficos específicos de desastre y globalización.,0.5,"El enfoque es teórico y conceptual, pero articula explícitamente la necesidad de análisis interseccional; no se describe un método empírico concreto.",3.5,high,,1.0,"El texto tiene una orientación crítica y transformadora, cuestionando políticas excluyentes y proponiendo una política inclusiva de género y sexualidad.",0.5,"Reconoce la agencia en la disputa por los significados y realidades vividas, aunque la agencia de los sujetos afectados no es el foco central.",True,"El abstract articula explícitamente género, sexualidad, raza y etnicidad como ejes entrelazados en contextos de desastre y salud pública.",1.0,"Los elementos (ejes entrelazados, poder estructural, contexto, crítica) se articulan en un marco coherente de análisis interseccional biopolítico.",2049,406
664,1.0,"Se enfatiza el análisis integrado de raza, género y clase como ejes entrelazados, no aditivos.",1.0,"Se mencionan paisajes políticos y culturales turbulentos, sugiriendo un enfoque en estructuras de poder y mecanismos más allá de lo individual.",1.0,"El abstract destaca la importancia de examinar los temas en contextos políticos, culturales y personales específicos.",0.5,"No se detalla el método empírico, pero se menciona una variedad de medios y estilos que sugieren al menos un abordaje descriptivo de subgrupos interseccionales.",3.5,medium,,1.0,"El texto llama a abandonar análisis limitados y a fomentar nuevas prácticas, con orientación explícita a la transformación y la justicia.",0.5,"Se sugiere agencia al desafiar marcos tradicionales y fomentar nuevas posibilidades, aunque no se documenta explícitamente la resistencia de los sujetos.",True,"El abstract afirma explícitamente que el libro aborda el cambio climático global mediante un enfoque interseccional de raza, género y clase, y desafía los análisis limitados.",1.0,"El abstract presenta una integración coherente de los ejes, el contexto, el poder estructural y la orientación a la justicia en el análisis.",1955,388
665,0.0,No analiza identidades sociales ni ejes entrelazados.,0.0,No teoriza mecanismos de poder estructural ni opresión social.,0.0,No sitúa hallazgos en contextos sociohistóricos de diferenciación social.,0.0,No operacionaliza intersecciones sociales en el método.,0.0,high,,0.0,No orienta el análisis a la justicia social o transformación de desigualdades.,0.0,No aborda agencia o resistencia de sujetos diferenciados.,False,"El paper revisa literatura sobre la relación entre gestión de cuencas y salud pública, pero no articula ejes de diferenciación social relacionados entre sí.",0.0,No hay elementos interseccionales a integrar.,2086,277
666,0.0,No se identifican análisis de identidades entrelazadas; los ejes sociales no se relacionan explícitamente.,0.0,No se teoriza el poder estructural ni mecanismos de opresión; el foco es en sistemas urbanos y gobernanza.,0.0,No se sitúan hallazgos en términos de historia o política de ejes sociales diferenciados.,0.0,No hay método que operacionalice intersecciones de ejes sociales.,0.0,high,,0.0,No hay orientación explícita a la justicia social desde una perspectiva interseccional.,0.0,No se documenta agencia o resistencia de sujetos diferenciados.,False,"Aunque menciona 'socio-economic justice concerns' y vulnerabilidad espacial, no articula explícitamente dos o más ejes de diferenciación social como relacionados entre sí; el análisis se centra en la ciudad y la gobernanza, no en identidades entrelazadas.",0.0,No hay elementos interseccionales a integrar.,1976,331
667,1.0,"Analiza cómo la masculinidad se articula con otros ejes (raza, clase, lugar, edad) y cómo estas posiciones complican las nociones de género.",1.0,Se centra en la reproducción de patrones de liderazgo masculino y la naturalización de la masculinidad como mecanismos estructurales.,1.0,El análisis está situado en el contexto sociohistórico específico del post-Katrina en la Costa del Golfo.,0.5,"El método parece principalmente cualitativo/descriptivo, con atención a subgrupos interseccionales, pero no queda claro si hay operacionalización empírica de interacciones.",3.5,high,,1.0,"El trabajo se orienta a la transformación, proponiendo una respuesta profeminista y analizando intervenciones en los patrones de género.",1.0,"Se documentan instancias de intervención y subversión de la masculinidad dominante, mostrando agencia de los sujetos.",True,"El abstract menciona explícitamente la intersección de género con raza, clase, lugar, edad y experiencia política en el análisis de liderazgo y masculinidades tras Katrina.",1.0,"Los elementos (género, estructuras, contexto, agencia) se articulan en un análisis coherente sobre masculinidades y poder tras el desastre.",1919,389
668,1.0,"Explica que la vulnerabilidad de 'mujeres de hogares marginales' surge de la interacción entre género, clase y casta.",1.0,Vincula la vulnerabilidad a procesos político-económicos estructurales y relaciones de poder locales.,1.0,"Contextualiza en los Llanos Gangéticos orientales, con referencias a historia agraria, migración y política local.",0.5,"El análisis empírico describe subgrupos interseccionales (mujeres de hogares marginales), pero no detalla métodos de análisis interaccional.",3.5,high,,1.0,Critica la ineficacia de políticas que ignoran las intersecciones estructurales y aboga por abordarlas.,0.5,"Menciona respuestas y estrategias de mujeres, pero el foco está más en la vulnerabilidad que en la agencia.",True,"El paper analiza cómo género, clase y casta se entrelazan en la vulnerabilidad climática, no solo como factores separados.",1.0,"El análisis articula cómo las estructuras de poder producen identidades entrelazadas y vulnerabilidad situada, integrando contexto, estructura y praxis.",2009,372
669,0.0,No se mencionan ni analizan ejes de diferenciación social.,0.0,"Aunque se discuten estructuras (capitalismo), no se vinculan a identidades sociales.",0.0,No hay análisis de contexto sociohistórico de identidades diferenciadas.,0.0,No hay método interseccional ni operacionalización de ejes sociales.,0.0,high,,0.0,No se aborda justicia social desde una perspectiva interseccional.,0.0,No se discute agencia de sujetos diferenciados.,False,"El abstract discute teorías estructurales (treadmill of production) y patrones de enforcement ambiental, pero no articula ejes de diferenciación social (género, raza, clase, etc.) como relacionados entre sí.",0.0,No hay elementos interseccionales presentes para articular.,1904,298
670,0.0,No se identifican ejes múltiples de diferenciación social entrelazados.,0.0,No se operacionalizan estructuras de opresión entre ejes diferenciados.,0.0,No aplica contexto interseccional situado entre ejes sociales.,0.0,No hay método que capte intersecciones de ejes sociales.,0.0,high,,0.0,No hay orientación a la justicia interseccional.,0.0,No se documenta agencia diferenciada por ejes sociales.,False,"El paper analiza relaciones entre poder, cultura y ecología, pero no articula explícitamente dos o más ejes de diferenciación social (como género, clase, etnia, etc.) como relacionados entre sí.",0.0,No hay elementos interseccionales a integrar.,2021,288
671,0.0,No analiza identidades sociales ni ejes entrelazados.,0.0,No aborda estructuras de poder ni mecanismos de opresión.,0.0,No sitúa hallazgos en contextos sociohistóricos de diferenciación social.,0.0,No hay método empírico sobre intersecciones sociales.,0.0,high,,0.0,No hay orientación a la justicia social o ambiental.,0.0,No trata agencia o resistencia de sujetos diferenciados.,False,El paper revisa literatura sobre desastres y conflicto internacional sin articular ejes de diferenciación social relacionados entre sí.,0.0,No hay elementos interseccionales a integrar.,1880,263
672,1.0,Define la interseccionalidad como ejes co-constitutivos y no aditivos ('co-constituting axes of difference and identity').,1.0,Introduce el concepto de 'kyriarchy' como teoría de estructuras de poder y cómo estas producen opresión y vulnerabilidad.,0.5,"Se refiere a la injusticia en 'nuestras ciudades' y la distribución de impactos, pero el contexto sociohistórico es general y no detallado.",0.0,El abstract no menciona ningún método empírico ni operacionalización de las intersecciones.,2.0,high,,1.0,El objetivo es explícitamente abordar la justicia social y la transformación de la distribución de impactos y poder.,0.0,No hay referencia a agencia o resistencia de los sujetos; el foco está en estructuras y vulnerabilidad.,True,"El abstract discute explícitamente la interseccionalidad de factores como raza, clase, género, etnicidad y sexualidad, y cómo combinaciones específicas configuran posiciones sociales y experiencias de poder y vulnerabilidad.",0.5,"Integra bien los conceptos teóricos de interseccionalidad y kyriarchy, pero falta articulación empírica y agencia.",1910,378
673,0.0,No se identifican ejes sociales entrelazados.,0.0,No se abordan estructuras de poder social específicas.,0.0,No hay contextualización sociohistórica de ejes sociales.,0.0,No hay método empírico ni operacionalización de intersecciones sociales.,0.0,high,,0.0,No se conecta explícitamente con justicia social desde una perspectiva interseccional.,0.0,No se aborda agencia o resistencia de sujetos diferenciados.,False,"El abstract menciona 'intersecciones' entre filosofía de la educación, ética ambiental y teoría social, pero no articula ejes de diferenciación social (género, raza, clase, etc.) como relacionados entre sí.",0.0,No hay elementos interseccionales a integrar.,1870,287
674,0.0,No analiza identidades entrelazadas.,0.0,No teoriza mecanismos estructurales de opresión.,0.0,No sitúa hallazgos en un contexto sociohistórico específico.,0.0,No hay método empírico ni operacionalización de intersecciones.,0.0,high,,0.0,No desarrolla orientación a la justicia desde un marco interseccional.,0.0,No documenta agencia o resistencia de sujetos interseccionales.,False,"El abstract menciona diferencias y encuentros entre movimientos, pero no articula dos o más ejes de diferenciación social como relacionados entre sí.",0.0,No hay elementos interseccionales a integrar.,1947,268
675,0.0,No se identifican ejes de diferenciación social entrelazados.,0.0,"Aunque menciona poder social, no operacionaliza estructuras ni mecanismos interseccionales.",0.0,No sitúa hallazgos en contextos sociohistóricos de ejes múltiples.,0.0,No hay método que capte intersecciones de ejes sociales.,0.0,high,,0.0,No hay orientación explícita a la justicia interseccional.,0.0,No se documenta agencia ni resistencia de sujetos diferenciados.,False,"El abstract critica la falta de atención a la intersección entre riesgo y poder social, pero no articula ni analiza dos o más ejes de diferenciación social relacionados entre sí.",0.0,No hay elementos interseccionales a integrar.,1906,290
676,0.5,"Se consideran posiciones sociales (trabajador/emprendedor) y subjetividades, pero los ejes de diferenciación (como género, clase, etnia) no se articulan explícitamente como co-constitutivos.",1.0,"El análisis se centra en operaciones de poder, formas de autoridad y cómo estas configuran subjetividades y trayectorias de cambio.",1.0,"El estudio está situado en Akumal, México, con atención al contexto histórico, político y geográfico de turismo y exposición a huracanes.",0.5,"Utiliza análisis de relatos de vida para captar trayectorias diferenciadas, pero no operacionaliza intersecciones de ejes sociales de manera sistemática.",2.5,high,,1.0,"El trabajo está orientado a la transformación y emancipación, discutiendo explícitamente la reducción de desigualdades y riesgos.",1.0,Documenta agencia y subjetividades emancipatorias de los sujetos locales frente a las estructuras de poder.,True,"El paper analiza cómo las posiciones de los sujetos (por ejemplo, trabajadores y emprendedores locales) se constituyen en la intersección de políticas de desarrollo, adaptación y transformación en un contexto específico.",0.5,"El análisis articula poder, contexto y agencia, pero la integración de múltiples ejes de diferenciación social es parcial y no plenamente desarrollada.",2053,405
677,0.5,"Se mencionan varios ejes (raza, pobreza, edad) y su solapamiento, pero no se analiza su co-construcción; el enfoque es aditivo.",0.5,"Se reconocen desigualdades estructurales (marginalización, concentración en áreas expuestas), pero sin teorización profunda de mecanismos.",0.5,"El contexto es específico (NYC, Sandy), pero no se profundiza en historia o política local más allá de la descripción geográfica.",0.0,No se evidencia un método que operacionalice intersecciones; los factores se analizan en paralelo.,1.0,high,,0.5,"Se mencionan implicaciones de justicia (desigualdades exacerbadas), pero sin orientación explícita a la transformación.",0.0,No se documenta agencia o resistencia de los sujetos; el foco está en la vulnerabilidad y el daño.,True,"El abstract analiza cómo factores sociales (raza, pobreza, edad) se intersectan en la exposición al riesgo de inundación.",0.5,"Los elementos (factores sociales, contexto, vulnerabilidad) se presentan juntos pero sin análisis integrado de mecanismos o praxis.",1887,375
678,0.5,"Se mencionan tensiones sobre cómo se entienden las identidades de los usuarios, pero no queda claro que se analicen como mutuamente constitutivas.",0.5,"El análisis reconoce la construcción social de la vulnerabilidad y la influencia de epistemologías, pero no articula mecanismos estructurales específicos (racismo, patriarcado, etc.).",0.5,"El caso se sitúa en Mali y se discuten contextos disciplinares, pero el contexto sociohistórico y político es superficial.",0.0,No se describe un método empírico que operacionalice intersecciones; el foco es epistemológico y conceptual.,1.0,medium,,0.5,"Se discuten implicaciones para el diseño de servicios que aborden mejor la vulnerabilidad, pero la orientación a la justicia es implícita y no desarrollada.",0.0,No se documenta agencia o resistencia de los sujetos; los usuarios aparecen como receptores de servicios.,True,"El paper discute cómo las identidades de los usuarios (agricultores en Mali) son construidas y entendidas en la intersección de diferentes disciplinas, sugiriendo la consideración de múltiples ejes de diferenciación social en la construcción de la vulnerabilidad.",0.5,"Los elementos de identidad y epistemología se conectan, pero la integración con poder estructural, contexto y agencia es parcial.",1962,417
679,0.0,No se identifican ejes entrelazados; solo se menciona indigeneidad y migración.,0.0,No se abordan mecanismos estructurales de poder.,0.0,No se sitúan hallazgos en un contexto sociohistórico interseccional.,0.0,No hay método empírico que operacionalice intersecciones.,0.0,high,,0.0,No se observa orientación explícita a la justicia o transformación.,0.0,No se documenta agencia o resistencia desde una perspectiva interseccional.,False,"El abstract menciona identidades pacíficas, indigeneidad y migración climática, pero no articula explícitamente dos o más ejes de diferenciación social como relacionados entre sí.",0.0,No hay elementos interseccionales a integrar.,2075,295
680,1.0,"Argumenta que el género solo tiene sentido en su intersección con otras identidades y roles, no como suma aditiva.",1.0,Señala que los enfoques binarios pueden reforzar vulnerabilidades estructurales y producir intervenciones maladaptativas.,0.5,"Menciona la necesidad de evidencia empírica situada y reconoce que los efectos varían según el lugar, pero el abstract no detalla contextos específicos.",0.0,El abstract discute la falta de metodologías interseccionales empíricas y la necesidad de innovaciones en este aspecto.,2.0,high,,1.0,"El texto está orientado a transformar prácticas de adaptación y evitar la reproducción de vulnerabilidades, con una crítica explícita a los enfoques actuales.",0.0,No se menciona agencia o resistencia de los sujetos; el foco está en la vulnerabilidad y en los marcos analíticos.,True,"El abstract discute explícitamente la necesidad de analizar género en intersección con otras identidades, roles y responsabilidades, y critica el enfoque binario.",0.5,"Integra bien los elementos conceptuales (identidades, poder, justicia), pero carece de operacionalización empírica y agencia.",2015,382
681,0.0,"Solo se analiza la identidad Marshallese como un todo, sin entrelazar ejes.",0.0,No se abordan mecanismos estructurales de poder diferenciados.,0.0,No hay análisis interseccional situado; el contexto es nacional/cultural.,0.0,No hay operacionalización empírica de intersecciones.,0.0,high,,0.0,"No se orienta a la justicia interseccional, solo a agencia cultural.",0.0,"Se documenta agencia colectiva, pero no en clave interseccional.",False,"El abstract se centra en la identidad Marshallese y su agencia colectiva, pero no articula dos o más ejes de diferenciación social relacionados entre sí (como género, clase, raza, etc.).",0.0,No hay elementos interseccionales a integrar.,1909,297
682,0.0,No se identifican análisis de identidades entrelazadas.,0.0,No se abordan mecanismos estructurales de poder.,0.0,No se sitúan hallazgos en contextos sociohistóricos específicos más allá de la escala urbana general.,0.0,No hay evidencia de métodos que operen intersecciones de ejes sociales.,0.0,high,,0.0,No se observa orientación explícita a la justicia o transformación.,0.0,No se documenta agencia o resistencia de los sujetos.,False,"El abstract menciona 'diversidades' y 'intersecciones con perfiles económicos', pero no articula explícitamente dos o más ejes de diferenciación social como relacionados entre sí; la vulnerabilidad se asocia principalmente a diferencias económicas y urbanas.",0.0,No hay elementos interseccionales a integrar.,1954,302
683,0.0,No hay análisis de identidades sociales entrelazadas.,0.0,No se abordan estructuras de poder social; el foco es en política y economía estatal.,0.0,"No hay contextualización sociohistórica de ejes sociales, solo de política nacional.",0.0,No hay método para operacionalizar intersecciones sociales.,0.0,high,,0.0,No hay orientación a la justicia social o ambiental desde una perspectiva interseccional.,0.0,No se aborda agencia o resistencia de sujetos diferenciados socialmente.,False,"El paper no articula ejes de diferenciación social (género, raza, clase, etc.) como relacionados entre sí; se centra en política estatal y modernización económica.",0.0,No hay elementos interseccionales presentes para articular.,1986,291
684,0.0,Solo se menciona género como eje principal; no se operacionalizan ejes entrelazados.,0.0,No se describen mecanismos estructurales ni se teoriza el poder.,0.0,No se sitúa el análisis en un contexto sociohistórico específico.,0.0,No hay método empírico ni operacionalización de intersecciones.,0.0,high,,0.0,No se desarrolla una orientación a la justicia más allá de la mención de grupos afectados.,0.0,No se documenta agencia ni resistencia de los sujetos.,False,"El abstract discute la importancia de perspectivas interseccionales y critica el uso exclusivo de género, pero no articula ni analiza dos o más ejes de diferenciación social como relacionados entre sí.",0.0,No hay elementos interseccionales sustantivos a integrar.,1924,300
685,1.0,Critica el tratamiento dicotómico de género y aboga por analizar cómo el género se entrelaza con otras desigualdades.,1.0,Señala la falta de atención a las relaciones de poder y estructuras sociales/políticas en los estudios revisados.,0.5,"Sitúa el análisis en el campo de estudios de adaptación climática, pero el contexto sociohistórico es más general y no detallado para casos específicos.",0.0,"Es una revisión conceptual y bibliográfica, no aplica método empírico propio.",3.0,high,,1.0,Argumenta que el análisis interseccional puede contribuir a la emancipación y a la justicia en la adaptación climática.,1.0,Critica la victimización y propone visibilizar agencia y caminos emancipatorios.,True,"El paper revisa explícitamente cómo el género y otras desigualdades se entrelazan en estudios de adaptación climática, criticando el enfoque dicotómico y proponiendo un análisis interseccional.",1.0,"El análisis articula poder, identidades entrelazadas, agencia y orientación a la justicia en una crítica coherente al campo.",1931,365
686,1.0,"Explora cómo ser mujer agricultora en el contexto de comercio internacional y cambio climático constituye una posición específica, no solo suma de género y ocupación.",1.0,Analiza críticamente el economismo y las estructuras de poder económico que priorizan la economía sobre el ambiente y afectan diferencialmente a las mujeres.,1.0,"Sitúa el análisis en las praderas canadienses, con referencia a políticas y contexto histórico-político local.",1.0,"Utiliza investigación cualitativa focalizada en mujeres agricultoras, captando la interacción entre género, política y ambiente.",4.0,high,,1.0,El artículo desafía el paradigma dominante y orienta el análisis hacia la justicia ambiental y de género.,1.0,"Documenta las experiencias, estrategias y agencia de las mujeres rurales frente a las estructuras de poder.",True,"El paper analiza cómo las políticas de comercio y el cambio climático afectan de manera específica a las mujeres rurales, articulando género y estructuras económicas.",1.0,"El análisis articula género, poder estructural, contexto y agencia en una narrativa coherente sobre los efectos del comercio y el clima.",1833,355
687,1.0,Identifica que la posición de 'propietarios negros de bajos ingresos' no es reducible a raza o clase por separado.,0.5,"Menciona estratificación racial y de clase, pero no teoriza mecanismos estructurales en profundidad.",1.0,"Contextualiza en el desastre de Katrina, Nueva Orleans, y el sur de EE.UU., con referencias a historia y geografía específicas.",0.5,"Analiza subgrupos interseccionales descriptivamente (ej. propietarios negros de bajos ingresos), pero no queda claro si hay análisis estadístico de interacción.",2.0,high,,0.5,"Señala la necesidad de asistencia dirigida y la relevancia para la justicia, pero no desarrolla una praxis transformadora.",0.5,"Menciona respuestas y planes de los sobrevivientes, sugiriendo agencia, pero no es el foco central.",True,"El paper analiza cómo raza y clase se relacionan en las respuestas al desastre, identificando posiciones específicas como la de propietarios negros de bajos ingresos.",0.5,"Los elementos están parcialmente integrados: se reconoce la especificidad interseccional, pero el análisis estructural y de agencia es limitado.",1873,377
688,0.0,No se abordan ejes de diferenciación social.,0.0,No se discuten estructuras de poder social.,0.0,No hay contextualización sociohistórica de identidades sociales.,0.0,No hay método relacionado con intersecciones sociales.,0.0,high,,0.0,No se orienta a la justicia social o ambiental desde una perspectiva interseccional.,0.0,No se aborda agencia o resistencia de sujetos sociales diferenciados.,False,"El paper analiza la intersección entre escala, ciencia y derecho en la regulación climática, pero no articula ejes de diferenciación social (género, raza, clase, etc.) como relacionados entre sí.",0.0,No hay elementos interseccionales a integrar.,2024,281
689,0.0,No analiza identidades entrelazadas; solo menciona pobreza y contexto de vulnerabilidad.,0.0,No teoriza mecanismos de poder estructural; el foco está en procesos de aprendizaje y adaptación.,0.0,"Aunque se menciona África y pobreza, no hay contextualización sociohistórica de ejes interseccionales.",0.0,No hay operacionalización empírica de intersecciones; el método es sobre aprendizaje anticipatorio.,0.0,high,,0.0,"El enfoque es metodológico y de procesos de aprendizaje, no explícitamente orientado a la justicia.",0.0,No se documenta agencia o resistencia de sujetos diferenciados.,False,"El paper discute pobreza y vulnerabilidad, pero no articula explícitamente dos o más ejes de diferenciación social como relacionados entre sí.",0.0,No hay elementos interseccionales a integrar.,1950,307
690,0.0,No se identifican ejes de diferenciación social entrelazados.,0.0,No se abordan estructuras de opresión vinculadas a ejes sociales específicos.,0.0,No hay referencia a contextos sociohistóricos de ejes sociales diferenciados.,0.0,No se operacionalizan intersecciones de ejes sociales.,0.0,high,,0.0,No se conecta el análisis con justicia desde una perspectiva interseccional.,0.0,No se documenta agencia de sujetos diferenciados socialmente.,False,"El abstract discute justicia social, poder y agencia en la gobernanza climática, pero no articula explícitamente dos o más ejes de diferenciación social relacionados entre sí (como género, raza, clase, etc.).",0.0,No hay elementos interseccionales a integrar.,1911,297
691,0.0,No se mencionan ejes de diferenciación social.,0.0,No hay discusión sobre estructuras de poder.,0.0,No se contextualiza social o históricamente.,0.0,No hay operacionalización de intersecciones sociales.,0.0,high,,0.0,No hay orientación a la justicia social o ambiental.,0.0,No se aborda agencia o resistencia de sujetos sociales.,False,El paper se centra en modelar la persistencia de CO usando redes neuronales y no articula ejes de diferenciación social relacionados entre sí.,0.0,No hay elementos interseccionales presentes.,1957,253
692,1.0,Analiza cómo la racialización de inmigrantes y afroamericanos se co-constituyen ('la racialización de inmigrantes ha endurecido imágenes de la negritud').,1.0,Enfatiza el rol de la ley y las estructuras de racialización en la exclusión y construcción de identidades.,0.5,"Hace referencia a contextos históricos y al caso de Katrina, pero el nivel de detalle contextual en el abstract es limitado.",0.0,No se describe un método empírico ni operacionalización de intersecciones; es una revisión teórica.,1.5,high,,0.5,"Implica una crítica a la exclusión y racialización, pero no se explicita una orientación transformadora o recomendaciones.",0.0,No se menciona agencia o resistencia de los sujetos; el foco está en procesos estructurales.,True,"El abstract articula raza, inmigración y la construcción de identidades como procesos interrelacionados, no solo mencionados por separado.",0.5,"Los elementos de identidad y poder estructural están articulados, pero la agencia y la praxis quedan poco desarrolladas.",1882,361
693,1.0,"Describe cómo las posiciones (edad, género, etnicidad, nacionalidad) se entrecruzan en las vidas de los personajes, no como sumas aditivas.",1.0,"El análisis se centra en cómo el colonialismo, la guerra fría y el imperialismo estructuran las experiencias locales.",1.0,"Sitúa los relatos en el contexto sociohistórico específico de Jeju/Oceania, con referencias a historia, geografía y política regional.",0.5,"El método es literario/interpretativo, pero se analizan explícitamente posiciones interseccionales en los personajes; no hay operacionalización empírica formal.",3.5,high,,1.0,"El trabajo conecta explícitamente con la justicia social y ambiental, criticando los efectos desiguales de la globalización y el militarismo.",1.0,"Los sujetos son presentados como agentes que forman alianzas y resisten, no solo como víctimas.",True,"El abstract articula género, etnicidad, nacionalidad y edad como barreras entrelazadas en la experiencia de los isleños, enmarcadas por colonialismo y militarismo.",1.0,"El análisis articula poder estructural, identidades entrelazadas, contexto y agencia en una lectura coherente de la obra literaria.",1988,395
694,0.0,"No analiza ejes de diferenciación social (género, raza, clase, etc.) como mutuamente constitutivos.",0.0,No teoriza mecanismos de poder estructural ligados a identidades sociales.,0.0,No sitúa hallazgos en contextos sociohistóricos de ejes de diferenciación.,0.0,No hay método que operacionalice intersecciones de identidades sociales.,0.0,high,,0.0,No conecta análisis de ejes sociales con orientación a la justicia interseccional.,0.0,No documenta agencia o resistencia de sujetos diferenciados socialmente.,False,"El paper discute la integración de justicia social y ambiental pero no articula dos o más ejes de diferenciación social como relacionados entre sí; se enfoca en organizaciones y temas generales, no en identidades entrelazadas.",0.0,No hay elementos interseccionales a integrar.,2007,314
695,0.0,"Solo se aborda la dimensión racial/institucional (HBCUs), sin análisis de intersección con otros ejes como género, clase, etc.",0.0,No se articula un análisis de mecanismos estructurales interseccionales; el foco es institucional y comunitario.,0.0,No hay contextualización interseccional; el contexto es relevante pero no se vincula a múltiples ejes sociales.,0.0,No hay operacionalización empírica de intersecciones entre ejes sociales.,0.0,high,,0.0,No se orienta explícitamente a la justicia interseccional; el foco es descriptivo sobre la recuperación institucional.,0.0,No se documenta agencia o resistencia desde una perspectiva interseccional.,False,"El paper se centra en el impacto de Katrina sobre HBCUs y sus programas de formación docente, articulando principalmente la dimensión racial/institucional, pero no relaciona explícitamente dos o más ejes de diferenciación social como mutuamente constitutivos.",0.0,"No hay integración de elementos interseccionales, ya que solo se aborda un eje.",1924,359
696,0.0,No se abordan ejes de diferenciación social.,0.0,No se discuten estructuras de poder social.,0.0,No hay contextualización sociohistórica de desigualdades.,0.0,No hay método para operacionalizar intersecciones sociales.,0.0,high,,0.0,No se orienta a la justicia social o ambiental desde una perspectiva interseccional.,0.0,No se aborda agencia o resistencia de sujetos sociales diferenciados.,False,"El paper compara perspectivas económicas y de ingeniería sobre eficiencia energética, pero no articula ejes de diferenciación social relacionados entre sí.",0.0,No hay elementos interseccionales presentes para integrar.,2014,265
697,0.0,No analiza ejes de diferenciación social entrelazados.,0.0,No teoriza mecanismos estructurales de poder social.,0.0,No sitúa hallazgos en contextos sociohistóricos de diferenciación social.,0.0,No operacionaliza intersecciones de ejes sociales.,0.0,high,,0.0,No orienta el análisis a la justicia social o ambiental desde una perspectiva interseccional.,0.0,No documenta agencia o resistencia de sujetos diferenciados socialmente.,False,"El paper menciona actores transnacionales y diferencias entre países, pero no articula dos o más ejes de diferenciación social (como género, raza, clase, etc.) como relacionados entre sí.",0.0,No hay elementos interseccionales a integrar.,2018,290
698,1.0,Explora cómo ser minoría racial y pobre constituye una posición específica en la cobertura mediática.,1.0,Discute cómo los medios refuerzan desigualdades estructurales como el racismo y la pobreza.,1.0,"Contextualiza en el desastre de Katrina, en Nueva Orleans, con referencias a historia y política local.",0.5,"Analiza representaciones cruzadas en medios y entrevistas, pero no queda claro si el método codifica explícitamente intersecciones.",2.0,high,,0.5,"Discute implicaciones para la responsabilidad mediática y la reproducción de inequidades, pero la orientación transformadora es limitada.",0.0,"Los sujetos son representados principalmente como víctimas pasivas, sin documentar agencia o resistencia.",True,El paper analiza cómo raza y pobreza se entrelazan en la representación mediática tras Katrina.,0.5,"El análisis conecta raza, pobreza y medios, pero la integración entre agencia, poder y contexto es parcial.",1977,331
699,0.0,No se mencionan identidades sociales ni ejes de diferenciación.,0.0,No hay referencia a estructuras de poder o mecanismos sociales.,0.0,No se aborda ningún contexto sociohistórico o político.,0.0,"El método es puramente físico/matemático, sin operacionalización de intersecciones sociales.",0.0,high,,0.0,"No hay orientación a la justicia social, política o ambiental.",0.0,No se consideran sujetos sociales ni agencia.,False,El paper no articula ejes de diferenciación social; se centra exclusivamente en fenómenos físicos y técnicos de actividad solar y geomagnética.,0.0,No hay elementos interseccionales presentes para integrar.,2048,270
700,0.0,No se identifican ejes múltiples ni su entrelazamiento.,0.0,No se teoriza sobre mecanismos estructurales de opresión específicos.,0.0,No hay contextualización sociohistórica de ejes interseccionales.,0.0,No hay método que operacionalice intersecciones.,0.0,high,,0.0,No hay orientación explícita a la justicia interseccional.,0.0,No se documenta agencia ni resistencia de sujetos diferenciados.,False,"El paper menciona 'inequidad social' y 'equidad', pero no articula dos o más ejes de diferenciación social como relacionados entre sí; no hay análisis de género, raza, clase, etc. en interacción.",0.0,No hay elementos interseccionales a integrar.,1939,291
701,0.0,No hay tratamiento de ejes de diferenciación social.,0.0,No se abordan estructuras de poder social.,0.0,No hay contextualización sociohistórica de grupos sociales.,0.0,No hay método relacionado con interseccionalidad.,0.0,high,,0.0,No se orienta a la justicia social o ambiental desde una perspectiva interseccional.,0.0,No se aborda agencia o resistencia de sujetos diferenciados.,False,El paper no articula ejes de diferenciación social relacionados; se centra en etiquetas ecológicas y comercio internacional sin analizar identidades sociales.,0.0,No hay elementos interseccionales a integrar.,1953,264
702,1.0,"Analiza cómo las identidades (mujeres, mujeres negras, latinas) se constituyen mutuamente en la narrativa y la participación política.",1.0,"Aborda estructuras de poder como el racismo, el patriarcado y la marginación política en el contexto de Katrina y la teología feminista.",1.0,Sitúa el análisis en el contexto sociohistórico específico de los hearings del Congreso tras Katrina en EE.UU.,0.0,No se describe un método empírico que operacionalice intersecciones; el análisis es teórico y hermenéutico.,3.5,high,,1.0,El trabajo está orientado explícitamente a la justicia profética y la transformación social a través de la narrativa.,1.0,Reconoce la agencia de los grupos marginados al destacar sus narrativas como formas de resistencia y participación política.,True,"El abstract menciona explícitamente el análisis desde perspectivas feminista, womanista y mujerista, abordando la intersección de género, raza y etnicidad en la participación política tras Katrina.",1.0,"Los elementos (identidades, poder, contexto, agencia, justicia) se articulan coherentemente en el análisis teológico-narrativo.",1916,375
703,0.0,No hay análisis de identidades entrelazadas.,0.0,No se abordan estructuras de poder vinculadas a ejes sociales.,0.0,No hay contextualización sociohistórica de ejes interseccionales.,0.0,No se operacionalizan intersecciones en el método.,0.0,high,,0.0,No hay orientación explícita a la justicia social o ambiental desde una perspectiva interseccional.,0.0,No se documenta agencia ni resistencia de sujetos diferenciados.,False,"El abstract menciona temas como seguridad humana, economía, clima y gobernanza, pero no articula explícitamente dos o más ejes de diferenciación social como relacionados entre sí.",0.0,No hay elementos interseccionales a integrar.,1869,283
704,0.0,Solo se analiza discapacidad como eje principal; otras dimensiones solo se mencionan en una cita.,0.0,"El análisis se enfoca en la discapacidad y su prevalencia, sin teorización de mecanismos estructurales.",0.0,No se contextualizan los hallazgos en términos sociohistóricos más allá de estadísticas generales.,0.0,No hay operacionalización empírica de intersecciones; solo se reportan datos sobre discapacidad.,0.0,high,,0.0,No se articula una orientación explícita a la justicia o transformación.,0.0,No se documenta agencia o resistencia de los sujetos.,False,"Aunque el abstract menciona la intersección de discapacidad, clase, género y etnia en la cita de Hemingway y Priestley, el propio paper se centra exclusivamente en discapacidad y no articula cómo los ejes se relacionan entre sí.",0.0,No hay elementos interseccionales sustantivos a integrar.,2036,322
705,1.0,Se discute cómo raza y clase se entrelazan en la experiencia urbana y la representación mediática del desastre.,1.0,"El análisis se basa en teoría crítica y examina estructuras como el racismo y el capitalismo (espectáculo, commodificación).",1.0,"El caso está situado en Nueva Orleans, con referencias a la historia urbana y política de EE.UU.",0.0,El trabajo es teórico y no operacionaliza empíricamente las intersecciones.,3.0,high,,1.0,"El objetivo declarado es la crítica y transformación, usando la crítica inmanente para cuestionar desigualdades.",0.5,"Se menciona agencia en la forma de crítica y producción cultural, pero no se centra en estrategias de resistencia de los sujetos afectados.",True,El abstract analiza explícitamente la intersección de raza y clase en el contexto de Katrina.,1.0,"El análisis integra teoría crítica, estructuras de poder, contexto y la articulación de raza y clase en un marco coherente.",1927,337
706,1.0,"Habla de 'identidades fragmentadas e interseccionalidad', superando el enfoque aditivo de género.",1.0,"Enfatiza estructuras como la marginalización, injusticias en acceso a recursos, neoliberalismo y narrativas dominantes.",1.0,"Propone análisis multiescalar y sitúa experiencias desde lo 'embodied' hasta lo global, reconociendo contextos específicos.",0.5,"Aboga por métodos participativos y aprendizaje colectivo, pero no detalla operacionalización empírica de intersecciones.",3.5,high,,1.0,"Orienta explícitamente hacia el cambio transformador y la justicia, criticando enfoques hegemónicos.",1.0,"Promueve agencia a través de 'countervoices', aprendizaje colectivo y creatividad ante el cambio climático.",True,"El abstract discute explícitamente la 'destabilización de género' hacia 'identidades fragmentadas e interseccionalidad', y aborda desigualdades y marginalización como procesos relacionados.",1.0,"Los elementos (estructura, identidades, método, contexto, agencia) se articulan en un marco coherente de political ecology interseccional.",1994,365
707,0.0,No se mencionan ni analizan ejes de diferenciación social.,0.0,No hay discusión sobre estructuras de poder o mecanismos de opresión.,0.0,No se sitúan hallazgos en contextos sociohistóricos de diferenciación social.,0.0,No hay método empírico ni operacionalización de intersecciones.,0.0,high,,0.0,No hay orientación a la justicia social o ambiental desde una perspectiva interseccional.,0.0,No se aborda la agencia o resistencia de sujetos diferenciados.,False,"El texto no articula ejes de diferenciación social relacionados; se centra en la integración de energía y sociedad estadounidense sin referencia a género, raza, clase u otros ejes.",0.0,No hay elementos interseccionales presentes para articular.,2667,291
708,0.0,No analiza identidades entrelazadas ni posiciones interseccionales.,0.0,No teoriza mecanismos de poder estructural; solo menciona políticas generales.,0.0,No sitúa hallazgos en un contexto sociohistórico específico respecto a ejes sociales.,0.0,No hay método empírico ni operacionalización de intersecciones.,0.0,high,,0.0,No hay orientación explícita a la justicia social o ambiental desde una perspectiva interseccional.,0.0,No se reconoce agencia o resistencia de sujetos diferenciados.,False,"Aunque menciona la intersección de la contratación pública con áreas como igualdad de género y política ambiental, no articula dos o más ejes de diferenciación social como relacionados entre sí.",0.0,No hay elementos interseccionales a integrar.,2296,296
709,0.0,No analiza identidades entrelazadas; se centra en actores organizacionales y políticas.,0.0,No teoriza mecanismos de poder estructural ligados a ejes sociales diferenciados.,0.0,No sitúa hallazgos en términos de ejes sociales específicos.,0.0,No hay operacionalización empírica de intersecciones de ejes sociales.,0.0,high,,0.0,"Aunque hay orientación a la justicia ambiental, no se conecta con interseccionalidad de ejes sociales.",0.0,No documenta agencia de sujetos diferenciados por ejes sociales.,False,"El paper discute la influencia de organizaciones de justicia ambiental en la política climática de California, pero no articula explícitamente dos o más ejes de diferenciación social como relacionados entre sí.",0.0,No hay elementos interseccionales a integrar.,1982,303
710,1.0,Explora cómo ser niño inmigrante latino (no solo inmigrante + latino + niño) configura una posición específica de vulnerabilidad y visibilidad.,1.0,"Analiza explícitamente cómo las políticas locales, estatales y federales estructuran el acceso a ayuda y reproducen opresión basada en raza y estatus migratorio.",1.0,"Sitúa el análisis en el contexto histórico y político de Katrina, la migración latina en Louisiana y la política anti-inmigrante post-desastre.",0.5,"El análisis es principalmente teórico y documental, pero identifica subgrupos interseccionales (niños latinos inmigrantes) y sus experiencias diferenciadas.",3.5,high,,1.0,El trabajo denuncia la invisibilización y aboga por el reconocimiento y la justicia para los niños inmigrantes afectados.,1.0,Documenta estrategias de agencia y redes de apoyo comunitario (la 'underground railroad' de familiares y paisanos).,True,"El paper analiza cómo la raza, el estatus migratorio y la política se entrecruzan en la experiencia de niños inmigrantes latinos tras Katrina.",1.0,"El análisis articula cómo las estructuras de poder, las identidades entrelazadas y la agencia se manifiestan en un contexto sociohistórico específico.",1948,394
711,0.0,No se mencionan ni analizan identidades sociales.,0.0,No hay discusión de estructuras de poder o mecanismos sociales.,0.0,No se contextualiza social o históricamente; el análisis es técnico y general.,0.0,No hay método relacionado con interseccionalidad.,0.0,high,,0.0,No hay orientación a la justicia social o ambiental más allá de la reducción de emisiones.,0.0,No se aborda agencia o resistencia de sujetos sociales.,False,El paper no articula ejes de diferenciación social; se centra exclusivamente en emisiones y eficiencia vial.,0.0,No hay elementos interseccionales presentes para integrar.,2019,264
712,0.0,No analiza cómo los ejes se co-construyen; solo los menciona como dimensiones a considerar.,0.0,No hay teorización de mecanismos estructurales; el foco es en recomendaciones de investigación.,0.0,No se sitúan hallazgos en contextos sociohistóricos específicos.,0.0,No hay operacionalización empírica de intersecciones; es una agenda de investigación.,0.0,high,,0.0,"No hay orientación explícita a la transformación o justicia, solo urgencia de investigación.",0.0,No se documenta agencia o resistencia de los sujetos.,False,"Aunque menciona diversidad racial y económica, los ejes no se articulan como relacionados entre sí sino como temas transversales o variables separadas.",0.0,No hay integración de elementos interseccionales.,1908,296
713,1.0,"Explora cómo las identidades (mujeres racializadas, clase trabajadora) se co-constituyen en la política de coalición y en la lucha por la justicia ambiental y reproductiva.",1.0,"Analiza explícitamente el impacto de estructuras como el capitalismo globalizado, el neoliberalismo y el racismo en la erosión de derechos y condiciones de vida.",1.0,"Sitúa los ejemplos en el contexto específico de EEUU, con referencias a políticas neoliberales y luchas históricas de movimientos de base.",1.0,El análisis se basa en ejemplos empíricos de coaliciones interseccionales y cómo operan las interacciones entre ejes en la práctica organizativa.,4.0,high,,1.0,"El trabajo está orientado explícitamente a la transformación social y ambiental, con énfasis en la justicia y la acción colectiva.",1.0,Documenta la agencia y estrategias de resistencia de mujeres activistas y comunidades organizadas.,True,"El paper analiza cómo activistas articulan preocupaciones ambientales y feministas, abordando la intersección de género, raza y clase en la política de coalición.",1.0,"Los elementos de identidad, poder estructural, contexto, método, praxis y agencia se articulan en un análisis coherente de la política de coalición interseccional.",1938,399
714,0.0,No trata identidades sociales ni sus interrelaciones.,0.0,No aborda estructuras de poder vinculadas a ejes sociales.,0.0,No sitúa hallazgos en contextos sociohistóricos de diferenciación social.,0.0,No hay método empírico sobre intersecciones sociales.,0.0,high,,0.0,No orienta el análisis a la justicia social desde una perspectiva interseccional.,0.0,No aborda agencia o resistencia de sujetos diferenciados socialmente.,False,"El paper discute mecanismos y actores en la formación de normas globales, pero no articula ejes de diferenciación social (género, raza, clase, etc.) como relacionados entre sí.",0.0,No hay elementos interseccionales a integrar.,1948,286
715,0.5,"Menciona la intersección de raza con otras desigualdades, pero no queda claro si analiza posiciones co-constitutivas o solo aditivas.",1.0,"Enfatiza el rol de instituciones, ideología y estructuras en la reproducción de desigualdades raciales.",1.0,Sitúa el análisis en el contexto histórico y político de EE.UU. y el caso específico de Nueva Orleans post-Katrina.,0.0,No se describe un método empírico que operacionalice intersecciones; el enfoque es teórico y de agenda.,2.0,high,,1.0,El objetivo es re-politizar el estudio de la desigualdad y orientar la investigación hacia la transformación y la justicia.,0.0,No se menciona agencia o resistencia de los sujetos afectados; el foco está en estructuras y análisis macro.,True,El abstract argumenta por mayor atención a cómo la raza se intersecta con otras formas de desigualdad y cómo las instituciones políticas reproducen estas desigualdades.,0.5,"Integra poder estructural, contexto y orientación a la justicia, pero la articulación de identidades entrelazadas y agencia es limitada.",2078,369
716,0.0,No se abordan identidades sociales ni ejes de diferenciación.,0.0,No se discuten estructuras de poder ni mecanismos sociales.,0.0,"El contexto es físico-geográfico, no sociohistórico.",0.0,No hay operacionalización de intersecciones sociales.,0.0,high,,0.0,No hay orientación a la justicia social o ambiental desde una perspectiva interseccional.,0.0,No se consideran sujetos sociales ni agencia.,False,El paper se centra exclusivamente en procesos físicos y meteorológicos sin articular ejes de diferenciación social ni relaciones entre ellos.,0.0,No hay elementos interseccionales presentes para integrar.,2065,263
717,0.0,No se mencionan ejes sociales ni identidades.,0.0,No hay discusión de estructuras de poder o mecanismos sociales.,0.0,"El contexto es técnico y geográfico, no sociohistórico.",0.0,No hay operacionalización de intersecciones sociales.,0.0,high,,0.0,No hay orientación a la justicia social o ambiental desde una perspectiva interseccional.,0.0,No se aborda agencia o resistencia de sujetos sociales.,False,El paper no articula ejes de diferenciación social; se centra en precios y recursos energéticos sin referencia a identidades sociales.,0.0,No hay elementos interseccionales presentes para integrar.,1906,265
718,1.0,"Analiza cómo ser mujer migrante española configura una posición específica en nichos laborales feminizados, no solo suma de género y migración.",1.0,Explicita mecanismos estructurales como el patriarcado y la organización del mercado laboral en cadenas globales de reproducción.,1.0,"Sitúa el análisis en el contexto histórico de la migración España-Francia, la crisis de 2008 y la historia de los campos transnacionales.",0.5,"El análisis es principalmente cualitativo y contextual, describe subgrupos interseccionales pero no detalla un método empírico de interacción.",2.0,high,,0.5,"Señala implicaciones críticas sobre la reproducción de desigualdades, pero la orientación a la transformación es implícita.",0.5,"Menciona redes y estrategias de las migrantes, pero la agencia no es el foco central.",True,El paper articula género y nacionalidad/migración como ejes relacionados en la inserción laboral de mujeres españolas en Francia.,0.5,"Los elementos están parcialmente integrados: el análisis conecta género, migración y estructuras, pero la articulación metodológica y de agencia es limitada.",1931,379
719,0.0,No se identifican ejes de diferenciación social entrelazados.,0.0,No se abordan estructuras de poder ni mecanismos de opresión.,0.0,No se sitúan hallazgos en términos de diferenciación social situada.,0.0,No hay operacionalización empírica de intersecciones sociales.,0.0,high,,0.0,No hay orientación a la justicia social o transformación de desigualdades.,0.0,No se documenta agencia ni resistencia de sujetos diferenciados.,False,"El paper analiza diferencias en prácticas funerarias y circulación de objetos, pero no articula explícitamente dos o más ejes de diferenciación social relacionados entre sí (como género, clase, etnia, etc.).",0.0,"No aplica, ya que no se identifican elementos interseccionales.",1987,295
720,0.0,"Solo se aborda la sexualidad/orientación y religión, sin análisis de identidades entrelazadas.",0.0,No se articula un análisis de estructuras de poder múltiples o interseccionales.,0.0,No se sitúan hallazgos en un marco sociohistórico interseccional.,0.0,No hay método empírico que operacionalice intersecciones.,0.0,high,,0.0,No hay orientación explícita a la justicia interseccional.,0.0,No se documenta agencia interseccional de los sujetos.,False,"El paper analiza la relación entre religión, moralidad y emociones en torno a la 'ideología de género', pero no articula dos o más ejes de diferenciación social como relacionados entre sí; el foco está en sexualidad/orientación y religión, pero no se exploran intersecciones estructurales entre múltiples ejes sociales.",0.0,No hay elementos interseccionales a integrar.,2133,330
721,0.0,No se identifican análisis de ejes entrelazados.,0.0,No se operacionalizan mecanismos estructurales interseccionales.,0.0,No aplica contexto interseccional situado.,0.0,No hay método interseccional.,0.0,high,,0.0,No se orienta a la justicia interseccional.,0.0,No se documenta agencia interseccional.,False,"El paper analiza la construcción de imaginarios estatales sobre la población andina, pero no articula explícitamente dos o más ejes de diferenciación social como relacionados entre sí.",0.0,No hay elementos interseccionales a integrar.,1915,266
722,0.0,No analiza identidades entrelazadas; se centra en crítica epistemológica.,0.0,"Aunque discute estructuras (colonialismo), no lo hace en relación a ejes múltiples de diferenciación social.",0.0,No sitúa hallazgos en contextos interseccionales específicos.,0.0,No hay método empírico ni operacionalización de intersecciones.,0.0,high,,0.0,"La orientación crítica es epistemológica, no interseccional.",0.0,No aborda agencia/resistencia de sujetos interseccionales.,False,"El paper revisa teorías críticas del eurocentrismo y la colonialidad, pero no articula explícitamente dos o más ejes de diferenciación social como relacionados entre sí.",0.0,No hay elementos interseccionales a integrar.,2103,294
723,1.0,"Analiza cómo ser mujer Mapuche implica una posición específica de subalternidad, no solo suma de género y etnicidad.",1.0,Se refiere a la violencia como red sociohistórica y a mecanismos estructurales de subalternización.,1.0,"Contextualiza en regiones específicas (Bio Bio, Araucanía, Los Rios) y en la historia y política Mapuche.",1.0,El diseño cualitativo y participativo focaliza en mujeres Mapuche y sus posiciones interseccionales.,4.0,high,,1.0,Elabora un manual de prevención y promueve liderazgo indígena para la transformación social.,1.0,Documenta agencia y liderazgo de mujeres Mapuche y estrategias colectivas de autocuidado y resolución.,True,"El paper articula género, etnicidad (indígena/Mapuche) y clase como ejes relacionados en la experiencia de violencia.",1.0,"Los elementos se articulan en un análisis coherente que vincula estructuras, identidades y praxis transformadora.",2057,338
724,0.0,No se abordan identidades sociales ni ejes entrelazados.,0.0,No se discuten estructuras de poder social.,0.0,"El contexto es arqueológico y simbólico, no sociohistórico en términos de diferenciación social.",0.0,No hay método para operacionalizar intersecciones sociales.,0.0,high,,0.0,No hay orientación a la justicia social o ambiental.,0.0,No se aborda agencia o resistencia de sujetos sociales.,False,El paper analiza símbolos mitológicos y arte rupestre sin articular ejes de diferenciación social relacionados entre sí.,0.0,"No aplica, ya que no hay elementos interseccionales presentes.",1918,267
725,0.0,No se abordan identidades sociales ni ejes de diferenciación.,0.0,No se discuten estructuras de poder ni mecanismos sociales.,0.0,"El contexto es ambiental y cronológico, no sociohistórico en términos de diferenciación social.",0.0,No hay operacionalización de intersecciones sociales.,0.0,high,,0.0,No hay orientación a la justicia social o ambiental desde una perspectiva interseccional.,0.0,No se aborda agencia o resistencia de sujetos sociales.,False,"El paper se centra en reconstrucción paleoambiental y usos de la tierra a partir de fitolitos, sin articular ejes de diferenciación social ni relaciones entre ellos.",0.0,No hay elementos interseccionales presentes para integrar.,1981,283
726,0.0,"No se identifican ejes múltiples entrelazados; la identidad estudiantil se aborda desde la diferencia y la vulnerabilidad, pero no se especifican ni relacionan ejes como género, etnia, clase, etc.",0.0,"El análisis se centra en factores escolares, familiares y personales, sin teorización explícita de estructuras de poder como racismo, patriarcado o clasismo.",0.0,"Aunque compara España y Chile, no sitúa los hallazgos en términos de historia o política de ejes sociales diferenciados.",0.0,"El método cualitativo explora trayectorias individuales, pero no operacionaliza intersecciones entre ejes sociales.",0.0,high,,0.0,"El enfoque es descriptivo sobre abandono escolar y vulnerabilidad, sin orientación explícita a la justicia social o transformación estructural.",0.0,"Los estudiantes aparecen principalmente como sujetos vulnerables o abandonados, no se documenta agencia o resistencia.",False,"El paper analiza vulnerabilidad y abandono escolar considerando factores como pobreza, marginalidad y salud, pero no articula explícitamente dos o más ejes de diferenciación social como relacionados entre sí.",0.0,No hay elementos interseccionales a integrar.,2005,377
727,0.0,No se identifican ejes entrelazados; solo diversidad y movilidad humana.,0.0,No se explicitan mecanismos estructurales ni sistemas de opresión.,0.0,No se sitúan hallazgos en un contexto sociohistórico específico.,0.0,No hay operacionalización empírica de intersecciones.,0.0,high,,0.0,No se observa orientación explícita a la justicia más allá de recomendaciones generales.,0.0,No se documenta agencia o resistencia de los sujetos.,False,"Aunque menciona 'perspectiva interseccional' y 'diversidad', el abstract solo refiere a movilidad humana y diversidad en general, sin articular dos o más ejes de diferenciación social como relacionados entre sí.",0.0,No hay elementos interseccionales sustantivos para integrar.,1895,299
728,1.0,Analiza cómo la identidad indígena y la posición frente al extractivismo se co-constituyen bajo la eco-colonialidad.,1.0,El marco de modernidad/colonialidad y eco-colonialidad explicita mecanismos estructurales de poder y asimetría global.,1.0,"Sitúa el análisis en el Salar de Atacama, con referencias a historia, política y geografía específicas.",1.0,Utiliza testimonios de comunidades Lickanantay y fuentes documentales para captar interacciones entre ejes de opresión.,4.0,high,,1.0,Orienta el análisis hacia la justicia ambiental y la necesidad de transiciones justas y sostenibles.,1.0,Documenta las tensiones y estrategias de las comunidades indígenas en defensa de sus derechos territoriales.,True,"El paper articula género, indigeneidad y colonialidad como ejes relacionados en el análisis de los impactos del extractivismo de litio sobre comunidades Lickanantay.",1.0,"El análisis integra poder estructural, identidades entrelazadas, contexto situado y agencia en una narrativa coherente.",2012,362
729,1.0,"Explora cómo la identidad indígena y la movilidad se co-constituyen en la experiencia del extractivismo, no como sumatoria sino como posición específica.",1.0,Analiza mecanismos estructurales como el extractivismo capitalista y su impacto en la construcción de sujetos y territorios.,1.0,"Sitúa los casos en la Amazonía ecuatoriana, con atención a historias y prácticas locales de movilidad y despojo.",1.0,"Utiliza estudios etnográficos y espaciales que capturan la intersección entre movilidad, identidad y extractivismo.",4.0,high,,1.0,Cuestiona críticamente el marco dominante y propone alternativas para la justicia epistémica y territorial.,1.0,Reconoce agencia de los sujetos indígenas en la construcción de espacio y subjetividad frente al extractivismo.,True,"El paper analiza cómo la posición de sujetos indígenas de base es construida por múltiples ejes (indigeneidad, movilidad, clase) en el contexto del extractivismo.",1.0,"Los elementos se articulan en un análisis coherente donde estructuras, identidades y agencia se entrelazan en el contexto situado.",1969,368
730,0.0,Solo se menciona el género como eje.,0.0,No se abordan estructuras de poder más allá de la violencia de género.,0.0,No se contextualizan los hallazgos en términos sociohistóricos o geopolíticos más allá de la región general.,0.0,No hay método empírico ni operacionalización de intersecciones.,0.0,high,,0.0,No se menciona orientación a la justicia o transformación.,0.0,No se aborda la agencia de los sujetos.,False,El abstract solo articula el eje de género (violencia contra mujeres) sin relacionarlo con otros ejes de diferenciación social.,0.0,No hay elementos interseccionales para articular.,1880,276
731,0.0,Solo se aborda el eje de género/sexismo.,0.0,No se identifican mecanismos estructurales más allá del sexismo.,0.0,No hay análisis interseccional situado; el contexto es relevante pero no interseccional.,0.0,No hay operacionalización de intersecciones.,0.0,high,,0.0,"Aunque hay orientación a la justicia de género, no es interseccional.",0.0,"La agencia se documenta, pero no en clave interseccional.",False,"El paper se centra en género y violencia sexista, sin articular explícitamente otros ejes de diferenciación social como raza, clase, etnia u otros en relación mutua.",0.0,No hay elementos interseccionales a integrar.,2005,287
732,0.0,No se mencionan ni analizan ejes de diferenciación social.,0.0,No hay referencia a estructuras de poder ni mecanismos de opresión.,0.0,"El contexto es ambiental y cronológico, no sociohistórico en términos de diferenciación social.",0.0,No hay operacionalización de intersecciones sociales; el método es geoarqueológico.,0.0,high,,0.0,No hay orientación a la justicia social ni ambiental desde una perspectiva interseccional.,0.0,No se aborda la agencia ni resistencia de sujetos diferenciados.,False,"El paper reconstruye cambios paleoambientales y los vincula con la ocupación humana en general, pero no articula ejes de diferenciación social ni identidades entrelazadas.",0.0,No hay elementos interseccionales presentes para articular.,2413,297
733,0.0,"No se identifican ejes de diferenciación social (género, raza, clase, etc.) tratados como constitutivos.",0.0,No se abordan estructuras de poder social ni mecanismos de opresión.,0.0,"El contexto es ecológico y museístico, no sociohistórico en términos de diferenciación social.",0.0,No hay operacionalización empírica de intersecciones sociales.,0.0,high,,0.0,No se orienta a transformar desigualdades sociales interseccionales.,0.0,No se documenta agencia o resistencia de sujetos diferenciados socialmente.,False,"El paper no articula dos o más ejes de diferenciación social relacionados entre sí; se centra en emociones, arte, ecología y museología sin analizar identidades sociales entrelazadas.",0.0,No hay elementos interseccionales a integrar.,2068,307
734,0.0,Solo se analiza el eje de género (mujeres) en relación a la migración.,0.0,"Se menciona el patriarcado, pero no se articulan otros sistemas de opresión ni su interacción.",0.0,No se evidencia análisis de contexto interseccional más allá de la violencia de género.,0.0,No hay operacionalización empírica de intersecciones entre ejes múltiples.,0.0,high,,0.0,"El enfoque es crítico, pero no interseccional en sentido sustantivo.",0.0,"Se menciona resistencia, pero solo desde el eje de género.",False,"El paper se centra en mujeres migrantes y la violencia patriarcal, pero no articula explícitamente más de un eje de diferenciación social como relacionados entre sí.",0.0,No hay integración de múltiples ejes de diferenciación social.,1898,306
735,0.0,No se abordan identidades entrelazadas ni ejes múltiples.,0.0,No se analiza poder estructural en términos de ejes de opresión diferenciados.,0.0,No hay análisis de interseccionalidad situada.,0.0,No hay método interseccional ni operacionalización de ejes múltiples.,0.0,high,,0.0,No se orienta a la justicia desde una perspectiva interseccional.,0.0,No se aborda agencia de sujetos diferenciados por ejes sociales.,False,"El paper analiza discursos de la prensa política sobre el Mundial 78, centrándose en nacionalismo, dictadura y derechos humanos, pero no articula dos o más ejes de diferenciación social relacionados entre sí.",0.0,No hay elementos interseccionales a integrar.,1954,296
736,0.0,No se abordan identidades sociales ni sus interrelaciones.,0.0,No se discuten estructuras de poder ni mecanismos sociales.,0.0,"El contexto es ambiental y tecnológico, no sociohistórico en términos de diferenciación social.",0.0,No hay operacionalización de intersecciones sociales.,0.0,high,,0.0,No hay orientación a la justicia social o ambiental desde una perspectiva interseccional.,0.0,No se aborda agencia o resistencia de sujetos sociales diferenciados.,False,"El paper se centra en tecnología, materiales y prácticas de combustión/metalmurgia sin articular ejes de diferenciación social como género, clase, etnia, etc.",0.0,No hay elementos interseccionales presentes para integrar.,2035,282
737,1.0,Explora cómo la condición de mujer y de subjetivación no heteronormativa se entrelazan con la experiencia migratoria y la extranjería.,1.0,Aborda mecanismos estructurales como la otredad impuesta por la sociedad receptora y las interpelaciones de poder en la migración.,1.0,"Sitúa el análisis en migraciones sur-sur hacia Santiago de Chile, con atención a contextos nacionales y culturales específicos.",1.0,"Utiliza historias de vida diferenciadas por género y sexualidad, con muestreo intencional de subgrupos interseccionales.",4.0,high,,1.0,El análisis se orienta a la transformación de subjetividades y a la crítica de los procesos de exclusión y otredad.,1.0,"Documenta estrategias de resistencia, ajustes y agencia de los migrantes frente a la otredad y el extrañamiento.",True,"El paper analiza experiencias de migrantes considerando género (mujeres dominicanas) y sexualidad (personas con subjetivaciones no heteronormativas), articulando estos ejes en el contexto migratorio.",1.0,"Los elementos de identidad, poder, contexto, método y agencia se articulan coherentemente en el análisis de la subjetivación migrante.",2067,392
738,0.0,No se identifican ejes de diferenciación social entrelazados.,0.0,"El foco está en estructuras económicas y políticas, no en opresiones interseccionales.",0.0,No hay análisis de contextos interseccionales situados.,0.0,No hay método que operacionalice intersecciones sociales.,0.0,high,,0.0,No se aborda la justicia desde una perspectiva interseccional.,0.0,No se discute agencia o resistencia de sujetos interseccionales.,False,"El paper analiza modelos de desarrollo y poder económico, pero no articula ejes de diferenciación social (género, raza, clase, etc.) como relacionados entre sí.",0.0,"No aplica, ya que no hay elementos interseccionales presentes.",1898,289
739,0.0,Solo se aborda la migración/culturalidad como eje.,0.0,No se teoriza sobre estructuras de poder más allá de la diferencia cultural.,0.0,No se sitúan los hallazgos en un contexto sociohistórico interseccional.,0.0,No hay operacionalización empírica de intersecciones.,0.0,high,,0.0,No hay orientación explícita a la justicia interseccional.,0.0,No se documenta agencia en términos interseccionales.,False,"El paper analiza la experiencia de familias migrantes latinoamericanas, pero solo articula el eje migración/culturalidad sin relacionarlo con otros ejes de diferenciación social como género, clase o raza.",0.0,No hay elementos interseccionales a integrar.,2032,290
740,0.0,No se identifican ejes entrelazados; solo se habla de 'divisiones sociales' en general.,0.0,"No se abordan mecanismos estructurales de poder como racismo, género, clase, etc.",0.0,No hay análisis situado de interseccionalidad; el contexto es histórico-político pero no interseccional.,0.0,No hay método que operacionalice intersecciones de ejes sociales.,0.0,high,,0.0,No se orienta a la justicia social o transformación de desigualdades interseccionales.,0.0,No se documenta agencia o resistencia de sujetos en términos interseccionales.,False,"El paper menciona 'divisiones sociales' y tensiones políticas, pero no articula explícitamente dos o más ejes de diferenciación social como relacionados entre sí; el foco está en dinámicas políticas y sociales generales.",0.0,No hay elementos interseccionales a integrar.,1930,326
741,0.0,"No analiza cómo se entrelazan ejes como género, raza, clase, etc.",0.0,No teoriza mecanismos estructurales de opresión interrelacionados.,0.0,No sitúa hallazgos en contextos sociohistóricos específicos de intersección.,0.0,No hay método empírico que operacionalice intersecciones.,0.0,high,,0.0,No conecta explícitamente con justicia social desde una perspectiva interseccional.,0.0,No documenta agencia o resistencia de sujetos en posiciones interseccionales.,False,"El paper discute la inclusión de 'todos los agentes sociales' y critica el androcentrismo y eurocentrismo, pero no articula explícitamente dos o más ejes de diferenciación social como relacionados entre sí.",0.0,No hay elementos interseccionales sustantivos para articular.,1932,307
742,0.5,"Se consideran género y migración, pero el resumen sugiere un enfoque aditivo más que co-constitutivo.",0.5,"Se mencionan 'condicionantes de género', pero no se explicitan mecanismos estructurales más amplios.",1.0,"El análisis está situado en tiempo (ca. 1950), espacio (Valentín Alsina) y contexto migratorio específico.",0.5,"El uso de fuentes orales permite captar experiencias interseccionales, pero no se explicita un diseño que opere interacciones.",2.0,medium,,0.0,No hay evidencia de orientación a la justicia o transformación; el enfoque parece descriptivo.,1.0,"El foco en trayectorias, toma de decisiones y vida laboral/familiar sugiere agencia de las mujeres.",True,"El paper analiza cómo el género condiciona la experiencia migratoria de mujeres italianas inmigrantes, articulando género y estatus migratorio.",0.5,Los elementos aparecen relacionados pero no necesariamente integrados en un marco interseccional coherente.,1871,351
743,0.0,Solo se analiza el género como eje; no hay entrelazamiento con otros ejes.,0.0,No se articula la intersección de estructuras múltiples; el foco es el patriarcado y la división sexual del trabajo.,0.0,No se sitúan múltiples ejes en contexto sociohistórico interrelacionado.,0.0,El método no operacionaliza intersecciones entre ejes sociales.,0.0,high,,0.0,No hay análisis interseccional orientado a la justicia entre ejes múltiples.,0.0,No se documenta agencia en relación a posiciones interseccionales.,False,"El análisis se centra exclusivamente en el eje de género (mujeres cuidadoras) y la división sexual del trabajo, sin articular género con otros ejes de diferenciación social como clase, raza, etnia o edad de manera relacionada.",0.0,No hay integración de ejes múltiples; el análisis es monoeje (género).,2002,329
744,0.0,No se identifican ejes sociales entrelazados.,0.0,No se teoriza sobre estructuras de poder social específicas.,0.0,No hay contextualización sociohistórica de ejes interseccionales.,0.0,No hay método empírico ni operacionalización de intersecciones.,0.0,high,,0.0,No se orienta explícitamente a la justicia social o transformación.,0.0,No se documenta agencia o resistencia de sujetos diferenciados.,False,"El abstract se centra en lógicas de violencia, hegemonía y relaciones semántico-materiales, pero no articula explícitamente dos o más ejes de diferenciación social como relacionados entre sí.",0.0,No hay elementos interseccionales a integrar.,1961,283
745,0.0,No analiza identidades entrelazadas ni ejes sociales.,0.0,No discute estructuras de poder ni mecanismos de opresión.,0.0,No sitúa hallazgos interseccionales en contexto sociohistórico.,0.0,No hay método empírico interseccional ni operacionalización de intersecciones.,0.0,high,,0.0,No hay orientación explícita a la justicia ni análisis crítico de desigualdades interseccionales.,0.0,No se documenta agencia ni resistencia de sujetos diferenciados.,False,"El artículo es una revisión sobre tendencias y debates en la antropología de desastres en Chile, sin articular ejes de diferenciación social como relacionados entre sí.",0.0,No hay elementos interseccionales presentes para integrar.,1893,291
746,1.0,"Describe cómo ser mujer afrodescendiente implica una posición específica, no la suma de mujer + afrodescendiente.",1.0,"Analiza opresión por estructuras como racismo, patriarcado, neoliberalismo y multiculturalismo, y sus intersecciones.",1.0,"Sitúa el análisis en el contexto histórico-político de los 90 en América Latina y el Caribe, con referencias a neoliberalismo y multiculturalismo.",1.0,"Utiliza entrevistas y documentos para analizar experiencias y estrategias específicamente de mujeres afrodescendientes, captando la intersección de ejes.",4.0,high,,1.0,El objetivo explícito es transformar estructuras opresivas y promover justicia para mujeres afrodescendientes.,1.0,"Documenta estrategias de resistencia, agencia colectiva y construcción de agendas propias.",True,"El paper analiza cómo las experiencias de mujeres afrodescendientes son configuradas por la intersección de género, raza y contexto regional, y cómo enfrentan sistemas de poder entrelazados.",1.0,"El análisis articula identidades, estructuras, contexto, método y praxis en torno a la lucha y resistencia de mujeres afrodescendientes.",2054,365
747,1.0,"Analiza cómo ser mujer mapuche implica una posición específica, no solo suma de género y etnia ('tensiones típicas de la experiencia colonial').",1.0,Explicita el colonialismo y racismo estructural en la consolidación del Estado-nación chileno en Wallmapu.,1.0,"Contextualiza históricamente (1930-1950), geográficamente (Malleco, Cautín, Wallmapu) y políticamente (consolidación estatal, movimientos feministas).",1.0,"El análisis documental distingue y compara organizaciones de mujeres mapuche y chilenas, captando interacciones entre ejes.",4.0,high,,1.0,"El enfoque es explícitamente crítico y orientado a la justicia, visibilizando luchas y demandas por derechos civiles y políticos.",1.0,"Documenta agencia y estrategias organizativas de mujeres (mapuche y chilenas), incluyendo resistencias y construcción de demandas propias.",True,El paper articula género y racialización (mujeres mapuche vs. chilenas) como ejes relacionados en el contexto de colonialismo y racismo.,1.0,"Los elementos (identidades, poder, contexto, método, agencia, justicia) se articulan coherentemente en el análisis de la organización política de mujeres en contexto colonial.",2031,396
748,1.0,"Explicita que los ejes se entrelazan y no son aditivos: 'cómo género, etnicidad, desigualdades generacionales y orientación sexual se superponen y conectan'.",1.0,"Aborda mecanismos estructurales: patriarcado, colonialidad, y cómo estos se inscriben en categorías andinas y tradiciones.",1.0,"Contextualiza en la región de Tarapacá, con énfasis en historia colonial/andina y la especificidad de lo 'moderno/colonial'.",1.0,"El método cualitativo (entrevistas) y el análisis de narrativas exploran explícitamente posiciones interseccionales (mujeres aymaras de distintos territorios, generaciones, orientaciones).",4.0,high,,1.0,"Orientación explícita a la justicia: desnaturalizar la violencia, visibilizar colonialidad y patriarcado, y transformar la comprensión de la tradición.",1.0,Las voces de las mujeres y sus explicaciones muestran agencia y saberes propios frente a la violencia.,True,"El paper analiza cómo género, etnicidad, generación y orientación sexual se superponen y conectan en las experiencias de mujeres aymaras.",1.0,"El análisis articula los ejes, estructuras, contexto y agencia en una narrativa coherente y situada.",1959,406
749,0.0,No se mencionan ni analizan ejes de diferenciación social.,0.0,No hay referencia a estructuras de poder o mecanismos de opresión.,0.0,"El contexto es institucional y administrativo, no sociohistórico en términos de diferenciación social.",0.0,No hay método relacionado con interseccionalidad.,0.0,high,,0.0,No hay orientación a la justicia social o transformación de desigualdades.,0.0,No se aborda agencia ni resistencia de sujetos diferenciados.,False,"El paper analiza la complejidad de la implementación de políticas públicas interjurisdiccionales, pero no articula ejes de diferenciación social relacionados entre sí.",0.0,"No aplica, ya que no hay elementos interseccionales presentes.",1912,283
750,0.0,No se identifican análisis de identidades entrelazadas.,0.0,No se abordan estructuras de poder vinculadas a ejes sociales.,0.0,No se sitúan hallazgos en contextos de diferenciación social.,0.0,No hay operacionalización empírica de intersecciones sociales.,0.0,high,,0.0,No se orienta a la transformación de desigualdades interseccionales.,0.0,No se documenta agencia ni resistencia de sujetos diferenciados.,False,"El paper discute la reconstitución teórica de la Agenda Setting en clave socio-antropológica, pero no articula ejes de diferenciación social (género, raza, clase, etc.) como relacionados entre sí.",0.0,No hay elementos interseccionales a integrar.,2023,294
751,0.0,No trata ejes de diferenciación social.,0.0,No aborda estructuras de poder social.,0.0,No contextualiza en términos de relaciones sociales o políticas humanas.,0.0,No hay método para operacionalizar intersecciones sociales.,0.0,high,,0.0,No hay orientación a la justicia social o ambiental desde una perspectiva interseccional.,0.0,No se aborda agencia o resistencia de sujetos sociales.,False,"El paper analiza cambios en comunidades de micromamíferos y su relación con impactos humanos y eventos climáticos, pero no articula ejes de diferenciación social ni identidades humanas relacionadas entre sí.",0.0,"No aplica, ya que no hay elementos interseccionales presentes.",2161,277
752,0.0,No se identifican ejes entrelazados.,0.0,No se discuten estructuras de poder.,0.0,No hay contextualización sociohistórica.,0.0,No se describe método empírico ni operacionalización.,0.0,high,,0.0,No se articula orientación a la justicia.,0.0,No se menciona agencia o resistencia.,False,El abstract menciona un 'enfoque interseccional' pero no articula dos o más ejes de diferenciación social relacionados entre sí; solo se refiere a 'migrantes' desplazados por causas ambientales.,0.0,No hay elementos interseccionales sustantivos para integrar.,1869,269
753,0.0,No se abordan identidades sociales entrelazadas.,0.0,No se discuten estructuras de poder social.,0.0,No se sitúan hallazgos en términos de diferenciación social.,0.0,No hay método para operacionalizar intersecciones sociales.,0.0,high,,0.0,No hay orientación a la justicia social o ambiental.,0.0,No se aborda agencia o resistencia de sujetos sociales.,False,"El paper analiza motivos arqueológicos y apropiación inkaica del paisaje, pero no articula ejes de diferenciación social relacionados entre sí.",0.0,"No aplica, ya que no hay elementos interseccionales presentes.",1891,264
754,0.0,"Solo se analiza la identidad quechua, sin entrelazar con otros ejes.",0.0,No se abordan mecanismos estructurales más allá de la relación Estado-comunidad.,0.0,No hay articulación de múltiples ejes en contexto sociohistórico.,0.0,No hay operacionalización empírica de intersecciones.,0.0,high,,0.0,"No se orienta a la justicia interseccional, solo a la crítica cultural.",0.0,No se documenta agencia diferenciada por múltiples ejes.,False,"El paper se centra en la relación entre políticas de desarrollo y la vivienda quechua, pero solo articula el eje de indigeneidad/cultura, sin relacionarlo con otros ejes de diferenciación social como género, clase o edad.",0.0,No hay integración de ejes interseccionales.,1917,306
755,0.0,Solo se aborda masculinidad como eje.,0.0,No se identifican mecanismos estructurales interseccionales.,0.0,No hay análisis interseccional situado.,0.0,No hay método que operacionalice intersecciones.,0.0,high,,0.0,No se orienta a la justicia desde una perspectiva interseccional.,0.0,No se documenta agencia desde una perspectiva interseccional.,False,"El paper se centra en identidad, masculinidad y performatividad, pero no articula dos o más ejes de diferenciación social como relacionados entre sí.",0.0,No hay elementos interseccionales a integrar.,1972,265
756,0.0,No se identifican ejes de diferenciación social tratados como mutuamente constitutivos.,0.0,No se abordan estructuras de poder ni mecanismos de opresión diferenciados.,0.0,No se sitúan hallazgos en torno a ejes interseccionales en un contexto sociohistórico.,0.0,No hay operacionalización empírica de intersecciones.,0.0,high,,0.0,No se conecta el análisis con justicia social desde una perspectiva interseccional.,0.0,No se documenta agencia o resistencia desde posiciones interseccionales.,False,"El resumen no articula explícitamente dos o más ejes de diferenciación social relacionados entre sí; se centra en el activismo textil y la acción colectiva durante la pandemia y el estallido social, sin referencia a género, raza, clase u otros ejes entrelazados.",0.0,No hay elementos interseccionales a integrar.,2037,322
757,0.0,No se identifican ejes de diferenciación social entrelazados.,0.0,No se abordan estructuras de poder ni mecanismos de opresión.,0.0,"El contexto es histórico y geográfico, pero no en términos de diferenciación social interseccional.",0.0,No hay operacionalización de intersecciones sociales.,0.0,high,,0.0,No hay orientación a la justicia social o ambiental desde una perspectiva interseccional.,0.0,No se analiza agencia o resistencia de sujetos diferenciados socialmente.,False,"El paper analiza la relación entre personas y una planta (cebil) a lo largo del tiempo, pero no articula dos o más ejes de diferenciación social relacionados entre sí; no hay análisis de género, clase, etnia, etc.",0.0,No hay elementos interseccionales a integrar.,2098,304
758,0.0,No se observa análisis de identidades entrelazadas; los ejes aparecen como tópicos independientes.,0.0,No se desarrolla un análisis de mecanismos estructurales de poder entrelazados.,0.0,No se sitúan hallazgos interseccionales en un contexto sociohistórico específico.,0.0,No hay operacionalización empírica de intersecciones.,0.0,high,,0.0,No se articula una orientación a la justicia desde un análisis interseccional.,0.0,No se documenta agencia o resistencia de sujetos en posiciones interseccionales.,False,"El abstract menciona temas como subalternidad, feminismo, disidencia y ecología, pero no articula explícitamente dos o más ejes de diferenciación social como relacionados entre sí; los temas aparecen como áreas separadas de reflexión disciplinar.",0.0,"No hay integración de elementos interseccionales, ya que no se articulan ejes diferenciados.",1940,330
759,0.5,"Se consideran género y afrodescendencia, pero se tratan más como categorías aditivas que como posiciones co-constitutivas.",0.5,"Se mencionan estructuras como el abandono estatal y la pobreza, pero sin un análisis profundo de mecanismos estructurales (racismo, patriarcado, etc.).",0.5,"El contexto del conflicto armado y Cartagena está presente, pero el análisis sociohistórico es superficial.",0.0,"El método es descriptivo y compara subgrupos, pero no operacionaliza intersecciones ni analiza interacciones entre ejes.",1.0,high,,0.5,"Se mencionan implicaciones de justicia (abandono estatal, condiciones de vida), pero no se desarrollan recomendaciones ni orientación transformadora.",0.0,"Las mujeres son representadas principalmente como víctimas, sin documentar agencia o resistencia.",True,"El estudio se centra en mujeres afrocolombianas víctimas del conflicto armado, articulando género, raza/etnicidad y clase/pobreza como ejes relacionados.",0.5,"Los elementos (género, raza, pobreza, conflicto) están presentes pero yuxtapuestos, con integración parcial en el análisis.",2103,374
760,1.0,"Analiza cómo clase, género, raza y estatus migratorio se co-constituyen en la racialización y sexualización de las trabajadoras de cuidado.",1.0,Utiliza feminismo decolonial como marco crítico para analizar estructuras globales de poder y opresión.,1.0,"Sitúa el análisis en la migración circular boliviana en el norte de Chile, con atención a la frontera y contexto regional.",1.0,Metodología cualitativa con entrevistas en profundidad que explora experiencias interseccionales específicas.,4.0,high,,1.0,El marco y análisis están orientados a la crítica y transformación de desigualdades estructurales que afectan a mujeres migrantes.,1.0,El enfoque reconoce a las mujeres migrantes como sujetas activas en la negociación de múltiples opresiones.,True,"El abstract articula género, clase, raza y estatus migratorio como ejes relacionados en la experiencia de mujeres migrantes bolivianas.",1.0,"El análisis articula coherentemente los ejes, estructuras, contexto y agencia en un marco crítico integrado.",1902,353
761,0.0,No se identifican ejes entrelazados; solo se mencionan condiciones generales.,0.0,No se teoriza sobre estructuras de poder; se mencionan asimetrías pero sin marco crítico.,0.0,No hay análisis situado de interseccionalidad; el contexto es general.,0.0,No hay operacionalización empírica de intersecciones.,0.0,high,,0.0,No se orienta explícitamente a la justicia social o transformación de desigualdades.,0.0,No se documenta agencia o resistencia de sujetos diferenciados.,False,"El paper menciona pobreza y desigualdad, pero no articula dos o más ejes de diferenciación social como relacionados entre sí; el foco está en percepciones y gobernanza local.",0.0,No hay elementos interseccionales a integrar.,1892,300
762,1.0,"Explora cómo género, migración y racialización se co-constituyen en la discriminación y segmentación laboral ('violencia por ser mujeres y migrantes, exacerbada cuando son mujeres negras').",1.0,"Articula mecanismos estructurales como racismo, sexismo, división internacional del trabajo reproductivo y discriminación institucional.",1.0,"Contextualiza en la migración latinoamericana a Chile en los 2010s, con referencias a historia, geografía y políticas migratorias específicas.",1.0,"El método cualitativo compara subgrupos interseccionales (colombianas vs. otras nacionalidades; mujeres negras), y analiza discursos que cruzan género, raza y migración.",4.0,high,,1.0,"El análisis se orienta a visibilizar y transformar desigualdades, con énfasis en derechos y crítica a la discriminación estructural.",1.0,Documenta agencia y resistencia: 'mayor conciencia de derechos y actitud proactiva frente al abuso'.,True,"El paper analiza cómo ser mujer, migrante y negra se entrelazan en las experiencias de discriminación de colombianas en Chile.",1.0,"Los elementos (identidades, estructuras, contexto, método, agencia) se articulan en un análisis coherente de la experiencia migratoria interseccional.",2145,401
763,0.0,"Solo se aborda la identidad indígena, sin entrelazarla con otros ejes.",0.0,No se discuten estructuras de poder como colonialismo o racismo; el foco es simbólico y económico.,0.0,"Aunque hay contexto histórico, no se vincula a interseccionalidad.",0.0,No hay método interseccional; el análisis es descriptivo de simbolismos.,0.0,high,,0.0,No hay orientación a la justicia ni crítica transformadora.,0.0,No se aborda agencia o resistencia en términos interseccionales.,False,"El paper analiza sociedades indígenas y su simbolismo animal, pero no articula dos o más ejes de diferenciación social relacionados entre sí.",0.0,No hay elementos interseccionales a integrar.,1878,290
764,0.5,"Enumera múltiples ejes (mujeres indígenas, afrodescendientes, mayores, LGBTIQ+, con discapacidad, migrantes, rurales), pero los trata principalmente como grupos aditivos de vulnerabilidad, no como posiciones co-constituidas.",0.5,"Menciona brechas estructurales (acceso a tierra, servicios, derechos humanos), pero no teoriza mecanismos estructurales ni nombra sistemas de opresión explícitamente.",0.5,"Sitúa el análisis en Latinoamérica y menciona contexto rural/remoto, pero el contexto sociohistórico es superficial y generalizado.",0.0,Es una revisión exploratoria sin operacionalización empírica de intersecciones ni análisis de interacciones.,1.0,high,,0.5,"Reconoce la necesidad de políticas públicas con enfoque de género y menciona brechas en la adaptación, pero la orientación a la justicia es implícita y poco desarrollada.",0.0,No se documenta agencia ni estrategias de resistencia de los sujetos; las mujeres aparecen como grupos vulnerables.,True,"El abstract articula género con otros ejes como indigeneidad, raza, edad, discapacidad, migración y ruralidad, señalando que los riesgos climáticos afectan de manera específica a mujeres en estas posiciones.",0.5,"Los elementos (género, otros ejes, contexto, políticas) están presentes pero yuxtapuestos; la integración analítica es parcial.",2078,428
765,0.0,No se identifican ejes de diferenciación social entrelazados.,0.0,No se abordan estructuras de poder ni mecanismos de opresión.,0.0,No se sitúan hallazgos en un contexto sociohistórico específico más allá del país.,0.0,No hay operacionalización empírica de intersecciones.,0.0,high,,0.0,No se orienta a la justicia ni transformación de desigualdades.,0.0,No se documenta agencia ni resistencia de sujetos.,False,"El paper es un análisis bibliométrico de publicaciones sobre precariedad laboral en Chile, sin articular ejes de diferenciación social relacionados entre sí.",0.0,No hay elementos interseccionales presentes para articular.,1856,280
766,0.0,Solo analiza género como eje aislado.,0.0,"No articula estructuras múltiples de opresión, solo sexismo.",0.0,No contextualiza género en relación con otros ejes o historias específicas.,0.0,El método solo operacionaliza género.,0.0,high,,0.0,"No hay orientación interseccional a la justicia, solo igualdad de género.",0.0,No aborda agencia o resistencia interseccional.,False,"El estudio se centra exclusivamente en el eje de género, sin articularlo con otros ejes de diferenciación social como clase, raza, etnia u otros.",0.0,No hay elementos interseccionales a integrar.,1904,266
767,0.0,No se abordan ejes de diferenciación social.,0.0,No se discuten estructuras de poder ni mecanismos de opresión.,0.0,"El contexto es cultural y lingüístico, no sociohistórico en términos de diferenciación social.",0.0,No hay operacionalización de intersecciones sociales.,0.0,high,,0.0,No hay orientación a la justicia social o ambiental.,0.0,No se aborda agencia ni resistencia de sujetos sociales diferenciados.,False,"El paper analiza representaciones simbólicas del sol y la luna en culturas Chon, pero no articula ejes de diferenciación social relacionados entre sí.",0.0,"No aplica, ya que no se identifican elementos interseccionales.",1929,276
768,0.0,No se abordan identidades ni ejes sociales.,0.0,No se discuten estructuras de poder social.,0.0,No hay análisis de contexto sociohistórico en términos de diferenciación social.,0.0,No hay método interseccional ni análisis de subgrupos sociales.,0.0,high,,0.0,No se orienta a la justicia social ni ambiental desde una perspectiva interseccional.,0.0,No se aborda agencia o resistencia de sujetos diferenciados.,False,"El paper analiza mecanismos económicos y sostenibilidad en la ley de aguas, sin articular ejes de diferenciación social relacionados entre sí.",0.0,No hay elementos interseccionales presentes para integrar.,1917,272
769,0.0,No se identifican ejes múltiples entrelazados; el foco es la construcción de la infancia y la maternidad en términos generales.,0.0,"Aunque se discuten estructuras como el orden social, no se vinculan a ejes interseccionales.",0.0,"El contexto es histórico y nacional, pero no se sitúan intersecciones de ejes sociales.",0.0,No hay operacionalización empírica de intersecciones entre ejes sociales.,0.0,high,,0.0,No se orienta a la transformación de desigualdades interseccionales.,0.0,No se documenta agencia diferenciada de sujetos en posiciones interseccionales.,False,"El paper analiza la relación entre puericultura, psicología y orden social, pero no articula explícitamente dos o más ejes de diferenciación social como relacionados entre sí.",0.0,No hay elementos interseccionales a integrar.,1928,319
770,1.0,"Analiza cómo la identidad peruana en Chile se constituye en la intersección de nacionalidad, memoria y violencia estatal, no como sumatoria.",1.0,"Explicita mecanismos estructurales de poder (violencia política, medidas administrativas, coerción estatal) en la conformación de identidades y memorias.",1.0,"Contextualiza históricamente en la Guerra del Pacífico, la chilenización y la región específica de los oasis.",1.0,El método etnomusicológico y de archivo explora prácticas culturales situadas en subgrupos afectados por la intersección de nacionalidad y violencia.,4.0,high,,1.0,"El análisis se orienta a la resistencia y reconstitución de memorias como contrapeso a la opresión estatal, con implicancias de justicia histórica.",1.0,"Documenta agencia y resistencia a través de la música, la danza y la memoria colectiva como formas activas de reconfiguración identitaria.",True,"El paper articula nacionalidad/etnicidad (peruana/chilena) y memoria colectiva en relación con procesos de violencia estructural (chilenización), mostrando cómo se entrelazan en prácticas culturales.",1.0,"Los elementos se articulan coherentemente: el análisis de poder estructural, identidades entrelazadas y agencia se integra en el estudio de las prácticas culturales y la memoria.",1932,413
771,0.0,No se abordan identidades sociales ni sus interrelaciones.,0.0,No se discuten estructuras de poder social; el foco es tecnológico y contextual.,0.0,"El contexto es arqueológico y cronológico, no sociohistórico en términos de diferenciación social.",0.0,No hay operacionalización de intersecciones sociales en el método.,0.0,high,,0.0,No hay orientación a la justicia social ni análisis crítico de desigualdades.,0.0,No se aborda agencia ni resistencia de sujetos sociales diferenciados.,False,"El paper se centra en el análisis material y contextual de un objeto de oro, sin articular ejes de diferenciación social como género, clase, etnia o raza en relación entre sí.",0.0,No hay elementos interseccionales presentes para integrar.,2018,294
772,0.0,Solo se aborda el género como eje de análisis.,0.0,No se discuten mecanismos estructurales más allá del género.,0.0,No se contextualizan otros ejes ni se sitúa interseccionalmente.,0.0,No hay operacionalización empírica de intersecciones.,0.0,high,,0.0,El enfoque es descriptivo sobre estándares legales de género.,0.0,No se documenta agencia ni resistencia interseccional.,False,El análisis se centra exclusivamente en el eje de género (violencia contra las mujeres) sin articularlo con otros ejes de diferenciación social.,0.0,No hay elementos interseccionales a integrar.,1909,270
773,0.5,"Se mencionan múltiples ejes (mujeres de diferentes edades, personas trans, discapacidad), pero el análisis principal es sobre género y los otros ejes aparecen como ejemplos de vulnerabilidad, no como posiciones co-constituidas.",0.5,"Se reconocen estructuras como la naturalización de roles de género y la discriminación institucional, pero el análisis de mecanismos estructurales es limitado y se centra en barreras psicosociales y culturales.",1.0,El estudio sitúa los hallazgos en diez contextos territoriales específicos de Costa Rica y discute la implementación local versus nacional.,0.0,"El método cualitativo recoge percepciones y experiencias, pero no operacionaliza intersecciones ni subgrupos interseccionales en el análisis.",2.0,high,,1.0,"El trabajo está orientado explícitamente a la transformación social y la justicia de género en la gestión del riesgo, con recomendaciones y crítica situada.",0.5,"Se reconoce la participación social de mujeres y la agencia institucional, pero la agencia de sujetos interseccionales (ej. mujeres trans, personas con discapacidad) es marginal.",True,"El paper articula género con otras categorías como edad, discapacidad y diversidad sexual, y discute cómo estas se relacionan en la vulnerabilidad y gestión del riesgo.",0.5,"Los elementos de género, contexto y justicia están integrados, pero la articulación de múltiples ejes y estructuras es parcial y no se desarrolla un análisis interseccional profundo.",2417,439
774,0.0,Solo se aborda el género como eje de análisis.,0.0,No se discuten mecanismos estructurales más allá de los roles de género.,0.0,No se contextualizan múltiples ejes de diferenciación en el análisis sociohistórico.,0.0,"El método empírico solo considera mujeres, sin operacionalizar intersecciones.",0.0,high,,0.0,No se articula una orientación explícita a la justicia interseccional.,0.0,"No se documenta agencia interseccional, solo estrategias de mujeres.",False,"El análisis se centra exclusivamente en el eje de género (mujeres) sin articularlo con otros ejes de diferenciación social como clase, etnia o raza.",0.0,No hay integración de múltiples ejes ni análisis interseccional.,1929,294
775,0.0,No se identifican ejes múltiples ni su entrelazamiento.,0.0,No se abordan estructuras de poder ni mecanismos de opresión.,0.0,No hay contextualización sociohistórica de ejes interseccionales.,0.0,No hay método que operacionalice intersecciones.,0.0,high,,0.0,No se orienta a la justicia social ni transformación de desigualdades.,0.0,No se aborda agencia ni resistencia de sujetos diferenciados.,False,"El paper revisa literatura sobre vínculos emocionales en relaciones parentofiliales, pero no articula dos o más ejes de diferenciación social relacionados entre sí.",0.0,No hay elementos interseccionales presentes para articular.,1894,278
776,1.0,"El análisis se centra en mujeres haitianas migrantes, mostrando cómo género, migración y racialización se co-constituyen en su experiencia.",1.0,Se explicita la discriminación y el racismo como estructuras que afectan la salud mental y el desempeño ocupacional.,1.0,"El contexto es situado: mujeres haitianas en la Región Metropolitana de Chile, con referencias a factores económicos, climáticos y sociales.",1.0,"El muestreo es intencional de un subgrupo interseccional (mujeres haitianas migrantes), y el análisis cualitativo explora interacciones entre ejes.",3.5,high,,0.5,"Se mencionan barreras y la necesidad de mejorar facilitadores, pero la orientación a la justicia es incipiente y no se desarrollan recomendaciones transformadoras.",0.5,"Se reconoce la motivación y estrategias para superar barreras, pero la agencia aparece de forma limitada.",True,"El estudio analiza cómo género, migración y raza (mujeres haitianas migrantes enfrentando racismo) se relacionan en la experiencia de ocio.",1.0,"El análisis articula género, migración y racismo en un marco coherente, conectando contexto, estructuras y experiencia subjetiva.",2004,387
777,0.5,"Se mencionan género y migración como ejes relevantes, pero no queda claro si se analizan como mutuamente constitutivos o solo como factores paralelos.",0.5,"Se reconoce la existencia de fuertes desigualdades de género y cambios estructurales (abandono del pastoreo, migración forzada), pero no se explicitan mecanismos estructurales en profundidad.",1.0,"El análisis se sitúa explícitamente en el contexto sociohistórico y geográfico del oasis de Merzouga, con referencia a transformaciones económicas y sociales específicas.",0.5,"El método es cualitativo y de campo, con perspectiva de género, pero no se detalla si el diseño capta interacciones entre ejes más allá de la descripción.",1.5,medium,,0.5,"Se menciona la intención de demostrar cómo los fenómenos se alimentan mutuamente y se reconoce la desigualdad, pero no se explicita una orientación transformadora o recomendaciones de justicia.",0.0,No hay evidencia en el resumen de agencia o resistencia de los sujetos; se enfatiza la vulnerabilidad y el abandono de actividades tradicionales.,True,"El paper articula género, migración y cambio climático como fenómenos interrelacionados en el contexto de Merzouga.",0.5,"Los elementos aparecen relacionados en el análisis, pero no queda claro si se integran en un marco coherente o se yuxtaponen.",1932,425
778,0.0,No se identifican ejes de diferenciación social tratados de manera entrelazada.,0.0,No se abordan estructuras de poder ni mecanismos de opresión.,0.0,"El contexto es histórico y geográfico, pero no en términos de diferenciación social interseccional.",0.0,No hay operacionalización empírica de intersecciones sociales.,0.0,high,,0.0,No hay orientación a la justicia social o ambiental desde una perspectiva interseccional.,0.0,No se documenta agencia ni resistencia de sujetos diferenciados socialmente.,False,"El paper analiza prácticas de consumo de fauna y manejo de rebaños en distintos períodos históricos, pero no articula ejes de diferenciación social (género, clase, etnia, etc.) como relacionados entre sí.",0.0,No hay elementos interseccionales presentes para articular.,2055,307
779,0.0,No trata ejes de diferenciación social.,0.0,No aborda estructuras de poder social.,0.0,No contextualiza en términos de diferenciación social.,0.0,No hay método interseccional aplicado.,0.0,high,,0.0,No hay orientación a la justicia social.,0.0,No aborda agencia o resistencia de sujetos sociales.,False,"El paper analiza relaciones entre imagen, texto y materialidad en un manuscrito, sin articular ejes de diferenciación social relacionados.",0.0,No hay elementos interseccionales a integrar.,1906,244
780,1.0,"Trata la experiencia de mujeres migrantes como una posición específica, no solo género + migración.",1.0,"Aborda mecanismos estructurales (relaciones con agencias estatales, familias, derechos humanos) y prácticas feministas.",1.0,"Contextualiza en México, con referencia a organizaciones y condiciones materiales y simbólicas situadas.",1.0,Analiza prácticas concretas de acompañamiento y estrategias diferenciadas para mujeres migrantes.,4.0,high,,1.0,Orientación explícita a la transformación y promoción de derechos y autonomía de mujeres migrantes.,1.0,Documenta agencia y estrategias de autonomía y participación de las mujeres en la definición de sus demandas.,True,"El paper analiza cómo ser mujer migrante implica necesidades y experiencias específicas, no solo suma de género y migración.",1.0,"El análisis articula identidades, estructuras, contexto, método y agencia en torno a la transformación social.",1941,316
781,1.0,"El análisis se centra en cómo ser mujer en la Sierra Norte implica una posición específica en la defensa territorial, no solo género o territorio por separado.",1.0,"Se abordan estructuras de poder como el extractivismo, el patriarcado y la colonialidad en la dinámica de los megaproyectos.",1.0,"El estudio está situado en la Sierra Norte de Puebla, con referencias a la historia local y la política de los megaproyectos.",1.0,"El método incluye entrevistas intencionales a mujeres organizadas, captando la intersección de género y territorio en la experiencia de resistencia.",4.0,high,,1.0,"El trabajo está orientado explícitamente a la justicia territorial y de género, con recomendaciones y crítica a los proyectos extractivos.",1.0,"Documenta estrategias, saberes y formas de resistencia de las mujeres, enfatizando su agencia.",True,"El paper analiza el protagonismo de mujeres en la defensa territorial frente a megaproyectos, considerando género y pertenencia indígena/local como ejes entrelazados en el contexto de extractivismo.",1.0,"Los elementos se articulan en un análisis coherente donde el poder estructural, las identidades entrelazadas y la agencia se integran en el contexto situado.",1864,389
782,0.0,,0.0,,0.0,,0.0,,0.0,high,,0.0,,0.0,,False,"El análisis se centra en el género (mujeres escritoras en un campo cultural masculino), sin articular explícitamente dos o más ejes de diferenciación social como relacionados entre sí.",0.0,,1856,193
783,1.0,"Analiza cómo ser mujer maya máasewáal implica una posición específica en la configuración de relaciones de cuidado multiespecie, no solo género + etnicidad.",0.5,"Menciona normas culturales y asignación de actividades por género, pero no teoriza mecanismos estructurales de poder más allá de lo cultural.",1.0,"Contextualiza en solares mayas de Chancah Derrepente, Quintana Roo, con referencias a historia y prácticas locales.",1.0,"El método etnográfico explora interacciones específicas entre género, cultura y relaciones multiespecie en la vida cotidiana.",3.5,high,,0.5,"Cuestiona perspectivas antropocéntricas y visibiliza desigualdades, pero la orientación a la transformación/justicia es implícita.",1.0,Reconoce agencia tanto de mujeres como de animales en la configuración de los vínculos y prácticas de cuidado.,True,"El paper articula género, cultura maya y relaciones multiespecie como ejes entrelazados en las prácticas de cuidado.",1.0,"Los elementos (género, cultura, agencia, método, contexto) se articulan coherentemente en el análisis de las prácticas de cuidado multiespecie.",1960,387
784,0.0,"Solo se aborda el género y la representación de la bruja, sin análisis de intersección con otros ejes.",0.0,No se identifican mecanismos estructurales múltiples ni su interacción.,0.0,No se sitúan hallazgos en relación a múltiples contextos sociohistóricos diferenciados.,0.0,No hay método empírico que operacionalice intersecciones.,0.0,high,,0.0,No se articula una orientación a la justicia interseccional.,0.0,No se documenta agencia desde una perspectiva interseccional.,False,"El paper se centra en el género y la figura de la bruja en la literatura feminista mexicana, pero no articula explícitamente dos o más ejes de diferenciación social como relacionados entre sí.",0.0,No hay elementos interseccionales que integrar.,1965,302
785,0.0,No se identifican ejes de diferenciación social entrelazados.,0.0,No se teoriza sobre estructuras de poder más allá de la ideología de 'populismo punitivo'.,0.0,No hay contextualización sociohistórica de identidades diferenciadas.,0.0,No hay método que operacionalice intersecciones de ejes sociales.,0.0,high,,0.0,No se orienta a la transformación de desigualdades interseccionales.,0.0,No se documenta agencia o resistencia de sujetos diferenciados.,False,"El paper analiza el tratamiento mediático de la crisis carcelaria, pero no articula dos o más ejes de diferenciación social como relacionados entre sí; se centra en la representación mediática y la omisión de voces, sin análisis interseccional de identidades.",0.0,"No aplica, ya que no hay elementos interseccionales presentes.",2012,319
786,0.0,"Solo se aborda el género, sin referencia a otros ejes.",0.0,No se mencionan estructuras de poder más allá del género.,0.0,"No hay contextualización interseccional, solo referencia a Argentina y género.",0.0,No se describe ningún método interseccional.,0.0,high,,0.0,No se explicita orientación a la justicia interseccional.,0.0,No se menciona agencia ni resistencia desde una perspectiva interseccional.,False,"El resumen solo menciona el género como eje de análisis, sin articularlo con otros ejes de diferenciación social relacionados.",0.0,No hay elementos interseccionales para articular.,1805,271
787,1.0,Analiza cómo discapacidad y sexualidad se co-constituyen en las biografías y procesos de subjetivación.,1.0,"Discute la política, derechos y justicia erótica como cuestiones estructurales, no solo individuales.",1.0,"Sitúa el análisis en Córdoba, Argentina, y en el contexto de políticas y activismo local.",1.0,Utiliza biografías y narrativas que permiten captar la intersección de discapacidad y sexualidad en la experiencia vivida.,4.0,high,,1.0,El trabajo está orientado explícitamente a la justicia erótica y la transformación política.,1.0,Reconoce agencia y procesos de subjetivación de las personas con discapacidad en torno a su sexualidad.,True,El paper articula discapacidad y sexualidad como ejes relacionados en la experiencia y subjetivación de las personas.,1.0,Los elementos se articulan coherentemente en un análisis crítico y situado de la intersección discapacidad-sexualidad-política.,2037,331
788,1.0,"El concepto de 'emic-gración' y el análisis de 'fronteras de piel, sexo y papel' sugieren una co-construcción de identidades (no aditivas) en la experiencia migrante.",1.0,"Se abordan mecanismos estructurales como el racismo, el estatismo estatal y la subalternidad, no solo rasgos individuales.",1.0,"El análisis se sitúa explícitamente en el contexto europeo, con referencia a fondos de integración y políticas migratorias específicas.",0.0,El texto es teórico-reflexivo y no operacionaliza empíricamente las intersecciones en el diseño metodológico.,3.5,high,,1.0,"El trabajo tiene una orientación explícita a la transformación y la justicia, proponiendo alternativas a dualismos clásicos y metodologías activistas.",1.0,"Se reconoce la agencia y resiliencia de los migrantes, documentando historias y estrategias propias.",True,"El paper articula al menos dos ejes (raza/racismo y sexo/género) como relacionados en la experiencia migrante, y discute cómo se entrelazan en el marco de la 'emic-gración'.",1.0,"Los elementos (identidades, poder, contexto, agencia) se articulan coherentemente en el marco de 'emic-gración' y la crítica a estructuras opresivas.",1908,407
789,0.0,No se identifican ejes de diferenciación social entrelazados.,0.0,No se abordan mecanismos estructurales de poder vinculados a identidades sociales.,0.0,"Aunque hay contexto histórico, no se vincula a interseccionalidad.",0.0,No hay operacionalización empírica de intersecciones.,0.0,high,,0.0,No se observa orientación explícita a la justicia social desde un marco interseccional.,0.0,No se documenta agencia o resistencia de sujetos en términos interseccionales.,False,"El resumen se centra en la historia territorial y ritual de Salinas Grandes, pero no articula explícitamente dos o más ejes de diferenciación social como relacionados entre sí.",0.0,No hay elementos interseccionales a integrar.,1952,294
790,0.0,No se identifican ejes de diferenciación social tratados como entrelazados.,0.0,"No se abordan estructuras de poder social (racismo, género, clase, etc.).",0.0,"El contexto es arqueológico y ecológico, no sociohistórico en términos de diferenciación social.",0.0,No hay operacionalización empírica de intersecciones sociales.,0.0,high,,0.0,No hay orientación a la justicia social o ambiental desde una perspectiva interseccional.,0.0,No se discute agencia o resistencia de sujetos diferenciados socialmente.,False,El paper no articula explícitamente dos o más ejes de diferenciación social relacionados entre sí; se centra en técnicas de procesamiento de alimentos y construcción de nichos sin analizar identidades sociales diferenciadas.,0.0,"No aplica, ya que no se abordan elementos interseccionales.",1984,311
791,1.0,Analiza cómo ser mujer negra/mestiza/ extranjera configura una posición específica bajo el discurso maternalista.,1.0,"Explora mecanismos de poder estructural (discursos médicos, disciplina social, racismo, patriarcado).",1.0,"Contextualiza en Montevideo del siglo XIX, con referencias a historia, política y actores sociales.",1.0,El análisis de fuentes históricas busca rastrear cómo los discursos afectan a subgrupos interseccionales (mujeres negras/mestizas/ extranjeras).,3.5,high,,1.0,"El análisis es crítico, orientado a desnaturalizar y problematizar la opresión y disciplinamiento de las amas de leche.",0.5,"El resumen no explicita agencia o resistencia, pero la búsqueda de 'trazas' en fuentes podría documentar estrategias; evidencia marginal.",True,"El resumen articula género, raza (negritud, mestizaje) y estatus migratorio como ejes relacionados en la experiencia de las amas de leche bajo discursos médicos y sociales.",1.0,"Los ejes de diferenciación, el poder estructural y el contexto se articulan en un análisis coherente sobre la opresión de las amas de leche.",1933,382
792,0.0,No se identifican ejes de diferenciación social entrelazados.,0.0,No se abordan estructuras de poder ni mecanismos de opresión.,0.0,"El contexto es arqueológico y geográfico, no sociohistórico en términos de diferenciación social.",0.0,No hay operacionalización de intersecciones sociales.,0.0,high,,0.0,No hay orientación a la justicia social o ambiental.,0.0,No se aborda agencia ni resistencia de sujetos diferenciados.,False,"El paper describe un enterratorio prehistórico y patrones de poblamiento, pero no articula ejes de diferenciación social (género, raza, clase, etc.) como relacionados entre sí.",0.0,No hay elementos interseccionales presentes para integrar.,2026,285
793,0.0,No se identifican ejes de diferenciación social entrelazados.,0.0,No se abordan mecanismos de poder estructural ligados a identidades sociales.,0.0,No hay análisis situado de interseccionalidad; el contexto es solo macroeconómico/político.,0.0,No hay operacionalización empírica de intersecciones sociales.,0.0,high,,0.0,No se orienta a la justicia desde una perspectiva interseccional.,0.0,No se documenta agencia/resistencia desde posiciones interseccionales.,False,"El paper analiza factores macrosociales (gasto público, crecimiento económico) y no articula ejes de diferenciación social (género, clase, raza, etc.) como relacionados entre sí.",0.0,No hay elementos interseccionales a integrar.,2002,299
794,0.5,"Analiza género y posición laboral, pero no explicita co-construcción más allá de la aditividad (mujeres en roles específicos).",1.0,Describe estructuras de dominación en el trabajo y jerarquías de género como mecanismos estructurales.,1.0,"Contextualiza históricamente (1950–1990), geográficamente (Iquique, norte de Chile) y políticamente (industrialización pesquera).",0.5,"Utiliza entrevistas y fuentes documentales para describir subgrupos y experiencias, pero no hay análisis empírico explícito de interacciones.",2.5,high,,1.0,El análisis se orienta a la transformación de las jerarquías de género y documenta procesos de cambio social.,1.0,Documenta agencia y estrategias de resistencia de las mujeres frente a estructuras dominantes.,True,El paper articula género y clase/posición laboral como ejes relacionados en la división sexual del trabajo y las jerarquías en la pesca industrial.,0.5,"Los elementos (estructura, agencia, contexto) están presentes y parcialmente conectados, pero la articulación entre ejes es más descriptiva que analítica.",1950,376
795,0.0,No se identifican ejes múltiples de diferenciación social tratados como entrelazados.,0.0,No se abordan estructuras de poder más allá de la militancia socialista.,0.0,No hay análisis de interseccionalidad situada en contexto sociohistórico de ejes múltiples.,0.0,No hay método que operacionalice intersecciones de ejes sociales.,0.0,high,,0.0,No se orienta a la justicia interseccional ni a la transformación de desigualdades múltiples.,0.0,No se documenta agencia o resistencia desde una perspectiva interseccional.,False,"El paper analiza tensiones entre periodismo y militancia socialista, pero no articula ejes de diferenciación social (género, raza, clase, etc.) como relacionados entre sí.",0.0,No hay elementos interseccionales a integrar.,1858,306
796,0.0,No se identifican ejes de diferenciación social entrelazados.,0.0,No se abordan estructuras de poder vinculadas a ejes sociales.,0.0,No hay análisis de interseccionalidad situada.,0.0,No hay operacionalización empírica de intersecciones.,0.0,high,,0.0,No se orienta explícitamente a la justicia interseccional.,0.0,No se documenta agencia diferenciada por ejes sociales.,False,"El paper analiza experiencias comunitarias y gestión de riesgo, pero no articula explícitamente dos o más ejes de diferenciación social como relacionados entre sí.",0.0,No hay elementos interseccionales a integrar.,1973,274
797,0.0,No se identifican análisis de ejes múltiples de diferenciación social.,0.0,"No se abordan estructuras de poder como racismo, género o clase.",0.0,No hay análisis interseccional situado; el contexto es étnico-comunitario pero no interseccional.,0.0,No hay operacionalización empírica de intersecciones.,0.0,high,,0.0,No se orienta a la justicia interseccional ni a la transformación de desigualdades múltiples.,0.0,No se documenta agencia en términos interseccionales.,False,"El paper se centra en prácticas colectivas y afectos en una comunidad indígena, pero no articula explícitamente dos o más ejes de diferenciación social como relacionados entre sí.",0.0,No hay elementos interseccionales a integrar.,2109,301
798,0.0,"Solo se aborda la vejez, sin entrelazar con género, clase, raza u otros ejes.",0.0,No se identifican mecanismos estructurales más allá de la representación de la vejez.,0.0,No se contextualiza la vejez en relación a otros ejes o contextos sociohistóricos específicos.,0.0,No hay operacionalización empírica de intersecciones.,0.0,high,,0.0,No se orienta explícitamente a la justicia social o transformación de desigualdades interseccionales.,0.0,No se documenta agencia ni resistencia de sujetos en posiciones interseccionales.,False,"El paper se centra exclusivamente en la vejez como eje de diferenciación, sin articularlo con otros ejes sociales relacionados.",0.0,No hay elementos interseccionales a integrar.,1808,301
799,0.0,"No se identifican análisis de ejes entrelazados (género, clase, raza, etc.).",0.0,No se abordan mecanismos estructurales de opresión interrelacionados.,0.0,No se sitúan hallazgos en un contexto sociohistórico interseccional.,0.0,No hay método empírico que operacionalice intersecciones.,0.0,high,,0.0,No se desarrolla una orientación explícita a la justicia interseccional.,0.0,No se documenta agencia o resistencia desde una perspectiva interseccional.,False,"El paper se centra en la postura autoral y la figura de la 'feminist killjoy', pero no articula explícitamente dos o más ejes de diferenciación social como relacionados entre sí.",0.0,No hay elementos interseccionales a integrar.,1985,306
800,1.0,"Explicita que los ejes (clase, raza, género, sexualidad, edad, capacidad) se entrelazan en la configuración de la desigualdad y no son sumados aditivamente.",1.0,"El análisis se sitúa en mecanismos estructurales (capitalismo, racismo, sexismo, etc.) y critica la lógica capitalista subyacente a las prácticas DE&I.",1.0,Contextualiza históricamente la emergencia de la agenda ESG/DE&I en Brasil (2020–2022) y la vincula a procesos sociohistóricos y políticos específicos.,0.5,"El método incluye codificación cualitativa y cuantitativa de hashtags y discursos, pero no se detalla un análisis empírico de interacciones entre ejes en sujetos concretos.",3.5,high,,1.0,"El artículo tiene una orientación crítica explícita, aboga por una transformación radical y ética más allá del cumplimiento simbólico de la agenda.",0.5,"Se reconoce la agencia de los promotores y sujetos en la circulación de discursos, pero la agencia de los grupos marginados aparece de forma secundaria.",True,"El paper analiza cómo la desigualdad estructural en Brasil se configura por la intersección de clase, racismo, sexismo, LGBT-fobia, edadismo y capacitismo en el contexto de la agenda DE&I.",1.0,"El análisis articula coherentemente los ejes de diferenciación, el poder estructural, el contexto y la crítica a la praxis corporativa en torno a la DE&I.",2113,449
801,0.0,No se identifican ejes de diferenciación social entrelazados.,0.0,No se abordan estructuras de poder social; el foco es económico-industrial.,0.0,No hay análisis de interseccionalidad situada; solo contexto económico.,0.0,No hay método interseccional ni operacionalización de ejes sociales.,0.0,high,,0.0,No se orienta a la justicia social ni ambiental desde una perspectiva interseccional.,0.0,No se documenta agencia ni resistencia de sujetos diferenciados.,False,"El paper analiza crisis industrial, empleo y tecnología en Tarapacá, pero no articula dos o más ejes de diferenciación social como relacionados entre sí.",0.0,No hay elementos interseccionales presentes para articular.,1969,291
802,0.0,No se mencionan ni analizan ejes de diferenciación social.,0.0,"Aunque se discuten estructuras (extractivismo, democracia), no se vinculan a ejes sociales diferenciados.",0.0,No hay análisis de interseccionalidad situada; el contexto es general.,0.0,No hay operacionalización empírica de intersecciones.,0.0,high,,0.0,No se aborda la justicia desde una perspectiva interseccional.,0.0,No se discute agencia de sujetos diferenciados.,False,"El resumen no articula explícitamente dos o más ejes de diferenciación social relacionados entre sí; se centra en estructuras y procesos generales (extractivismo, democracia) sin referencia a identidades entrelazadas.",0.0,No hay elementos interseccionales a integrar.,1895,297
803,0.0,Solo se analiza el género; no hay evidencia de tratamiento de ejes entrelazados.,0.0,No se articulan estructuras múltiples de poder más allá del género.,0.0,No se observa contextualización interseccional; solo género en un contexto local.,0.0,No hay operacionalización empírica de intersecciones.,0.0,high,,0.0,"No se conecta con justicia interseccional, solo con género.",0.0,No se evalúa agencia desde una perspectiva interseccional.,False,"El paper se centra exclusivamente en el eje de género (liderazgos femeninos) sin articularlo con otros ejes de diferenciación social como raza, clase, etnia u otros.",0.0,No hay elementos interseccionales para articular.,1899,293
804,1.0,"Explora cómo ser mujer migrante de ciertas regiones configura una posición específica en el trabajo agrícola, no solo suma de ejes.",1.0,Analiza la división sexual del trabajo y la estructura productiva/reproductiva como mecanismos estructurales que modelan las trayectorias.,1.0,"Contextualiza en Ugarteche, Mendoza, con referencia a historia migratoria y condiciones locales.",1.0,"Utiliza etnografía y biografías para captar interacciones entre género, migración y trabajo en los relatos de vida.",4.0,high,,1.0,El análisis apunta a visibilizar y transformar desigualdades estructurales en el trabajo agrícola y migratorio.,1.0,Documenta las estrategias y agencia de las mujeres en sus recorridos migratorios y laborales.,True,"El paper analiza cómo género (mujeres), origen nacional/regional (Bolivia y noroeste argentino) y trabajo agrícola se entrelazan en las trayectorias migratorias.",1.0,"Los elementos se articulan en un análisis coherente que vincula estructuras, identidades y agencia en contexto.",1886,357
805,1.0,"Analiza cómo ser mujer afrodescendiente en el Pacífico colombiano o mujer en Maharashtra implica posiciones específicas, no aditivas, en la relación con la caña y la salud menstrual.",1.0,"Explicita mecanismos estructurales: subalternización, colonialidad, agroindustria, uso de agroquímicos, y su impacto en cuerpos racializados y feminizados.",1.0,"Sitúa los casos en contextos sociohistóricos y geográficos concretos (Maharashtra, Pacífico colombiano), reconociendo diferencias transculturales y transnacionales.",0.5,"El análisis es teórico y comparativo, no empírico-operacional, pero compara explícitamente subgrupos interseccionales y sus experiencias diferenciadas.",3.5,high,,1.0,Orienta el análisis hacia la justicia socioambiental y la necesidad de acciones justas para las redes de relaciones entre cuerpos menstruantes y lo no-humano.,1.0,"Reconoce agencia: las mujeres afrodescendientes usan la caña como medicina ancestral, mostrando saberes y estrategias propias.",True,"El abstract articula género, raza (afrodescendientes), geografía (India, Colombia), y colonialidad como ejes relacionados en la experiencia menstrual y la relación con la caña de azúcar.",1.0,"Los elementos (identidades, estructuras, contexto, agencia, justicia) se articulan en un análisis coherente que conecta lo estructural, lo situado y lo relacional.",2035,438
806,1.0,"Analiza cómo género, religión y clase se co-constituyen en la formación de redes y estrategias de reproducción social.",1.0,Explora cómo las estructuras religiosas y la posición social condicionan los intercambios y estrategias familiares.,1.0,"El análisis está situado en Malvinas Argentinas, Córdoba, con atención al contexto local de pobreza y religiosidad.",1.0,"El estudio de caso permite observar interacciones entre género, religión y clase en la construcción de redes.",4.0,high,,1.0,El trabajo se orienta a comprender y potencialmente transformar las desigualdades en contextos de pobreza y género.,1.0,Documenta la agencia de las mujeres en la construcción de redes y estrategias de sostenibilidad.,True,"El paper articula género, religión y posición socioeconómica como condicionantes interrelacionados de las redes de intercambio.",1.0,Los elementos se articulan en un análisis coherente sobre cómo las estructuras y posiciones sociales configuran la agencia femenina en contextos específicos.,1859,337
807,0.0,No se identifican ejes múltiples de diferenciación social tratados como entrelazados.,0.0,No se abordan mecanismos estructurales de poder.,0.0,No se sitúan hallazgos en términos de ejes sociales diferenciados.,0.0,No hay operacionalización empírica de intersecciones.,0.0,high,,0.0,No se orienta explícitamente a la transformación de desigualdades interseccionales.,0.0,No se documenta agencia diferenciada por ejes sociales.,False,"El paper analiza el arraigo barrial y los cuidados durante la pandemia, pero no articula dos o más ejes de diferenciación social como relacionados entre sí.",0.0,No hay elementos interseccionales a integrar.,2006,285
808,0.0,No se mencionan ejes de diferenciación social.,0.0,No se abordan estructuras de poder.,0.0,No hay contextualización sociohistórica relevante.,0.0,No hay método interseccional ni análisis empírico de ejes.,0.0,high,,0.0,No se orienta a la justicia ni transformación de desigualdades.,0.0,No se aborda agencia ni resistencia de sujetos.,False,"El resumen solo describe actividades educativas y de investigación del departamento, sin articular ejes de diferenciación social relacionados.",0.0,No hay elementos interseccionales presentes.,1938,254
809,0.0,No se identifican ejes sociales diferenciados ni su relación.,0.0,No se abordan estructuras de poder ni mecanismos de opresión.,0.0,"El contexto es paleoambiental y cronológico, no sociohistórico en términos de diferenciación social.",0.0,No hay operacionalización de intersecciones sociales.,0.0,high,,0.0,No hay orientación a la justicia social o ambiental desde una perspectiva interseccional.,0.0,No se aborda la agencia o resistencia de sujetos diferenciados socialmente.,False,"El paper analiza patrones de ocupación espacial prehispánica desde una perspectiva geoarqueológica, sin articular ejes de diferenciación social como género, clase, etnia o similares.",0.0,No hay elementos interseccionales presentes para integrar.,1986,292
810,0.0,No se identifican análisis de identidades entrelazadas; la inclusión es mencionada en términos generales.,0.0,No se abordan mecanismos estructurales de opresión vinculados a ejes sociales.,0.0,No se sitúan hallazgos en términos de interseccionalidad sociohistórica.,0.0,No hay operacionalización empírica de intersecciones entre ejes sociales.,0.0,high,,0.0,No se desarrolla una orientación explícita a la justicia interseccional.,0.0,No se documenta agencia desde una perspectiva interseccional.,False,"El paper analiza activismo entre partidos y movimientos sociales, y la inclusión de grupos históricamente excluidos, pero no articula explícitamente dos o más ejes de diferenciación social como relacionados entre sí.",0.0,No hay elementos interseccionales a integrar.,2138,310
811,0.0,No se abordan ejes de diferenciación social.,0.0,No se discuten estructuras de poder ni mecanismos de opresión.,0.0,"El contexto es arqueológico y ambiental, no sociohistórico en términos de diferenciación social.",0.0,No hay operacionalización de intersecciones sociales.,0.0,high,,0.0,No hay orientación a la justicia social o ambiental desde una perspectiva interseccional.,0.0,No se aborda la agencia o resistencia de sujetos diferenciados socialmente.,False,"El paper se centra en la identificación de especies vegetales usadas como combustible en un sitio arqueológico, sin articular ejes de diferenciación social ni relaciones entre ellos.",0.0,No hay elementos interseccionales presentes para integrar.,2046,284
812,0.5,"Menciona género y raza como ejes relevantes, pero no queda claro si los analiza como mutuamente constitutivos o solo aditivos.",1.0,"Refiere explícitamente a opresiones estructurales (capitalismo, racismo, patriarcado, colonialismo) en el escenario digital.",0.5,"Sitúa el análisis en América Latina y el Caribe, pero el contexto sociohistórico parece general.",0.0,No se describe un método empírico ni operacionalización de intersecciones.,2.0,medium,,1.0,"El objetivo es transformar/desarrollar una Internet feminista, antirracista y decolonial; orientación explícita a la justicia.",1.0,"Menciona acciones y pensamientos de sujetos colectivos (movimientos, hackerismo feminista), reconociendo agencia.",True,"El abstract discute opresiones múltiples sobre vidas racializadas y generizadas en el contexto socio-tecnológico, y mapea acciones feministas, antirracistas y decoloniales.",0.5,"Los elementos críticos y de justicia están presentes y parcialmente articulados, pero la integración analítica entre ejes no es completamente clara.",1944,372
813,0.0,No se identifican ejes múltiples ni su relación.,0.0,No se abordan estructuras de poder diferenciadas.,0.0,No hay análisis interseccional situado.,0.0,No hay método interseccional.,0.0,high,,0.0,No se orienta a la justicia interseccional.,0.0,No se documenta agencia diferenciada.,False,"El resumen no articula dos o más ejes de diferenciación social relacionados entre sí; se centra en la discontinuidad escolar sin referencia a género, clase, etnia u otros ejes.",0.0,No hay elementos interseccionales a integrar.,1895,262
814,0.0,No se abordan identidades entrelazadas.,0.0,No se discuten estructuras de poder vinculadas a ejes sociales.,0.0,"El contexto es disciplinar, no sociohistórico en términos de diferenciación social.",0.0,No hay operacionalización de intersecciones sociales.,0.0,high,,0.0,No hay orientación a la justicia social desde una perspectiva interseccional.,0.0,No se aborda agencia o resistencia de sujetos diferenciados socialmente.,False,"El paper analiza la formación histórica de psicólogos y la bibliografía utilizada, pero no articula ejes de diferenciación social (género, raza, clase, etc.) como relacionados entre sí.",0.0,"No aplica, ya que no se articula ningún eje de diferenciación social.",1936,291
815,0.0,No se identifican ejes entrelazados; solo movilidad/migración.,0.0,No se explicitan mecanismos estructurales de opresión diferenciados.,0.0,No se sitúan hallazgos en contextos sociohistóricos específicos.,0.0,No hay método empírico ni operacionalización de intersecciones.,0.0,high,,0.0,"Aunque menciona justicia, no desarrolla una praxis transformadora interseccional.",0.0,No se documenta agencia o resistencia de sujetos diferenciados.,False,"El resumen solo menciona movilidad y justicia migrante/climática, sin articular explícitamente dos o más ejes de diferenciación social como relacionados entre sí.",0.0,No hay elementos interseccionales a integrar.,1910,286
816,1.0,"Analiza cómo género y clase se co-constituyen en las posiciones de 'machos' y 'brujas', no como sumas aditivas sino como posiciones relacionales específicas.",1.0,Explicita mecanismos estructurales: el sistema de producción impone la masculinidad obrera y la relegación femenina al espacio reproductivo.,1.0,"Sitúa el análisis en Comodoro Rivadavia, Patagonia argentina, y conecta con procesos históricos (caza de brujas, disciplinamiento laboral).",0.5,"El método parece principalmente teórico/analítico, sin evidencia de operacionalización empírica de intersecciones, pero sí análisis relacional.",3.0,medium,,0.5,"Problematiza críticamente las desigualdades y roles de género/clase, pero no se observa una orientación explícita a la transformación o recomendaciones.",0.5,"Reconoce agencia en la construcción de posiciones de género, pero la evidencia de resistencia o estrategias propias es limitada en el resumen.",True,El paper articula género y clase como ejes relacionados en la construcción de la masculinidad obrera y la feminidad doméstica en el contexto petrolero.,1.0,"Los elementos (género, clase, poder estructural, contexto) se articulan en un análisis coherente sobre la organización del trabajo y la reproducción.",1937,408
817,0.0,No se identifican ejes de diferenciación social entrelazados.,0.0,No se abordan estructuras de poder vinculadas a ejes sociales.,0.0,"El contexto es cultural y generacional, pero no se sitúan ejes interseccionales.",0.0,No hay método que operacionalice intersecciones de ejes sociales.,0.0,high,,0.0,No se orienta a la transformación de desigualdades interseccionales.,0.0,No se documenta agencia ni resistencia desde posiciones interseccionales.,False,"El paper analiza la relación entre autoficción, documental en primera persona y memoria colectiva, pero no articula explícitamente dos o más ejes de diferenciación social como relacionados entre sí.",0.0,"No aplica, ya que no se identifican elementos interseccionales.",1962,300
818,0.0,"Solo aborda el género, sin tratarlo en relación con otros ejes.",0.0,"No articula estructuras múltiples de poder, solo la subordinación de las mujeres.",0.0,"No hay contextualización interseccional, solo referencia a la historia escolar chilena.",0.0,No hay método que operacionalice intersecciones.,0.0,high,,0.0,"El foco es descriptivo y de inclusión de mujeres, sin orientación explícita a la justicia interseccional.",0.0,"Las mujeres son representadas como pasivas y secundarias, sin agencia documentada.",False,El paper se centra exclusivamente en el eje de género (mujeres) sin articularlo con otros ejes de diferenciación social relacionados entre sí.,0.0,No hay elementos interseccionales a integrar.,1949,295
819,0.0,Solo se menciona el eje de género/mujeres.,0.0,No se articulan mecanismos estructurales más allá de referencias generales a ecofeminismo.,0.0,"No se contextualizan intersecciones en historia, geografía o política específica de ejes múltiples.",0.0,No hay método que operacionalice intersecciones de ejes sociales.,0.0,high,,0.0,No se desarrolla una orientación a la justicia interseccional.,0.0,No se documenta agencia o resistencia desde una perspectiva interseccional.,False,"El abstract solo articula género/mujeres y ambiente, sin relacionar explícitamente dos o más ejes de diferenciación social (como raza, clase, etnia, etc.) entre sí.",0.0,No hay elementos interseccionales a integrar.,1959,298
820,0.5,"Se abordan género e identidad/interculturalidad, pero parece tratarse más como dimensiones yuxtapuestas que como mutuamente constitutivas.",1.0,Se discute la estructura heteropatriarcal y el androcentrismo como mecanismos estructurales que configuran el currículo.,1.0,El análisis compara dos contextos nacionales específicos (Ecuador y España) y sitúa los hallazgos en sus historias y políticas particulares.,0.0,No se describe un método empírico que operacionalice intersecciones; el análisis es teórico y comparativo.,2.0,medium,,1.0,"El trabajo está orientado a la transformación educativa y la prevención de violencia de género, con recomendaciones explícitas.",0.5,"Se reconoce la agencia en la formulación de políticas y modelos educativos, pero no se documentan estrategias de resistencia de sujetos concretos.",True,"El abstract menciona explícitamente el análisis de género e interculturalidad/identidad como ejes relacionados en el currículo, y referencia un análisis interseccional.",0.5,"Los elementos (género, interculturalidad, poder estructural, contexto) están presentes y parcialmente conectados, pero no se integran plenamente en un análisis interseccional coherente.",2018,390
821,0.0,No hay tratamiento de ejes de diferenciación social.,0.0,No se abordan estructuras de poder social.,0.0,No hay contextualización sociohistórica de ejes sociales.,0.0,No hay método para operacionalizar intersecciones.,0.0,high,,0.0,No hay orientación a la justicia social desde una perspectiva interseccional.,0.0,No se aborda agencia ni resistencia de sujetos diferenciados.,False,"El paper no articula dos o más ejes de diferenciación social relacionados entre sí; se centra en la construcción mediática de Milei y la figura del 'patán político' en TikTok, sin análisis interseccional de identidades sociales.",0.0,"No aplica, ya que no hay elementos interseccionales presentes.",2001,289
822,0.0,Solo se menciona movilidad como eje.,0.0,No se articulan mecanismos estructurales entre ejes diferenciados.,0.0,No se observa contextualización interseccional.,0.0,No hay método interseccional operativo.,0.0,high,,0.0,No se menciona orientación a la justicia interseccional.,0.0,No se documenta agencia diferenciada.,False,"El resumen solo menciona movilidad/(in)movilidad como eje de estratificación, sin articular explícitamente dos o más ejes de diferenciación social relacionados entre sí.",0.0,No hay elementos interseccionales a integrar.,1928,263
823,0.0,"Solo se aborda el género/sexo, sin tratarlo en relación con otros ejes.",0.0,"El análisis se centra en el patriarcado y el sexismo, pero no articula estructuras múltiples o interseccionales.",0.0,No se contextualizan múltiples ejes ni se reconoce la interseccionalidad situada.,0.0,"El método solo operacionaliza el género/sexo, sin diseño interseccional.",0.0,high,,0.0,"Aunque hay orientación a la justicia de género, no se aborda la justicia interseccional.",0.0,"No se documenta agencia interseccional, solo experiencias de género.",False,"El estudio analiza el sexismo lingüístico y la perspectiva de género en la enseñanza, pero solo articula el eje de género (y sexo) sin relacionarlo con otros ejes de diferenciación social.",0.0,No hay integración de ejes múltiples ni análisis interseccional.,1983,323
824,0.0,No se identifican ejes de diferenciación social tratados de forma entrelazada.,0.0,No se abordan estructuras de poder ni mecanismos de opresión social.,0.0,"El contexto es arqueológico y ambiental, no sociohistórico en términos de diferenciación social.",0.0,No hay operacionalización empírica de intersecciones sociales.,0.0,high,,0.0,No hay orientación a la justicia social o ambiental desde una perspectiva interseccional.,0.0,No se discute agencia o resistencia en términos de sujetos diferenciados socialmente.,False,"El paper analiza procesos de colonización y aprendizaje ambiental en grupos humanos prehistóricos, pero no articula ejes de diferenciación social (género, raza, clase, etc.) como relacionados entre sí.",0.0,No hay elementos interseccionales presentes para articular.,1934,305
825,1.0,"Trata la identidad de 'mujeres rurales' como una posición específica, no solo suma de género y ruralidad.",1.0,"Aborda mecanismos estructurales como la defensa del territorio, economía solidaria y políticas públicas.",1.0,"Contextualiza en movimientos concretos (MIQCB en Brasil, UTT en Argentina) y sus historias políticas.",1.0,"El método cualitativo (entrevistas a lideresas) permite captar interacciones entre género, ruralidad y clase.",4.0,high,,1.0,El foco está en la transformación del sistema alimentario y la incidencia política para la justicia social.,1.0,Documenta estrategias de resistencia y agencia de las mujeres en la defensa de sus territorios y prácticas.,True,"El paper analiza experiencias de mujeres rurales en dos movimientos, articulando género, ruralidad y clase en estrategias de resistencia y acción política.",1.0,"Los elementos se articulan en un análisis coherente de poder, identidad, contexto y praxis transformadora.",1898,335
826,0.0,No analiza identidades entrelazadas; se enfoca en la identidad Mapuche de manera general.,0.0,No teoriza mecanismos de poder estructural; el foco está en epistemologías y transmisión de conocimiento.,0.0,No sitúa hallazgos en términos de relaciones de poder sociohistóricas; el contexto es cultural y educativo.,0.0,No hay operacionalización empírica de intersecciones; el método es cualitativo-descriptivo sobre fuentes de conocimiento.,0.0,high,,0.0,No hay orientación explícita a la transformación de desigualdades sociales; el foco es descriptivo.,0.0,No se documenta agencia en términos de resistencia a opresiones interseccionales.,False,"El paper se centra en fuentes de conocimiento Mapuche (naturaleza, lengua, abuelos) para la educación intercultural, pero no articula explícitamente dos o más ejes de diferenciación social como relacionados entre sí.",0.0,No hay elementos interseccionales a integrar.,2047,339
827,0.0,No se identifican ejes de diferenciación social entrelazados.,0.0,No se abordan estructuras de poder social.,0.0,No se sitúan hallazgos en contextos sociohistóricos de opresión interseccional.,0.0,No hay método empírico ni operacionalización de intersecciones.,0.0,high,,0.0,No hay orientación a la justicia social o crítica de desigualdades.,0.0,No se documenta agencia ni resistencia de sujetos o grupos oprimidos.,False,"El paper analiza textos poéticos medievales sobre la separación de Leonor y Carlos, pero no articula ejes de diferenciación social relacionados entre sí.",0.0,"No aplica, ya que no se cumplen los criterios de entrada.",2074,287
828,1.0,Se enfatiza la 'naturaleza multiplicativa' de las desigualdades y se usan interacciones para captar posiciones interseccionales.,0.5,"Se mencionan desigualdades sociales y determinantes estructurales, pero la teorización de mecanismos estructurales es limitada.",0.5,"El contexto es Argentina urbana en 2009, pero la contextualización sociohistórica es superficial.",1.0,Se incorporan interacciones entre variables en los modelos estadísticos para captar interseccionalidad.,2.0,high,,0.5,"Se menciona la importancia de considerar la interseccionalidad para abordar desigualdades, pero la orientación a la justicia es limitada.",0.0,No se documenta agencia ni estrategias de los sujetos; el foco es en desigualdades estructurales.,True,"El paper analiza cómo diferentes determinantes sociales, geográficos y demográficos interactúan en la desigualdad en la actividad física, e incorpora interacciones en los modelos.",0.5,"La integración es parcial: el análisis estadístico conecta ejes y desigualdades, pero la articulación teórica y contextual es limitada.",1938,369
829,0.0,Solo se aborda el eje de género en relación a prácticas textiles.,0.0,No se articulan estructuras múltiples de poder más allá del género.,0.0,No se analiza la interseccionalidad situada de varios ejes.,0.0,No hay operacionalización empírica de intersecciones.,0.0,high,,0.0,"No se conecta con justicia interseccional, solo con género.",0.0,"No se documenta agencia interseccional, solo desde el género.",False,"El artículo analiza género y prácticas textiles, pero solo articula el eje de género; otros ejes (raza, clase, etnia, etc.) no se relacionan explícitamente entre sí.",0.0,No hay integración de múltiples ejes de diferenciación social.,1936,289
830,0.0,No se identifican ejes de diferenciación social entrelazados.,0.0,No se abordan estructuras de poder ni mecanismos de opresión.,0.0,"El contexto es arqueológico y ecológico, no sociohistórico en términos de diferenciación social.",0.0,No hay operacionalización de intersecciones sociales.,0.0,high,,0.0,No hay orientación a la justicia social o ambiental.,0.0,No se aborda agencia ni resistencia de sujetos diferenciados socialmente.,False,"El paper describe el uso diferencial de moluscos por cazadores-recolectores, pero no articula dos o más ejes de diferenciación social relacionados entre sí.",0.0,No hay elementos interseccionales a integrar.,2004,281
831,1.0,"Se explora cómo ser mujer Aymara futbolista constituye una posición específica, no solo suma de género y etnicidad.",1.0,Discute estructuras de poder vinculadas a género y etnicidad en el deporte y la migración.,1.0,Contextualiza históricamente el fútbol femenino andino en Tarapacá y las dinámicas migratorias translocales.,1.0,"Utiliza etnografía multi-situada y análisis de trayectorias que capturan intersecciones de género, etnicidad y migración.",4.0,high,,1.0,El análisis se orienta a visibilizar y transformar desigualdades en el acceso y reconocimiento deportivo de mujeres indígenas.,1.0,Documenta agencia y trayectorias de resistencia de las jugadoras Aymara.,True,"El paper analiza la práctica futbolística de mujeres Aymara, articulando género, etnicidad y migración como ejes relacionados en un contexto intercultural.",1.0,"Los elementos se articulan coherentemente: el análisis de poder estructural, identidades entrelazadas y agencia se integra en el contexto sociohistórico y metodológico.",1877,368
832,0.5,"Identifica que ser joven y negra/parda/indígena implica mayor riesgo, pero trata los ejes de forma aditiva/descriptiva, no como posiciones co-constituidas.",0.5,"Menciona desigualdades estructurales (regionales, raciales), pero no teoriza mecanismos de poder ni estructuras como racismo o patriarcado.",0.5,"Contextualiza por regiones y estados, pero el análisis sociohistórico es superficial y no discute la no-universalidad de los patrones.",0.0,"El método es descriptivo y aditivo: analiza edad y raza/etnia por separado, sin operacionalizar interacciones ni subgrupos interseccionales.",1.0,high,,0.5,"Menciona la vulnerabilidad y desigualdad, pero no desarrolla una orientación explícita a la justicia ni recomendaciones transformadoras.",0.0,"Las mujeres aparecen solo como víctimas de violencia, sin documentar agencia, resistencia o saberes propios.",True,"El estudio analiza la violencia letal contra mujeres según edad y raza/etnia, articulando ambos ejes en la descripción de vulnerabilidad.",0.5,"Los elementos (edad, raza, región) se presentan juntos pero no se articulan en un análisis interseccional coherente.",2055,399
833,0.0,No se identifican ejes múltiples de diferenciación social entrelazados.,0.0,No se abordan mecanismos estructurales de poder más allá de la condición migrante.,0.0,No hay análisis interseccional situado; el contexto es migratorio pero no interseccional.,0.0,No hay operacionalización empírica de intersecciones entre ejes sociales.,0.0,high,,0.0,No se observa orientación explícita a la justicia interseccional.,0.0,No se documenta agencia diferenciada por ejes interseccionales.,False,"El paper se centra en migrantes recientes y sus prácticas de movilidad, pero no articula explícitamente dos o más ejes de diferenciación social relacionados entre sí (como género, raza, clase, etc.), sino que trata a los migrantes como un grupo general.",0.0,No hay elementos interseccionales a integrar.,2023,319
834,0.0,No se abordan identidades sociales ni ejes de diferenciación.,0.0,No se discuten estructuras de poder ni mecanismos sociales.,0.0,"El contexto es arqueológico y ecológico, no sociohistórico en términos de diferenciación social.",0.0,No hay operacionalización de intersecciones sociales.,0.0,high,,0.0,No hay orientación a la justicia social o ambiental desde una perspectiva interseccional.,0.0,No se aborda agencia o resistencia de sujetos sociales.,False,El paper se centra en análisis zooarqueológicos y paleoecológicos sin articular ejes de diferenciación social ni relaciones entre ellos.,0.0,No hay elementos interseccionales presentes para integrar.,2049,275
835,0.0,Solo se analiza género; no hay entrelazamiento de ejes.,0.0,"No se abordan mecanismos estructurales, solo diferencias de género.",0.0,No se contextualizan los resultados en historia o política específica.,0.0,"El método solo compara género, sin operacionalización interseccional.",0.0,high,,0.0,No hay orientación explícita a la justicia o transformación.,0.0,No se documenta agencia o resistencia de los sujetos.,False,"El estudio compara hogares con jefatura femenina y masculina, pero solo articula género como eje de diferenciación, sin relacionarlo con otros ejes sociales.",0.0,No hay elementos interseccionales para articular.,1872,275
836,0.0,No se identifican ejes de diferenciación social entrelazados.,0.0,No se abordan estructuras de poder ni mecanismos de opresión.,0.0,No se sitúan los hallazgos en un contexto sociohistórico de diferenciación.,0.0,No hay operacionalización empírica de intersecciones sociales.,0.0,high,,0.0,No se orienta explícitamente a la transformación de desigualdades interseccionales.,0.0,No se documenta agencia en términos de resistencia a opresiones interseccionales.,False,El paper analiza experiencias de aprendizaje en medios comunitarios pero no articula dos o más ejes de diferenciación social como relacionados entre sí.,0.0,"No aplica, ya que no hay elementos interseccionales presentes.",1908,292
837,1.0,"Analiza cómo ser mujer, trabajadora doméstica y racializada conforma posiciones específicas en la articulación entre movimientos (no solo suma de ejes).",1.0,"Discute estructuras como el racismo, el patriarcado y la precarización laboral, y cómo estas configuran la posición de las trabajadoras del hogar.",1.0,"Sitúa los casos en contextos nacionales y políticos concretos (Chile, Honduras, España) y reconoce la especificidad de cada proceso.",1.0,Utiliza entrevistas y observación para captar experiencias interseccionales y procesos de articulación entre identidades y movimientos.,4.0,high,,1.0,"El análisis está orientado a la transformación social y política, identificando factores para la integración y fortalecimiento de luchas colectivas.",1.0,Documenta agencia y estrategias de resistencia de las trabajadoras domésticas y su rol activo en la construcción de agendas feministas.,True,"El paper articula género, clase y racialización (mujeres, feminismos negros, trabajo doméstico, identidades feminizadas) como ejes relacionados en la experiencia de las trabajadoras del hogar y su activismo.",1.0,"Los elementos se articulan en un análisis coherente que vincula estructuras, identidades, contexto, método y praxis transformadora.",1988,396
838,1.0,"Explicita que las desigualdades y la movilización se estructuran en la intersección de clase, raza, género y etnicidad, no como sumas aditivas.",1.0,"Analiza mecanismos estructurales como colonialismo, racismo, capitalismo y su rol en la producción de desigualdades.",1.0,"Sitúa el análisis en regiones específicas de Colombia (Atrato y Urabá), con referencia a procesos históricos y legales concretos (Ley 70/1993).",0.5,"Propone un esquema analítico complejo y aplica categorías interseccionales, pero no queda claro si el método empírico operacionaliza interacciones más allá del análisis teórico.",3.5,high,,1.0,"Conecta el análisis con la justicia social y territorial, y discute la movilización social como respuesta a las desigualdades.",1.0,Reconoce la agencia a través de la movilización social y la expansión de derechos territoriales.,True,"El paper analiza cómo clase, raza, género y etnicidad se intersectan y estructuran tanto desigualdades como movilización social en el caso colombiano.",1.0,"El análisis articula estructuras, identidades entrelazadas, contexto histórico y agencia en un marco coherente.",1960,392
839,1.0,"Se refiere a 'mujeres migrantes' como una posición específica, no solo suma de género y migración.",1.0,"Habla de efectos desiguales estructurales y de las respuestas estatales, no solo de características individuales.",1.0,"Contextualiza en el área segregada de San Martín, Buenos Aires, y en la coyuntura de la pandemia.",1.0,"Utiliza investigación-acción participativa y entrevistas focalizadas en mujeres migrantes, captando intersecciones.",4.0,high,,1.0,El análisis se orienta a la transformación y visibilización de estrategias de cuidado y redes comunitarias.,1.0,Documenta agencia y estrategias de resistencia/colectivas de las mujeres migrantes.,True,El abstract analiza los efectos desiguales de la pandemia en mujeres migrantes desde una perspectiva interseccional y examina estrategias comunitarias de cuidado.,1.0,"El análisis articula identidades, estructuras, contexto, método y agencia en torno a la justicia y el cuidado.",1909,340
840,0.0,No se identifican ejes múltiples de diferenciación social tratados como entrelazados.,0.0,No se operacionalizan mecanismos de poder estructural ligados a identidades sociales diferenciadas.,0.0,No hay análisis situado de intersecciones de ejes sociales en contexto sociohistórico.,0.0,No hay método que capte interacciones entre ejes sociales.,0.0,high,,0.0,No se orienta a la transformación de desigualdades interseccionales.,0.0,No se documenta agencia o resistencia de sujetos diferenciados por múltiples ejes.,False,"El paper analiza la exclusión social y la precariedad urbana en relación con la mercantilización de la naturaleza, pero no articula explícitamente dos o más ejes de diferenciación social como relacionados entre sí.",0.0,No hay elementos interseccionales a integrar.,1986,306
841,0.0,Solo se aborda el eje de género.,0.0,No se articula poder estructural más allá del género.,0.0,No hay evidencia de contextualización interseccional.,0.0,No hay método interseccional.,0.0,high,,0.0,No se observa orientación a la justicia interseccional.,0.0,No se documenta agencia desde una perspectiva interseccional.,False,"El abstract solo menciona el eje de género y políticas asociadas, sin articular género con otros ejes de diferenciación social como raza, clase, etnia, etc.",0.0,No hay elementos interseccionales para integrar.,1874,265
842,0.0,Solo se menciona el eje de género/mujeres.,0.0,No se abordan estructuras de poder más allá de la referencia general al feminismo.,0.0,No se contextualizan hallazgos en términos sociohistóricos o geográficos específicos.,0.0,No hay método empírico interseccional ni operacionalización de interacciones.,0.0,high,,0.0,No se explicita una orientación a la justicia más allá de la mención del movimiento feminista.,0.0,No se documenta agencia o resistencia de sujetos más allá de la referencia general al movimiento.,False,El resumen solo menciona género/mujeres y no articula otros ejes de diferenciación social relacionados entre sí.,0.0,No hay elementos interseccionales presentes para integrar.,1865,291
843,0.0,"Solo se aborda la pobreza/marginalización, sin análisis de ejes entrelazados.",0.0,No se discuten mecanismos estructurales más allá de la pobreza.,0.0,No hay contextualización interseccional; el foco es local pero no en múltiples ejes.,0.0,No hay operacionalización de intersecciones; solo se estudia un eje.,0.0,high,,0.0,No se articula una orientación a la justicia interseccional.,0.0,No se documenta agencia diferenciada por múltiples ejes.,False,"El estudio se centra en pobreza urbana y marginalización, pero no articula explícitamente dos o más ejes de diferenciación social como relacionados entre sí.",0.0,No hay elementos interseccionales a integrar.,1928,292
844,0.0,No se identifican análisis de identidades entrelazadas.,0.0,No se abordan mecanismos estructurales de opresión.,0.0,No se sitúan hallazgos en términos de interseccionalidad contextual.,0.0,No hay método que operacionalice intersecciones.,0.0,high,,0.0,No se conecta el análisis con justicia interseccional.,0.0,No se documenta agencia desde una perspectiva interseccional.,False,"El paper analiza los efectos políticos de dos leyes impulsadas por movimientos sociales, pero no articula dos o más ejes de diferenciación social como relacionados entre sí.",0.0,No hay elementos interseccionales a integrar.,2010,275
845,0.0,No se identifican análisis de identidades entrelazadas.,0.0,No se teoriza sobre mecanismos estructurales de opresión entre ejes diferenciados.,0.0,No hay análisis interseccional situado; el contexto es histórico pero no interseccional.,0.0,No hay método que operacionalice intersecciones de ejes sociales.,0.0,high,,0.0,No se orienta a la justicia interseccional ni a la transformación de desigualdades entre ejes.,0.0,No se documenta agencia diferenciada por posiciones interseccionales.,False,"El paper analiza el rol de un sacerdote y organizaciones locales durante la chilenización, pero no articula explícitamente dos o más ejes de diferenciación social como relacionados entre sí.",0.0,No hay elementos interseccionales a integrar.,1932,304
846,0.0,No se identifican ejes de diferenciación social entrelazados.,0.0,No se abordan estructuras de poder vinculadas a ejes sociales diferenciados.,0.0,No se sitúan hallazgos en torno a intersecciones de ejes sociales.,0.0,No hay operacionalización empírica de intersecciones sociales.,0.0,high,,0.0,No se conecta el análisis con justicia social desde una perspectiva interseccional.,0.0,No se documenta agencia diferenciada según ejes sociales.,False,"El paper se centra en la relación humano-pez y en dinámicas sociales generales, pero no articula explícitamente dos o más ejes de diferenciación social (como género, raza, clase, etc.) como relacionados entre sí.",0.0,No hay elementos interseccionales a integrar.,2105,302
847,1.0,Explora cómo ser mujer joven/estudiante en Chile configura una posición específica en la lucha por educación no sexista y no lucrativa.,1.0,"Aborda explícitamente estructuras como el patriarcado y el capitalismo educativo, y cómo se enfrentan mediante prácticas contrahegemónicas.",1.0,"Contextualiza en la historia reciente de Valdivia, Chile (2006-2018), situando las luchas en procesos políticos y sociales locales.",1.0,"El análisis se basa en trayectorias militantes y prácticas interseccionales, no solo en variables paralelas.",4.0,high,,1.0,"El objetivo es transformar la educación hacia la justicia de género y social, con orientación explícita a la justicia.",1.0,Documenta agencia y resistencia de las estudiantes feministas como sujetas activas en la transformación social.,True,"El paper analiza la articulación entre feminismo (género) y movimiento estudiantil (clase/juventud) en prácticas contrahegemónicas, mostrando relación entre ejes.",1.0,Los elementos se articulan en un análisis coherente: las estructuras de poder explican las identidades entrelazadas y las prácticas de resistencia en su contexto.,1881,379
848,0.0,No analiza identidades entrelazadas; solo menciona migración y género como temas de publicaciones.,0.0,No teoriza mecanismos de poder estructural; el foco es bibliométrico/editorial.,0.0,"No sitúa hallazgos en contexto sociohistórico de sujetos, sino en el sistema editorial.",0.0,No hay método empírico sobre intersecciones; es un mapeo de publicaciones.,0.0,high,,0.0,No hay orientación a la justicia social o transformación de desigualdades.,0.0,No aborda agencia o resistencia de sujetos; el foco es la producción académica.,False,"Aunque menciona 'intersecciones entre migración y género', el análisis se centra en la producción científica y criterios editoriales, sin articular cómo los ejes de diferenciación social se relacionan entre sí en los sujetos estudiados.",0.0,No hay elementos interseccionales sustantivos a integrar.,2040,324
849,0.0,No se identifican análisis de ejes de diferenciación social.,0.0,No se abordan estructuras de poder vinculadas a identidades sociales.,0.0,No hay contextualización de intersecciones sociales.,0.0,No hay método para operacionalizar intersecciones.,0.0,high,,0.0,No se orienta a la justicia desde una perspectiva interseccional.,0.0,No se documenta agencia de sujetos diferenciados socialmente.,False,"El paper no articula dos o más ejes de diferenciación social relacionados entre sí; se centra en el derecho a la comunicación y los modelos mediáticos en la gestión del riesgo, sin analizar identidades sociales entrelazadas.",0.0,No hay elementos interseccionales a integrar.,2028,286
850,0.0,"Solo se analiza el eje migratorio/cultural, sin entrelazar con otros ejes como género, clase, etc.",0.0,No se abordan mecanismos estructurales más allá de percepciones docentes.,0.0,No se sitúa el análisis en una historia o política específica de múltiples ejes.,0.0,No hay operacionalización empírica de intersecciones entre ejes.,0.0,high,,0.0,"El foco es descriptivo sobre percepciones, sin orientación explícita a la justicia.",0.0,"No se documenta agencia de los sujetos, solo percepciones docentes.",False,El paper solo articula el eje de origen migrante/cultural y no relaciona explícitamente dos o más ejes de diferenciación social como mutuamente constitutivos.,0.0,No hay integración de múltiples ejes ni de los elementos interseccionales.,1972,312
851,0.5,"Se mencionan múltiples ejes (género, diversidad sexual, etc.) y su interacción en coaliciones, pero el análisis se centra en la integración organizacional más que en identidades co-constitutivas.",0.5,"Se discuten estructuras de poder en términos de agendas de derechos y movimientos sociales, pero no se profundiza en mecanismos estructurales específicos (racismo, patriarcado, etc.).",1.0,El análisis está situado en el contexto sociohistórico y político de Uruguay durante el gobierno progresista (2005-2020).,0.5,"El método (análisis de redes) permite observar interacciones entre organizaciones de distintos ejes, pero no operacionaliza intersecciones identitarias a nivel individual.",2.0,medium,,1.0,"El trabajo está orientado a la transformación social y política, analizando el impacto de la perspectiva interseccional en la efectividad de las coaliciones y cambios legales.",1.0,Las organizaciones sociales son presentadas como agentes activos que promueven cambios y estrategias colectivas.,True,"El paper analiza cómo organizaciones de diferentes ejes (género, diversidad sexual, raza, etc.) interactúan y forman coaliciones en torno a la agenda de nuevos derechos en Uruguay.",0.5,"Los elementos de contexto, agencia y orientación a la justicia están integrados, pero la articulación entre identidades entrelazadas y poder estructural es parcial y más centrada en lo organizacional.",2077,436
852,1.0,"Trata la experiencia de 'mujeres migrantes' como una posición específica, no solo suma de mujer + migrante.",1.0,"Aborda la 'alta vulnerabilidad social', la ausencia del Estado y la segregación territorial como estructuras que configuran la experiencia.",1.0,"Contextualiza en el Gran Buenos Aires, en barrios populares, durante la pandemia, con referencia a historia migratoria y segregación.",1.0,"El método es investigación-acción participativa, con foco en redes interseccionales de mujeres migrantes; analiza estrategias colectivas específicas.",4.0,high,,1.0,"El análisis está orientado a la transformación social y la justicia, mostrando cómo las redes de cuidado suplen vacíos estructurales.",1.0,Documenta agencia y saberes de las mujeres migrantes en la creación de redes y estrategias de cuidado.,True,El paper analiza cómo el género (mujeres) y el estatus migratorio se entrelazan en las estrategias de cuidado comunitario frente al COVID19.,1.0,"El análisis articula género, migración, poder estructural, contexto y agencia en una narrativa coherente sobre cuidado comunitario.",1949,369
853,0.0,"Solo se analiza diversidad funcional, no se entrelazan ejes como género, clase, raza, etc.",0.0,"El foco está en representaciones y discursos, no en mecanismos estructurales de opresión múltiples.",0.0,"El contexto es la ficción televisiva, sin análisis sociohistórico situado de intersecciones.",0.0,No hay método empírico que operacionalice intersecciones entre ejes sociales.,0.0,high,,0.0,"El trabajo reivindica la sexualidad de personas con discapacidad, pero no articula una praxis interseccional orientada a la justicia entre ejes.",0.0,"Se reconoce agencia en el personaje, pero no en clave interseccional.",False,"El análisis se centra en la diversidad funcional/capacitismo y sexualidad, pero no articula explícitamente dos o más ejes de diferenciación social como relacionados entre sí; la relación es entre discapacidad y deseo, no entre ejes sociales entrelazados.",0.0,No hay integración de múltiples ejes de diferenciación social.,1990,346
854,0.0,"Solo se aborda el eje migratorio/étnico y la precariedad económica, sin análisis de co-construcción de identidades.",0.0,No se teoriza explícitamente sobre mecanismos estructurales de poder más allá de la mención de la crisis económica.,0.0,No hay contextualización sociohistórica de múltiples ejes de diferenciación.,0.0,No hay operacionalización empírica de intersecciones entre ejes sociales.,0.0,high,,0.0,No se articula una orientación explícita a la justicia social o transformación de desigualdades interseccionales.,0.0,No se documenta agencia o resistencia desde una perspectiva interseccional.,False,"El paper se centra en inmigrantes en Galicia y su asociacionismo, pero solo articula el eje migratorio/étnico y la precariedad económica, sin analizar cómo estos ejes se relacionan mutuamente o con otros (género, raza, etc.).",0.0,No hay integración de múltiples ejes de diferenciación social.,1970,344
855,0.0,No se identifican ejes de diferenciación social.,0.0,No se abordan estructuras de poder ni mecanismos de opresión.,0.0,No hay contextualización sociohistórica de desigualdades.,0.0,No hay método para operacionalizar intersecciones sociales.,0.0,high,,0.0,No se orienta a la justicia social ni a la transformación de desigualdades.,0.0,No se aborda agencia ni resistencia de sujetos diferenciados.,False,"El paper no articula ejes de diferenciación social relacionados; se centra en gobernanza y gestión municipal sin referencia a género, raza, clase u otros ejes sociales.",0.0,No hay elementos interseccionales presentes para integrar.,1932,276
856,0.5,"Analiza género y migración, pero los trata principalmente como sumas (mujeres retornadas) más que como posiciones co-constituidas.",1.0,"Utiliza teoría crítica de la reproducción social y discute mecanismos estructurales (precarización, ciudadanía, protección social).",1.0,"Contextualiza en Colombia 2020-2021, con referencia a historia migratoria y políticas nacionales.",0.5,El análisis empírico describe subgrupos (mujeres retornadas) pero no modela interacciones entre género y otros ejes.,2.0,high,,1.0,Orienta explícitamente a la transformación de la protección social y la ciudadanía desde una perspectiva feminista crítica.,0.5,"Reconoce el rol activo de las mujeres como jefas de hogar y cuidadoras, pero la agencia aparece de modo limitado.",True,El paper articula género y estatus migratorio como ejes relacionados en la experiencia de mujeres retornadas.,0.5,"Integra poder estructural, contexto y orientación a la justicia, pero la articulación entre género y migración es parcial.",1956,364
857,0.5,"Menciona indígenas y pobres urbanos, pero no analiza cómo estas identidades se co-constituyen; los trata como grupos diferenciados afectados por estructuras.",1.0,El análisis se centra en estructuras como el capitalismo y el colonialismo como mecanismos de producción de riesgo y desigualdad.,1.0,"Sitúa el análisis en Chile y América Latina, con referencia a historia y política regional (neoliberalismo, post-colonialismo).",0.0,No hay evidencia de método empírico ni operacionalización de intersecciones; es un análisis conceptual.,2.0,high,,1.0,"El trabajo está explícitamente orientado a la transformación y justicia, proponiendo un futuro justo y equitativo y abordando injusticias sistémicas.",0.5,"Menciona empoderamiento y resiliencia comunitaria, pero no documenta agencia o estrategias concretas de los sujetos.",True,"El abstract articula post-colonialismo, capitalismo, ejes de marginalización (pueblos indígenas, pobres urbanos) como relacionados en la producción de riesgo y desigualdad.",0.5,"Los elementos estructurales y de justicia están integrados, pero la articulación entre identidades y estructuras es parcial y no se operacionaliza empíricamente.",2040,391
858,0.0,No se abordan ejes de identidad social entrelazados.,0.0,"No se discuten estructuras de poder social como racismo, patriarcado, etc.",0.0,No hay análisis de interseccionalidad situada; el contexto es político-ideológico.,0.0,No hay método interseccional ni operacionalización de ejes sociales.,0.0,high,,0.0,No se orienta a la justicia social desde una perspectiva interseccional.,0.0,No se aborda agencia o resistencia de sujetos en términos de ejes sociales entrelazados.,False,"El paper analiza representaciones políticas entre católicos y radicales, pero no articula ejes de diferenciación social como género, raza, clase, etc., en relación entre sí.",0.0,No hay elementos interseccionales a integrar.,1929,303
859,1.0,"Analiza cómo la racialización, la migración y la territorialidad se co-construyen en los discursos mediáticos.",1.0,"Explicita mecanismos estructurales de estigmatización territorial y racialización mediática, vinculados a discursos de autoridades.",1.0,"Sitúa el análisis en el contexto chileno 2016-2021, con referencia a ciudades específicas y coyuntura COVID-19.",0.5,"El análisis es cualitativo-descriptivo de discursos, identifica solapamientos pero no operacionaliza empíricamente interacciones entre ejes.",2.0,high,,0.5,"Problematiza la estigmatización y sus efectos, pero la orientación a la transformación o justicia es implícita y no desarrollada.",0.0,No se documenta agencia o resistencia de los sujetos migrantes; el foco está en la representación mediática.,True,"El paper articula raza (afrodescendencia), migración y territorio como ejes relacionados en la construcción mediática y la estigmatización.",0.5,"Los elementos de racialización, migración y territorio se articulan en el análisis discursivo, pero la integración con agencia o praxis transformadora es limitada.",1979,385
860,0.0,No se abordan identidades sociales entrelazadas.,0.0,No se discuten estructuras de opresión vinculadas a ejes sociales.,0.0,El contexto es sociohistórico pero no en clave de interseccionalidad.,0.0,No hay operacionalización de intersecciones sociales.,0.0,high,,0.0,No hay orientación a la justicia social desde una perspectiva interseccional.,0.0,No se aborda agencia o resistencia de sujetos en términos de ejes sociales entrelazados.,False,"El paper analiza poder mediático y notoriedad periodística en los años 90 en Argentina, sin articular ejes de diferenciación social como género, raza, clase, etc., relacionados entre sí.",0.0,"No aplica, ya que no hay elementos interseccionales presentes.",2067,298
861,1.0,"Analiza cómo ser mujer rural implica una posición específica, no solo suma de género y ruralidad.",1.0,Explora mecanismos estructurales como la heteronormatividad y el acceso a recursos en la opresión de los cuerpos.,1.0,"Contextualiza en el Valle de Aconcagua, con referencias a territorios, historia y política local.",1.0,"Utiliza etnografía, historias de vida y observación participante para captar interacciones entre ejes.",4.0,high,,1.0,"El foco está en resistencias y transformación de desigualdades, no solo en la descripción.",1.0,Documenta resistencias y agencia de las mujeres rurales frente a las opresiones.,True,"El paper articula género, ruralidad y heteronormatividad como ejes relacionados en la experiencia corporal de mujeres rurales.",1.0,"Los elementos se articulan en un análisis coherente donde el poder estructural, las identidades y la agencia se entrelazan en el contexto situado.",1899,337
862,0.0,"Solo se aborda género, sin entrelazar con otros ejes.",0.0,No se abordan estructuras múltiples de poder más allá de estereotipos de género.,0.0,No hay contextualización sociohistórica interseccional.,0.0,No hay método interseccional; solo enfoque de género.,0.0,high,,0.0,La orientación a la justicia es solo en términos de género.,0.0,No se documenta agencia interseccional.,False,"El paper solo articula el eje de género; otros ejes de diferenciación social (raza, clase, etnia, etc.) no son mencionados ni relacionados.",0.0,No hay elementos interseccionales para articular.,2008,280
863,0.0,,0.0,,0.0,,0.0,,0.0,high,,0.0,,0.0,,False,"El resumen solo aborda la vejez y la subjetividad, sin articular dos o más ejes de diferenciación social relacionados entre sí.",0.0,,1850,183
864,0.0,"No se identifican ejes entrelazados (género, clase, raza, etc.) en el análisis.",0.0,No se abordan estructuras de poder social; el foco es ético-jurídico general.,0.0,No hay contextualización sociohistórica de sujetos diferenciados.,0.0,No hay método empírico ni operacionalización de intersecciones.,0.0,high,,0.0,No se observa orientación a la justicia interseccional.,0.0,No se documenta agencia ni resistencia de sujetos diferenciados.,False,"El resumen solo menciona derechos reproductivos, dignidad y valores generales, sin articular dos o más ejes de diferenciación social relacionados entre sí.",0.0,No hay elementos interseccionales a integrar.,1909,290
865,0.5,"Se abordan género y clase, pero no queda claro si se analizan como mutuamente constitutivos o solo como dimensiones paralelas.",0.5,"El enfoque en historia social y clase sugiere atención a estructuras, pero no se explicitan mecanismos estructurales en el resumen.",1.0,El análisis se sitúa explícitamente en la historia reciente argentina y en la clase trabajadora.,0.0,No se describe un método empírico que operacionalice intersecciones; parece una revisión teórica.,1.0,medium,,0.5,"El interés en el rol de las mujeres y en dimensiones aún no exploradas sugiere una orientación crítica, pero no se explicita una praxis transformadora.",0.0,No hay mención de agencia o resistencia de los sujetos; el foco parece estar en el análisis estructural.,True,"El resumen indica que el artículo revisa contribuciones que vinculan clase y género en la historia de la clase trabajadora argentina, considerando específicamente el rol de las mujeres.",0.5,"Se articulan género y clase en el contexto histórico, pero no se evidencia una integración profunda de todos los elementos interseccionales.",1851,373
866,1.0,Explicita que la injusticia de género se experimenta de manera diferente cuando intersectan otras formas de opresión como nacionalidad o clase social.,1.0,"Se refiere a opresiones estructurales (género, migración, clase) y utiliza marcos teóricos críticos (interseccionalidad, teoría del reconocimiento).",1.0,"Contextualiza en Santiago, en trabajos masculinizados, y reconoce la especificidad de la experiencia migrante latinoamericana.",1.0,"El método cualitativo (entrevistas en profundidad) se centra en mujeres migrantes en trabajos masculinizados, captando la intersección de ejes.",4.0,high,,1.0,"El foco es la justicia de género y el reconocimiento, con orientación explícita a la transformación de desigualdades.",1.0,Documenta herramientas de resistencia generadas por las propias mujeres migrantes.,True,"El abstract analiza cómo el género, la migración (nacionalidad) y la clase social se entrecruzan en la experiencia de mujeres migrantes en trabajos masculinizados.",1.0,"El análisis articula los ejes de diferenciación, el poder estructural, el contexto y la agencia en un marco coherente.",1957,382
867,0.0,No analiza ejes sociales entrelazados; se refiere a ideologías políticas.,0.0,No articula mecanismos de poder estructural ligados a identidades sociales.,0.0,No sitúa hallazgos en contextos sociohistóricos de ejes sociales diferenciados.,0.0,No hay método empírico sobre intersecciones de ejes sociales.,0.0,high,,0.0,No conecta con justicia social desde una perspectiva de interseccionalidad social.,0.0,No documenta agencia o resistencia de sujetos en posiciones interseccionales.,False,"El paper usa 'interseccionalidad' para describir la convergencia de ideologías políticas (izquierda/derecha), no para articular ejes de diferenciación social como género, raza, clase, etc. en relación mutua.",0.0,No hay elementos interseccionales sustantivos a integrar.,2041,316
868,0.0,Solo se analiza género; no hay tratamiento de ejes entrelazados.,0.0,No se abordan estructuras más allá del sexismo/género; sin análisis de mecanismos estructurales complejos.,0.0,No hay contextualización sociohistórica de múltiples ejes; solo referencia a legislación y currículo nacional.,0.0,El método solo busca menciones de género; no hay operacionalización de intersecciones.,0.0,high,,0.0,"Aunque hay orientación a la igualdad de género, no se conecta con justicia interseccional.",0.0,No se documenta agencia o resistencia de sujetos diferenciados.,False,El estudio solo articula el eje de género (igualdad entre hombres y mujeres) sin relacionarlo con otros ejes de diferenciación social.,0.0,No hay elementos interseccionales a integrar.,2107,303
869,0.0,No se identifican ejes de diferenciación social entrelazados.,0.0,No se abordan mecanismos estructurales de poder ligados a ejes sociales diferenciados.,0.0,No se sitúan hallazgos en torno a interseccionalidad en contexto sociohistórico diferenciado.,0.0,No hay método que operacionalice intersecciones de ejes sociales.,0.0,high,,0.0,No se orienta a la transformación de desigualdades interseccionales.,0.0,No se documenta agencia o resistencia de sujetos en clave interseccional.,False,"El paper analiza repertorios identitarios (latinoamericanismo, antiimperialismo) pero no articula explícitamente dos o más ejes de diferenciación social como relacionados entre sí.",0.0,No hay elementos interseccionales a integrar.,2096,306
870,1.0,"Analiza cómo ser mujer, bruja, partera y racializada se co-constituyen en la posición social de los personajes.",1.0,"Se abordan mecanismos estructurales de opresión (criminalización, sanción social, racismo, patriarcado, colonialidad).",1.0,El análisis se sitúa en contextos latinoamericanos específicos y reconoce la historia y política de la criminalización del aborto.,1.0,"El método literario permite explorar la intersección de identidades y opresiones en los personajes, no de forma aditiva.",4.0,high,,1.0,"El trabajo se orienta explícitamente a la justicia y resistencia, analizando la sororidad y la agencia frente a la opresión.",1.0,"Se documentan estrategias de resistencia y agencia de las protagonistas (clandestinidad, sororidad, desafío al poder).",True,"El resumen articula género, clase y raza como dimensiones opresivas interrelacionadas en la experiencia de las protagonistas.",1.0,"Los elementos se articulan en un análisis coherente donde las estructuras de poder, identidades y agencia se entrelazan en el contexto literario y social.",2003,372
871,1.0,"Analiza cómo género, clase y origen se entrelazan en la experiencia de las cuidadoras, no solo como sumatoria.",1.0,Se refiere a la fragilidad estructural de los sistemas públicos de cuidados y la necesidad de políticas estructurales.,1.0,"Contextualiza en España, durante y después de la pandemia, con referencia a historia y política de los cuidados.",1.0,"Utiliza entrevistas y focus groups con cuidadoras de diversos orígenes y clases, permitiendo análisis interseccional empírico.",4.0,high,,1.0,Orienta explícitamente a la transformación de las desigualdades y la redistribución justa del cuidado.,1.0,Destaca el rol activo de las redes comunitarias y la agencia de las cuidadoras.,True,"El abstract articula género, clase y origen como ejes relacionados en la profundización de desigualdades en el trabajo de cuidados durante la pandemia.",1.0,"Los elementos se articulan en un análisis coherente que vincula estructuras, identidades y praxis en contexto.",1922,346
872,0.0,No analiza identidades entrelazadas ni posiciones interseccionales.,0.0,No teoriza mecanismos de poder estructural vinculados a ejes sociales.,0.0,No sitúa hallazgos en contextos sociohistóricos específicos respecto a intersecciones.,0.0,No hay método empírico que operacionalice intersecciones.,0.0,high,,0.0,No se orienta a la transformación de desigualdades interseccionales.,0.0,No documenta agencia ni resistencia de sujetos interseccionales.,False,El paper es una revisión general de la literatura antropológica sobre cambio climático y no articula explícitamente dos o más ejes de diferenciación social como relacionados entre sí.,0.0,No hay elementos interseccionales a integrar.,1959,290
873,0.0,No se identifican ejes de diferenciación social entrelazados.,0.0,No se abordan estructuras de poder vinculadas a ejes sociales.,0.0,No hay referencia a contextos sociohistóricos de diferenciación social.,0.0,No se operacionalizan intersecciones de ejes sociales.,0.0,high,,0.0,No se orienta a la justicia social ni a la transformación de desigualdades interseccionales.,0.0,No se documenta agencia ni resistencia de sujetos diferenciados socialmente.,False,"El resumen no articula ejes de diferenciación social relacionados entre sí; se centra en la administración de justicia y el Estado sin referencia a género, clase, raza u otros ejes.",0.0,No hay elementos interseccionales a integrar.,1883,293
874,1.0,Explora cómo las identidades (trans)feministas y LGBTIQ+ se co-construyen en prácticas culturales y políticas.,1.0,Analiza tensiones y negociaciones con estructuras como el Estado y normas socioculturales.,1.0,"Sitúa el análisis en contextos específicos (Argentina y España, COVID-19) y reconoce la historicidad de las prácticas.",1.0,"Utiliza métodos cualitativos para captar interacciones entre identidades, prácticas y estructuras en experiencias concretas.",4.0,high,,1.0,El trabajo se orienta explícitamente a la resistencia y transformación de prácticas y derechos en clave de justicia social.,1.0,"Documenta estrategias de resistencia, negociación y resignificación por parte de los sujetos colectivos.",True,"El paper analiza experiencias (trans)feministas, abordando género y disidencias sexuales en diálogo con prácticas culturales y contextos sociopolíticos.",1.0,"Los elementos se articulan en un análisis coherente que vincula identidades, estructuras, contexto, método y praxis.",1995,346
875,0.0,No se abordan identidades sociales ni sus interrelaciones.,0.0,No se discuten estructuras de poder ni mecanismos de opresión.,0.0,"El contexto es arqueológico y geográfico, pero no sociohistórico en términos de diferenciación social.",0.0,"El método es composicional/material, sin operacionalización de intersecciones sociales.",0.0,high,,0.0,No hay orientación a la justicia social ni análisis crítico de desigualdades.,0.0,No se aborda agencia ni resistencia de sujetos sociales.,False,"El paper analiza interacción entre regiones (Puna y valles) a partir de cerámica, pero no articula ejes de diferenciación social (género, clase, etnia, etc.) como relacionados entre sí.",0.0,No hay elementos interseccionales presentes para articular.,1899,300
876,0.0,No analiza ejes de diferenciación social entrelazados.,0.0,No teoriza mecanismos estructurales de poder vinculados a identidades sociales.,0.0,No sitúa hallazgos en contextos sociohistóricos de diferenciación social.,0.0,No hay operacionalización empírica de intersecciones sociales.,0.0,high,,0.0,No se orienta explícitamente a la transformación de desigualdades interseccionales.,0.0,No documenta agencia o resistencia de sujetos en posiciones interseccionales.,False,"El paper discute performatividad y performance en relación al cuerpo y comunicación, con referencia a feminismos y movimientos LGBTQI+, pero no articula explícitamente dos o más ejes de diferenciación social como relacionados entre sí.",0.0,No aplica elementos interseccionales sustantivos.,1927,304
877,0.5,"Trata género y territorialidad como factores relevantes, pero no analiza explícitamente su co-construcción; la instrumentalización de la mujer se menciona, pero no se profundiza en posiciones interseccionales específicas.",1.0,"Se abordan estructuras como el patriarcado, la exclusión política y la instrumentalización estatal, y se discuten mecanismos de poder en la implementación de políticas.",1.0,"El análisis está situado en el contexto histórico-político de Colombia post-acuerdo de paz, con referencias a la territorialidad y la historia del conflicto armado.",0.0,"El método es documental y discursivo, sin operacionalización empírica de intersecciones ni análisis de subgrupos interseccionales.",2.0,high,,1.0,"El trabajo está orientado explícitamente a la transformación y justicia, proponiendo la integración activa de mujeres como agentes políticos y ambientales.",1.0,"Reconoce y promueve la agencia de las mujeres como líderes comunitarias y defensoras ambientales, más allá de la victimización.",True,El paper articula género y exclusión territorial como ejes relacionados en el contexto del conflicto socioambiental y armado en Colombia.,0.5,"Los elementos de poder estructural, contexto y agencia están articulados, pero la relación entre los ejes de diferenciación no se desarrolla plenamente de forma interseccional.",2037,409
878,1.0,"Analiza cómo género, clase y origen geográfico se co-constituyen en las trayectorias educativas y laborales.",1.0,"Cuestiona la idea de 'elección' y atribuye desigualdades a factores estructurales como el sexismo, la segregación de género y las restricciones socioeconómicas.",1.0,"Sitúa el análisis en la Región de La Araucanía, Chile, y discute factores históricos y contextuales específicos.",1.0,"El muestreo cualitativo intencional compara mujeres en sectores feminizados y masculinizados, captando intersecciones en la experiencia.",4.0,high,,1.0,"El trabajo es crítico con las estructuras que limitan las trayectorias y cuestiona la reproducción de mandatos de género, orientado a la transformación.",1.0,"Documenta agencia en la elección de especialidad y en desafiar mandatos de género, así como estrategias frente a la discriminación.",True,"El resumen afirma que clase, género, origen geográfico y otras variables se intersectan para condicionar las trayectorias de las mujeres.",1.0,"Los elementos se articulan en un análisis coherente donde las estructuras explican las posiciones interseccionales y las trayectorias, integrando contexto, agencia y crítica.",2005,394
879,0.0,Solo se menciona género como eje de análisis.,0.0,No se abordan mecanismos estructurales más allá del género.,0.0,No se contextualizan múltiples ejes de diferenciación en un marco sociohistórico.,0.0,No hay operacionalización empírica de intersecciones.,0.0,high,,0.0,No se articula una orientación a la justicia interseccional.,0.0,No se documenta agencia ni resistencia de sujetos interseccionales.,False,"El análisis se centra exclusivamente en la incorporación de la perspectiva de género en acuerdos y agendas, sin articular género con otros ejes de diferenciación social de manera relacionada.",0.0,No hay elementos interseccionales a integrar.,1925,279
880,0.0,No se identifican ejes de diferenciación social entrelazados.,0.0,No se abordan estructuras de poder vinculadas a ejes sociales.,0.0,No se sitúan hallazgos en torno a ejes sociales en contexto sociohistórico.,0.0,No hay operacionalización empírica de intersecciones sociales.,0.0,high,,0.0,No se orienta a la transformación de desigualdades sociales interseccionales.,0.0,No se documenta agencia de sujetos diferenciados socialmente.,False,"El paper articula intersecciones entre naturaleza, capital y deseo, pero no entre dos o más ejes de diferenciación social (como género, raza, clase, etc.) relacionados entre sí.",0.0,No hay elementos interseccionales sociales a integrar.,2002,296
881,0.0,Solo se aborda el género como eje de análisis.,0.0,No se articulan estructuras múltiples de poder más allá del patriarcado/género.,0.0,No hay análisis interseccional situado; el contexto es relevante pero no se cruzan ejes.,0.0,No hay operacionalización empírica de intersecciones.,0.0,high,,0.0,No se aborda la justicia desde una perspectiva interseccional.,0.0,"No se documenta agencia interseccional, solo experiencias de mujeres como grupo.",False,El paper se centra exclusivamente en el eje de género (violencia de género en la universidad) sin articularlo con otros ejes de diferenciación social.,0.0,No hay elementos interseccionales a integrar.,1986,288
882,0.0,"Solo diferencia entre tipos de conocimiento, no entre identidades sociales entrelazadas.",0.0,No analiza mecanismos estructurales de opresión o poder social.,0.0,No sitúa hallazgos en términos de ejes sociales diferenciados.,0.0,No hay operacionalización de intersecciones sociales.,0.0,high,,0.0,No hay orientación explícita a la justicia social desde una perspectiva interseccional.,0.0,No documenta agencia o resistencia de sujetos diferenciados por ejes sociales.,False,"El paper compara conocimiento científico y mapuche-pehuenche, pero no articula dos o más ejes de diferenciación social relacionados entre sí (como género, clase, raza, etc.).",0.0,No hay elementos interseccionales a integrar.,1928,291
883,1.0,"Trata la vejez de mujeres indígenas como una posición específica, no suma de mujer + indígena; analiza trayectorias vitales entrelazadas.",1.0,"Enfatiza barreras estructurales: pobreza, discriminación étnica y de género, exclusión educativa y laboral.",1.0,"Contextualiza en historia de vida, urbanización, y políticas de exclusión en México.",1.0,"El método narrativo analiza trayectorias interseccionales, no solo variables paralelas.",3.5,high,,1.0,"El análisis se orienta a visibilizar y transformar desigualdades estructurales, con crítica explícita.",0.5,"Se centra en desventajas y exclusión, pero el enfoque narrativo puede dar espacio a agencia, aunque no es central.",True,"El paper analiza cómo género e indigeneidad se entrelazan en la vida de mujeres indígenas mayores, en relación con pobreza y discriminación estructural.",1.0,"Los elementos (identidades, estructuras, contexto, método) se articulan coherentemente en el análisis de trayectorias vitales.",1929,360
884,1.0,"Analiza cómo ser mujer inmigrante/retornada en el negocio familiar configura posiciones específicas, no solo suma de ejes.",0.5,"Menciona estructuras como acceso diferencial a ciudadanía y desigualdad de género, pero no teoriza mecanismos estructurales en profundidad.",1.0,"Contextualiza en Galicia, con referencia a migración latinoamericana y retornados, y efectos de políticas locales.",1.0,"Muestreo intencional de subgrupos interseccionales (mujeres, retornados, inmigrantes) y análisis cualitativo de sus experiencias cruzadas.",2.5,high,,0.5,"Discute implicaciones de justicia (invisibilidad del trabajo femenino, integración social), pero no desarrolla recomendaciones transformadoras.",1.0,Documenta estrategias y agencia de mujeres y familias en la gestión del negocio y la movilidad social.,True,"El paper articula género, estatus migratorio (inmigrantes vs retornados), y familia como ejes relacionados en la experiencia empresarial.",0.5,"Los elementos interseccionales están presentes y parcialmente articulados, pero la conexión entre estructuras y agencia podría ser más explícita.",1970,370
885,0.0,Solo se aborda el género como eje de análisis.,0.0,No se articulan múltiples estructuras de opresión entrelazadas; el foco es la reproducción de desigualdades de género.,0.0,No hay análisis interseccional situado; el contexto es relevante pero solo para el eje de género.,0.0,No se operacionalizan intersecciones entre ejes; solo género.,0.0,high,,0.0,"La orientación a la justicia es desde el género, no desde una perspectiva interseccional.",0.0,"No se documenta agencia interseccional, solo en términos de género.",False,"El análisis se centra exclusivamente en el eje de género, sin articularlo con otros ejes de diferenciación social como clase, raza, etnia o edad.",0.0,No hay integración de múltiples ejes de diferenciación social.,1925,306
886,0.0,No se abordan identidades sociales ni sus interrelaciones.,0.0,No se discuten estructuras de poder social.,0.0,"El contexto es literario e histórico, no sociohistórico en términos de diferenciación social.",0.0,No hay método empírico sobre intersecciones sociales.,0.0,high,,0.0,No hay orientación a la justicia social o ambiental.,0.0,No se aborda agencia ni resistencia de sujetos sociales.,False,"El paper se centra en la historia literaria y de manuscritos de un libro de caballerías, sin articular ejes de diferenciación social relacionados entre sí.",0.0,"No aplica, ya que no hay elementos interseccionales presentes.",1910,277
887,0.0,No se analizan identidades sociales entrelazadas.,0.0,No se abordan estructuras de poder ni mecanismos de opresión.,0.0,"El contexto es arqueológico, no sociohistórico en términos de diferenciación social.",0.0,No hay operacionalización de intersecciones sociales en el método.,0.0,high,,0.0,No hay orientación a la justicia social o ambiental.,0.0,No se discute agencia o resistencia de sujetos sociales.,False,"El paper no articula ejes de diferenciación social relacionados; se centra en análisis bioarqueológicos y tafonómicos sin discutir género, edad, clase, etnia u otros ejes como constitutivos o relacionados.",0.0,No hay elementos interseccionales presentes para integrar.,2277,288
888,0.0,No se identifican ejes específicos ni su entrelazamiento.,0.0,No se abordan mecanismos estructurales de poder.,0.0,No se sitúa en un contexto sociohistórico específico respecto a ejes de diferenciación.,0.0,No hay operacionalización empírica de intersecciones.,0.0,high,,0.0,No se conecta explícitamente con justicia social desde una perspectiva interseccional.,0.0,No se documenta agencia ni resistencia de sujetos diferenciados.,False,"El paper menciona 'diversidad' y 'exclusión social', pero no articula dos o más ejes de diferenciación social como relacionados entre sí; trata la diversidad de forma general.",0.0,No hay elementos interseccionales a integrar.,1944,290
889,0.0,Solo se menciona indigeneidad como eje.,0.0,No se explicitan mecanismos estructurales más allá de la mención de desigualdad.,0.0,No se sitúa el análisis en un contexto sociohistórico específico.,0.0,No hay información sobre método interseccional.,0.0,high,,0.0,No se desarrolla una orientación a la justicia más allá de la mención de injusticia ambiental.,0.0,No se documenta agencia o resistencia de los sujetos.,False,"El abstract solo articula la vulnerabilidad de los pueblos indígenas como grupo, sin relacionar explícitamente dos o más ejes de diferenciación social entre sí.",0.0,No hay elementos interseccionales a integrar.,1853,279
890,1.0,Se analiza la violencia de género y la discriminación étnico-racial como experiencias entrelazadas en las biografías de mujeres Aymara.,1.0,"El análisis se sitúa en estructuras de género y racismo, y se menciona explícitamente la perspectiva decolonial.",1.0,"El estudio se sitúa en el norte chileno, con atención a momentos históricos y contextos sociopolíticos específicos.",1.0,El método de historias de vida y análisis de narrativas intergeneracionales permite captar la interacción entre género y etnicidad.,4.0,high,,1.0,"El trabajo busca visibilizar opresiones y resistencias, y se orienta a la transformación y justicia social.",1.0,"Se documentan tensiones, agencias y resistencias individuales y colectivas de las mujeres narradoras.",True,"El paper analiza cómo género y etnicidad (Aymara) se entrelazan en las experiencias de violencia y discriminación, desde una perspectiva interseccional y decolonial.",1.0,"Los elementos de identidad, poder, contexto, método, justicia y agencia se articulan coherentemente en el análisis de las narrativas.",1986,372
891,0.0,No se identifican ejes de diferenciación social tratados como entrelazados.,0.0,No hay discusión sobre estructuras de poder o mecanismos de opresión.,0.0,No se sitúan los hallazgos en un contexto sociohistórico de diferenciación social.,0.0,No hay método que operacionalice intersecciones sociales.,0.0,high,,0.0,No se orienta a la justicia social ni se conecta con desigualdades estructurales.,0.0,No se aborda la agencia o resistencia de sujetos diferenciados socialmente.,False,"El paper no articula dos o más ejes de diferenciación social relacionados entre sí; se enfoca en intervenciones generales de seguridad vial sin análisis de género, clase, etnia u otros ejes sociales.",0.0,No hay elementos interseccionales presentes para integrar.,1985,302
892,0.0,No analiza identidades entrelazadas ni ejes sociales.,0.0,No aborda mecanismos de poder estructural vinculados a identidades sociales.,0.0,No sitúa hallazgos en contextos sociohistóricos de ejes interseccionales.,0.0,No hay método empírico ni operacionalización de intersecciones.,0.0,high,,0.0,No se orienta a la transformación de desigualdades interseccionales.,0.0,No aborda agencia o resistencia de sujetos interseccionales.,False,"El paper se centra en la conceptualización de etiquetas para movimientos 'pro-vida/pro-familia', sin articular ejes de diferenciación social relacionados entre sí.",0.0,No aplica elementos interseccionales.,2013,286
893,0.0,No se abordan identidades sociales ni sus interrelaciones.,0.0,No se discuten estructuras de poder ni mecanismos de opresión.,0.0,No se sitúan hallazgos en términos de diferenciación social contextualizada.,0.0,No hay operacionalización de intersecciones sociales.,0.0,high,,0.0,No hay orientación a la justicia social o ambiental desde una perspectiva interseccional.,0.0,No se aborda agencia ni resistencia de sujetos diferenciados socialmente.,False,"El paper no articula ejes de diferenciación social (género, clase, etnia, etc.) relacionados entre sí; se centra en relaciones entre personas y plantas.",0.0,No hay elementos interseccionales a integrar.,2033,282
894,0.0,No analiza identidades entrelazadas; clase y género se mencionan pero no se co-construyen.,0.0,No se explicitan mecanismos estructurales de poder; el foco está en prácticas y cambios económicos.,0.0,"Aunque hay contexto histórico, no se vincula a la interseccionalidad de los ejes.",0.0,No hay método que operacionalice intersecciones; los ejes se abordan por separado.,0.0,high,,0.0,No hay orientación explícita a la justicia o transformación de desigualdades.,0.0,No se documenta agencia o resistencia desde una perspectiva interseccional.,False,"Aunque menciona clase y género, no articula cómo se relacionan entre sí; los ejes aparecen como dimensiones separadas en el análisis del ciclo pesquero.",0.0,No hay integración de ejes ni de los elementos interseccionales.,1924,317
895,0.5,"Se abordan raza y masculinidades, pero la relación entre ambas es más mencionada que analizada en profundidad; los propios sujetos no perciben la intersección.",0.5,"Se menciona la Ley Maria da Penha y se alude a estructuras de género y raza, pero sin un análisis detallado de mecanismos estructurales.",0.5,"El contexto legal y racial brasileño está presente, pero el análisis sociohistórico es superficial.",0.5,"El muestreo distingue entre hombres negros y blancos, pero el análisis de intersección es limitado y descriptivo.",1.0,medium,,0.5,"Se mencionan implicaciones para intervenciones y la importancia de considerar contradicciones, pero la orientación a la justicia es incipiente.",0.0,No se documenta agencia o resistencia de los sujetos; se enfocan en la negación y percepción de la violencia.,True,"El estudio analiza cómo raza y masculinidades se relacionan en la experiencia de hombres perpetradores de violencia, no solo como variables separadas.",0.5,Los elementos interseccionales están presentes pero no se articulan plenamente en el análisis.,1971,373
896,1.0,"Explora cómo ser mujer comerciante en distintas etapas vitales implica posiciones específicas, no solo suma de género y edad.",0.5,"Menciona la reproducción de roles de género y tensiones estructurales, pero no teoriza mecanismos de poder más allá de la familia y el género.",1.0,Contextualiza en el espacio trinacional Perú-Bolivia-Chile y en trayectorias generacionales e históricas.,1.0,El método biográfico y el uso de diagramas visualizan trayectorias interseccionales de género y ciclo de vida.,3.5,high,,0.5,"Señala tensiones entre autonomía económica y roles tradicionales, pero la orientación a la justicia es implícita.",1.0,"Documenta estrategias adaptativas y transmisión de saberes, mostrando agencia de las mujeres.",True,"El paper analiza cómo género y ciclo de vida (edad/generación) se entrelazan en las experiencias de mujeres comerciantes, articulando ambos ejes en la negociación de roles comerciales y de cuidado.",1.0,"El análisis articula género, ciclo de vida, contexto y agencia en una narrativa coherente sobre trayectorias y tensiones.",1977,373
897,0.0,No se identifican ejes de diferenciación social entrelazados.,0.0,No se abordan estructuras de poder ni mecanismos de opresión.,0.0,No se sitúan hallazgos en contextos sociohistóricos de diferenciación social.,0.0,No hay método que operacionalice intersecciones sociales.,0.0,high,,0.0,No hay orientación a la justicia social o transformación de desigualdades.,0.0,No se discute agencia o resistencia de sujetos diferenciados.,False,"El paper analiza la política pública de movilidad estudiantil sin articular ejes de diferenciación social relacionados entre sí; no hay discusión de género, raza, clase, etc.",0.0,No hay elementos interseccionales presentes para integrar.,1951,284
898,0.0,"Solo se analiza el eje de institucionalización/juventud, sin entrelazar con otros ejes como género, etnia o clase.",0.0,No se abordan mecanismos estructurales de poder; el foco está en relaciones interpersonales.,0.0,"El contexto es la institucionalización en Araucanía, pero no se sitúa en términos sociohistóricos de múltiples ejes.",0.0,No hay operacionalización de intersecciones; solo un grupo analizado.,0.0,high,,0.0,No se orienta explícitamente a la transformación de desigualdades estructurales.,0.0,"Se documentan experiencias, pero no se enfatiza agencia o resistencia frente a sistemas de opresión interseccionales.",False,"El estudio se centra en adolescentes varones institucionalizados, pero no articula explícitamente dos o más ejes de diferenciación social como relacionados entre sí.",0.0,"No aplica, ya que no se articula más de un eje de diferenciación social.",1909,335
899,0.0,"Solo se aborda el género, sin tratarlo en relación con otros ejes.",0.0,No se mencionan estructuras de poder más allá de la desigualdad de género.,0.0,No hay contextualización sociohistórica relevante.,0.0,No hay operacionalización empírica de intersecciones.,0.0,high,,0.0,"El enfoque es descriptivo y de diagnóstico, sin orientación explícita a la justicia interseccional.",0.0,No se documenta agencia o resistencia de sujetos diferenciados.,False,"El análisis se centra exclusivamente en el eje de género y, marginalmente, orientación sexual, sin articular dos o más ejes de diferenciación social como relacionados entre sí.",0.0,"No aplica, ya que no se articula más de un eje.",1956,290
900,0.5,"Menciona género, raza y privilegio, pero no queda claro si analiza posiciones co-constitutivas o solo las yuxtapone.",1.0,"Expone daños históricos y contemporáneos causados por procesos excluyentes y jerarquías dominadas por hombres blancos privilegiados, lo que implica un análisis de estructuras de poder.",0.5,"Hace referencia a contextos históricos y contemporáneos, pero el nivel de detalle sobre la especificidad sociohistórica no es claro.",0.0,No se describe un método empírico que operacionalice intersecciones; parece ser una colección de ensayos y obras creativas.,2.0,medium,,1.0,"El volumen está orientado a transformar culturas excluyentes en ciencia y arte, proponiendo cambios hacia la justicia y la inclusión.",1.0,Se reconoce la agencia de artistas y comunidades diversas como sujetos que contribuyen a nuevas comprensiones y desafían jerarquías.,True,"El abstract discute cómo las identidades y culturas diversas influyen en la ciencia y el arte, y cómo los procesos excluyentes han perjudicado a comunidades específicas, articulando género, raza y privilegio como ejes relacionados.",0.5,"Los elementos de poder, agencia y justicia están presentes y relacionados, pero la integración analítica entre identidades entrelazadas y contexto parece parcial.",2036,409
901,0.0,No se identifican ejes entrelazados.,0.0,No se explicitan mecanismos estructurales.,0.0,No hay contexto sociohistórico situado.,0.0,No hay método empírico ni operacionalización.,0.0,high,,0.0,No se desarrolla una orientación a la justicia más allá de la mención.,0.0,No se documenta agencia o resistencia.,False,El abstract menciona 'intersectionality' pero no articula dos o más ejes de diferenciación social como relacionados entre sí; solo señala que algunos grupos son más vulnerables.,0.0,No hay elementos interseccionales sustantivos para integrar.,1827,265
902,0.0,No hay evidencia de análisis de identidades entrelazadas.,0.0,No se detallan mecanismos estructurales vinculados a ejes interseccionales.,0.0,No se observa contextualización interseccional.,0.0,No se describe método interseccional.,0.0,high,,0.0,No se conecta explícitamente con justicia desde una perspectiva interseccional.,0.0,No se documenta agencia de sujetos interseccionales.,False,"Aunque menciona 'intersectionality' en el resumen, no articula dos o más ejes de diferenciación social como relacionados entre sí; el foco está en modelos de bienestar y sostenibilidad.",0.0,No hay elementos interseccionales a integrar.,1801,281
903,0.5,"Habla de 'demandas interseccionales', pero no especifica cómo se co-construyen los ejes; parece más una suma de demandas diversas.",1.0,"El foco está en la corrupción institucional y el colonialismo como estructuras de poder, con crítica explícita al estado y la élite política.",1.0,"Contextualiza en Puerto Rico post-María, con referencias a historia política y geografía específica.",0.0,No hay evidencia de un método empírico que operacionalice intersecciones; el análisis parece teórico y narrativo.,2.0,medium,,1.0,"Orientación explícita a la justicia y transformación social, con énfasis en la autogestión, mutual aid y crítica al poder.",1.0,"Documenta agencia y resistencia colectiva a través de la revuelta, autogestión y asambleas populares.",True,"El abstract menciona demandas interseccionales de justicia y referencia a la dignidad de los muertos del huracán María, sugiriendo articulación de múltiples ejes (clase, colonialidad, género, etc.) en el contexto de la protesta.",0.5,"Los elementos de poder, contexto y agencia están presentes y relacionados, pero la articulación de identidades entrelazadas es menos desarrollada.",1902,399
904,0.0,No trata ejes de diferenciación social entrelazados.,0.0,No articula mecanismos de poder estructural entre ejes sociales.,0.0,No sitúa hallazgos en contextos sociohistóricos de ejes sociales.,0.0,No hay método empírico ni operacionalización de intersecciones sociales.,0.0,high,,0.0,No conecta análisis de ejes sociales con justicia transformadora.,0.0,No documenta agencia o resistencia de sujetos sociales diferenciados.,False,"El abstract menciona 'deep inequalities' y 'infringement of rights', pero no articula dos o más ejes de diferenciación social como relacionados entre sí; el foco está en la relación humano/no-humano y derechos, no en identidades sociales entrelazadas.",0.0,No hay elementos interseccionales a integrar.,1906,306
905,0.0,Solo pobreza como eje; no analiza co-construcción de identidades.,0.0,No se detallan mecanismos estructurales más allá de la pobreza.,0.0,No se evidencia contextualización sociohistórica específica.,0.0,No hay método empírico interseccional ni operacionalización de interacciones.,0.0,high,,0.0,No se desarrolla una orientación explícita a la justicia más allá de la mención de derechos humanos.,0.0,No se documenta agencia o resistencia de los sujetos.,False,"Aunque menciona 'interseccionalidad', solo articula pobreza como eje principal y refiere a 'los pobres y marginados' sin analizar relaciones entre múltiples ejes de diferenciación social.",0.0,No hay elementos interseccionales sustantivos para articular.,1875,295
906,0.5,"Se reconocen múltiples ejes y su interconexión, pero no se analiza cómo se co-construyen o producen posiciones específicas.",0.5,"Se mencionan patrones sistémicos de discriminación y estructuras de responsabilidad, pero sin teorización detallada de mecanismos estructurales.",0.5,"Se reconoce la importancia del contexto y la no universalidad, pero el nivel de detalle sobre contextos sociohistóricos es superficial.",0.0,No hay evidencia de operacionalización empírica ni de métodos que capten intersecciones; el enfoque es conceptual y normativo.,1.0,high,,1.0,"El texto está explícitamente orientado a la justicia, derechos humanos, justicia ambiental y transformación de inequidades.",0.0,No se documenta agencia o resistencia de los sujetos; se enfatiza su vulnerabilidad y carga.,True,"El abstract menciona explícitamente factores interconectados como género, raza, etnia, edad y estatus socioeconómico, y aboga por un enfoque interseccional y contextualizado.",0.5,"Los elementos de equidad, interseccionalidad y justicia están presentes y relacionados en el argumento, pero la integración analítica es parcial y más programática que desarrollada.",2076,391
907,1.0,"Analiza cómo ser mujer, negra, caribeña y portadora de saberes tradicionales constituye una posición específica en la sostenibilidad (ejemplo: Akilah’s Merikin heritage, feminismo, conocimiento indígena).",1.0,"Discute racismo global, patriarcado, colonialismo epistémico y desigualdad estructural en el reconocimiento de saberes y modelos del Sur Global.",1.0,"Contextualiza en Trinidad, el Caribe, y la historia de la Merikin heritage y Rastafarianismo; reconoce la especificidad local y la no-universalidad.",0.5,El análisis es principalmente cualitativo y discursivo; reconoce subgrupos y posiciones interseccionales pero no detalla un método empírico de operacionalización de intersecciones.,3.5,high,,1.0,"El trabajo está orientado a la justicia epistémica y ambiental, con crítica explícita a la falta de reconocimiento y propuestas para equidad global.",1.0,Documenta agencia y estrategias de resistencia de las mujeres líderes (Akilah y Kemba Jaramogi) y la comunidad FACRP.,True,"El paper articula género, raza, geografía y herencia cultural como ejes relacionados en la experiencia y reconocimiento de modelos de sostenibilidad.",1.0,"Los elementos se articulan coherentemente: el análisis de poder estructural explica la posición interseccional de las protagonistas, en su contexto histórico y con orientación a la justicia.",2167,431
908,1.0,"Se plantea que los ejes (raza, clase, género, etc.) se entrelazan en la experiencia y epistemología del cambio climático, no como sumas aditivas.",1.0,"Se refiere a la opresión, la complicidad con sistemas que dividen, y la necesidad de rechazar esos sistemas, articulando mecanismos estructurales (racismo, colonialismo, etc.).",1.0,"Sitúa el análisis en la historia de la colonialidad, la conciencia negra (Biko), y la epistemología indígena, reconociendo contextos sociohistóricos específicos.",0.0,"El trabajo es teórico/epistemológico, sin operacionalización empírica ni método que capte intersecciones.",3.5,high,,1.0,"El texto está orientado explícitamente a la liberación, la responsabilidad ética y la transformación de la opresión y la injusticia climática.",1.0,"Reconoce agencia en la capacidad de rechazar la complicidad, reclamar cultura y actuar éticamente frente al cambio climático.",True,"El abstract menciona explícitamente la utilización de raza, clase, género, orientación sexual, indigeneidad y discapacidad como categorías de análisis relacionadas para pensar la incertidumbre climática.",1.0,"El análisis articula coherentemente los ejes de diferenciación, el poder estructural, el contexto histórico y la praxis transformadora en una epistemología interseccional.",1944,419
909,0.0,No se identifican ejes de diferenciación social entrelazados.,0.0,No se abordan estructuras de poder vinculadas a identidades sociales.,0.0,No hay análisis de contexto sociohistórico en términos de interseccionalidad.,0.0,No hay método que operacionalice intersecciones de ejes sociales.,0.0,high,,0.0,No se orienta a la justicia social desde una perspectiva interseccional.,0.0,No se documenta agencia o resistencia de sujetos diferenciados socialmente.,False,"El paper analiza conflictos políticos, económicos y de gobernanza en torno al agua, pero no articula dos o más ejes de diferenciación social (como género, etnia, clase, etc.) como relacionados entre sí.",0.0,No hay elementos interseccionales a integrar.,1981,300
910,0.0,No se abordan ejes de diferenciación social entrelazados.,0.0,"No se discuten estructuras de poder social como racismo, género o clase.",0.0,No hay contextualización sociohistórica de ejes sociales.,0.0,No hay método empírico ni operacionalización de intersecciones sociales.,0.0,high,,0.0,No se orienta a la justicia social en términos de ejes de opresión.,0.0,No se documenta agencia o resistencia de sujetos diferenciados socialmente.,False,"El paper analiza la identidad cultural de CAM en relación con posthumanismo y transhumanismo, pero no articula ejes de diferenciación social (género, raza, clase, etc.) como relacionados entre sí.",0.0,No hay elementos interseccionales presentes para articular.,2107,300
911,1.0,"Analiza cómo la 'gendered indigeneity' constituye una posición específica, no suma aditiva de género + indigeneidad.",1.0,Explicita el rol del colonialismo de asentamiento y las 'intersecting layers of oppression' como fuentes de vulnerabilidad.,1.0,"Sitúa el análisis en comunidades indígenas específicas de EE.UU., con referencias a historia y política de colonización.",0.0,"Es una síntesis de literatura, no hay método empírico propio ni operacionalización de intersecciones.",3.5,high,,1.0,"Orienta el análisis a la justicia climática y la transformación, discutiendo resiliencia y activismo de género.",1.0,Reconoce agencia a través de 'gender-based activism and initiatives' y saberes de resiliencia.,True,"El paper articula género e indigeneidad como ejes entrelazados en la experiencia de cambio climático, enmarcados por colonialismo y racismo.",1.0,"El análisis articula poder estructural, identidades entrelazadas, contexto y agencia en una narrativa coherente.",1955,355
912,0.0,No hay análisis de ejes como mutuamente constitutivos.,0.0,No se articulan mecanismos estructurales de poder.,0.0,No se sitúan hallazgos en un contexto sociohistórico específico.,0.0,No hay método empírico que operacionalice intersecciones.,0.0,high,,0.0,No se observa orientación explícita a la justicia o transformación.,0.0,No se documenta agencia o resistencia de sujetos interseccionales.,False,"Aunque menciona ejes como raza, género, sexualidad y clase, no se articula cómo estos se relacionan entre sí; la referencia es general y no se operacionalizan como entrelazados.",0.0,No hay elementos interseccionales sustantivos para integrar.,1932,288
913,0.0,No se mencionan ni analizan identidades sociales.,0.0,No hay discusión sobre estructuras de poder o mecanismos de opresión.,0.0,"El contexto es técnico y global, sin referencia a historia o política situada.",0.0,No hay operacionalización empírica de intersecciones sociales.,0.0,high,,0.0,No se aborda la justicia social o ambiental desde una perspectiva interseccional.,0.0,No se reconoce agencia ni resistencia de sujetos sociales diferenciados.,False,"El paper no articula ejes de diferenciación social; se centra en proyecciones de mercado y políticas para vehículos eléctricos sin referencia a género, raza, clase u otros ejes sociales.",0.0,No hay elementos interseccionales presentes para integrar.,2064,285
914,0.0,No se mencionan ni analizan ejes de identidad social.,0.0,No hay discusión sobre estructuras de poder o mecanismos de opresión.,0.0,El contexto es geográfico pero no sociohistórico ni político.,0.0,No hay operacionalización de intersecciones sociales en el método.,0.0,high,,0.0,No se aborda la justicia social o ambiental desde una perspectiva crítica.,0.0,No se menciona agencia ni resistencia de sujetos sociales.,False,"El abstract no articula ejes de diferenciación social relacionados; se enfoca en tecnología y contexto geográfico sin referencia a género, raza, clase u otros ejes.",0.0,No hay elementos interseccionales presentes para integrar.,1817,277
915,0.0,No se mencionan ni analizan identidades sociales.,0.0,No hay discusión de estructuras de poder o desigualdad.,0.0,"El contexto es técnico y urbano, no sociohistórico ni político.",0.0,No hay operacionalización de intersecciones sociales.,0.0,high,,0.0,No hay orientación a la justicia social o ambiental.,0.0,No se aborda agencia ni resistencia de sujetos sociales.,False,El paper no articula ejes de diferenciación social; se enfoca en infraestructura y operación técnica de señales de tráfico.,0.0,"No aplica, ya que no hay elementos interseccionales presentes.",1964,260
916,0.0,No se mencionan ni analizan ejes de diferenciación social.,0.0,No hay discusión sobre estructuras de poder o mecanismos de opresión.,0.0,"El contexto es físico/ambiental, no sociohistórico ni político en términos de diferenciación social.",0.0,No hay método relacionado con interseccionalidad o análisis de subgrupos sociales.,0.0,high,,0.0,"No hay orientación a la justicia social, política o ambiental desde una perspectiva de desigualdad.",0.0,No se reconoce agencia ni resistencia de sujetos sociales.,False,El paper no articula ejes de diferenciación social; se centra en infraestructura vial y gestión ambiental sin referencia a identidades sociales.,0.0,No hay elementos interseccionales presentes para integrar.,1935,287
917,0.0,Solo se menciona la raza como eje central.,0.0,No se evidencia articulación de múltiples estructuras de poder entrelazadas.,0.0,No se observa contextualización interseccional situada.,0.0,No hay método empírico interseccional descrito.,0.0,high,,0.0,No se desarrolla una praxis interseccional orientada a la justicia desde múltiples ejes.,0.0,No se documenta agencia desde una perspectiva interseccional.,False,"El abstract se centra en la construcción y representación de la raza en los medios, sin articular explícitamente la relación entre dos o más ejes de diferenciación social como mutuamente relacionados.",0.0,No hay integración de múltiples ejes de diferenciación social.,1938,286
918,0.0,No hay análisis de identidades entrelazadas.,0.0,No se abordan estructuras de poder social.,0.0,No hay contextualización sociohistórica de ejes sociales.,0.0,No hay método empírico sobre intersecciones sociales.,0.0,high,,0.0,No se orienta a la justicia social o ambiental desde una perspectiva interseccional.,0.0,No se aborda agencia o resistencia de sujetos sociales diferenciados.,False,El paper no articula ejes de diferenciación social relacionados entre sí; se centra en gobernanza global y marcos legales sin analizar identidades sociales o sus interrelaciones.,0.0,No hay elementos interseccionales a integrar.,2028,275
919,0.0,"Menciona mujeres, niños y ancianos como grupos afectados, pero no articula cómo estos ejes se entrelazan.",0.0,"Habla de marginalización económica y ecológica, pero no teoriza mecanismos estructurales de poder.",0.0,"Describe contextos regionales y conflictos, pero no sitúa interseccionalidad de manera sociohistórica.",0.0,No hay método empírico que operacionalice intersecciones.,0.0,high,,0.0,"Se orienta a la paz y justicia, pero no desde un análisis interseccional.",0.0,No documenta agencia diferenciada de sujetos interseccionales.,False,"Aunque menciona género, edad y marginalización económica, los ejes se presentan como grupos vulnerables separados y no se analizan como relacionados entre sí.",0.0,No hay integración de ejes de diferenciación social en el análisis.,2577,315
920,1.0,Analiza cómo la racialización y la historia de la comunidad afroamericana de Treme se entrelazan con la clase y el acceso a recursos tras Katrina.,1.0,"Expone mecanismos estructurales como el racismo institucional, la privatización, y la destrucción de corredores comerciales afroamericanos por políticas urbanas.",1.0,"Contextualiza históricamente el caso en la historia urbana y política de Nueva Orleans, el legado de Treme y la infraestructura urbana.",0.0,"El análisis es teórico y narrativo, sin operacionalización empírica de intersecciones en el método.",3.0,high,,0.5,"Plantea preguntas críticas sobre justicia alimentaria y urbana, pero no desarrolla recomendaciones ni una praxis transformadora explícita.",1.0,Documenta la agencia comunitaria en la creación de mercados vecinales como respuesta a la falta de acceso a alimentos.,True,"El paper articula raza, clase y geografía urbana como ejes interrelacionados en la experiencia y producción del desastre y el acceso a alimentos.",1.0,"El análisis articula coherentemente los ejes de diferenciación, el poder estructural, el contexto y la agencia en una narrativa integrada.",2640,377
921,0.5,"Menciona la intersección de derechos de vivienda y justicia social/ambiental, pero no analiza identidades entrelazadas específicas.",1.0,Explicita mecanismos estructurales de discriminación sancionados por la ley y su rol en la injusticia ambiental.,1.0,Contextualiza en la historia política y geográfica de Nueva Orleans post-Katrina y post-Betsey.,0.0,No hay evidencia de método empírico que operacionalice intersecciones; es un análisis legal/político.,2.0,medium,,1.0,Orientación explícita a la transformación y justicia social/ambiental a través de la revisión de la ley.,0.5,"Menciona movilización comunitaria, pero no desarrolla estrategias o saberes de los sujetos.",True,"El abstract articula raza, clase y justicia ambiental como ejes relacionados en el acceso a la vivienda post-Katrina.",0.5,"Los elementos de poder estructural, contexto y justicia están articulados, pero la agencia y las identidades entrelazadas quedan superficiales.",1860,356
922,1.0,"Explicita que casta, clase y género son factores interrelacionados que configuran la vulnerabilidad y las estrategias de afrontamiento.",1.0,"Se refiere a las relaciones sociales estructurales (casta, clase, género) como mecanismos que acentúan el impacto de los desastres.",1.0,"El estudio está situado en Tarasahi, Orissa, con referencia a eventos históricos y contexto local específico.",1.0,"El muestreo es intencional de hogares encabezados por mujeres, considerando explícitamente la intersección de casta, clase y género en el análisis cualitativo.",4.0,high,,1.0,Orienta recomendaciones hacia la transformación de la gestión de riesgos y reconoce la necesidad de un enfoque integrado y justo.,1.0,Documenta estrategias de afrontamiento y agencia de las mujeres en la gestión de recursos y desastres.,True,"El abstract analiza cómo las relaciones sociales de casta, clase y género acentúan el impacto de los desastres y recomienda reconocer su intersección.",1.0,"Los ejes de diferenciación, el poder estructural, el contexto y la agencia se articulan en un análisis coherente y situado.",1924,376
923,0.0,No se mencionan ni analizan ejes de diferenciación social.,0.0,No hay discusión sobre estructuras de poder o mecanismos de opresión.,0.0,"El contexto es técnico y geográfico, no sociohistórico ni político.",0.0,No hay operacionalización de intersecciones sociales en el método.,0.0,high,,0.0,No hay orientación a la justicia social o ambiental desde una perspectiva de desigualdad.,0.0,No se aborda la agencia o resistencia de sujetos sociales.,False,"El paper no articula ejes de diferenciación social; se enfoca en sistemas de gestión de tráfico y reducción de emisiones, sin referencia a género, raza, clase u otros ejes sociales.",0.0,No hay elementos interseccionales presentes para integrar.,2060,288
924,0.0,No se abordan identidades sociales ni ejes de diferenciación.,0.0,No se discuten estructuras de poder ni mecanismos sociales.,0.0,No hay contextualización sociohistórica; el foco es técnico y físico.,0.0,No hay operacionalización de intersecciones sociales; solo métodos matemáticos.,0.0,high,,0.0,No hay orientación a la justicia ni análisis crítico de desigualdades.,0.0,No se consideran sujetos sociales ni agencia.,False,El paper no articula ejes de diferenciación social; se centra en métodos matemáticos para series temporales caóticas de actividad solar.,0.0,No hay elementos interseccionales presentes para integrar.,2036,272
925,0.0,No se abordan identidades sociales ni sus interrelaciones.,0.0,No se discuten estructuras de poder social.,0.0,No hay contextualización sociohistórica de ejes sociales.,0.0,No hay método relacionado con interseccionalidad social.,0.0,high,,0.0,No se orienta a la justicia social o ambiental desde una perspectiva interseccional.,0.0,No se aborda agencia o resistencia de sujetos sociales diferenciados.,False,"El paper discute la intersección entre ingeniería, economía y medio ambiente en la planificación de transmisión eléctrica, pero no articula ejes de diferenciación social (género, raza, clase, etc.) como relacionados entre sí.",0.0,No hay elementos interseccionales presentes para integrar.,2115,289
926,0.0,No se mencionan ejes de diferenciación social.,0.0,No hay discusión sobre estructuras de poder o mecanismos de opresión.,0.0,No se contextualizan hallazgos en términos sociohistóricos o geográficos específicos relacionados con diferenciación social.,0.0,No hay método que operacionalice intersecciones sociales.,0.0,high,,0.0,No hay orientación a la justicia social o ambiental.,0.0,No se aborda la agencia o resistencia de sujetos sociales.,False,El paper no articula ejes de diferenciación social relacionados; se centra en la integración de modelos de simulación para desastres sin referencia a identidades sociales.,0.0,No hay elementos interseccionales presentes para integrar.,2052,278
927,0.0,No se identifican ejes sociales ni su relación.,0.0,No se abordan estructuras de poder.,0.0,No hay contextualización sociohistórica de desigualdades.,0.0,No hay método interseccional ni análisis de subgrupos.,0.0,high,,0.0,No se orienta a la justicia social o transformación de desigualdades.,0.0,No se discute agencia o resistencia de sujetos diferenciados.,False,El paper no articula ejes de diferenciación social relacionados; se centra en tecnologías y resiliencia educativa sin analizar identidades sociales entrelazadas.,0.0,No hay elementos interseccionales a integrar.,1881,268
928,0.0,No analiza identidades entrelazadas; solo menciona comunidades indígenas/locales.,0.0,No teoriza mecanismos estructurales de poder; se centra en gobernanza y marcos legales.,0.0,No sitúa hallazgos en un contexto sociohistórico de opresión interseccional.,0.0,No hay método que operacionalice intersecciones de ejes sociales.,0.0,high,,0.0,No hay orientación explícita a la justicia interseccional; el foco es institucional.,0.0,No documenta agencia o resistencia de sujetos diferenciados.,False,"Aunque menciona derechos indígenas y comunitarios, no articula dos o más ejes de diferenciación social como relacionados entre sí; el foco está en mecanismos de gobernanza y actores institucionales.",0.0,No hay elementos interseccionales a integrar.,1944,304
929,1.0,"Analiza cómo raza, clase y género se co-construyen en los discursos y representaciones de la pobreza.",1.0,Se refiere a racismo institucionalizado y mecanismos estructurales que configuran la pobreza y su representación.,1.0,Sitúa el análisis en el contexto sociohistórico y político de Estados Unidos y el caso específico de Katrina.,0.0,No hay evidencia de un método empírico que operacionalice intersecciones; el análisis es discursivo/teórico.,3.0,high,,1.0,El análisis es crítico y orientado a cuestionar y transformar los discursos y políticas sobre pobreza y raza.,0.5,"Se centra en representaciones y discursos, pero menciona la agencia de los sujetos solo marginalmente.",True,"El abstract articula explícitamente raza, clase, género y pobreza como dinámicas interrelacionadas en el contexto de Katrina.",1.0,"Los elementos (identidades, poder, contexto, crítica) se articulan en un análisis coherente de los discursos sobre pobreza.",1952,341
930,0.0,No hay referencia a identidades sociales ni ejes de diferenciación.,0.0,No se discuten estructuras de poder ni mecanismos sociales.,0.0,No hay contextualización sociohistórica relevante; solo contexto técnico y geográfico.,0.0,No hay método relacionado con interseccionalidad ni análisis de subgrupos sociales.,0.0,high,,0.0,"No hay orientación a la justicia social, política o ambiental desde una perspectiva interseccional.",0.0,No se menciona agencia ni resistencia de sujetos sociales.,False,El paper no articula ejes de diferenciación social ni menciona identidades sociales; se centra exclusivamente en aspectos técnicos de ingeniería civil.,0.0,"No aplica, ya que no hay elementos interseccionales presentes.",2138,286
931,0.0,No se abordan identidades sociales ni ejes de diferenciación.,0.0,No se discuten estructuras de poder ni mecanismos sociales.,0.0,No hay contextualización sociohistórica; el foco es técnico y ambiental.,0.0,No hay operacionalización de intersecciones sociales; solo métodos estadísticos para datos ambientales.,0.0,high,,0.0,No hay orientación a la justicia social o ambiental desde una perspectiva interseccional.,0.0,No se consideran sujetos sociales ni agencia.,False,"El paper se centra exclusivamente en métodos matemáticos para interpolar datos faltantes de niveles de agua, sin articular ejes de diferenciación social ni relaciones entre ellos.",0.0,No hay elementos interseccionales presentes para integrar.,2275,283
932,0.0,,0.0,,0.0,,0.0,,0.0,high,,0.0,,0.0,,False,El paper se centra en modelos de simulación de tráfico para evacuación sin articular ejes de diferenciación social relacionados.,0.0,,1761,180
933,0.0,No se identifican ejes de diferenciación social entrelazados.,0.0,No se abordan estructuras de poder ni mecanismos de opresión.,0.0,No hay contextualización sociohistórica de desigualdades.,0.0,No hay método interseccional ni análisis de interacciones.,0.0,high,,0.0,No se orienta a la justicia ni transformación de desigualdades.,0.0,No se reconoce agencia ni resistencia de sujetos diferenciados.,False,El abstract menciona impactos ambientales y sociales generales pero no articula dos o más ejes de diferenciación social relacionados entre sí.,0.0,No hay elementos interseccionales presentes para integrar.,1849,270
934,1.0,Explora cómo ser mujer y estudiante se entrelaza en la militancia y demandas por educación no sexista y no lucrativa.,1.0,"Aborda explícitamente estructuras como el patriarcado y el capitalismo educativo, y cómo se reproducen en la educación.",1.0,"Contextualiza en la historia reciente de Valdivia, Chile, y en coyunturas políticas nacionales (2006, 2011, 2018).",1.0,"El análisis se basa en trayectorias militantes y prácticas interseccionales, no en variables aditivas.",4.0,high,,1.0,"El objetivo es transformar la educación hacia la justicia de género y social, con orientación explícita a la justicia.",1.0,Documenta agencia y resistencia de las estudiantes feministas en la construcción de prácticas contrahegemónicas.,True,"El paper analiza la articulación entre feminismo y movimiento estudiantil, abordando género y clase/condición estudiantil como ejes relacionados en prácticas contrahegemónicas.",1.0,"Los elementos se articulan en un análisis coherente de poder, identidades y praxis situada.",1880,360
935,0.0,No se identifican análisis de identidades entrelazadas.,0.0,No se articula poder estructural más allá de una perspectiva de economía feminista general.,0.0,No hay contextualización interseccional situada.,0.0,No hay método que operacionalice intersecciones.,0.0,high,,0.0,No se desarrolla una orientación a la justicia interseccional.,0.0,No se documenta agencia o resistencia de los sujetos desde una perspectiva interseccional.,False,"El paper analiza el cuidado de personas mayores desde la economía feminista, pero no articula dos o más ejes de diferenciación social como relacionados entre sí; solo se menciona la edad y el género de forma separada o implícita.",0.0,No hay elementos interseccionales a integrar.,1868,297
936,0.0,"Solo se aborda la identidad migrante/cultural, sin entrelazar otros ejes.",0.0,"No se discuten estructuras de poder como racismo, género o clase.",0.0,No hay análisis interseccional situado; el contexto es migratorio/cultural.,0.0,No hay método que operacionalice intersecciones de ejes sociales.,0.0,high,,0.0,No se orienta a la justicia social desde una perspectiva interseccional.,0.0,No se documenta agencia ni resistencia en términos interseccionales.,False,"El paper se centra en la migración chilota y la nostalgia, pero no articula explícitamente dos o más ejes de diferenciación social como relacionados entre sí.",0.0,No hay elementos interseccionales a integrar.,2063,293
937,0.0,No se identifican ejes de diferenciación social tratados como mutuamente constitutivos.,0.0,No se abordan estructuras de poder ni mecanismos de opresión social.,0.0,No se sitúan hallazgos en términos de ejes sociales diferenciados.,0.0,No hay operacionalización empírica de intersecciones sociales.,0.0,high,,0.0,No se orienta a la transformación de desigualdades sociales interseccionales.,0.0,No se documenta agencia ni resistencia en términos de ejes sociales diferenciados.,False,"El paper no articula explícitamente dos o más ejes de diferenciación social relacionados entre sí; se centra en la noción local de 'seca' y en el cruce entre arqueología y etnografía, pero no aborda identidades sociales entrelazadas.",0.0,No hay elementos interseccionales a integrar.,2187,314
938,0.0,"Solo se menciona identidad cultural, sin entrelazar ejes como género, clase, raza, etc.",0.0,No se abordan estructuras de poder; el foco es en prácticas materiales y relaciones culturales.,0.0,"Aunque hay contexto arqueológico, no se sitúan ejes interseccionales en un marco sociohistórico.",0.0,No hay operacionalización empírica de intersecciones sociales.,0.0,high,,0.0,No hay orientación a la justicia ni análisis crítico de desigualdades.,0.0,No se aborda agencia o resistencia de sujetos en términos de opresión interseccional.,False,El paper menciona 'diferentes identidades culturales' pero no articula dos o más ejes de diferenciación social como relacionados entre sí; se centra en prácticas culinarias y relaciones interculturales sin análisis interseccional.,0.0,"No aplica, ya que no hay elementos interseccionales presentes.",1962,325
939,0.0,No se identifican ejes de diferenciación social.,0.0,No se abordan estructuras de poder ni mecanismos de opresión.,0.0,No se contextualizan hallazgos en términos de diferenciación social situada.,0.0,No hay operacionalización empírica de intersecciones sociales.,0.0,high,,0.0,No se orienta a la justicia social ni transformación de desigualdades.,0.0,No se documenta agencia ni resistencia de sujetos diferenciados socialmente.,False,"El paper no articula ejes de diferenciación social relacionados; se centra en prácticas cotidianas y análisis materiales sin referencia a género, clase, etnia u otros ejes sociales.",0.0,No hay elementos interseccionales presentes para articular.,2023,286
940,0.0,No se abordan ejes de diferenciación social.,0.0,No se discuten estructuras de poder social.,0.0,"El contexto es geográfico e histórico, pero no sociohistórico en términos de diferenciación social.",0.0,No hay operacionalización de intersecciones sociales.,0.0,high,,0.0,No hay orientación a la justicia social o ambiental desde una perspectiva interseccional.,0.0,No se aborda la agencia de sujetos diferenciados socialmente.,False,El paper no articula ejes de diferenciación social relacionados entre sí; se centra en el patrimonio arqueológico y su vulnerabilidad sin analizar identidades sociales.,0.0,"No aplica, ya que no hay elementos interseccionales presentes.",1917,280
941,1.0,"Trata la experiencia de 'mujeres' en tanto género situado en un territorio específico, mostrando cómo ser mujer en ese contexto es una posición específica frente al extractivismo.",1.0,"El análisis se inspira en ecología política y feminismos, abordando explícitamente el extractivismo y la mercantilización de la vida como estructuras de poder.",1.0,"El estudio está situado en Quintero-Puchuncaví, con contexto histórico y político del conflicto socioambiental y el rol de los territorios.",1.0,"Utiliza entrevistas biográfico-narrativas a mujeres activistas y residentes, permitiendo captar la intersección de género, territorio y afectación ambiental en la experiencia vivida.",4.0,high,,1.0,"El trabajo se orienta a la transformación y justicia socioambiental, cuestionando la mercantilización de la vida y proponiendo alternativas desde la praxis de las mujeres.",1.0,"Documenta prácticas de resistencia, agencia y saberes de las mujeres frente al extractivismo, tanto en micro como macro política.",True,"El paper analiza cómo las mujeres en Quintero-Puchuncaví enfrentan la afectación socioambiental, articulando género, territorio y extractivismo como ejes relacionados.",1.0,"El análisis articula poder estructural, identidades entrelazadas, contexto situado, método y agencia en un marco coherente de praxis y resistencia.",2010,419
942,0.0,,0.0,,0.0,,0.0,,0.0,high,,0.0,,0.0,,False,"El paper analiza el cambio tecnológico y la transculturación en el uso de materiales, pero no articula dos o más ejes de diferenciación social como relacionados entre sí.",0.0,,1938,190
943,0.5,"Trata género y migración juntos, pero no queda claro si los analiza como mutuamente constitutivos o solo yuxtapuestos.",0.5,"Menciona dependencia y negación de la condición migrante, lo que sugiere estructuras de poder, pero no teoriza mecanismos estructurales explícitamente.",0.5,"Sitúa el estudio en España y en el contexto de migración por motivos conyugales, pero el contexto sociohistórico es superficial.",0.0,No se describe un método que operacionalice intersecciones; el enfoque parece descriptivo.,1.0,medium,,0.0,No hay evidencia de orientación a la justicia o transformación; el análisis es descriptivo.,0.5,"Se reconoce cierta agencia en la planificación migratoria individual, pero no se profundiza en estrategias de resistencia.",True,El paper articula género (mujeres) y estatus migratorio (migrantes por motivos conyugales) como relacionados en la experiencia de migración y transnacionalidad.,0.5,Los elementos aparecen relacionados pero no se integran en un análisis interseccional coherente.,1871,369
944,0.0,Solo se aborda el eje de género en relación a políticas públicas.,0.0,"No se analizan mecanismos estructurales interseccionales, solo narrativas de género.",0.0,No se sitúan hallazgos interseccionales en contexto sociohistórico específico.,0.0,No hay operacionalización empírica de intersecciones.,0.0,high,,0.0,No se desarrolla una orientación a la justicia interseccional.,0.0,No se documenta agencia o resistencia desde una perspectiva interseccional.,False,El artículo menciona la interseccionalidad como herramienta analítica pero no articula dos o más ejes de diferenciación social relacionados entre sí; el análisis se centra en género y narrativas legales.,0.0,No hay elementos interseccionales sustantivos a integrar.,1885,300
945,0.5,"Trata género y migración juntos, pero más como sumas que como posiciones co-constituidas ('mujeres extranjeras' como grupo, sin profundizar en la especificidad de la intersección).",0.5,"Menciona estructuras como la marginalidad económica y la masculinización rural, pero no teoriza mecanismos estructurales de opresión.",0.5,"Contextualiza en la ruralidad catalana y tendencias demográficas, pero el análisis sociohistórico es superficial.",0.0,No hay evidencia de un método que operacionalice intersecciones; el análisis es descriptivo por grupo.,1.5,medium,,0.5,"Reconoce el rol transformador de las mujeres extranjeras en la revitalización rural, pero la orientación a la justicia es implícita y poco desarrollada.",1.0,"Las mujeres son presentadas como agentes esenciales en lo económico y social, no solo como víctimas.",True,El paper articula género y estatus migratorio como ejes relacionados en la experiencia de mujeres extranjeras en áreas rurales.,0.5,Los elementos están presentes pero no completamente articulados en un marco interseccional coherente.,1950,377
946,0.0,"Solo se aborda el eje de género/feminismo, sin entrelazarlo con otros ejes sociales.",0.0,No se identifican análisis de estructuras de poder más allá del patriarcado implícito.,0.0,No se contextualizan hallazgos en términos sociohistóricos de múltiples ejes.,0.0,No hay método empírico que operacionalice intersecciones.,0.0,high,,0.0,No se desarrolla una orientación explícita a la justicia interseccional.,0.0,No se documenta agencia interseccional de los sujetos.,False,"El paper analiza la relación entre brujería y feminismo como símbolos en discursos y narrativas, pero no articula dos o más ejes de diferenciación social relacionados entre sí.",0.0,No hay elementos interseccionales que integrar.,1909,301
947,0.0,Solo juventud como eje; no se articulan otros ejes.,0.0,No se mencionan estructuras de poder específicas ni mecanismos.,0.0,No hay contextualización sociohistórica de múltiples ejes.,0.0,No se describe método que operacionalice intersecciones.,0.0,high,,0.0,No se explicita orientación a la justicia interseccional.,0.0,No se documenta agencia diferenciada por múltiples ejes.,False,"Aunque menciona 'intersectionality' en las keywords, el abstract solo refiere a juventud y activismo sin articular dos o más ejes de diferenciación social como relacionados.",0.0,No hay elementos interseccionales a integrar.,1879,272
948,0.0,No se identifican ejes de diferenciación social tratados como entrelazados.,0.0,No se abordan estructuras de poder vinculadas a diferenciaciones sociales.,0.0,No hay análisis de interseccionalidad situada.,0.0,No hay método interseccional ni operacionalización de ejes sociales.,0.0,high,,0.0,No se orienta a la justicia social desde una perspectiva interseccional.,0.0,No se documenta agencia ni resistencia de sujetos diferenciados.,False,"El paper no articula ejes de diferenciación social relacionados; se centra en historia política y patrimonio sin referencia a género, raza, clase u otros ejes interrelacionados.",0.0,No hay elementos interseccionales a integrar.,1962,287
949,0.0,No se identifican análisis de identidades entrelazadas.,0.0,No se abordan estructuras de poder vinculadas a ejes sociales.,0.0,No se contextualizan ejes de diferenciación social.,0.0,No hay operacionalización de intersecciones sociales.,0.0,high,,0.0,No se orienta a la transformación de desigualdades interseccionales.,0.0,No se documenta agencia de sujetos diferenciados socialmente.,False,"El paper analiza el rol de los medios y actores en la gobernanza climática, pero no articula ejes de diferenciación social relacionados entre sí.",0.0,"No aplica, ya que no hay elementos interseccionales presentes.",1925,276
950,0.0,,0.0,,0.0,,0.0,,0.0,high,,0.0,,0.0,,False,"El paper no articula ejes de diferenciación social (género, raza, clase, etc.) relacionados entre sí; se centra en iconografía y desplazamientos poblacionales sin análisis de identidades sociales.",0.0,,1870,197
951,0.0,No se abordan identidades sociales ni sus interrelaciones.,0.0,No se discuten estructuras de poder ni mecanismos de opresión.,0.0,"El contexto es arqueológico y etnográfico, pero no se sitúan ejes sociales diferenciados.",0.0,No hay operacionalización de intersecciones sociales.,0.0,high,,0.0,No hay orientación a la justicia ni análisis crítico de desigualdades.,0.0,No se aborda agencia ni resistencia de sujetos sociales diferenciados.,False,"El paper no articula ejes de diferenciación social (género, clase, etnia, etc.) como relacionados entre sí; se centra en prácticas de pastoreo y formación de conjuntos arqueofaunísticos.",0.0,No hay elementos interseccionales presentes para articular.,1933,294
952,1.0,El análisis se centra en cómo género y raza se entrelazan en la representación de mujeres indígenas.,1.0,"Se mencionan mecanismos de exotización, idealización y explotación colonial, lo que implica un enfoque en estructuras de poder.",1.0,El análisis se sitúa en el contexto histórico y literario específico de la obra y su época.,0.0,No hay método empírico ni operacionalización metodológica; es un análisis literario.,3.0,medium,,1.0,El trabajo busca denunciar y criticar la explotación colonial y las opresiones interseccionales.,0.5,"Se reconoce la representación de sujetos indígenas, pero la agencia parece limitada a la denuncia poética, no a estrategias propias.",True,"El resumen indica que se analiza la intersección de opresiones de género y raza en la representación de sujetos indígenas, especialmente mujeres.",1.0,"El análisis articula género, raza, poder estructural y contexto en una crítica coherente de la representación literaria.",1872,335
953,1.0,"Analiza la 'cultura de clase generizada', mostrando cómo género y clase se co-constituyen en la experiencia obrera.",1.0,"Sitúa la protesta y la experiencia en dinámicas sociales, económicas y políticas estructurales, no solo en rasgos individuales.",1.0,"Contextualiza históricamente (Ingeniero White, 1927-28) y en escalas local, nacional y global.",0.5,"El análisis empírico distingue experiencias de hombres y mujeres, pero no queda claro si hay operacionalización explícita de intersecciones más allá de lo narrativo.",3.5,high,,1.0,El trabajo se orienta a comprender y visibilizar la agencia colectiva y la transformación social a través de la protesta.,1.0,Documenta la agencia y resistencia de hombres y mujeres en la acción colectiva y la vida cotidiana.,True,El paper articula género y clase como ejes relacionados en la experiencia y protesta de la comunidad obrera.,1.0,"Los elementos de género, clase, poder estructural, contexto y agencia se articulan coherentemente en el análisis de la protesta y la experiencia comunitaria.",1970,366
954,0.0,Solo analiza género; no hay entrelazamiento con otros ejes.,0.0,No se abordan estructuras múltiples de poder más allá del género.,0.0,No hay contextualización interseccional; solo género en el sector de cuidados.,0.0,No hay operacionalización de intersecciones; solo comparación por género.,0.0,high,,0.0,No se articula una orientación a la justicia interseccional.,0.0,No se documenta agencia desde una perspectiva interseccional.,False,"El paper solo articula el género como eje de diferenciación, sin relacionarlo con otros ejes sociales como clase, raza o migración.",0.0,No hay elementos interseccionales a integrar.,1880,280
955,0.0,No se identifican análisis de ejes entrelazados.,0.0,No se abordan mecanismos estructurales de poder.,0.0,No se sitúan hallazgos en un contexto sociohistórico interseccional.,0.0,No hay operacionalización empírica de intersecciones.,0.0,high,,0.0,No se observa orientación explícita a la justicia.,0.0,No se documenta agencia o resistencia de los sujetos.,False,"El paper menciona vulnerabilidad e interculturalidad, pero no articula explícitamente dos o más ejes de diferenciación social como relacionados entre sí.",0.0,No hay elementos interseccionales a integrar.,1874,271
956,0.0,No analiza identidades entrelazadas.,0.0,No teoriza mecanismos estructurales de poder.,0.0,No sitúa hallazgos en un contexto sociohistórico de interseccionalidad.,0.0,No operacionaliza intersecciones en el método.,0.0,high,,0.0,No orienta el análisis a la justicia social o transformación.,0.0,No documenta agencia ni resistencia de sujetos en términos interseccionales.,False,"El paper menciona desigualdades económicas y polarización, pero no articula dos o más ejes de diferenciación social como relacionados entre sí.",0.0,No hay elementos interseccionales a integrar.,1929,270
957,0.0,No se identifican múltiples ejes de diferenciación social entrelazados.,0.0,No se teoriza sobre estructuras de poder más allá de la administración estatal.,0.0,"No se observa contextualización interseccional, solo contexto histórico general.",0.0,No hay método que operacionalice intersecciones de ejes sociales.,0.0,high,,0.0,No se menciona orientación a la justicia o transformación de desigualdades.,0.0,No se documenta agencia ni resistencia de sujetos en términos interseccionales.,False,"El resumen solo menciona a 'campesinos andinos' y funcionarios estatales, sin articular explícitamente dos o más ejes de diferenciación social relacionados entre sí.",0.0,No hay elementos interseccionales a integrar.,1880,292
958,0.0,No hay análisis de identidades entrelazadas; los ejes sociales solo se mencionan superficialmente.,0.0,No se articula un marco de poder estructural; el foco está en factores psicológicos y sociales generales.,0.0,No hay contextualización sociohistórica de intersecciones; solo contexto nacional y sectorial.,0.0,No hay método empírico interseccional ni análisis de interacciones entre ejes.,0.0,high,,0.0,No hay orientación explícita a la justicia social o ambiental desde una perspectiva interseccional.,0.0,No se documenta agencia ni resistencia de sujetos diferenciados; los sujetos aparecen como grupos generales.,False,"El paper revisa factores sociales y psicológicos en torno al cambio climático, pero no articula explícitamente dos o más ejes de diferenciación social como relacionados entre sí; menciona vulnerabilidad social y comunidades indígenas, pero no analiza interacciones entre ejes como género, clase, etnia, etc.",0.0,"No hay integración de elementos interseccionales, ya que no se articulan ejes diferenciados.",2606,358
959,0.0,"No se identifican ejes sociales entrelazados (género, raza, clase, etc.).",0.0,"El foco está en la crítica a la dicotomía naturaleza/cultura, no en estructuras de opresión social.",0.0,No se sitúan hallazgos en contextos sociohistóricos de diferenciación social.,0.0,No hay operacionalización empírica de intersecciones sociales.,0.0,high,,0.0,"La orientación crítica es epistemológica, no hacia la justicia social interseccional.",0.0,No se documenta agencia de sujetos diferenciados socialmente.,False,"El artículo es una reflexión teórica sobre epistemologías geográficas y relaciones humano/no-humano, pero no articula explícitamente dos o más ejes de diferenciación social como relacionados entre sí.",0.0,"No aplica, ya que no se abordan ejes de diferenciación social entrelazados.",1996,320
960,1.0,"Analiza cómo ser mujer Aymara implica una posición específica en la negociación de género y apropiación territorial, no solo suma de género y etnicidad.",1.0,"Describe mecanismos estructurales como la incorporación a la economía nacional, fragmentación comunitaria y tensiones de género.",1.0,"Contextualiza en el norte de Chile, con referencia a migración, geo-referenciación (altiplano, valles, ciudades) y cambios sociohistóricos.",1.0,El análisis empírico distingue subgrupos interseccionales (mujeres Aymara en distintos territorios) y documenta sus prácticas diferenciadas.,4.0,high,,1.0,"El trabajo se orienta a visibilizar desafíos y liderazgos emergentes, con implicancias para la transformación de relaciones de género y justicia social.",1.0,"Documenta apropiaciones, liderazgo femenino y estrategias de adaptación de las mujeres Aymara.",True,"El paper articula género y etnicidad (ser mujer Aymara) en relación con migración, economía y territorio, mostrando cómo se entrelazan en los nuevos escenarios sociales.",1.0,"El análisis integra género, etnicidad, territorio y economía en una explicación coherente de los nuevos escenarios y resistencias.",1929,391
961,0.0,Solo se aborda el género como eje de análisis.,0.0,No se articulan mecanismos estructurales más allá del patriarcado/género.,0.0,No se sitúan hallazgos en relación a múltiples contextos sociohistóricos diferenciados por varios ejes.,0.0,No hay operacionalización de intersecciones entre ejes sociales.,0.0,high,,0.0,"No hay análisis interseccional de justicia, solo enfoque feminista.",0.0,No se documenta agencia en relación a múltiples ejes de opresión.,False,"El paper se centra exclusivamente en el eje de género (mujeres sobrevivientes de violencia machista) sin articularlo con otros ejes de diferenciación social como raza, clase, etnia, edad, etc.",0.0,No hay integración de múltiples ejes de diferenciación social.,2011,306
962,1.0,"Se afirma que las categorías de pobreza, negritud y género femenino 'a menudo se solapan', implicando posiciones interseccionales específicas.",1.0,"El foco está en el papel estructural del Estado y cómo su contracción afecta a grupos oprimidos por clase, raza y género.",1.0,El análisis se sitúa explícitamente en el contexto sociohistórico y político de Brasil.,0.5,"Analiza perfiles cruzados y simula impactos diferenciados, pero no queda claro si hay análisis empírico de interacciones o solo descripciones de subgrupos.",2.0,high,,0.5,"El trabajo implica una crítica a la reducción del Estado y sus efectos en la justicia social, pero no se detallan recomendaciones transformadoras.",0.0,No se menciona agencia o resistencia de los sujetos; se los presenta como afectados/víctimas.,True,"El abstract analiza cómo clase, raza y género se superponen en la vulnerabilidad ante la reducción del Estado, señalando que estas categorías a menudo se solapan.",0.5,"Los elementos de clase, raza y género se articulan en el análisis, pero la integración entre estructura, contexto y agencia es parcial.",1902,379
963,0.0,"Solo se aborda el género, sin entrelazarlo con otros ejes.",0.0,No se identifican mecanismos estructurales más allá del género.,0.0,No hay articulación de múltiples ejes en contexto sociohistórico.,0.0,No hay operacionalización empírica de intersecciones.,0.0,high,,0.0,No se orienta a la transformación de desigualdades interseccionales.,0.0,No se documenta agencia ni resistencia de sujetos interseccionales.,False,El análisis se centra exclusivamente en el género (la imagen de la mujer) sin articularlo con otros ejes de diferenciación social relacionados.,0.0,"No aplica, ya que no se articula más de un eje.",1923,283
964,0.0,No se identifican ejes de diferenciación social tratados como mutuamente constitutivos.,0.0,No se abordan estructuras de poder ni mecanismos de opresión.,0.0,No se sitúan hallazgos en contextos sociohistóricos de diferenciación social.,0.0,No hay método que operacionalice intersecciones sociales.,0.0,high,,0.0,No hay orientación a la justicia social o ambiental desde una perspectiva interseccional.,0.0,No se documenta agencia ni resistencia de sujetos diferenciados socialmente.,False,El paper no articula dos o más ejes de diferenciación social relacionados entre sí; se centra en estrategias tecnológicas y uso de ambientes acuáticos sin analizar identidades sociales entrelazadas.,0.0,No hay elementos interseccionales presentes para articular.,1936,298
965,0.0,No se identifican ejes entrelazados.,0.0,No se articula poder estructural en términos de ejes múltiples.,0.0,No hay contextualización interseccional.,0.0,No hay método interseccional.,0.0,high,,0.0,No se observa orientación a la justicia desde una perspectiva interseccional.,0.0,No se documenta agencia desde una perspectiva interseccional.,False,"El resumen solo menciona experiencias de exclusión y prácticas contrahegemónicas, pero no articula explícitamente dos o más ejes de diferenciación social como relacionados entre sí.",0.0,No hay elementos interseccionales a integrar.,1885,271
966,0.5,"Trata género y estatus laboral/ingreso, pero los analiza principalmente como factores aditivos (el poder cambia según quién aporta el ingreso, pero no explora cómo ser mujer desempleada difiere de ser hombre desempleado, ni otras intersecciones).",0.5,"Menciona normas de género y poder en la familia, pero no teoriza mecanismos estructurales más allá de roles tradicionales.",0.5,"Contextualiza en zona rural cerca de Bogotá y menciona condiciones económicas, pero el análisis del contexto es superficial.",0.0,No hay operacionalización empírica de intersecciones; el análisis es descriptivo por género y estatus laboral.,1.0,high,,0.5,"Sugiere que la situación podría mejorar con mayor flexibilidad y negociación, pero la orientación a la justicia es marginal.",0.5,"Describe estrategias de afrontamiento y agencia (mujeres buscan empleo, familias ajustan gastos), pero la agencia no es un foco central.",True,"El paper analiza cómo género y posición económica (empleo/desempleo, ingreso) se relacionan en la organización familiar y la toma de decisiones.",0.5,"Los elementos están presentes pero yuxtapuestos; el análisis no articula poder estructural, agencia y contexto en una narrativa integrada.",2716,401
967,0.0,No trata ejes de diferenciación social.,0.0,No aborda estructuras de poder ni mecanismos de opresión.,0.0,No sitúa hallazgos en contextos sociohistóricos específicos.,0.0,No operacionaliza intersecciones de ejes sociales.,0.0,high,,0.0,No orienta el análisis hacia la justicia social o transformación de desigualdades.,0.0,No aborda agencia ni resistencia de sujetos diferenciados.,False,"El paper discute herramientas metodológicas (hermenéutica, multiparadigma) para la escritura científica, sin articular ejes de diferenciación social relacionados entre sí.",0.0,No hay elementos interseccionales presentes para integrar.,2001,272
968,0.0,No se identifican ejes de diferenciación social entrelazados.,0.0,No se abordan estructuras de poder ni mecanismos de opresión.,0.0,"El contexto es geográfico y ambiental, no sociohistórico en términos de diferenciación social.",0.0,No hay operacionalización empírica de intersecciones sociales.,0.0,high,,0.0,No se orienta a la justicia social ni a la transformación de desigualdades sociales.,0.0,No se documenta agencia ni resistencia de sujetos diferenciados socialmente.,False,"El paper analiza impactos y gestión de riesgo volcánico en comunidades cercanas, pero no articula dos o más ejes de diferenciación social como relacionados entre sí; no hay análisis de género, clase, etnia, etc.",0.0,No hay elementos interseccionales presentes para articular.,2080,305
969,0.0,"Solo se aborda el eje de género, sin entrelazarlo con otros ejes como raza, clase o etnia.",0.0,No se identifican análisis de estructuras de poder más allá del género.,0.0,No se observa contextualización interseccional; el foco es la historia de género en la educación.,0.0,No hay método que operacionalice intersecciones; el análisis es sobre género.,0.0,high,,0.0,No se evidencia una orientación explícita a la justicia interseccional.,0.0,No se documenta agencia o resistencia desde una perspectiva interseccional.,False,"El paper se centra en la historia de la educación de las mujeres desde una perspectiva de género, pero no articula dos o más ejes de diferenciación social como relacionados entre sí; solo se menciona el género.",0.0,No hay elementos interseccionales a integrar.,2021,315
970,0.0,No se identifican ejes de diferenciación social entrelazados.,0.0,No se abordan mecanismos estructurales de poder vinculados a identidades sociales.,0.0,No se sitúan hallazgos en términos de ejes interseccionales en contexto sociohistórico.,0.0,No hay método que operacionalice intersecciones de ejes sociales.,0.0,high,,0.0,No se conecta el análisis con justicia social desde una perspectiva interseccional.,0.0,No se documenta agencia o resistencia de sujetos diferenciados por ejes sociales.,False,El resumen y los datos disponibles solo abordan movimientos sociales y conflictos territoriales sin articular explícitamente dos o más ejes de diferenciación social relacionados entre sí.,0.0,No hay elementos interseccionales presentes para integrar.,1849,299
