Title,Year,Source title,DOI,topic_id,umap_x,umap_y
Eco-Femagogy: A Red-Green Perspective for Transforming Social Work Education in the Post-Covid World,2024,The Routledge International Handbook of Feminisms in Social Work,10.4324/9781003317371-55,22,7.079235,1.6084137
Sustainability governance for agrarian transformation under climate change,2024,Sustainability Science,10.1007/s11625-023-01422-0,23,7.276747,4.5717864
The nested hierarchy of urban vulnerability within land use policies fails to address climate injustices in Turkey,2024,Journal of Environmental Policy and Planning,10.1080/1523908X.2023.2279059,3,7.254506,5.456235
The intersectionality of climate change and post-stroke aphasia,2024,Seminars in Speech and Language,10.1055/s-0043-1777858,18,6.833966,3.726324
Mountains of inequality: encountering the politics of climate adaptation across the Himalaya,2023,Ecology and Society,10.5751/ES-14399-280406,8,5.3199105,5.101666
"Examining the impact of air pollution, climate change, and social determinants of health on asthma and environmental justice",2024,Current Opinion in Pulmonary Medicine,10.1097/MCP.0000000000001065,24,7.8757424,6.9693456
Reclaiming inclusion in an age of indignation,2024,Phi Delta Kappan,10.1177/00317217241244905,5,6.8983083,1.4335473
"Stories of loss and healing: connecting non-economic loss and damage, gender-based violence and wellbeing erosion in the Asia–Pacific region",2023,Climatic Change,10.1007/s10584-023-03624-y,31,5.4488063,5.282953
Sustainable Development and International Food Trade Policies,2024,Sustainable Development and International Food Trade Policies,10.4324/9781032708577,23,7.8861747,3.0067983
Trends in research on climate change and organizations: a bibliometric analysis (1999–2021),2024,Management Review Quarterly,10.1007/s11301-022-00298-1,4,8.904346,3.5208306
Introductory commentary: Marine conflicts and pathways to sustainability in an era of Blue Growth and climate change,2024,Maritime Studies,10.1007/s40152-023-00347-9,11,7.7209573,4.1099176
"Revolutionising sustainability leadership and education: addressing the human dimension to support flourishing, culture and system transformation",2024,Climatic Change,10.1007/s10584-023-03636-8,-1,7.509716,1.5873237
The forms and adverse effects of insecurities among internally displaced children in Ethiopia,2023,BMC Public Health,10.1186/s12889-023-15109-9,-1,5.7730002,5.2438154
Implications of Machine Learning in the Generation of Renewable Energies in Latin America from a Globalized Vision: A Systematic Review,2024,International Journal of Energy Economics and Policy,10.32479/ijeep.15301,15,9.11024,4.433881
Exploring role of green financing in blockchain markets for climate change mitigation in China,2024,Environmental science and pollution research international,10.1007/s11356-023-31124-0,20,8.933455,4.085452
Making a Case for Centring Energy Poverty in Social Policy in Light of the Climate Emergency: A Global Integrative Review,2023,Social Policy and Society,10.1017/S1474746423000209,15,9.136246,4.3684664
Intersectional Victims as Agents of Change in International Human Rights-Based Climate Litigation,2024,Transnational Environmental Law,10.1017/S2047102524000128,9,6.4892426,3.7194197
"A Critical Feminist Perspective on Climate Change Adaptation Plans: Mapping Municipal Recognition, Dialog, and Budgeting",2024,Social Politics,10.1093/sp/jxad029,13,5.545944,3.9766972
Global polycrisis: the causal mechanisms of crisis entanglement,2024,Global Sustainability,10.1017/sus.2024.1,7,6.5153904,5.325554
Cyclone detection with end-to-end super resolution and faster R-CNN,2024,Earth Science Informatics,10.1007/s12145-024-01281-y,21,8.0430765,6.4424133
"Advancing disability-inclusive climate research and action, climate justice, and climate-resilient development",2024,The Lancet Planetary Health,10.1016/S2542-5196(24)00024-X,18,6.708798,3.8637927
From gender gaps to gender-transformative climate-smart agriculture,2024,Current Opinion in Environmental Sustainability,10.1016/j.cosust.2024.101415,1,4.3279796,4.582241
An increase in management actions has compensated for past climate change effects on desert locust gregarization in western Africa,2024,Heliyon,10.1016/j.heliyon.2024.e29231,-1,6.8871093,4.8976126
"Transforming planning and policy making processes at the intersections of climate, equity, and decolonization challenges",2023,npj Urban Sustainability,10.1038/s42949-023-00126-9,3,7.327962,5.191994
"Understanding the interplay of occupational, public health, and climate-related risks for informal workers: A new framework with findings from Zimbabwe and India",2024,Social Science and Medicine,10.1016/j.socscimed.2024.116750,-1,4.579532,5.2390127
Spatial Analysis of Exposure of Roads to Flooding and Its Implications for Mobility in Urban/Peri-Urban Accra,2024,ISPRS International Journal of Geo-Information,10.3390/ijgi13040111,-1,7.555336,6.4429555
"Health-Damaging Climate Events Highlight the Need for Interdisciplinary, Engaged Research",2024,GeoHealth,10.1029/2024GH001022,12,8.508249,2.8526897
Intersectional climate action: the role of community-based organisations in urban climate justice,2024,Local Environment,10.1080/13549839.2024.2315992,3,7.286791,5.17694
“What do I stand for?” - A phenomenological account of an identity crisis in the climate classroom,2024,Journal of Environmental Education,10.1080/00958964.2024.2326437,22,6.750034,1.4548415
Climate transformation through feminist ethics of care,2024,Environmental Science and Policy,10.1016/j.envsci.2024.103727,10,5.8653584,3.7962985
"Changing Waves: Maritime Community Cultural Responses to the Anthropocene in Tambak Lorok, Semarang",2024,IOP Conference Series: Earth and Environmental Science,10.1088/1755-1315/1317/1/012018,26,4.7220583,5.7909284
Climate just entrepreneurship: feminist entrepreneurship for climate action,2024,International Journal of Gender and Entrepreneurship,10.1108/IJGE-03-2023-0070,6,5.254914,3.3991995
Climate and Water-Related Disasters and Eco-DRR (Disaster Risk Reduction) Sensitivity in Island Nations: Overview Analysis,2024,Lecture Notes in Civil Engineering,10.1007/978-981-99-2905-4_15,7,6.3885617,5.964063
Association between non-optimal temperature and cardiovascular hospitalization and its temporal variation at the intersection of disability,2023,Science of the Total Environment,10.1016/j.scitotenv.2023.166874,24,7.565484,7.2562594
Analysis of Knowledge Graph: Hotspots and Future Trends in Environmental Education Research,2024,Sustainability (Switzerland) ,10.3390/su16062378,4,8.749892,3.3187127
Twenty-first-century demographic and social inequalities of heat-related deaths in Brazilian urban areas,2024,PLoS ONE,10.1371/journal.pone.0295766,24,7.651841,7.245017
"Work as a social determinant of health in high-income countries: past, present, and future",2023,The Lancet,10.1016/S0140-6736(23)00871-1,-1,3.5861223,2.9485035
The mediated circulation of the United Kingdom’s YouthStrike4Climate movement’s discourses and actions,2024,European Journal of Cultural Studies,10.1177/13675494231165645,5,6.956341,1.9291974
From Gender-Blind to Gender Bind: Foregrounding Gender in the History of the UNFCCC,2024,Global Environmental Politics,10.1162/glep_a_00717,6,5.2816443,3.3793013
How subjectivities and subject-making influence community participation in climate change adaptation: the case of Vietnam,2023,Climatic Change,10.1007/s10584-023-03625-x,1,4.3088226,5.1520386
"Impact of heatwaves, demographics, and environment on hospitalization rates in Paris",2024,Journal of Hospital Management and Health Policy,10.21037/jhmhp-23-115,24,7.6407638,7.259119
At the intersection of climate justice and reproductive justice,2024,Wiley Interdisciplinary Reviews: Climate Change,10.1002/wcc.860,-1,6.2917686,3.3068423
Panic activism or crisis solidarity? Reworking crisis narratives in climate activism through the COVID-19 pandemic,2024,Transactions of the Institute of British Geographers,10.1111/tran.12678,7,6.5169744,3.225424
Analysis of the United Arab Emirates' contribution to the sustainable development goals with a focus on global health and climate change,2023,International Journal of Health Governance,10.1108/IJHG-04-2023-0040,12,8.579676,2.902993
Promoting community health and climate justice co-benefits: insights from a rural and remote island climate planning process,2024,Frontiers in public health,10.3389/fpubh.2024.1309186,-1,6.8268538,4.6648636
Entangled Humanism and Impersonal Circuits of Imperial Power: An Interview with William E. Connolly by Heike Härting and Heather Meek,2024,Planetary Health Humanities and Pandemics,10.4324/9781003367581-16,22,6.4752626,1.7373353
There is no word for ‘nature’ in our language: rethinking nature-based solutions from the perspective of Indigenous Peoples located in Canada,2024,Climatic Change,10.1007/s10584-024-03682-w,16,6.722491,2.5621634
How Can Psychology Contribute to Climate Change Governance? A Systematic Review,2023,Sustainability (Switzerland),10.3390/su151914273,18,7.6345663,3.648328
Shifting discourses of climate security in India: domestic and international dimensions,2024,Third World Quarterly,10.1080/01436597.2024.2314003,8,5.250961,4.7389455
Gendered traditional agroecological knowledge in agri-food systems: a systematic review,2023,Journal of Ethnobiology and Ethnomedicine,10.1186/s13002-023-00576-6,1,3.8994906,4.625084
"“The Urban Poor and Vulnerable Are Hit Hardest by the Heat”: A Heat Equity Lens to Understand Community Perceptions of Climate Change, Urban Heat Islands, and Green Infrastructure",2023,Land,10.3390/land12122174,3,7.429414,5.5766063
Another brick in the wall: Climate change (in)adaptation under the law of belligerent occupation,2023,International Review of the Red Cross,10.1017/S1816383123000334,4,7.2458363,3.9915388
"Classifying climate vulnerability and inequalities in India, Mexico, and Nigeria: a latent class analysis approach",2024,Environmental Research Letters,10.1088/1748-9326/ad1fa6,-1,6.2267537,5.704556
What role do social-ecological factors play in ecological grief?: Insights from a global scoping review,2024,Journal of Environmental Psychology,10.1016/j.jenvp.2023.102184,-1,6.1053505,4.0827136
The synergies between human rights and the rights of nature: An ecological dimension from the Latin American climate litigation,2024,Netherlands Quarterly of Human Rights,10.1177/09240519231223672,9,7.2073092,3.3461924
Integrating Place and Sense of Place into Geovisualizations of Hurricane Storm Surge Risk,2023,"Weather, Climate, and Society",10.1175/WCAS-D-23-0044.1,17,6.8572664,6.8664174
Gendered intersections in water and development,2023,Routledge Handbook of Water and Development,10.4324/9781003095545-32,6,5.1491723,3.6480422
Routledge handbook on cultural heritage and disaster risk management,2023,Routledge Handbook on Cultural Heritage and Disaster Risk Management,10.4324/9781003293019,7,6.1045647,6.1252165
Unfamiliar families and disturbing climate futures,2024,International Feminist Journal of Politics,10.1080/14616742.2024.2311838,-1,5.4632344,3.534265
Reversing the Gaze: Developing Indigenous and Western Media Frames to Coverage of Climate Change and Indigenous Peoples in the News Media*,2024,Rural Sociology,10.1111/ruso.12521,27,6.6802506,2.273927
"The Journalism in Climate Change Websites: Their Distinct Forms of Specialism, Content, and Role Perceptions",2024,Journalism Practice,10.1080/17512786.2022.2065338,27,6.8133674,2.2067611
Climate Migration: A Gendered Perspective,2024,Environmental Policy and Law,10.3233/EPL-239008,-1,5.6548,4.1490817
How do transnational public spheres emerge? Comparing news and social media networks during the Madrid climate talks,2024,New Media and Society,10.1177/14614448221081426,27,6.7952657,2.2441792
"From fast to slow risks: Shifting vulnerabilities of flood-related migration in Lodwar, Kenya",2024,Climate Risk Management,10.1016/j.crm.2024.100584,-1,5.6439047,5.6045413
"A human rights-based approach to climate injustices at the local, national, and international levels: Program and policy recommendations",2024,Social Issues and Policy Review,10.1111/sipr.12103,18,6.8726754,3.73531
"Assessing local government's response to black women's vulnerability and adaptation to the impacts of floods in the context of intersectionality: The case of eThekwini metropolitan municipality, South Africa",2024,Environmental Policy and Governance,10.1002/eet.2053,-1,5.302299,5.668469
Between evidence first and political fight–understanding dynamics of (de-)politicization in US climate movements’ future narratives,2024,Environmental Politics,10.1080/09644016.2024.2324710,-1,6.2977333,2.886436
Adapting to climate change-induced flooding: insights from women traders in the riverine areas of Nigeria—a qualitative study,2024,Frontiers in Sustainability,10.3389/frsus.2024.1385513,1,4.4247255,5.0035872
Feminisation of adaptation interventions in Bangladesh: An intersectional analysis,2024,World Development Perspectives,10.1016/j.wdp.2024.100567,-1,4.827735,5.2963343
Patchwork Vectors for the Anthropocene: The Role of Creative Ecologies,2024,Qualitative Inquiry,10.1177/10778004241229785,4,7.7796197,3.5179703
Governance for planetary health equity-the Planetary Health Equity Hothouse project,2024,The Lancet. Planetary health,10.1016/S2542-5196(24)00080-9,12,8.467914,2.851318
The social consequences of climate change: a qualitative analysis of early girl child marriage as an informal adaptation strategy among rural communities in Northern Ghana,2024,Cogent Social Sciences,10.1080/23311886.2024.2319703,1,4.217952,5.263726
Regulating fair competition toward sustainable development goals,2023,Regulating Fair Competition Toward Sustainable Development Goals,10.4018/9798369303900,4,8.176576,3.9875565
Policy learning from evidence during polycrises: a case of EU environmental policy,2024,Policy Design and Practice,10.1080/25741292.2024.2344822,7,8.094458,4.65835
Perspectives of racialized immigrant communities on adaptability to climate disasters following the UN Roadmap for Sustainable Development Goals (SDGs) 2030,2024,Sustainable Development,10.1002/sd.2676,18,6.289894,5.2941318
"Building Agrifood Worker Power: A Memo for Students on the Food Chain Workers Alliance, 2023 Richard Cloward and Frances Fox Piven Award Recipient",2024,New Political Science,10.1080/07393148.2024.2307149,-1,8.012984,2.835192
Exploring the nexus of gender and environment in the H2020 PHOENIX project: insights from the design of a gender equality plan,2024,Frontiers in Environmental Science,10.3389/fenvs.2024.1331099,13,4.9371195,3.7248778
Summary: Creating systems innovation platforms for transformative pathways in circular economy,2024,Circular and Transformative Economy: Advances towards Sustainable Socio-economic Transformation,10.1201/9781003327615-15,1,8.026392,4.9483614
On Current Armed Insurgencies in the Sahel and the Role of Climate Change: Merging Political Ecology and Environmental Security,2023,Czech Journal of International Relation,10.32422/cjir-mv.116,-1,6.890296,4.4297085
Preliminary Development of the Climate and Racial Justice Scale,2024,Environmental Justice,10.1089/env.2023.0025,5,7.284938,2.170329
The Anthropocene judgments project: Futureproofing the common law,2023,The Anthropocene Judgments Project: Futureproofing the Common Law,10.4324/9781003389569,-1,7.176983,3.229923
The intersection of marine and coastal conservation and nature-based solutions to climate change: Governance insights from Indian Ocean small island States,2023,Ocean and Coastal Management,10.1016/j.ocecoaman.2023.106579,11,7.7376003,4.2105994
Analysing intersections of justice with energy transitions in India - A systematic literature review,2023,Energy Research and Social Science,10.1016/j.erss.2023.103010,15,8.995331,4.4073625
Relevance of ecosystem services and disservices from green infrastructure perceived by the inhabitants of two Portuguese cities dealing with climate change: implications for environmental and intersectional justice,2023,Journal of Environmental Planning and Management,10.1080/09640568.2023.2286927,3,7.2406015,5.4735785
Climate Change Cross-Border Migration and the Biden Administration: What the Future Holds?,2023,Environmental Justice,10.1089/env.2021.0117,-1,6.419925,4.0405684
Thermal (In)equity and incarceration: A necessary nexus for geographers,2023,Environment and Planning E: Nature and Space,10.1177/25148486211063488,-1,6.601118,3.2864225
"Time in Practice Temporality, Intersubjectivity, and Listening Differently, Second Edition",2023,"Time in Practice Temporality, Intersubjectivity, and Listening Differently, Second Edition",10.4324/9781003349624,25,5.912688,1.7455893
"“It's just this lingering, hovering thing …” Professionals supporting individuals under community supervision during disasters",2023,Social Sciences and Humanities Open,10.1016/j.ssaho.2023.100750,17,6.2827215,6.500589
Countering colonial nostalgia and heroic masculinity in the age of accelerated climate change: The Arctic artworks of Katja Aglert and Isaac Julien,2023,Moving Image Review and Art Journal,10.1386/miraj_00103_1,25,5.960967,1.8454984
A Comparative Study of China’s Carbon Neutrality Policy and International Research Keywords under the Background of Decarbonization Plans in China,2023,Sustainability (Switzerland),10.3390/su151713069,20,8.881221,3.7332022
What does the future of public health need to know about climate-health?,2023,Population Medicine,10.18332/POPMED/164698,12,8.475734,2.6818295
Justice in nature conservation: limits and possibilities under global capitalism,2023,Climate and Development,10.1080/17565529.2023.2274901,9,7.3690214,3.04352
"Invisible women: barriers for women professionals in the water, energy, food, and environment sectors in Nepal",2023,Frontiers in Sustainable Food Systems,10.3389/fsufs.2023.1146187,8,4.9201336,4.2227254
Gender bias and inequity holds women back in their conservation careers,2023,Frontiers in Environmental Science,10.3389/fenvs.2022.1056751,6,4.9394035,3.5074778
A Nuanced Analysis on Livelihood Resilience of Vietnamese Upland Households: An Intersectional Lens of Ethnicity and Gender,2023,Sustainability (Switzerland),10.3390/su15043510,26,4.557842,5.7875814
Safeguarding youth sexual and reproductive health and rights in the context of increasing climate-related disasters in the Pacific: A scoping review of policies and responses,2023,International Journal of Disaster Risk Reduction,10.1016/j.ijdrr.2023.103561,31,5.7674117,5.663906
Interrelationship between trade and environment: a bibliometric analysis of published articles from the last two decades,2023,Environmental Science and Pollution Research,10.1007/s11356-023-25168-5,4,8.890837,3.5236108
"Environmental Sustainability and Internationalization in Higher Education: A New Frontier in Research, Policy and Practice",2023,Journal of Studies in International Education,10.1177/10283153231187138,22,7.3336024,1.4843687
Gender-Ethnicity Intersectionality in Climate Change Adaptation in the Coastal Areas of Bangladesh,2023,Sustainability (Switzerland),10.3390/su15043744,29,4.6959195,5.3227377
Gender and climate change ‘through other eyes’ : Grassroots women’s responses to changing environments in southern Africa,2023,Agenda,10.1080/10130950.2023.2274064,-1,5.3048973,4.100622
Care and Constraints in the Climate Crisis: An Intersectional Rhetorical Analysis of News Comments about the El Dorado Fire,2023,Women's Studies in Communication,10.1080/07491409.2023.2259844,-1,5.8518243,3.079891
Surviving violent conflicts and climate variability: An intersectional analysis of differentiated access to diversification resources among smallholder farmers in Kuka,2023,Heliyon,10.1016/j.heliyon.2023.e16389,1,4.2827587,5.1647177
"Climate change and health in rural mountain environments: summary of a workshop on knowledge gaps, barriers, and opportunities for action",2023,GeoJournal,10.1007/s10708-023-10916-4,-1,7.123591,4.441843
Leveraging critical race theory to produce equitable climate change adaptation,2023,Nature Climate Change,10.1038/s41558-023-01690-9,30,6.603997,3.3797987
Beyond the turn to human rights: a call for an intersectional climate justice approach,2023,International Journal of Human Rights,10.1080/13642987.2023.2297315,9,7.195031,3.584851
Gender and Disaster: The Impact of Natural Disasters on Violence Against Women in Nepal,2023,Journal of Asian and African Studies,10.1177/00219096211062474,31,5.2468762,5.7907634
Climate change and public health in South America: a scoping review of governance and public engagement research,2023,The Lancet Regional Health - Americas,10.1016/j.lana.2023.100603,12,8.710882,2.817944
Climate mitigation and adaptation is cancer prevention and control,2023,Journal of Climate Change and Health,10.1016/j.joclim.2023.100209,12,8.635713,2.7449212
"Intercommunal violence, insurgency, and agropastoral conflict in the Lake Chad Basin region",2023,Small Wars and Insurgencies,10.1080/09592318.2023.2248868,-1,6.7065983,4.450084
Toward environmental reproductive justice,2023,A Companion to the Anthropology of Reproductive Medicine and Technology,10.1002/9781119845379.ch15,-1,6.137119,3.275517
Seeking refuge? The potential of urban climate shelters to address intersecting vulnerabilities,2023,Landscape and Urban Planning,10.1016/j.landurbplan.2023.104836,3,7.02565,5.4153256
Health Equity in Climate Change and Health Policies: A Systematic Review,2023,Sustainability (Switzerland),10.3390/su151310653,12,8.679875,2.7697194
Handbook on inequality and the environment,2023,Handbook on Inequality and the Environment,10.4337/9781800881136,-1,6.3045354,3.1899905
Commentary: Making the change possible,2023,Just Transitions: Gender and Power in India’s Climate Politics,10.4324/9781003048374-6,8,5.1098986,4.784528
"Young People Shaping Democratic Politics: Interrogating Inclusion, Mobilising Education",2023,"Young People Shaping Democratic Politics: Interrogating Inclusion, Mobilising Education",10.1007/978-3-031-29378-8,5,7.0943265,1.6470484
Wildlife Equity Theory for Multispecies Tourism Justice,2023,Journal of Travel Research,10.1177/00472875221129254,9,7.4118013,2.7859433
Youth environmental citizenship formation: Struggled political subjectivities and everyday experiences of young people in Turkey,2023,Children and Society,10.1111/chso.12778,5,7.474368,1.9484426
Climate & Language: An Entangled Crisis,2023,Daedalus,10.1162/daed_a_02019,16,6.538191,2.5947037
"Connecting the Dots: Assessing the Role of ‘Women, Peace and Security’ Agenda in Conflict Resolution and Peacebuilding in Climate Fragile Zones of the Rohingya Camps in Bangladesh",2023,World Sustainability Series,10.1007/978-981-99-7572-3_13,28,4.49456,3.5004334
Reframing Climate Change Resilience: An Intersectional Perspective of Ethnicity and Gender from Vietnam,2023,Climate,10.3390/cli11040085,26,4.5501237,5.790445
Palliative Justice Post-COP27,2023,Yale Journal of Biology and Medicine,10.59249/RTYB9681,12,7.1299667,3.5976071
‘As a farmer you've just got to learn to cope’: Understanding dairy farmers' perceptions of climate change and adaptation decisions in the lower south Island of Aotearoa-New Zealand,2023,Journal of Rural Studies,10.1016/j.jrurstud.2023.02.001,1,4.1445017,4.8435187
Unpacking the invisible complex realities: intersections of gender and marital status in determining the intrinsic vulnerability of smallholder farmers to climate change in Northwestern Ethiopia,2023,Climate and Development,10.1080/17565529.2023.2246038,-1,4.1105266,5.194559
Screening for Heat Related Illness in Pregnant People: Sample Case Study for Clinician Education,2023,Journal of Midwifery and Women's Health,10.1111/jmwh.13489,24,7.5356026,7.1940475
"THE ROLE OF COUNTRY'S GREEN BRAND AND DIGITALIZATION IN ENHANCING ENVIRONMENTAL, SOCIAL, AND GOVERNANCE PERFORMANCE; [ROLA ZIELONEJ MARKI KRAJU I CYFRYZACJI W ZWIĘKSZENIU EFEKTYWNOŚCI ŚRODOWISKOWEJ, SPOŁECZNEJ I ZARZĄDCZEJ]",2023,Economics and Environment,10.34659/eis.2023.87.4.613,20,8.705032,3.6756752
"Locally led adaptation: Promise, pitfalls, and possibilities",2023,Ambio,10.1007/s13280-023-01884-7,3,7.3641577,4.9836326
"The intersection of pediatric surgery, climate change, and equity",2023,Journal of Pediatric Surgery,10.1016/j.jpedsurg.2023.01.017,12,8.190134,2.366563
Ecologies of integrated modeling: configuring policy-relevance in Swedish climate governance,2023,Frontiers in Climate,10.3389/fclim.2023.1159860,-1,8.147784,4.792484
"Methodological lessons for negotiating power, political capabilities, and resilience in research on climate change responses",2023,World Development,10.1016/j.worlddev.2023.106247,-1,5.662589,4.514708
Re-centring and recovering knowledge about climate-friendly agriculture: Learning from a woman African indigenous knowledge holder,2023,Agenda,10.1080/10130950.2023.2251563,22,7.0411863,1.7176938
"Intersectional climate perceptions: Understanding the impacts of race and gender on climate experiences, future concerns, and planning efforts",2023,Urban Climate,10.1016/j.uclim.2023.101576,-1,6.014984,4.5528975
AI in Sustainable Pig Farming: IoT Insights into Stress and Gait,2023,Agriculture (Switzerland),10.3390/agriculture13091706,-1,8.035588,2.6829426
Governing intersectional climate justice: Tactics and lessons from Barcelona,2023,Environmental Policy and Governance,10.1002/eet.2075,3,7.244459,5.3927097
Threats to sustainability in face of post-pandemic scenarios and the war in Ukraine,2023,Science of the Total Environment,10.1016/j.scitotenv.2023.164509,-1,7.8779693,3.0559475
Characterizing vulnerabilities to climate change across the United States,2023,Environment International,10.1016/j.envint.2023.107772,18,6.449673,5.7099195
"Towards Inclusive Resilience: Understanding the Intersectionality of Gender, Ethnicity, and Livelihoods in Climate-prone Upland Areas of Central Vietnam",2023,Environment and Ecology Research,10.13189/eer.2023.110410,26,4.5177917,5.751619
Legal culture and climate change adaptation: An agenda for research,2023,Wiley Interdisciplinary Reviews: Climate Change,10.1002/wcc.825,4,7.659792,4.133469
"Halin ai: Intersectional Experiences of Disability, Climate Change, and Disasters in Indonesia",2023,Social Inclusion,10.17645/si.v11i4.7105,18,5.9794536,5.1392856
The Energy Mix: Understanding People’s Diverging Energy Preferences in Belgium,2023,Social Sciences,10.3390/socsci12050260,15,9.054293,4.3256607
"Breaking climate justice ‘silence’ in everyday life: The environmentalist killjoy, negotiation and relationship risk",2023,Sociological Review,10.1177/00380261231159524,-1,6.158439,2.7011476
A Framework for Resilient City Governance in Response to Sudden Weather Disasters: A Perspective Based on Accident Causation Theories,2023,Sustainability (Switzerland),10.3390/su15032387,-1,7.1752977,6.118898
"Unveiling urban households’ livelihood vulnerability to climate change: An intersectional analysis of Hue City, Vietnam",2023,Environmental and Sustainability Indicators,10.1016/j.indic.2023.100269,26,4.3686614,5.5947795
"Placing lost intersectional plots in Houellebecq's Anéantir (2022): Race, climate and scandalous textual necropolitics",2023,French Cultural Studies,10.1177/09571558221145188,-1,6.669853,2.9777424
Digital Ethnography? Our Experiences in the Use of SenseMaker for Understanding Gendered Climate Vulnerabilities amongst Marginalized Agrarian Communities,2023,Sustainability (Switzerland),10.3390/su15097196,1,4.4128785,4.458595
"The Past, Present, and Future(s) of Feminist Foreign Policy",2023,International Studies Review,10.1093/isr/viac068,6,5.248888,3.4242294
Gender responsive budgeting approach to combating climate change,2023,Gender Inequality and its Implications on Education and Health: A Global Perspective,10.1108/978-1-83753-180-620231024,13,5.0283904,4.415926
Climate change-triggered vulnerability assessment of the flood-prone communities in Bangladesh: A gender perspective,2023,International Journal of Disaster Risk Reduction,10.1016/j.ijdrr.2023.103851,29,5.1399064,5.745871
Mapping the coal-water nexus in the Yellow River Basin,2023,Journal of Cleaner Production,10.1016/j.jclepro.2023.137249,19,8.347569,5.3508215
"Language, Skin Tone, and Attitudes toward Puerto Rico in the Aftermath of Hurricane Maria",2023,American Political Science Review,10.1017/S0003055422000971,14,5.978531,7.604422
"Climate diplomacy, just transitions, and gender mainstreaming: India’s experiences",2023,Just Transitions: Gender and Power in India’s Climate Politics,10.4324/9781003048374-3,8,5.1348243,4.662856
"Gendered livelihood impacts and responses to an invasive, transboundary weed in a rural Ethiopian community",2023,"Gender, Place and Culture",10.1080/0966369X.2023.2294257,1,4.3378816,4.611543
Lessons from the Women and Gender Constituency: Interrogating Civil Society Strategies for Organising in the UNFCCC,2023,"International Journal of Politics, Culture and Society",10.1007/s10767-023-09448-z,6,5.3216057,3.2269058
Landscape Assessment of the U.S. Environmental Justice Movement: Transformative Strategies for Climate Justice,2023,Environmental Justice,10.1089/env.2021.0075,5,7.3029304,2.0859578
Shattered glass piling at the bottom: The ‘problem’ with gender equality policy for higher education,2023,Critical Social Policy,10.1177/02610183221119717,13,4.65662,3.5380378
“LEARNING TO CODE … WITH A GOAL THAT I GET TO DETERMINE”: A Latina Girl’s Literate Intersectional Identities at a STEAM Workshop,2023,Becoming Readers and Writers: Literate Identities Across Childhood and Adolescence,10.4324/9781003271406-16,0,3.6759057,1.180668
Resilience of Communities and Sustainable Aquaculture: Governance and Regulatory Effects,2022,Fishes,10.3390/fishes7050268,-1,7.8624983,3.0666246
Safeguarding the land to secure food in the highlands of Peru: The case of Andean peasant producers,2022,Frontiers in Sustainable Food Systems,10.3389/fsufs.2022.787600,1,3.7490456,4.350399
Evaluating Air Quality Status in Chicago: Application of Street View Imagery and Urban Climate Sensors,2023,Environmental Modeling and Assessment,10.1007/s10666-023-09894-1,21,7.9536037,6.3805575
Spatial Patterns and Magnitudes of Agriculturally Pertinent Climate Indicators across Agroecosystems in Türkiye,2022,Journal of Applied Meteorology and Climatology,10.1175/JAMC-D-21-0175.1,-1,7.973762,5.744416
Tracking local and regional climate im/mobilities through a multidimensional lens,2022,Regional Environmental Change,10.1007/s10113-022-01948-6,10,6.480664,4.342016
́We are the limitś performing climate justice commoning in the Czech Klimakemp,2023,Geoforum,10.1016/j.geoforum.2022.10.006,-1,6.526803,3.4143174
Gender Justice in Public International Organizations’ Procurement Work: A Contrasted View,2023,"Gender, Vulnerability Theory and Public Procurement: Perspectives on Global Reform",10.4324/9781003371663-4,28,4.9179044,3.6464982
"CLIMATE JUSTICE IN THE MAJORITY WORLD: Vulnerability, Resistance, and Diverse Knowledges",2023,"Climate Justice in the Majority World: Vulnerability, Resistance, and Diverse Knowledges",10.4324/9781003214021,-1,6.5415373,3.7552736
Lifestyle mobilities and urban environmental degradation: evidence from China,2023,Mobilities,10.1080/17450101.2022.2109985,10,6.495269,4.2733893
Intersectionality & Climate Justice: A call for synergy in climate change scholarship,2023,Environmental Politics,10.1080/09644016.2023.2172869,30,6.266706,3.3715484
Gendered perceptions of climate change and agricultural adaptation practices: a systematic review,2023,Climate and Development,10.1080/17565529.2023.2176185,1,4.2012053,4.6812897
Occupational Safety and Health Staging Framework for Decent Work,2022,International Journal of Environmental Research and Public Health,10.3390/ijerph191710842,-1,3.9007404,3.0654192
Anticipating Climate-Related Changes to Residential Energy Burden in the United States: Advance Planning for Equity and Resilience,2022,Environmental Justice,10.1089/env.2021.0056,3,6.974346,5.687689
Understanding scientists’ communication challenges at the intersection of climate and agriculture,2022,PLoS ONE,10.1371/journal.pone.0269927,12,8.6523905,3.2504065
"Law, policy and climate Change: The regulation of systemic risks",2022,"Law, Policy and Climate Change: The Regulation of Systemic Risks",10.4324/9781003253464,7,6.6699634,5.3377476
Climate (of) change: the promise and perils of technology in achieving a just transition,2023,International Journal of Sociology and Social Policy,10.1108/IJSSP-01-2023-0023,4,8.230969,3.945268
Impacts and Opportunities at the Climate–Land Use–Energy–Water Interface: An Urgent Call for Dialogue,2022,Journal of the American Water Resources Association,10.1111/1752-1688.13014,19,8.452052,5.203855
Inequalities and interrelations: The sociology of disasters at a new crossroads,2022,Sociology Compass,10.1111/soc4.13008,17,6.183518,6.0628467
"Climate change, mental health and wellbeing: privileging Pacific peoples’ perspectives–phase one",2023,Climate and Development,10.1080/17565529.2022.2145171,18,6.815954,3.704815
Iceberg sovereignty,2022,Marine Policy,10.1016/j.marpol.2022.105139,20,8.424824,4.5643487
"Readiness at what cost? Trauma, displacement and opportunism in the Florida Keys",2022,Frontiers in Sustainable Cities,10.3389/frsc.2022.936809,17,6.5933237,6.7267804
When Girls Lead,2022,Girlhood Studies,10.3167/GHS.2022.150204,6,5.6825924,3.1391397
Local Communities and the Mining Industry: Economic Potential and Social and Environmental Responsibilities,2023,Local Communities and the Mining Industry: Economic Potential and Social and Environmental Responsibilities,10.4324/9781003182375,0,7.5149126,4.0420146
"Gender-Based Violence and Layered Disasters: Place, Culture and Survival",2022,"Gender-Based Violence and Layered Disasters: Place, Culture and Survival",10.4324/9781003089780,31,5.4563622,6.1783433
Co-envisioning the social-ecological transition through youth eco-activists’ narratives: toward a relational approach to ecological justice,2023,Journal of Community Practice,10.1080/10705422.2023.2208577,5,7.358882,1.8890646
"Tourism, hospitality, and environmental sustainability on the Small Island Developing States",2022,Current Opinion in Environmental Sustainability,10.1016/j.cosust.2022.101233,11,7.353924,4.3611755
Twenty-first century bioarchaeology: Taking stock and moving forward,2022,American Journal of Biological Anthropology,10.1002/ajpa.24494,12,7.2583213,2.430689
"What impacts water services in rural Alaska? Identifying vulnerabilities at the intersection of technical, natural, human, and financial systems",2022,Journal of Cleaner Production,10.1016/j.jclepro.2022.134596,19,8.4901085,5.3638306
"The Intersection between Heatwaves, High-Rise Living and the Aged: A Narrative Review of the Literature",2022,Atmosphere,10.3390/atmos13091461,24,7.5898604,7.2230964
Transforming US urban green infrastructure planning to address equity,2023,Landscape and Urban Planning,10.1016/j.landurbplan.2022.104591,3,7.3989654,5.4508247
Integrated assessment of urban water supply security and resilience: Towards a streamlined approach,2022,Environmental Research Letters,10.1088/1748-9326/ac78f4,19,7.6389832,6.0426927
"Climate change, neoauthoritarianism, necropolitics, and state failure: the Duterte regime in the Philippines",2023,Asian Geographer,10.1080/10225706.2022.2029506,23,7.043133,4.2145915
"Global value chains, food and just transition: a multi-scale approach to Brazilian soy value chains",2023,Journal of Peasant Studies,10.1080/03066150.2022.2105700,0,7.8589244,2.9781241
EXTREME CLIMATIC EVENTS AND CLIMATE CHANGE POLICIES: A Call for Climate Justice Action in Mozambique,2023,"Climate Justice in the Majority World: Vulnerability, Resistance, and Diverse Knowledges",10.4324/9781003214021-3,20,6.3361673,5.162392
The case for Interdisciplinary Crisis Studies,2022,Global Discourse,10.1332/204378920X15802967811683,7,6.391265,5.3707685
"Gendered exposure, vulnerability, and response: Malaria risk in a changing climate in Western Kenya",2022,Frontiers in Climate,10.3389/fclim.2022.929667,1,4.371503,4.9288793
A time to change direction,2023,Responding to Environmental Issues through Adaptive Collaborative Management: From Forest Communities to Global Actors,10.4324/9781003325932-1,22,7.047707,3.143931
Air Pollution and Mortality at the Intersection of Race and Social Class,2023,New England Journal of Medicine,10.1056/NEJMsa2300523,24,7.82099,7.06958
What is equitable about equitable resilience? Dynamic risks and subjectivities in Nepal,2022,World Development,10.1016/j.worlddev.2022.106020,26,4.6887794,5.6286955
Decoloniality: Between a travelling concept and a relational onto-epistemic political stance,2023,Coloniality and Decolonization in the Nordic Region,10.4324/9781003293323-9,0,4.049094,1.866786
Integrative resilience in action: Stories from the frontlines of climate change and the Covid-19 pandemic,2022,Frontiers in Sustainable Cities,10.3389/frsc.2022.933501,-1,6.7220187,5.8624597
A review of gender in agricultural and pastoral livelihoods based on selected countries in west and east Africa,2022,Frontiers in Sustainable Food Systems,10.3389/fsufs.2022.908018,1,4.0068274,4.72912
"Green regeneration for more justice? An analysis of the purpose, implementation, and impacts of greening policies from a justice perspective in Łódź Stare Polesie (Poland) and Leipzig's inner east (Germany)",2022,Environmental Science and Policy,10.1016/j.envsci.2022.08.001,3,7.5414433,5.266581
The Politics of Governing Resilience: Gendered Dimensions of Climate-Smart Agriculture in Kenya,2022,Frontiers in Climate,10.3389/fclim.2022.864292,1,4.474736,4.9408727
"Gender, (im)mobility and social relations shaping vulnerabilities in coastal Bangladesh",2022,International Journal of Disaster Risk Reduction,10.1016/j.ijdrr.2022.103342,29,4.9703217,5.48495
Back to Natural and the Intergenerational Healing of the Natural Black Hair Movement,2022,Journal of Humanistic Psychology,10.1177/00221678211009078,14,6.28463,1.9102424
THE INTERSECTION OF CLIMATE JUSTICE AND AGROECOLOGY IN PUERTO RICO POST-HURRICANE MARIA: Voices from the Ground,2023,"Climate Justice in the Majority World: Vulnerability, Resistance, and Diverse Knowledges",10.4324/9781003214021-4,10,6.4320693,3.8697531
Equity concerns in transformative planning: Barcelona’s Superblocks under scrutiny,2023,Cities and Health,10.1080/23748834.2023.2207929,3,7.307105,5.350186
Ethical Considerations at the Intersection of Climate Change and Reproductive Justice: Directions from Green Criminology,2022,Critical Criminology,10.1007/s10612-022-09661-w,-1,6.0510216,3.2548156
Climate Justice and Intersectionality in the Arctic,2023,Sibirica,10.3167/SIB.2023.220102,-1,5.863998,3.4603722
"Social comparison for concern and action on climate change, racial injustice, and COVID-19",2022,Analyses of Social Issues and Public Policy,10.1111/asap.12309,18,6.463102,4.549523
How Do Different Modes of Governance Support Ecosystem Services/Disservices in Small-Scale Urban Green Infrastructure? A Systematic Review,2022,Land,10.3390/land11081247,11,7.819124,4.7860866
Synergies and trade-offs between climate change adaptation options and gender equality: a review of the global literature,2022,Humanities and Social Sciences Communications,10.1057/s41599-022-01266-6,13,4.867768,4.2885365
"The Social, Political, and Environmental Dimensions in Designing Urban Public Space from a Water Management Perspective: Testing European Experiences",2022,Land,10.3390/land11091575,3,7.1727767,5.7095456
Women farmers leading and co-learning in an agroecology movement at the intersections of gender and climate,2023,Agenda,10.1080/10130950.2023.2239313,1,3.9095364,4.789248
The Discursive Construction of Veg(etari)anism: A Polyphonic Rhetoric,2023,The Rhetorical Construction of Vegetarianism,10.4324/9781003039013-1,-1,7.5492296,2.6646826
"The Evolution of Climate Action in the Environmental Justice Movement, 2010-2020",2022,Environmental Justice,10.1089/env.2021.0062,5,7.4554315,2.262212
"Linking science and practice in participatory future-oriented assessment and planning of human heat stress vulnerability in Bonn, Germany",2023,Journal of Environmental Planning and Management,10.1080/09640568.2022.2043260,-1,7.4661264,5.6791234
The Political Relevance of Food Media and Journalism: Beyond Reviews and Recipes,2023,The Political Relevance of Food Media and Journalism: Beyond Reviews and Recipes,10.4324/9781003283942,-1,7.5537806,2.5153296
Gender and Public Perception of Disasters: A Multiple Hazards Exploratory Study of EU Citizens,2022,Safety,10.3390/safety8030059,-1,5.51769,6.3432207
The Meaningful Participation of Women in Solving Our Common Crises: Gendered Perspectives on Climate Change and the Humanitarian-Development-Peace Nexus,2022,Journal of Peacebuilding and Development,10.1177/15423166221128178,28,4.5322514,3.4471192
"Paying attention to pigs: negotiating equity and equality in global environmental governance in Suau, Papua New Guinea",2023,Journal of the Royal Anthropological Institute,10.1111/1467-9655.13913,11,7.6428013,4.5306716
Beyond promises: Realities of climate finance justice and energy transitions in Asia and the Pacific,2022,Energy Research and Social Science,10.1016/j.erss.2022.102550,20,8.88827,4.272891
"“LISTEN, THERE, TO THE WAY THE REAL WORLD THINKS IN ME”: Cultivating an Empathic Imagination to Support Students’ Visual Stories that Address the Climate Crisis",2023,Youth Created Media on the Climate Crisis: Hear Our Voices,10.4324/9781003335276-9,22,6.9405394,1.5412558
Watery research boundaries: A bibliometric and network science approach to explore gaps and overlaps in water research,2022,Water Security,10.1016/j.wasec.2022.100117,4,9.004426,3.6542199
"Intersectional subjectivities and climate change adaptation: An attentive analytical approach for examining power, emancipatory processes, and transformation",2022,Transactions of the Institute of British Geographers,10.1111/tran.12529,-1,5.9401126,3.7020917
"Climate Change, Public Health, Health Policy, and Nurses Training",2022,American Journal of Public Health,10.2105/AJPH.2022.306826,12,8.572442,2.58105
"The Intersectionality of Environmental Injustice, Other Societal Harms, and Farmed Animal Welfare",2023,Environmental Justice,10.1089/env.2021.0125,9,7.305511,2.7769814
Interdependencies of Lifelines: A Case Study of Transportation Infrastructure Under Hurricane Impacts,2023,Lecture Notes in Civil Engineering,10.1007/978-981-19-1029-6_1,21,7.4054494,6.6737604
Not by trees alone: Centering community in urban forestry,2022,Landscape and Urban Planning,10.1016/j.landurbplan.2022.104445,-1,7.7571445,4.9615154
"Youth, Gender and Climate Resilience: Voices of Adolescent and Young Women in Southern Africa",2022,Sustainability (Switzerland),10.3390/su14148797,13,5.491174,4.37566
"African Americans and the Mississippi river: Race, history, and the environment",2022,"African Americans and the Mississippi River: Race, History, and the Environment",10.4324/9781315617077,14,6.2228255,7.3077245
A New Phase of Just Urban Climate Action in the Rocky Mountain West,2023,Urban Planning,10.17645/up.v8i1.6019,3,7.462495,5.424057
Cross-cutting concepts to transform agricultural research,2023,Frontiers in Sustainable Food Systems,10.3389/fsufs.2023.1242665,-1,8.223946,2.8492603
"Well grounded: Indigenous Peoples' knowledge, ethnobiology and sustainability",2022,People and Nature,10.1002/pan3.10321,16,7.151548,2.7371864
Gendered perceptions and adaptations to climate change in Ghana: what factors influence the choice of an adaptation strategy?,2023,Frontiers in Sustainable Food Systems,10.3389/fsufs.2023.1091812,1,3.9099944,4.9831266
Building resilience now and for the future: Adolescent skills to address global challenges,2022,Development Policy Review,10.1111/dpr.12670,13,5.6106925,4.7913723
Indigenous climate change adaptation: New directions for emerging scholarship,2022,Environment and Planning E: Nature and Space,10.1177/25148486211022450,16,6.697745,2.6578472
"Unsustainable development, disasters and displacement: Revisiting the governance challenge",2022,International Journal of Disaster Risk Reduction,10.1016/j.ijdrr.2022.103172,7,6.183879,6.0137525
"Research Handbook on Energy, Law and Ethics",2022,"Research Handbook on Energy, Law and Ethics",10.4337/9781839100833,15,9.064803,4.318805
A feminist geopolitics of bullying discourses? White innocence and figure-effects of bullying in climate politics,2023,"Gender, Place and Culture",10.1080/0966369X.2022.2065246,6,5.658272,3.1567948
Complex climate change risk and emerging directions for vulnerability research in Africa,2023,Climate Risk Management,10.1016/j.crm.2023.100497,-1,5.6485205,5.321434
The Rhetorical Construction of Vegetarianism,2023,The Rhetorical Construction of Vegetarianism,10.4324/9781003039013,-1,7.6517878,2.5855017
Equitable and Just by Design: Engaging Youth of Color in Climate Change Education,2022,Justice and Equity in Climate Change Education Exploring Social and Ethical Dimensions of Environmental Education,10.4324/9780429326011-7,5,7.464676,1.7877443
Voices in the Background: Environmental Degradation and Climate Change as Driving Forces of Violence against Indigenous Women,2021,Global Studies Quarterly,10.1093/isagsq/ksab018,28,4.8203435,3.7675939
Towards a climate-resilient America? Tracing climate-resilient nationhoods in US climate politics,2022,Space and Polity,10.1080/13562576.2022.2063715,-1,6.3082156,3.1288862
Rethinking the role of law in adapting to climate change,2021,Wiley Interdisciplinary Reviews: Climate Change,10.1002/wcc.726,4,7.874175,4.2583203
Child Rights and Displacement in East Africa: Agency and Spatial Justice in Planning Policy,2022,Child Rights and Displacement in East Africa: Agency and Spatial Justice in Planning Policy,10.4324/9781003187820,-1,5.9899487,5.2780147
"Teachings of the People: Environmental Justice, Religion, and the Global South",2022,Buddhist-Christian Studies,10.1353/bcs.2022.0004,-1,5.2624617,2.709116
A Green New Deal for all: The centrality of a worker and community-led just transition in the US,2022,Political Geography,10.1016/j.polgeo.2022.102594,4,8.02523,3.967933
Gender equality and climate justice programming for youth in low- and middle-income countries: an analysis of gaps and opportunities,2022,Environmental Education Research,10.1080/13504622.2022.2123894,13,5.47004,4.0788836
"Grand Challenges, Feminist Answers",2021,Organization Theory,10.1177/26317877211020323,6,5.520662,3.3457103
Intersectionalities of Opportunism: Justin Trudeau and the Politics of “Diversity”,2022,International Journal of Canadian Studies,10.3138/ijcs.60.x.40,6,5.5564876,3.1802626
Seeing the (in)justice of sustainability: Visualizing inequality at the centre of climate change communication,2022,Journal of Environmental Media,10.1386/jem_00069_2,25,6.457883,2.0791795
Mental Health Impacts of Climate Change on Women: a Scoping Review,2022,Current Environmental Health Reports,10.1007/s40572-022-00346-8,13,5.5902095,4.161247
"Breaking the dichotomies: Climate, coal, and gender. paving the way to a just transition. The example of Colombia",2021,Energies,10.3390/en14175457,15,8.651094,4.378214
Centering at the Margins: Critical Community Resilience Praxis,2021,Journal of Humanistic Psychology,10.1177/0022167818825305,7,6.249171,5.9182653
Decarbonizing power systems: A critical review of the role of energy storage,2022,Renewable and Sustainable Energy Reviews,10.1016/j.rser.2022.112077,15,9.254146,4.474257
The International Response to Animal Health and Climate Change,2022,Climate Change and Animal Health,10.1201/9781003149774-11,-1,8.432851,2.7949693
Towards a cultural lens for adaptation pathways to climate change,2022,Regional Environmental Change,10.1007/s10113-022-01884-5,-1,5.9427214,4.533052
Feeling the Catastrophe: Affective Ecocriticism in Liu Cixin’s “The Wandering Earth”,2022,Ecocriticism and Chinese Literature: Imagined Landscapes and Real Lived Spaces,10.4324/9781003212317-13,-1,6.768178,3.464759
Present and future sea level rise at the intersection of race and poverty in the Carolinas: A geospatial analysis,2021,Journal of Climate Change and Health,10.1016/j.joclim.2021.100028,17,6.961029,6.7050543
Influence of demographic characteristics and social network on peri-urban smallholder farmers adaptation strategies - evidence from southern Ghana,2022,Cogent Food and Agriculture,10.1080/23311932.2022.2130969,1,3.9891346,5.0380797
Illuminant intersections: Injustice and inequality through electricity and water infrastructures at the Gujarat Solar Park in India,2021,Energy Research and Social Science,10.1016/j.erss.2021.102309,8,8.473582,5.6187825
Crossing the Maelstrom: New Departures in Viking Archaeology,2022,Journal of Archaeological Research,10.1007/s10814-021-09163-3,-1,6.120812,1.798196
"Stuck between Mother Earth and a mother’s womb? On women, population policy and ecological sustainable development",2022,HTS Teologiese Studies / Theological Studies,10.4102/hts.v78i4.7792,-1,5.2670197,3.4948137
Evidence-based recommendations for communicating the impacts of climate change on health,2022,Translational Behavioral Medicine,10.1093/tbm/ibac029,12,8.67516,2.787303
"Power, the Pacific Islands, and the Prestige Press: A Case Study of How Climate Reporting is Influenced by UN Framework Convention on Climate Change Summits",2022,International Journal of Press/Politics,10.1177/19401612211018067,27,6.8556004,2.2694035
Relating the importance of psychological science in addressing climate change to cities and health,2022,Cities and Health,10.1080/23748834.2021.1939640,18,6.976632,4.1208935
Examining Gendered Expectations on Women's Vulnerability to Natural Hazards in Low to Middle Income Countries: A critical Literature Review,2021,International Journal of Disaster Risk Reduction,10.1016/j.ijdrr.2021.102495,31,5.2581573,6.088697
The Political Economy Reader: Contending Perspectives and Contemporary Debates: Second Edition,2021,The Political Economy Reader: Contending Perspectives and Contemporary Debates,10.4324/9781003047162,4,8.510755,3.6287897
"Gender equality for a thriving, sustainable arctic",2021,Sustainability (Switzerland),10.3390/su131910825,-1,5.48883,3.8728817
Introduction,2022,Advances in Asian Human-Environmental Research,10.1007/978-3-031-18249-5_1,19,8.224731,5.6651382
Animals in Disaster Social Work: An Intersectional Green Perspective Inclusive of Species,2021,British Journal of Social Work,10.1093/bjsw/bcab143,9,7.0355997,2.909794
Hacking the Techno-Transition: The Possibilities of Deep Energy Literacy,2022,Socialni Studia/Social Studies,10.5817/SOC2022-29550,15,9.199716,4.359524
Forests under the Southern Cross: The forest environmental frontier in Australia and New Zealand,2021,Ambio,10.1007/s13280-021-01636-5,11,7.8457484,4.636797
Transformative conservation of ecosystems,2022,Global Sustainability,10.1017/sus.2022.4,11,7.7936535,4.0585318
From environmental to climate justice: social-environmental expulsions and the emergence of a climate edge in Europe,2022,Globalizations,10.1080/14747731.2021.2009307,30,6.4170313,3.4070058
Prioritizing greenhouse gas mitigation strategies for local governments using marginal abatement cost,2021,Environmental Research: Infrastructure and Sustainability,10.1088/2634-4505/ac1241,21,8.080366,6.458831
Critical climate justice,2022,Geographical Journal,10.1111/geoj.12417,30,6.410617,3.376228
Emerging Trends in Arctic North America’s Maritime Security Agenda: From Ice to Water,2022,Springer Polar Sciences,10.1007/978-3-031-10149-6_8,20,8.437979,4.4974627
Breaking vicious cycles? A systems perspective on Southern leadership in climate and development research programmes,2022,Climate and Development,10.1080/17565529.2021.2020614,-1,5.7659397,4.3468
Intersectional climate urbanism: Towards the inclusion of marginalised voices,2021,Geoforum,10.1016/j.geoforum.2021.08.005,-1,6.3883977,2.820012
Algorithmic conservation in a changing climate,2021,Current Opinion in Environmental Sustainability,10.1016/j.cosust.2021.01.009,4,8.432809,4.03919
"Climate Change and Gender-Based Violence: Outcomes, Challenges and Future Perspectives",2022,World Sustainability Series,10.1007/978-3-030-86304-3_10,31,5.083822,4.565912
“We Live in a Very Toxic World”: Changing Environmental Landscapes and Indigenous Food Sovereignty,2022,Studies in Social Justice,10.26522/SSJ.V16I3.2746,9,7.0469985,2.7695727
"Gender dimensions of the migration, sustainability and care nexus: The case study of the Mahanadi delta, India",2022,Current Research in Environmental Sustainability,10.1016/j.crsust.2021.100104,8,5.053528,4.8914905
An Integrated Quantitative Assessment of Urban Water Security of a Megacity in the Global South,2022,Frontiers in Water,10.3389/frwa.2022.834239,19,8.122847,5.7530575
"Gender in sustainability research: Inclusion, intersectionality, and patterns of knowledge production",2021,Journal of Industrial Ecology,10.1111/jiec.13095,6,5.0956907,3.3353791
Smart city solutions and climate change mitigation: An overview,2022,Urban Climate Adaptation and Mitigation,10.1016/B978-0-323-85552-5.00017-8,3,7.7049785,5.7989306
"Diversifying Indigenous Vulnerability and Adaptation: An Intersectional Reading of Māori Women’s Experiences of Health, Wellbeing, and Climate Change",2022,Sustainability (Switzerland),10.3390/su14095452,16,6.4085646,2.6359441
Assessing nuanced social networks and its implication for climate change adaptation in northwestern Ghana,2022,World Development Perspectives,10.1016/j.wdp.2021.100390,1,4.050119,5.1045146
Nuanced assessment of livelihood resilience through the intersectional lens of gender and ethnicity: Evidence from small-scale farming communities in the upland regions of Vietnam,2022,Journal of Rural Studies,10.1016/j.jrurstud.2022.03.011,26,4.5629096,5.795872
"Social (In)justice, climate change and climate policy in Western Australia",2022,Environmental Sociology,10.1080/23251042.2022.2069216,-1,6.3177223,3.5464208
Solidarity and Social Justice in Contemporary Societies: An Interdisciplinary Approach to Understanding Inequalities,2022,Solidarity and Social Justice in Contemporary Societies: An Interdisciplinary Approach to Understanding Inequalities,10.1007/978-3-030-93795-9,-1,5.8813033,3.6004524
Smart city solutions and climate change adaptation: An overview,2022,Urban Climate Adaptation and Mitigation,10.1016/B978-0-323-85552-5.00012-9,-1,7.800601,5.7057433
Global histories of empire and climate in the Anthropocene,2021,History Compass,10.1111/hic3.12683,4,7.7119813,3.7683256
Integrating Youth Perspectives: Adopting a Human Rights and Public Health Approach to Climate Action,2022,International Journal of Environmental Research and Public Health,10.3390/ijerph19084840,5,7.6024013,1.9662421
"Health disparities and climate change: The intersection of three disaster events on vulnerable communities in Houston, Texas",2022,International Journal of Environmental Research and Public Health,10.3390/ijerph19010035,17,6.7690244,6.8757253
"Electrocutions and Downed Powerlines: a Forensic Electrical Engineering Analysis of Causes, Reasons, and Effects",2022,Journal of the National Academy of Forensic Engineers,10.51501/jotnafe.v38i2.131,21,7.4624805,6.484367
"Blacks weather, Whites climate",2021,Cultural Dynamics,10.1177/09213740211014309,30,6.6294885,3.363465
The Interplay of Environmental Exposures and Mental Health: Setting an Agenda,2022,Environmental Health Perspectives,10.1289/EHP9889,-1,7.0304823,4.028718
Exploring women’s differentiated access to climate‐smart agricultural interventions in selected climate‐smart villages of Latin America,2021,Sustainability (Switzerland),10.3390/su131910951,1,3.9767601,4.664243
"Peace, Protest and Precarity: Making Conceptual Sense of Young People’s Non-violent Dissent in a Period of Intersecting Crises",2021,Journal of Applied Youth Studies,10.1007/s43151-021-00067-z,5,7.265797,1.8007956
CLIMATE CHANGE IS NOT EQUAL TO ALL The contribution of feminist studies to climate change research,2022,Metode,10.7203/metode.12.20508,13,5.301799,4.062129
"Gender, Climate Breakdown and Resistance: The Future of Human Rights in the Shadow of Authoritarianism",2022,Nordic Journal of Human Rights,10.1080/18918131.2022.2072075,-1,5.842769,2.9148536
Barriers and Enablers for Healthy Food Systems and Environments: The Role of Local Governments,2022,Current Nutrition Reports,10.1007/s13668-022-00393-5,-1,8.034192,2.8510509
Nurses and Midwives as Global Partners to Achieve the Sustainable Development Goals in the Anthropocene,2021,Journal of Nursing Scholarship,10.1111/jnu.12672,12,8.498949,2.482747
The Environment-Climate-Conflict-Displacement Nexus in the Arab Region: Implications and Recommended Actions,2022,The Climate-Conflict-Displacement Nexus from a Human Security Perspective,10.1007/978-3-030-94144-4_7,10,6.8671565,4.2861395
The Challenges of Working in the Heat Whilst Pregnant: Insights From Gambian Women Farmers in the Face of Climate Change,2022,Frontiers in Public Health,10.3389/fpubh.2022.785254,1,4.1818786,5.231593
Feminist Voices about Ecological Issues in HCI,2022,Conference on Human Factors in Computing Systems - Proceedings,10.1145/3491101.3503717,-1,5.4756107,3.1252272
Women of the Great Barrier Reef: Stories of gender and conservation,2021,Queensland Review,10.1017/qre.2022.12,6,5.127093,3.3946693
Thinking algorithmically: The making of hegemonic knowledge in climate governance,2021,Transactions of the Institute of British Geographers,10.1111/tran.12441,4,8.3544855,3.8490896
"International Trade and Investment and Food Systems: What We Know, What We Don't Know, and What We Don't Know We Don't Know",2021,International journal of health policy and management,10.34172/ijhpm.2020.202,-1,8.10995,2.7305765
"Looking Beyond Rape and War – The Need to Take Violence Prevention Seriously in Women, Peace and Security",2022,Journal of Regional Security,10.5937/jrs17-33715,28,4.5107317,3.44716
Mainstreaming Gender in Global Climate Governance: Women and Gender Constituency in the UNFCCC,2022,Mainstreaming Gender in Global Climate Governance: Women and Gender Constituency in the UNFCCC,10.4324/9781003306474,6,5.251224,3.2744832
Nomadic power: The case of solar panels in Mongolia,2022,Energy Justice: Climate Change Mitigation and Adaptation,10.1007/978-3-030-93068-4_3,-1,8.576323,5.5269027
Climate change and water justice,2022,"Water and Climate Change: Sustainable Development, Environmental and Policy Issues",10.1016/B978-0-323-99875-8.00014-8,19,8.503572,4.892144
"Intersectional climate justice: A conceptual pathway for bridging adaptation planning, transformative action, and social equity",2022,Urban Climate,10.1016/j.uclim.2021.101053,3,7.011233,5.4122963
Participation in Climate Change Adaptation Programs in Nepal: An Intersectional Study,2022,Forum for Development Studies,10.1080/08039410.2022.2069594,8,4.8692436,5.0920916
Intersectional and Entangled Risks: An Empirical Analysis of Disasters and Landfills,2021,Frontiers in Climate,10.3389/fclim.2021.709439,13,5.965063,4.3813977
Composting (in) the gender studies classroom: Growing feminisms for climate changing pedagogies,2022,Curriculum Inquiry,10.1080/03626784.2022.2041982,22,7.0272017,1.5773002
Risk? Crisis? Emergency? Implications of the new climate emergency framing for governance and policy,2021,Wiley Interdisciplinary Reviews: Climate Change,10.1002/wcc.736,7,6.546007,5.336971
Social and structural factors influencing women’s agency regarding female genital mutilation/ cutting: an intersectional analysis – a reply to ‘The prosecution of Dawoodi Bohra women’ by Richard Shweder,2022,Global Discourse,10.1332/204378921X16345524513807,-1,5.7235594,3.6115687
"Assessment of Site Suitability of Wastelands for Solar Power Plants Installation in Rangareddy District, Telangana, India",2022,Springer Climate,10.1007/978-3-031-15501-7_22,-1,8.474108,5.6406727
"Heat Waves and Road Traffic Collisions in Alabama, United States",2022,Annals of the American Association of Geographers,10.1080/24694452.2021.1960145,24,7.6557107,7.0981946
Intersectionality and climate policy-making: The inclusion of social difference by three Swedish government agencies,2022,Environment and Planning C: Politics and Space,10.1177/23996544211005778,6,6.1777635,3.5251207
Double exposure to capitalist expansion and climatic change: A study of vulnerability on the Ghanaian coastal commodity frontier,2022,Ecology and Society,10.5751/ES-12815-270101,11,5.085229,5.737259
Compound hazards: An examination of how hurricane protective actions could increase transmission risk of COVID-19,2021,International Journal of Disaster Risk Reduction,10.1016/j.ijdrr.2021.102560,17,6.7973175,6.890828
Falling “fortresses”: Unlocking Governance Entanglements and Shifting Knowledge Paradigms to Counter Climate Change Threats in Biodiversity Conservation,2022,Environmental Management,10.1007/s00267-021-01552-0,11,7.8311877,4.260716
The critical intersection of environmental and social justice: a commentary,2021,Globalization and Health,10.1186/s12992-021-00686-4,5,7.4140553,2.616462
Gender-Based Environmental Violence in Colombia: Problematising Dominant Notions of Gender-Based Violence During Peacebuilding,2022,Australian Feminist Law Journal,10.1080/13200968.2022.2147704,0,3.693544,2.5146036
The Oxford Handbook of comparative environmental politics,2021,The Oxford Handbook of Comparative Environmental Politics,10.1093/oxfordhb/9780197515037.001.0001,-1,6.308071,2.9067254
Socially distant and out of reach: Unintended consequences of COVID-19 prevention efforts on transgender and gender non-binary populations in Puerto Rico,2021,Journal of Substance Abuse Treatment,10.1016/j.jsat.2020.108209,17,6.56473,6.783301
"The blue humanities, maritime literature, and educational ecology in the age of climate change",2021,Cultivating Sustainability in Language and Literature Pedagogy: Steps to an Educational Ecology,10.4324/9780429328985-8,22,6.5905147,1.5275257
"Disasters, community vulnerability, and poverty: The intersection between economics and emergency management",2021,Journal of Emergency Management,10.5055/JEM.0563,17,6.3328185,6.206195
Preservation at the Intersections: Patterns of Disproportionate Multihazard Risk and Vulnerability in Louisiana's Historic African American Cemeteries,2021,Environmental Justice,10.1089/env.2020.0044,14,6.1773667,7.2758856
Vulnerabilities associated with slow-onset events (SoEs) of climate change: multi-level analysis in the context of Pakistan,2021,Current Opinion in Environmental Sustainability,10.1016/j.cosust.2021.02.004,8,5.2331495,4.8531847
Bright as night: Illuminating the antinomies of ‘gender positive’ solar development,2021,World Development,10.1016/j.worlddev.2020.105196,8,5.2231975,4.9288564
Achieving Gender Equality in Theface of a Climate Crisis,2021,The Crisis of Climate Change: Weather Report,10.4324/9781003216612-11,8,5.0210586,4.937006
"From Urban Resilience to Abolitionist Climate Justice in Washington, DC",2021,Antipode,10.1111/anti.12555,-1,6.63618,3.224689
Do integrated landscape approaches moderate climate impacts on livelihoods? A review of the evidence from agricultural landscapes,2021,Regional Environmental Change,10.1007/s10113-021-01754-6,-1,6.94194,4.881948
Postgenocide: Interdisciplinary Reflections on the Effects of Genocide,2021,Postgenocide: Interdisciplinary Reflections on the Effects of Genocide,10.1093/oso/9780192895189.001.0001,-1,6.659142,3.1769202
Design in planning: Reintegration through shifting values,2021,Urban Planning,10.17645/up.v6i1.3664,3,7.3220277,5.4749312
Agrarian climate justice as a progressive alternative to climate security: Mali at the intersection of natural resource conflicts,2021,Third World Quarterly,10.1080/01436597.2021.1965870,23,7.204372,4.6888676
"Eco-Design, Craftsmanship and Sustainability",2021,"Smart Innovation, Systems and Technologies",10.1007/978-981-16-0041-8_73,8,7.566269,2.9590847
"The Routledge Companion to Contemporary Art, Visual Culture, and Climate Change",2021,"The Routledge Companion to Contemporary Art, Visual Culture, and Climate Change",10.4324/9780429321108,25,5.9966693,1.8448309
"Rethinking Resistance: An ecofeminist approach to anti-Colonialism in Louise Erdrich’s Future Home Of The Living God, and Oreet Ashery and Larissa Sansour’s The Novel Of Nonel And Vovel",2021,"Ecofeminist Science Fiction: International Perspectives on Gender, Ecology, and Literature",10.4324/9781003153047-17,16,6.337112,2.7599144
"An integrated GPR and geoinformatics approach for assessing potential risks of flash floods on high-voltage towers, Makkah, Saudi Arabia",2021,Environmental Earth Sciences,10.1007/s12665-021-09454-4,-1,7.729608,6.347408
Emerging ‘agrarian climate justice’ struggles in Myanmar,2021,Journal of Peasant Studies,10.1080/03066150.2020.1839054,23,7.2213964,4.6755114
Challenges to building social capital through planned adaptation: Evidence from rural communities in Bangladesh,2021,Current Research in Environmental Sustainability,10.1016/j.crsust.2021.100091,29,4.739727,5.356125
Geographies of uncertainty,2021,Geoforum,10.1016/j.geoforum.2020.07.016,-1,7.701639,3.4397953
Reflections on sustainability concepts: Aloha āaina and the circular economy,2021,Sustainability (Switzerland),10.3390/su13052984,16,6.9943585,2.6770356
Politics of vulnerability: Impacts of COVID-19 and Cyclone Harold on Indo-Fijians engaged in small-scale fisheries,2021,Environmental Science and Policy,10.1016/j.envsci.2021.03.003,20,5.8165464,5.7414675
"Gender in the climate‐conflict nexus: “forgotten” variables, alternative securities, and hidden power dimensions",2021,Politics and Governance,10.17645/pag.v9i4.4275,28,4.9812264,3.9224262
Toward an ethics of decolonizing allyship in climate organizing: Reflections on extinction rebellion vancouver,2020,Journal of Human Rights and the Environment,10.4337/jhre.2020.03.02,16,6.7797737,2.4932811
"Gender, ethnicity and vulnerability to climate change: The case of matrilineal and patrilineal societies in Bamenda Highlands Region, Cameroon",2021,Global Environmental Change,10.1016/j.gloenvcha.2021.102241,1,3.9597208,5.09598
"CLIMATE CHANGE IMPACTS IN COASTAL BANGLADESH: MIGRATION, GENDER AND ENVIRONMENTAL INJUSTICE",2021,Asian Affairs,10.1080/03068374.2021.1880213,29,4.8061833,5.370683
How does climate change adaptation policy in India consider gender? An analysis of 28 state action plans,2021,Climate Policy,10.1080/14693062.2021.1953434,8,5.078391,4.767485
"Climate injustice, criminalisation of land protection and anti-colonial solidarity: Courtroom ethnography in an age of fossil fuel violence",2021,Political Geography,10.1016/j.polgeo.2020.102298,27,6.8727007,2.4729986
"Stealing Air and Land-The Politics of Translating Global Environmental Governance in Suau, Papua New Guinea",2021,Conservation and Society,10.4103/cs.cs_19_125,11,7.6916423,4.4414406
"“From an Uncertain Border”. Double, Existential and Discursive, European Crisis: Changes of Glance, Between Migrants Crisis and Climate Change",2021,Law and Visual Jurisprudence,10.1007/978-3-030-69240-7_12,10,6.260212,4.121677
Mental health and policing: Picking up the pieces in a broken system,2021,Healthcare Management Forum,10.1177/0840470420979635,-1,6.63939,6.0362725
Stuck between the modern and the terrestrial: the indignation of the youth for climate movement,2021,Political Research Exchange,10.1080/2474736X.2020.1868946,5,6.666093,2.0118885
"Gender and climate change as new development tropes of vulnerability for the Global South: essentializing gender discourses in Maasailand, Tanzania; [Género e alterações climáticas como novos tropos no desenvolvimento da vulnerabilidade para o Sul Global: essencialização discursos de gênero em Maasailand, Tanzânia]; [Género y cambio climático como nuevos tropos de desarrollo de vulnerabilidad para el Sur Global: esencializando los discursos de género en Maasailand, Tanzania]",2021,"Tapuya: Latin American Science, Technology and Society",10.1080/25729861.2021.1984638,-1,5.300695,3.9611592
Post-traumatic stress symptomatology and displacement among Hurricane Harvey survivors,2021,Social Science and Medicine,10.1016/j.socscimed.2020.113634,17,6.610369,6.9230986
Applying intersectionality to climate hazards: a theoretically informed study of wildfire in northern Saskatchewan,2021,Climate Policy,10.1080/14693062.2020.1824892,18,6.4441032,4.929628
Societal adaptation to climate change,2021,"The Impacts of Climate Change: A Comprehensive Study of Physical, Biophysical, Social, and Political Issues",10.1016/B978-0-12-822373-4.00011-2,18,7.014632,3.9136784
An ecofeminist reading of Octavia Butler’s parable of the sower and parable of talents,2021,Dystopias and Utopias on Earth and Beyond: Feminist Ecocriticism of Science Fiction,10.4324/9781003152989-3,-1,5.5729437,3.214933
Routledge handbook of feminist peace research,2021,Routledge Handbook of Feminist Peace Research,10.4324/9780429024160,28,4.5351706,3.3342736
Solar for all: A framework to deliver inclusive and environmentally sustainable solar irrigation for smallholder agriculture,2021,Energy Policy,10.1016/j.enpol.2021.112313,-1,8.561252,5.56144
Is a Critical Pedagogy of Place Enough? Intersecting Culturally Sustaining Pedagogies with Environmental Education,2021,"Third International Handbook of Globalisation, Education and Policy Research",10.1007/978-3-030-66003-1_45,5,7.256771,1.4768662
Intersectional Perspective of Strengthening Climate Change Adaptation of Agrarian Women in Cameroon,2021,African Handbook of Climate Change Adaptation: With 610 Figures and 361 Tables,10.1007/978-3-030-45106-6_213,1,4.082823,4.9624567
"Inflection points: The intersection of COVID-19, climate change, and systemic racism",2021,COVID-19: Two Volume Set,10.4324/9781003142089-15,-1,7.610605,2.993304
Language and climate justice: A research agenda,2021,Journal of Sociolinguistics,10.1111/josl.12469,27,6.729091,2.6266017
"How to tackle complexity in urban climate resilience? Negotiating climate science, adaptation and multi-level governance in India",2021,PLoS ONE,10.1371/journal.pone.0253904,-1,7.614947,5.786597
The past and future(s) of environmental peacebuilding,2021,International Affairs,10.1093/ia/iiaa177,28,4.5379753,3.4351165
Emancipatory spaces: Opportunities for (re)negotiating gendered subjectivities and enhancing adaptive capacities,2021,Geoforum,10.1016/j.geoforum.2020.09.018,1,4.6670012,4.8345046
"Who are the losers? Gendered-migration, climate change, and the impact of large scale land acquisitions on food security in coastal Tanzania",2021,Land Use Policy,10.1016/j.landusepol.2020.105154,-1,4.394955,5.002337
The Natural Environment as an Object of Public Health Law: Addressing Health Outcomes of Climate Change through Intersections with Environmental and Agricultural Law,2020,"The Journal of law, medicine & ethics : a journal of the American Society of Law, Medicine & Ethics",10.1177/1073110520979373,12,7.978236,3.0112507
Environmental Resilience and Transformation in times of COVID-19: Climate Change Effects on Environmental Functionality,2021,Environmental Resilience and Transformation in times of COVID-19: Climate Change Effects on Environmental Functionality,10.1016/B978-0-323-85512-9.00051-6,-1,8.176484,3.0538228
Climate change is class war: Global labour’s challenge to the capitalocene,2021,"Climate Change in the Global Workplace: Labour, Adaptation and Resistance",10.4324/9780367822903-13,4,7.9333525,3.7926362
"Intersectional trauma: COVID-19, the psychosocial contract, and America’s racialized public health lineage.",2021,Traumatology,10.1037/trm0000302,18,6.5022173,6.657492
Examining climate change and food security in Ghana through an intersectional framework,2021,Journal of Peasant Studies,10.1080/03066150.2019.1655639,1,4.0713897,5.224103
Agri-food land transformations and immigrant farm workers in Peri-urban areas of spain and the mediterranean,2020,Land,10.3390/land9120472,1,3.7668648,4.3764462
"Climate change, COVID-19, and the co-production of injustices: a feminist reading of overlapping crises",2021,Social and Cultural Geography,10.1080/14649365.2021.1910994,30,6.1570377,3.0538082
Emerging response options and scenarios of slow onset events related to climate change in Southeast Asia,2021,Current Opinion in Environmental Sustainability,10.1016/j.cosust.2021.04.004,23,7.042598,4.895964
"Climate change, adaptation and gender concernsApproaches and learnings from global and Indian experiences",2021,Environmental Resilience and Transformation in times of COVID-19: Climate Change Effects on Environmental Functionality,10.1016/B978-0-323-85512-9.00026-7,8,5.049323,4.719569
The intersection of climate change with the era of COVID-19,2021,Public Health Nursing,10.1111/phn.12866,-1,8.042906,2.9722972
"Gender, place, and agricultural extension: a mixed-methods approach to understand farmer needs in Liberia",2021,Journal of Agricultural Education and Extension,10.1080/1389224X.2021.1880453,1,3.916873,4.7939425
"The intersection of pediatrics, climate change, and structural racism: Ensuring health equity through climate justice",2021,Current Problems in Pediatric and Adolescent Health Care,10.1016/j.cppeds.2021.101028,5,7.6962004,2.0030441
Towards climate resilient peace: an intersectional and degrowth approach,2021,Sustainability Science,10.1007/s11625-021-00906-1,-1,5.7936153,3.6975858
Gender and EU climate policy,2021,The Routledge Handbook of Gender and EU Politics,10.4324/9781351049955-28,13,4.9137235,3.8348546
“Something Was Attacking Them and Their Reproductive Organs”: Environmental Reproductive Justice in an Indigenous Tribe in the United States Gulf Coast,2021,International Journal of Environmental Research and Public Health,10.3390/ijerph18020666,9,6.8949637,2.7901099
Is lesbian identity obsolete?,2021,Journal of Lesbian Studies,10.1080/10894160.2021.2005231,-1,4.875374,2.4475186
Transformation as relational mobilisation: The networked geography of Addis Ababa’s sustainable transport interventions,2021,Environment and Planning D: Society and Space,10.1177/0263775820963281,3,7.3337693,5.184797
Sports and urban development: an introduction,2021,International Journal of Sports Marketing and Sponsorship,10.1108/IJSMS-11-2020-0194,3,7.638189,5.3256383
"Poetry as Praxis + “Illumination”: Toward an Epistemically Just Health Promotion for Resistance, Healing, and (Re)Imagination",2021,Health Promotion Practice,10.1177/1524839921999048,25,6.181833,1.8385012
An overview of methods of fine and ultrafine particle collection for physicochemical characterisation and toxicity assessments,2021,Science of the Total Environment,10.1016/j.scitotenv.2020.143553,24,7.9699564,6.903242
Dealing with Background Inequality in Post-Disaster Participatory Spaces,2021,Representation,10.1080/00344893.2020.1754891,17,6.2309065,6.8156576
Integrating environmental justice into applied ecology research: Somebody else’s problem?,2020,Ecological Applications,10.1002/eap.2250,5,7.5309296,2.4297128
A meta-synthesis of policy recommendations regarding human mobility in the context of climate change,2020,International Journal of Environmental Research and Public Health,10.3390/ijerph17249342,10,6.540652,4.2432237
A Vision for Resilient Urban Futures,2021,Urban Book Series,10.1007/978-3-030-63131-4_12,3,7.490859,5.7285247
Ecofeminist Theology: Intersectional Justice and Plumwood’s Philosophical Animism,2021,Feminist Theology,10.1177/09667350211000607,6,5.679762,2.9574327
Populist moments and extractivist states in Venezuela and Ecuador: The people's oil?,2021,Populist Moments and Extractivist States in Venezuela and Ecuador: The People's Oil?,10.1007/978-3-030-70963-1,0,2.3869848,2.0201228
Climate justice: priorities for equitable recovery from the pandemic,2021,Climate Policy,10.1080/14693062.2021.1976095,9,6.8244905,3.3141844
"Toward a climate mobilities research agenda: Intersectionality, immobility, and policy responses",2021,Global Environmental Change,10.1016/j.gloenvcha.2021.102315,10,6.408374,4.275759
"Across Time, Across Space, and Intersecting in Complex Ways: A Framework for Assessing Impacts of Environmental Disruptions on Nature-Dependent Prosumers",2021,Journal of Public Policy and Marketing,10.1177/0743915620976563,-1,5.98382,3.8620234
Gendered care work and environmental injustice: A feminist analysis of educators’ emotional labor in disaster recovery,2021,Environmental Justice,10.1089/env.2020.0038,32,5.930404,7.1278176
Accounting for gender in climate policy advice: adapting a gender impact assessment tool to issues of climate change,2021,Impact Assessment and Project Appraisal,10.1080/14615517.2021.1904710,13,4.829597,4.106334
Ecofeminist Theologies in the Age of Climate Crisis,2021,Feminist Theology,10.1177/09667350211000605,6,5.4320993,3.0658793
"THE ROUTLEDGE HANDBOOK OF RELIGION, GENDER AND SOCIETY",2021,"The Routledge Handbook of Religion, Gender and Society",10.4324/9780429466953,-1,5.0023665,2.6941013
Fractured landscapes: The racialization of home buyout programs and climate adaptation,2021,Current Research in Environmental Sustainability,10.1016/j.crsust.2021.100043,3,7.4026704,5.6520224
Young people – citizens in times of climate change? A childist approach to human responsibility,2021,HTS Teologiese Studies / Theological Studies,10.4102/HTS.V77I3.6783,5,7.520114,1.8441149
Modeling and Simulation of Cascading Failures in Transportation Systems during Hurricane Evacuations,2021,Journal of Advanced Transportation,10.1155/2021/5599073,21,7.505076,6.621678
New Dimensions of Vulnerability to Energy and Transport Poverty,2021,Joule,10.1016/j.joule.2020.11.016,15,9.148,4.3686104
Intersectionality shapes adaptation to social-ecological change,2021,World Development,10.1016/j.worlddev.2020.105282,1,4.3474274,4.537454
Examining the outcomes of urban adaptation interventions on gender equality using SDG 5,2021,Climate and Development,10.1080/17565529.2021.1939643,1,4.533423,4.5189204
Missing Pieces in the Discussion on Climate Change and Risk: Intersectionality and Compounded Vulnerability,2021,Policy Insights from the Behavioral and Brain Sciences,10.1177/2372732220982628,18,6.2804847,4.631047
"Keynote: Digital experimentation, courageous citizenship, and Caribbean futurism",2021,Digital Scholarship in the Humanities,10.1093/llc/fqaa034,22,6.3455625,1.6344973
‘Less able’: how gendered subjectivities warp climate change adaptation in Ghana's Central Region,2020,"Gender, Place and Culture",10.1080/0966369X.2020.1786017,1,4.245284,5.1244764
Water law and climate change in the United States: A review of the legal scholarship,2020,Wiley Interdisciplinary Reviews: Water,10.1002/WAT2.1423,19,8.414729,5.050246
The embodied politics of climate change: analysing the gendered division of environmental labour in the UK,2020,Environmental Politics,10.1080/09644016.2019.1629170,6,5.536445,3.063427
Grey areas in green grabbing: subtle and indirect interconnections between climate change politics and land grabs and their implications for research,2019,Land Use Policy,10.1016/j.landusepol.2019.03.013,23,7.4106636,4.5120625
Gender and environmental studies,2020,Companion to Women's and Gender Studies,10.1002/9781119315063.ch19,6,5.288812,3.189915
The Intersectionality of Disasters’ Effects on Trust in Public Officials,2019,Social Science Quarterly,10.1111/ssqu.12727,32,5.921934,7.139513
Another disaster: Access to abortion after Hurricane Harvey,2020,Health Care for Women International,10.1080/07399332.2020.1833883,32,6.3259225,7.0930257
Intersectional perspectives of house owner narratives on climate risks,2020,Journal of Risk Research,10.1080/13669877.2019.1646314,-1,5.7986746,4.0596995
Local emergency management special issue: guest editors’ introduction,2019,Local Government Studies,10.1080/03003930.2019.1598382,7,6.352179,6.127882
Women and Economic Dimensions of Climate Change,2020,"Economic Effects of Natural Disasters: Theoretical Foundations, Methods, and Tools",10.1016/B978-0-12-817465-4.00006-6,13,5.17476,3.9294856
Modeling residential coastal flood vulnerability using finished-floor elevations and socio-economic characteristics,2019,Journal of Environmental Management,10.1016/j.jenvman.2019.02.078,17,6.991623,6.7294407
"Residential flood vulnerability along the developed North Carolina, USA coast: High resolution social and physical data for decision support",2019,Data in Brief,10.1016/j.dib.2019.103975,17,6.891808,6.7525077
Whose everyday climate cultures? Environmental subjectivities and invisibility in climate change discourse,2020,Climatic Change,10.1007/s10584-019-02632-1,16,6.620943,2.7907095
How does gendered vulnerability shape the adoption and impact of sustainable livelihood interventions in an era of global climate change?,2019,Environmental Research Letters,10.1088/1748-9326/ab2f57,1,4.449231,4.612845
"“Tourism, water, and gender”—An international review of an unexplored nexus",2020,Wiley Interdisciplinary Reviews: Water,10.1002/wat2.1442,6,5.042891,3.9325187
Modified: Living as a cyborg,2020,Modified: Living as a Cyborg,10.4324/9781351107839,25,5.857953,1.933352
Participation and engagement of public health stakeholders in climate and health adaptation,2020,Atmosphere,10.3390/atmos11030265,12,8.6945915,2.958722
"Livelihoods, gender and climate change in the Eastern himalayas",2019,Environmental Development,10.1016/j.envdev.2019.04.008,8,5.1414065,5.181876
Dealing with climate change in semi-arid Ghana: understanding intersectional perceptions and adaptation strategies of women farmers,2020,GeoJournal,10.1007/s10708-019-09974-4,1,4.0488405,5.0871425
"Climate Change, the Intersectional Imperative, and the Opportunity of the Green New Deal",2020,Environmental Communication,10.1080/17524032.2019.1629977,6,5.828824,3.2718937
Digital transformation for business model innovation in higher education: Overcoming the tensions,2020,Sustainability (Switzerland),10.3390/su12124980,0,3.826135,1.437594
Gendered vulnerability and adaptation in Hindu-Kush Himalayas: Research insights,2019,Environmental Development,10.1016/j.envdev.2019.01.001,8,5.088894,5.000832
Intersectionality and collective action: visioning a Feminist Green New Deal in the US,2020,Gender and Development,10.1080/13552074.2020.1843829,6,5.684548,3.0296323
"Research Handbook on Climate Change, Oceans and Coasts",2020,"Research Handbook on Climate Change, Oceans and Coasts",10.4337/9781788112239,11,7.7706194,4.443133
Climate justice and sustained transnational mobilization,2019,Globalizations,10.1080/14747731.2019.1651518,-1,6.134468,2.7514546
Mapping the field of religious environmental politics,2020,International Affairs,10.1093/ia/iiz255,-1,5.3763466,2.3836462
Health disparities research framework adaptation to reflect puerto rico’s socio-cultural context,2020,International Journal of Environmental Research and Public Health,10.3390/ijerph17228544,17,6.6251497,6.8662653
A colonized COP: Indigenous exclusion and youth climate justice activism at the United Nations climate change negotiations,2020,Journal of Human Rights and the Environment,10.4337/jhre.2020.03.07,5,6.808248,2.4610958
Climate change glossary for public health practice: From vulnerability to climate justice,2020,Journal of Epidemiology and Community Health,10.1136/jech-2020-213889,12,8.615101,2.8051229
"From action to intra-action? Agency, identity and ‘goals’ in a relational approach to climate change education",2020,Environmental Education Research,10.1080/13504622.2018.1497147,22,6.758318,1.7217433
The Bill and Melinda Gates Foundation and the necro-populationism of ‘climate-smart’ agriculture,2020,"Gender, Place and Culture",10.1080/0966369X.2019.1609426,-1,5.9770093,3.315137
Multiplex networks reveal geographic constraints on illicit wildlife trafficking,2020,Applied Network Science,10.1007/s41109-020-00262-6,9,7.3516974,2.9937882
Slipping Off or Turning the Tide? Gender Equality in European Union’s External Relations in Times of Crisis,2020,Political Studies Review,10.1177/1478929920929624,13,4.80174,3.7724288
"The importance of the matters, geographies, and mediations of justice",2020,"Research Handbook on Communicating Climate Change: Elgar Handbooks in Energy, the Environment and Climate Change",10.4337/9781789900408.00043,27,6.8342714,2.3825998
Handbook of the changing world language map,2019,Handbook of the Changing World Language Map,10.1007/978-3-030-02438-3,-1,5.8506885,3.078439
Making evaluation matter: Capturing multiple realities and voices for sustainable development,2020,World Development,10.1016/j.worlddev.2019.104827,1,5.341372,4.2586927
"Climate Change, Migration, and Civil Strife",2020,Current Environmental Health Reports,10.1007/s40572-020-00291-4,10,6.4751654,4.2305627
Gendered vulnerabilities and adaptation to climate change,2020,Routledge Handbook of Gender and Agriculture,10.4324/9780429199752-13,-1,5.0408897,4.485481
Understanding gender dimensions of climate-smart agriculture adoption in disaster-prone smallholder farming communities in Malawi and Zambia,2019,Disaster Prevention and Management: An International Journal,10.1108/DPM-10-2018-0347,1,3.945182,4.831064
"Intersectionality and energy transitions: A review of gender, social equity and low-carbon energy",2020,Energy Research and Social Science,10.1016/j.erss.2020.101774,15,9.032059,4.2974405
Planetary precarity and feminist environmental art practices in Antarctica,2020,Journal of Postcolonial Writing,10.1080/17449855.2020.1782576,25,5.9255495,1.8591042
Political Economies of Energy Transition: Wind and Solar Power in Brazil and South Africa,2020,Political Economies of Energy Transition: Wind and Solar Power in Brazil and South Africa,10.1017/9781108920353,20,8.817817,4.3472767
"Undoing art and oil: an environmental tale of sponsorship, cultural justice and climate change controversy",2019,Environmental Politics,10.1080/09644016.2017.1416904,-1,5.897382,2.2878447
Food Systems and Health: Prospects for Hope in the Brazilian Chaos?,2020,Development (Basingstoke),10.1057/s41301-020-00274-w,0,3.931938,2.4755325
A climate terrorism assemblage? Exploring the politics of climate change-terrorism-radicalisation relations,2020,Political Geography,10.1016/j.polgeo.2020.102150,-1,6.2011,2.9400814
Decolonising ideas of healing in medical education,2020,Journal of Medical Ethics,10.1136/medethics-2019-105866,25,6.596454,1.8972613
"Advancing a School of Nursing Center for Climate Change, Climate Justice, and Health",2019,Annual review of nursing research,10.1891/0739-6686.38.145,12,8.473316,2.3890703
Climate justice and sustained transnational mobilization,2019,Journal of World-Systems Research,10.5195/jwsr.2019.946,-1,6.0033374,2.6488311
"Action learning partnerships: carbon, commerce and community co-learning at a Canadian university",2020,International Journal of Sustainability in Higher Education,10.1108/IJSHE-02-2020-0071,22,7.3230543,1.5201001
Going vegan: The Role(s) of ICT in vegan practice transformation,2020,Sustainability (Switzerland),10.3390/su12125184,-1,7.8254027,2.62417
Communication strategies for engaging climate skeptics: Religion and the environment,2019,Communication Strategies for Engaging Climate Skeptics: Religion and the Environment,10.4324/9780429504921,-1,6.160341,2.5528698
"Introduction: the state, energy and the environment",2020,Handbook on the Changing Geographies of the State: New Spaces of Geopolitics,10.4337/9781788978057.00032,4,7.9473996,3.6340327
Natural hazards and disaster justice: Challenges for australia and its neighbours,2020,Natural Hazards and Disaster Justice: Challenges for Australia and Its Neighbours,10.1007/978-981-15-0466-2,7,6.1507993,6.2031035
The (in)visible health risks of climate change,2019,Social Science and Medicine,10.1016/j.socscimed.2019.112448,-1,6.3983426,4.406049
Climate change and land issues in South Africa: A convergence,2020,The New Political Economy of Land Reform in South Africa,10.1007/978-3-030-51129-6_12,23,7.0778117,4.7608
Unmasking difference: intersectionality and smallholder farmers’ vulnerability to climate extremes in Northern Ghana,2020,"Gender, Place and Culture",10.1080/0966369X.2019.1693344,1,4.397096,5.364764
Feminist geographies of climate change: Negotiating gender at climate talks,2020,Geoforum,10.1016/j.geoforum.2020.06.012,6,5.6027846,3.3492203
Indigenous Feminisms: Disturbing Colonialism in Environmental Science Partnerships,2020,Sociology of Race and Ethnicity,10.1177/2332649220908608,16,6.774544,2.6007686
"The intersection of environmental justice, climate change, community, and the ecology of life",2020,"The Intersection of Environmental Justice, Climate Change, Community, and the Ecology of Life",10.1007/978-3-030-55951-9,5,7.3925047,1.8968892
Just urban transitions: Toward a research agenda,2020,Wiley Interdisciplinary Reviews: Climate Change,10.1002/wcc.640,4,7.607843,5.181705
Evaluating the Representation and Responsiveness of the United Nations Commission on the Status of Women (CSW) to Diverse Women Populations Worldwide,2019,Frontiers in Sociology,10.3389/fsoc.2019.00041,28,4.558219,3.394212
Migration and conflict in a global warming era: A political understanding of climate change,2020,Social Sciences,10.3390/SOCSCI9050078,10,6.6960588,3.9022233
Conceptualizing gendered vulnerability to climate change in the Hindu Kush Himalaya: Contextual conditions and drivers of change,2019,Environmental Development,10.1016/j.envdev.2018.11.003,8,5.090266,4.9789586
"So What Has Been, Is, and Might Be Going on in Studying Men and Masculinities?: Some Continuities and Discontinuities",2019,Men and Masculinities,10.1177/1097184X18805550,6,4.996502,3.1728044
Where the Wild Things Were,2020,Disasters in Australia and New Zealand: Historical Approaches to Understanding Catastrophe,10.1007/978-981-15-4382-1_10,7,6.685578,2.8612497
Debating and defining borders: Philosophical and theoretical perspectives,2019,Debating and Defining Borders: Philosophical and Theoretical Perspectives,10.4324/9781351124881,10,6.2466183,4.054413
Resistance and Renewal: How Native Food Sovereignty Movements Should Guide Human Rights and Social Work,2020,Journal of Human Rights and Social Work,10.1007/s41134-020-00122-4,9,7.185241,2.7375004
Saplings in the hurricane: A grounded theory of college trauma and identity development,2019,Review of Higher Education,10.1353/rhe.2019.0013,32,6.083132,6.916228
"The Impact of Changing Demography and Socioeconomic Environments, and Ageing in a Small, Rural Town in Australia",2019,Journal of Population Ageing,10.1007/s12062-019-9241-2,1,4.1492968,4.915455
Flows of Water/Flows of Power/Flows of History: Current Trends and Transdisciplinary Insights and Future Directions,2019,South African Historical Journal,10.1080/02582473.2019.1650100,4,8.216758,5.0900946
Rethinking knowledge systems for urban resilience: Feminist and decolonial contributions to just transformations,2019,Environmental Science and Policy,10.1016/j.envsci.2019.04.017,3,6.913191,5.664338
Labour’s Hidden soul: Religion at the intersection of labour and the environment,2019,Environmental Values,10.3197/096327119X15579936382473,-1,5.4059644,2.4323654
Food insecurity in the post-hurricane harvey setting: Risks and resources in the midst of uncertainty,2020,International Journal of Environmental Research and Public Health,10.3390/ijerph17228424,17,6.4952574,7.0238714
"Distressing encounters in the context of climate change: Idioms of distress, determinants, and responses to distress in Tuvalu",2019,Transcultural Psychiatry,10.1177/1363461519847057,16,6.501299,3.008347
“Amnesia of the moment” in environmental education,2020,Journal of Environmental Education,10.1080/00958964.2020.1726263,22,6.7932696,1.4342042
Transforming Gendered Lives and Livelihoods in Post-disaster Settings in the Bangladesh Sundarbans Forest,2020,Climate Change Management,10.1007/978-3-030-37425-9_24,29,4.922534,5.8357916
Does china’s belt and road initiative threaten food security in central asia?,2020,Water (Switzerland),10.3390/w12102690,19,7.588925,4.893251
Association of summer heat waves and the probability of preterm birth in Minnesota: An exploration of the intersection of race and education,2020,International Journal of Environmental Research and Public Health,10.3390/ijerph17176391,24,7.625967,7.213747
"Gendered translocal connectedness: Rural–urban migration, remittances, and social resilience in Thailand",2020,"Population, Space and Place",10.1002/psp.2314,26,4.584023,5.6953096
All climate stories worth telling. Salience and positionality at the intersection of news values and frames,2019,"Discourse, Context and Media",10.1016/j.dcm.2018.10.004,27,6.6766405,2.243697
Environmental Victims and Climate Change Activists,2020,"Victimology: Research, Policy and Activism",10.1007/978-3-030-42288-2_12,5,7.3728824,1.8551328
"Gender, agriculture and agrarian transformations: Changing relations in Africa, Latin America and Asia",2019,"Gender, Agriculture and Agrarian Transformations: Changing Relations in Africa, Latin America and Asia",10.4324/9780429427381,1,3.9463108,4.6122427
Plant science decadal vision 2020–2030: Reimagining the potential of plants for a healthy and sustainable future,2020,Plant Direct,10.1002/pld3.252,-1,8.61112,3.337352
Accountability and data-driven urban climate governance,2020,Nature Climate Change,10.1038/s41558-020-00953-z,3,7.6216903,5.371085
Contributions of the cryosphere to mountain communities in the Hindu Kush Himalaya: A review,2019,Regional Environmental Change,10.1007/s10113-019-01484-w,8,5.359498,5.1708074
Confronting the Naturalness of Disaster in the Pacific,2020,Anthropological Forum,10.1080/00664677.2020.1729698,7,6.1034245,5.9879827
"Outdoor recreation, nature-based tourism, and sustainability",2020,Sustainability (Switzerland),10.3390/SU12010081,11,7.409437,4.4416337
How demographic developments determine the management of hydrometeorological hazard risks in rural communities: The linkages between demographic and natural hazards research,2019,Wiley Interdisciplinary Reviews: Water,10.1002/WAT2.1378,-1,6.174667,5.791118
"A forecasted failure: Intersectionality, COVID-19, and the perfect storm",2020,Journal of Human Rights,10.1080/14754835.2020.1822156,-1,7.709048,3.0628242
Reaching the Champions of Social Justice: Blind Spots in the Ecumenical Racial and Gender Response,2020,Ecumenical Review,10.1111/erev.12492,-1,5.3157473,2.5842571
What is environmental media studies?,2020,Journal of Environmental Media,10.1386/jem_00001_2,27,6.672633,2.1134095
The future of careers at the intersection of climate change and public health: What can job postings and an employer survey tell us?,2020,International Journal of Environmental Research and Public Health,10.3390/ijerph17041310,12,8.394577,2.6724565
A Moment of Intersecting Crises: Climate Justice in the Era of Coronavirus,2020,Development (Basingstoke),10.1057/s41301-020-00259-9,9,6.9501066,3.42148
Mobile worlds: Choice at the intersection of demographic and environmental change,2018,Annual Review of Environment and Resources,10.1146/annurev-environ-102016-060952,10,6.436496,4.3436704
Confronting climate change and fostering Islamic economic development through awqāf,2018,"Journal of King Abdulaziz University, Islamic Economics",10.4197/Islec.31-2.6,-1,5.8077507,2.5045626
Towards environmental health equity in health impact assessment: innovations and opportunities,2019,International Journal of Public Health,10.1007/s00038-018-1135-1,12,8.672427,2.7740855
"Human rights of, by, and for the people: How to critique and change the US Constitution",2017,"Human Rights Of, By, and For the People: How to Critique and Change the US Constitution",10.4324/9781315470016,9,7.1370215,3.565019
Seeing the forest for the trees: Identifying discursive convergence and dominance in complex redd+ governance,2019,Ecology and Society,10.5751/ES-10632-240110,11,7.833783,4.497952
They should have called katrina ‘gone with the wind: Charles burnett’s quiet as kept and the neoliberal racial state,2017,Souls,10.1080/10999949.2016.1239167,14,5.9815087,7.627668
Spring protection and management: Some case histories from across India's mountainous regions,2018,Ground Water Development - Issues and Sustainable Solutions,10.1007/978-981-13-1771-2_20,19,8.249725,5.6804056
"Estimation of fuel loss and spatial-temporal dispersion of vehicular pollutants at a signalized intersection in Delhi city, India",2019,WIT Transactions on Ecology and the Environment,10.2495/AIR190231,21,7.952757,6.62007
"Not a zero-sum game: inequalities and resilience in Sumner, Missouri, the Gooseless Goose Capital of the World",2018,"Gender, Place and Culture",10.1080/0966369X.2018.1428536,1,4.5524564,4.7044854
Embodied spirituality following disaster: Exploring intersections of religious and place attachment in resilience and meaning-making,2019,The Psychology of Religion and Place: Emerging Perspectives,10.1007/978-3-030-28848-8_4,-1,6.052828,6.313642
Environmental justice and fairness,2019,The Routledge Companion to Environmental Planning,10.4324/9781315179780-12,3,7.4237137,5.205059
Runoff behavior on Urban Road intersection based on flow profile simulation,2018,International Review for Spatial Planning and Sustainable Development,10.14246/irspsd.6.1_32,-1,7.90019,6.319038
Isolated and Afraid in a Small Town,2017,Qualitative Inquiry,10.1177/1077800417718303,-1,5.0615726,2.54942
Routledge handbook of gender and environment,2017,Routledge Handbook of Gender and Environment,10.4324/9781315886572,6,5.1017523,3.2794163
Examining vulnerability in a dynamic urban setting: the case of Bangalore’s interstate migrant waste pickers,2019,Climate and Development,10.1080/17565529.2018.1531745,3,6.7110243,5.6002364
Energy justice: The intersection of human rights and climate justice,2018,Routledge Handbook of Human Rights and Climate Governance,10.4324/9781315312576,15,9.034928,4.296915
The Columbia river treaty and the dynamics of transboundary water negotiations in a changing environment: How might climate change alter the game?,2017,Water Policy and Planning in a Variable and Changing Climate,10.1201/b19534,19,8.459611,5.105241
The abstract subject of the climate migrant: Displaced by the rising tides of the green energy economy,2017,Journal of Human Rights and the Environment,10.4337/jhre.2017.01.02,10,7.0799313,3.8667297
"The amenable city-region: The symbolic rise and the relative decline of Greater Manchester’s low carbon commitments, 2006-17",2018,Rethinking Urban Transitions: Politics in the Low Carbon City,10.4324/9781315164779,3,7.636437,5.183336
"Human Rights Law and the Displaced Human: Silence, Suffering and Neglect",2019,Making Sense of Suffering: A Collective Attempt,10.1163/9781848881235_006,9,7.0802155,3.660976
Black feminism and radical planning: New directions for disaster planning research,2019,Planning Theory,10.1177/1473095218763221,32,5.94935,7.127677
"Coal, climate justice, and the cultural politics of energy transition",2019,Global Environmental Politics,10.1162/glep_a_00501,15,8.833887,4.2329288
Protecting Solar: Global Supply Chains and Business Power,2018,New Political Economy,10.1080/13563467.2017.1330878,20,8.562706,4.1741004
Natural disasters and land grabs: the politics of their intersection in the Philippines following super typhoon Haiyan,2017,Canadian Journal of Development Studies,10.1080/02255189.2017.1308316,23,6.615953,5.7340426
"The far right and the environment: Politics, discourse and communication",2019,"The Far Right and the Environment: Politics, Discourse and Communication",10.4324/9781351104043,-1,6.002266,2.6659002
Global warming and sustainability: Understanding the beliefs of marketing faculty,2018,Journal of Public Affairs,10.1002/pa.1664,22,7.231605,1.4751439
"The Disaster Risk, Global Change, and Sustainability Nexus",2019,Sustainability (Switzerland),10.3390/su11040957,7,6.1564097,6.028356
The labour–nature relationship: varieties of labour environmentalism,2018,Globalizations,10.1080/14747731.2018.1454675,-1,5.5585947,2.7003305
Streamflow projections for the Brazilian hydropower sector from RCP scenarios,2017,Journal of Water and Climate Change,10.2166/wcc.2016.052,-1,8.215727,5.9384155
The Impacts of Climate Change on Natural Areas Recreation: A Multi-Region Snapshot and Agency Comparison,2017,Natural Areas Journal,10.3375/043.037.0111,11,7.755338,4.5552998
Analyzing socio-ecological transformations–a relational approach to gender and climate adaptation,2018,Critical Policy Studies,10.1080/19460171.2016.1191363,13,5.4024754,3.789285
"Gendered perception and vulnerability to climate change in urban slum communities in Accra, Ghana",2019,Regional Environmental Change,10.1007/s10113-018-1357-z,1,4.3729115,5.321429
Critical ancestral computing for the protection of mother earth,2017,Advances in Research on Teaching,10.1108/S1479-368720150000029004,22,7.032652,1.5422461
"Flowing against the current: The socio-technical mediation of water (in)security in periurban Gurgaon, India",2017,Geoforum,10.1016/j.geoforum.2017.02.010,19,8.29473,5.6512833
"Life cycle assessment for carbon dioxide emissions from freeway construction in mountainous area: Primary source, cut-off determination of system boundary",2019,"Resources, Conservation and Recycling",10.1016/j.resconrec.2018.09.009,21,7.9231687,6.653913
"Understanding animal (ab)use: Green criminological contributions, missed opportunities and a way forward",2018,Theoretical Criminology,10.1177/1362480618787173,9,7.287679,2.8355186
Water-energy-food nexus and human security in northwestern kenya,2019,Policy and Governance in the Water-Energy-Food Nexus: A Relational Equity Approach,10.4324/9780429427718-6,-1,8.478445,5.3139524
"Developing an intersectionally-informed, multi-sited, critical policy ethnography to examine power and procedural justice in multiscalar energy and climate change decisionmaking processes",2018,Energy Research and Social Science,10.1016/j.erss.2018.08.005,15,8.958419,4.183533
Black lives and climate justice: courage and power in defending communities and Mother Earth,2018,Third World Quarterly,10.1080/01436597.2017.1368385,30,6.4034367,3.5440812
Granny solidarity: Understanding age and generational dynamics in climate justice movements,2019,Studies in Social Justice,10.26522/ssj.v13i2.2235,5,6.1440167,2.4871345
The interplay between climate change and disaster risk reduction policy: evidence from Mexico,2017,Environmental Hazards,10.1080/17477891.2016.1211506,7,6.1680536,6.02536
Uptake of Climate-Smart Agriculture Through a Gendered Intersectionality Lens: Experiences from Western Kenya,2017,Climate Change Management,10.1007/978-3-319-49520-0_36,1,3.9212382,4.770916
“Thank You for Being Republican”: Negotiating Science and Political Identities in Climate Change Learning,2018,Journal of the Learning Sciences,10.1080/10508406.2017.1362563,22,7.001403,1.5513276
Just standards: international regulatory instruments and social justice in complex resource conflicts,2017,Canadian Journal of Development Studies,10.1080/02255189.2017.1298520,23,7.3568983,4.7525706
The Routledge handbook of the political economy of science,2017,The Routledge Handbook of the Political Economy of Science,10.4324/9781315685397,4,8.532135,3.7111688
"Climate change ""conditionality"": The case for bundling the fate of international trade legal obligations and climate-change-relevant legal obligations",2018,University Initiatives in Climate Change Mitigation and Adaptation,10.1007/978-3-319-89590-1_21,9,7.5893183,3.821158
"Hidden participants and unheard voices? A systematic review of gender, age, and other influences on local and traditional knowledge research in the North",2018,Facets,10.1139/facets-2018-0010,16,6.6535664,2.6194184
Dialogue,2018,That All May Flourish: Comparative Religious Environmental Ethics,10.1093/oso/9780190456023.003.0010,8,5.388672,4.893059
Southern knowledge online? Climate change research discoverability and communication practices,2017,Information Communication and Society,10.1080/1369118X.2016.1168473,4,8.382824,3.5033674
"A Critical Approach to Climate Change Adaptation: Discourses, Policies and Practices",2018,"A Critical Approach to Climate Change Adaptation: Discourses, Policies and Practices",10.4324/9781315165448,10,7.268916,3.8328679
Climate justice and human rights,2018,International Relations,10.1177/0047117818782595,9,7.241598,3.6301794
"Church, Cosmovision and the Environment: Religion and Social Conflict in Contemporary Latin America",2018,"Church, Cosmovision and the Environment: Religion and Social Conflict in Contemporary Latin America",10.4324/9781315103785,-1,5.313116,2.37925
"Climate change, colonialism, and women’s well-being in Canada: what is to be done?",2018,Canadian Journal of Public Health,10.17269/s41997-018-0031-z,16,6.5383806,2.6793563
"Regulating intersectional activity: privacy and energy efficiency, laws and technology",2017,"International Review of Law, Computers and Technology",10.1080/13600869.2017.1371576,15,8.844543,4.2568445
Climate Change Theater and Cultural Mobility in the Arctic: Chantal Bilodeau's Sila (2014),2017,Journal of Contemporary Drama in English,10.1515/jcde-2017-0006,-1,6.206428,2.1641085
From Hierarchy to Holism,2018,"Capitalism, Nature, Socialism",10.1080/10455752.2018.1429000,0,4.518771,2.6066113
Political embeddedness in environmental contexts: the intersections of social networks and planning institutions in coastal land use,2018,Environmental Sociology,10.1080/23251042.2017.1374232,3,7.669116,4.9153156
"Epistemic geographies of climate change: Science, space and politics",2018,Progress in Human Geography,10.1177/0309132516681485,4,8.306772,3.5761862
Saying all the right things? Gendered discourse in climate-smart agriculture,2018,Journal of Peasant Studies,10.1080/03066150.2017.1377187,1,4.2515845,4.4406166
What can we learn from pope Francis about change management for environmental sustainability? A case study on success factors for leading change in change-resistant institutional environments,2018,Sustainability and the Humanities,10.1007/978-3-319-95336-6_29,-1,5.4665036,2.3116584
Masculinities and environment,2019,"CAB Reviews: Perspectives in Agriculture, Veterinary Science, Nutrition and Natural Resources",10.1079/PAVSNNR201914030,6,5.067962,3.2156832
"Human right to water and bottled water consumption: Governing at the intersection of water justice, rights and ethics",2019,"Water Politics: Governance, Justice and the Right to Water",10.4324/9780429453571-9,19,8.573723,4.885166
A slipping hold? Farm dweller precarity in South Africa's changing Agrarian economy and climate,2018,Land,10.3390/land7020040,1,4.0308094,4.929722
Object-based analog forecasts for surface wind speed,2017,Monthly Weather Review,10.1175/MWR-D-17-0012.1,21,8.086461,6.4359884
"""why Would i Live Anyplace Else?"": Resilience, Sense of Place, and Possibilities of Migration in Coastal Louisiana",2017,Journal of Coastal Research,10.2112/JCOASTRES-D-15-00193.1,17,6.4188733,7.0134897
Variability in perceptions of household livelihood resilience and drought at the intersection of gender and ethnicity,2019,Climatic Change,10.1007/s10584-018-2343-7,26,4.687224,5.8204703
Living with Earthquakes and Angry Deities at the Himalayan Borderlands,2017,Annals of the American Association of Geographers,10.1080/24694452.2016.1209103,8,5.494221,5.105683
Re-making the future: Transition movements and dismantling the environment-economy dichotomy,2019,The Palgrave Handbook of Managing Fossil Fuels and Energy Transitions,10.1007/978-3-030-28076-5_18,4,8.418809,3.978029
"Energy, climate change, and global governance: The 2015 Paris agreement in perspective",2018,Oxford Handbook of Energy and Society,10.1093/oxfordhb/9780190633851.013.2,20,8.530056,4.146801
"One tale of property, in my own words",2018,Griffith Law Review,10.1080/10383441.2018.1443385,3,7.4783273,5.161267
"Vulnerable groups and preliminary insights into intersecting categories of identity in Laamu Atoll, Maldives",2019,Singapore Journal of Tropical Geography,10.1111/sjtg.12280,-1,5.479467,4.754466
Climate apartheid:The forgetting of race in the anthropocene,2019,Critical Philosophy of Race,10.5325/critphilrace.7.1.0001,30,6.485472,3.3895466
Climate change and gender policy,2019,Global Climate Change and Environmental Policy: Agriculture Perspectives,10.1007/978-981-13-9570-3_14,13,4.887119,4.329615
Sustainability: Why the language and ethics of sustainability matter in the geoscience classroom,2017,Journal of Geoscience Education,10.5408/16-201.1,5,7.7210712,2.074559
"Heat exposure during outdoor activities in the US varies significantly by city, demography, and activity",2018,Health and Place,10.1016/j.healthplace.2018.08.014,24,7.6523046,7.228975
The Poor just might be the educators we need for global sustainability-A manifesto for consulting the unconsulted,2018,Sustainability and the Humanities,10.1007/978-3-319-95336-6_7,5,7.5242834,1.5940843
"African Americans and the Mississippi River: Race, history and the environment",2019,Thesis Eleven,10.1177/0725513618822010,14,6.1562104,7.403978
"Climate discourse: eluding literacy, justice & inclusion, by evading causation, privilege & diversity",2018,Environmental Sociology,10.1080/23251042.2018.1434035,5,6.933242,1.7976269
Figurations of hybrid ecologies in artistic practice,2019,Dialogues Between Artistic Research and Science and Technology Studies,10.4324/9780429438875-9,25,5.943288,1.7897105
“Pioneers but not guinea pigs”: experimenting with climate change adaptation in French coastal areas,2018,Policy Sciences,10.1007/s11077-017-9279-z,3,7.821723,4.7894573
Toward what justice?: Describing diverse dreams of justice in education,2018,Toward What Justice?: Describing Diverse Dreams of Justice in Education,10.4324/9781351240932,5,6.9423532,1.850502
Benefits and sharing: Realizing rights in REDD+,2018,Journal of Human Rights and the Environment,10.4337/jhre.2018.01.01,9,7.2575135,3.6336825
The palgrave handbook of disability and citizenship in the Global South,2018,The Palgrave Handbook of Disability and Citizenship in the Global South,10.1007/978-3-319-74675-3,18,4.030523,2.258829
"Climate justice movement building: Values and cultures of creation in Santa Barbara, California",2019,Social Sciences,10.3390/socsci8030079,5,7.2433047,1.9389917
Aligning subnational climate actions for the new post-Paris climate regime,2017,Climatic Change,10.1007/s10584-017-1957-5,-1,8.203363,4.5204325
An operation on ‘the neglected heart of science policy’: Reconciling supply and demand for climate change adaptation research,2018,Environmental Science and Policy,10.1016/j.envsci.2018.01.015,4,8.476059,3.5712395
"Men, automobility, movements, and the environment: Imagining (un)sustainable, automated transport futures",2018,"Unsustainable Institutions of Men: Transnational Dispersed Centres, Gender Power, Contradictions",10.4324/9781315107141-9,6,5.1377525,3.2289915
The collective method: collaborative social science research and scholarly accountability,2018,Qualitative Research,10.1177/1468794117743461,-1,5.855538,6.9085693
The transboundary displacement of deforestation under REDD+: Problematic intersections between the trade of forest-risk commodities and land grabbing in the Mekong region,2018,Global Environmental Change,10.1016/j.gloenvcha.2018.04.003,11,7.9111238,4.4137464
HOUSING AND SETTLEMENTS IN THE CONTEXT OF DISASTER RISK REDUCTION INCLUDING CLIMATE CHANGE ADAPTATION,2017,The Routledge Handbook of Disaster Risk Reduction including Climate Change Adaptation,10.4324/9781315684260-44,7,6.771086,5.7459197
Climate for women in climate science: Women scientists and the intergovernmental panel on climate change,2018,Proceedings of the National Academy of Sciences of the United States of America,10.1073/pnas.1710271115,6,5.1732874,3.4909956
Sustainability and gender equality: Exploring the 2030 agenda for sustainable development,2019,Environment and Sustainability in a Globalizing World,10.4324/9781315714714-14,6,5.0902834,3.2909584
What stakeholder needs tell us about enabling adaptive capacity: The intersection of context and information provision across regions in the United States,2015,"Weather, Climate, and Society",10.1175/WCAS-D-14-00001.1,19,8.494587,5.173472
"Risk, power, and inequality in the 21st century",2016,"Risk, Power, and Inequality in the 21st Century",10.1057/9781137495570,-1,5.989123,5.040857
Understanding the Relationship between Governance and Forest Landscape Restoration,2016,Conservation and Society,10.4103/0972-4923.186830,11,7.8603597,4.574879
"Ecopsychology, phenomenology, and the environment: The experience of nature",2014,"Ecopsychology, Phenomenology, and the Environment: The Experience of Nature",10.1007/978-1-4614-9619-9,25,6.231108,1.9100763
"Varieties of knowledge for assembling an urban flood management governance configuration in Chennai, India",2016,Habitat International,10.1016/j.habitatint.2015.12.015,19,8.1083145,5.7500505
"Race, class, and education lessons for school leaders from hurricane katrina and the gulf coast",2013,Handbook of Research on Educational Leadership for Equity and Diversity,10.4324/9780203076934-34,14,5.9158254,7.4580917
"Building community, credibility and knowledge: The third US National climate assessment",2016,Springer Climate,10.1007/978-3-319-41802-5_2,4,8.601573,3.4156005
"""becoming in kind"": Race, class, gender, and nation in cultures of dog rescue and dogfighting",2013,American Quarterly,10.1353/aq.2013.0034,9,7.342985,2.7385523
"Building community, credibility and knowledge: the third US National Climate Assessment",2016,Climatic Change,10.1007/s10584-015-1445-8,4,8.679195,3.3681064
"Mississippi front-line recovery work after Hurricane Katrina: An analysis of the intersections of gender, race, and class in advocacy, power relations, and health",2012,Social Science and Medicine,10.1016/j.socscimed.2011.08.034,32,6.0459194,7.229149
Characterising resilience: Unpacking the concept for tackling climate change and development,2013,Climate and Development,10.1080/17565529.2012.762334,-1,6.6396437,5.9212346
Intersections of Gender and Marital Status in Accessing Climate Change Adaptation: Evidence from Rural Tanzania,2016,World Development,10.1016/j.worlddev.2015.11.003,1,4.0316224,5.131613
An intersectional risk approach for environmental sociology,2016,Environmental Sociology,10.1080/23251042.2016.1246086,-1,5.815242,4.17795
"Global institutions of religion: Ancient movers, modern shakers",2013,"Global Institutions of Religion: Ancient Movers, Modern Shakers",10.4324/9780203581940,-1,5.35839,2.4066174
Hidden in Plain Sight: Social Inequalities in the Context of Environmental Change,2016,Advances in Global Change Research,10.1007/978-3-319-25796-9_9,29,4.8630037,5.3115883
Crisis Is Where We Live: Environmental Justice for the Anthropocene,2013,Globalizations,10.1080/14747731.2013.787771,-1,7.428177,3.1543977
The diversity of gendered adaptation strategies to climate change of Indian farmers: A feminist intersectional approach,2016,Ambio,10.1007/s13280-016-0833-2,8,4.745577,4.942672
"Systemic crises of global climate change: Intersections of race, class and gender",2016,"Systemic Crises of Global Climate Change: Intersections of Race, Class and Gender",10.4324/9781315737454,22,7.0475917,1.531232
"Nuclear disaster at Fukushima Daiichi: Social, political and environmental issues",2013,"Nuclear Disaster at Fukushima Daiichi: Social, Political and Environmental Issues",10.4324/9780203551806,7,6.272262,5.926341
"Transforming ecosystems: When, where, and how to restore contaminated sites",2016,Integrated Environmental Assessment and Management,10.1002/ieam.1668,11,7.7721686,3.7710764
"""Looking both ways"": Metaphor and the rhetorical alignment of intersectional climate justice and reproductive justice concerns",2012,Environmental Communication,10.1080/17524032.2012.690092,-1,5.956534,3.1167328
Regional Development and Climate Change Adaptation: A Study of the Role of Legitimacy,2016,European Countryside,10.1515/euco-2016-0016,-1,7.969569,4.783114
Entangled histories: Climate science and nuclear weapons research,2012,Bulletin of the Atomic Scientists,10.1177/0096340212451574,7,8.472504,3.514153
Greening cosmopolitan urbanism? On the transnational mobility of low-carbon formats in Northern European and East Asian cities,2012,Environment and Planning A,10.1068/a44559,3,7.58807,5.2263136
"Putting ""Place"" in a multiscale context: Perspectives from the sustainability sciences",2015,Environmental Science and Policy,10.1016/j.envsci.2015.04.009,-1,7.7930017,3.515938
Institutional perspectives on operationalising climate adaptation through planning,2013,Planning Theory and Practice,10.1080/14649357.2013.781208,3,7.6137047,4.985211
Environmental enforcement networks: Their role in climate change enforcement,2012,Climate Change from a Criminological Perspective,10.1007/978-1-4614-3640-9_7,4,7.7141414,4.162753
Missing the forest for the trees? Navigating the trade-offs between mitigation and adaptation under REDD,2016,Climatic Change,10.1007/s10584-016-1612-6,11,7.839943,4.375039
"A Tale of Two American Cities: Disaster, Class and Citizenship in San Francisco 1906 and New Orleans 2005",2013,Journal of Historical Sociology,10.1111/johs.12021,14,6.023825,7.571819
Through the megacrisis: The passage to global maturity,2013,Foresight,10.1108/FS-05-2012-0034,4,8.467533,3.8474505
"Infection, disease, and biosocial processes at the end of the indus civilization",2013,PLoS ONE,10.1371/journal.pone.0084814,8,5.3008003,5.199777
The geopolitics of Brazilian soybeans,2016,Journal of Peasant Studies,10.1080/03066150.2014.992337,0,4.105962,2.5221758
Ethnocultural inequalities after the theories of justice; [Les inégalités ethnoculturelles après les théories de la justice],2016,Revue de Metaphysique et de Morale,10.3917/rmm.163.0377,6,6.111973,3.4627295
Climate change vulnerability and adaptation in metro Manila challenging governance and human security needs of urban poor communities,2014,Asian Journal of Social Science,10.1163/15685314-04201006,23,7.209388,6.1794467
Cosmopolitan risk community and China’s climate governance,2015,European Journal of Social Theory,10.1177/1368431015579970,-1,6.7798514,3.7879567
Climate change and international economic law,2016,Ecology Law Quarterly,10.15779/Z38C57M,4,7.9751077,4.215774
"The ethics of consumption: The citizen, the market and the law",2013,"The Ethics of Consumption: The Citizen, the Market and the Law",10.3920/978-90-8686-784-4,-1,7.730984,2.6966016
Linking foreign policy and energy security: An asset or a liability for Turkey?; [Dış politika ve enerji güvenliği bağlantısı: Türkiye açısından fırsat mı Tehdit mi?],2016,Uluslararasi Iliskiler,10.33458/uidergisi.463086,5,8.492122,4.1695
Hope Floats: African American Women's Survival Experiences after Katrina,2012,Journal of Human Behavior in the Social Environment,10.1080/10911359.2012.664982,32,6.012866,7.140315
Sustainable development in the era of bioenergy and agricultural land grab,2015,International Environmental Law and the Global South,10.1017/CBO9781107295414.012,23,7.494023,4.3929644
Staying human-centric at the intersection of climate change and human rights,2016,Journal of Energy and Natural Resources Law,10.1080/02646811.2016.1117897,9,7.323631,3.529614
A transnational law of just transitions for climate change and labour,2015,Research Handbook on Transnational Labour Law,10.4337/9781782549796.00055,4,7.9390664,4.095486
"Imbricated Spaces: The High Line, Urban Parks, and the Cultural Meaning of City and Nature",2016,Sociological Theory,10.1177/0735275116679192,0,5.65623,1.8307787
"Climate Change, “Technology” and Gender: “Adapting Women” to Climate Change with Cooking Stoves and Water Reservoirs",2016,"Gender, Technology and Development",10.1177/0971852416639786,13,5.003674,4.170458
Species composition and diversity of non-forest woody vegetation along roads in the agricultural landscape,2016,Forestry Journal,10.1515/forj-2016-0007,11,7.682077,4.803799
Enhancing and expanding intersectional research for climate change adaptation in agrarian settings,2016,Ambio,10.1007/s13280-016-0827-0,1,4.9492006,4.592409
"Banishment to bermuda: Gender, race, empire, independence and the struggle to abolish irresponsible government in lower Canada",2013,Histoire Sociale,10.1353/his.2013.0073,16,6.839679,2.6404338
On the coattails of climate? Opportunities and threats of a warming Earth for biodiversity conservation,2012,Global Environmental Change,10.1016/j.gloenvcha.2012.05.006,11,7.9252934,4.0701866
An evaluation of oil pollution prevention strategies in the Arctic: A comparison of Canadian and U.S. approaches,2016,Marine Policy,10.1016/j.marpol.2016.04.042,20,8.475053,4.600932
Streetlighting in england and wales: New technologies and uncertainty in the assemblage of streetlighting infrastructure,2014,Environment and Planning A,10.1068/a130313p,3,7.633792,5.330404
Climate policy meets national development contexts: Insights from Kenya and Mozambique,2015,Global Environmental Change,10.1016/j.gloenvcha.2015.08.015,20,8.686317,4.433553
"Win, lose, or draw? Assessing the success of the environmental justice movement in emissions trading schemes",2012,Research in Urban Sociology,10.1108/S1047-0042(2012)0000012009,5,7.670082,2.3901057
"Gender perspectives in resilience, vulnerability and adaptation to global environmental change",2016,Ambio,10.1007/s13280-016-0842-1,-1,5.133453,4.0873466
Climate change through the lens of intersectionality,2014,Environmental Politics,10.1080/09644016.2013.835203,6,5.80467,3.5080352
"New governance arrangements at the intersection of climate change and forest policy: Institutional, political and regulatory dimensions",2012,Public Administration,10.1111/j.1467-9299.2011.02006.x,11,7.9146376,4.599939
Women's differentiated vulnerability and adaptations to climate-related agricultural water scarcity in rural Central Vietnam,2014,Climate and Development,10.1080/17565529.2014.886989,26,4.323057,5.5240498
Gendering Climate Change: Geographical Insights,2014,Professional Geographer,10.1080/00330124.2013.821730,8,5.0449276,4.8361154
"The Road Through Paris: Climate Change, Carbon, and the Political Dynamics of Convergence",2016,Globalizations,10.1080/14747731.2016.1173376,-1,8.009498,3.8632863
Gender dynamics and disasters in Zimbabwe: A case of tokwe mukosi flooding,2016,Responses to Disasters and Climate Change: Understanding Vulnerability and Fostering Resilience,10.1201/9781315315928,31,5.29739,6.0460787
"A land history of men': The intersection of geomorphology, culture and heritage in Cornwall, southwest England",2013,Applied Geography,10.1016/j.apgeog.2013.03.020,2,0.8616197,1.9120353
"A synthesis of convergent reflections, tensions and silences in linking gender and global environmental change research",2016,Ambio,10.1007/s13280-016-0843-0,13,5.188948,3.9284692
"Bodies at Risk: ""Managing"" Sexuality and Reproduction in the Aftermath of Disaster in the Philippines",2014,"Gender, Technology and Development",10.1177/0971852413515356,31,5.5341725,6.2223597
Integrating local users and multitiered institutions into the IWRM process,2015,"Sustainability of Integrated Water Resources Management: Water Governance, Climate and Ecohydrology",10.1007/978-3-319-12194-9_20,19,8.463954,5.4021034
Biopolitics at the Crossroads of Sexuality and Disaster: The Case of Haiti1,2016,The Ashgate Research Companion to the Globalization of Health,10.4324/9781315613598-14,6,5.3650823,3.2173152
"Emergent possibilities for global sustainability: Intersections of race, class and gender",2016,"Emergent Possibilities for Global Sustainability: Intersections of Race, Class and Gender",10.4324/9781315737478,6,5.622734,3.3979316
Watershed management and public health: An exploration of the intersection of two fields as reported in the literature from 2000 to 2010,2014,Environmental Management,10.1007/s00267-014-0301-3,12,8.565047,2.894442
"Vulnerability and resilience to climate change in Sorsogon City, the Philippines: Learning from an ordinary city?",2013,Local Environment,10.1080/13549839.2013.798632,23,7.1104755,5.671601
"Masculinism, climate change and “man-made” disasters: Toward an environmental profeminist response",2016,"Men, Masculinities and Disaster",10.4324/9781315678122-3,32,5.789873,6.962754
Agrarian stress and climate change in the Eastern Gangetic Plains: Gendered vulnerability in a stratified social formation,2014,Global Environmental Change,10.1016/j.gloenvcha.2014.10.008,8,4.9215045,5.0791254
A decade of violations in the dutch chemical industry,2016,Environmental Crime and its Victims: Perspectives within Green Criminology,10.4324/9781315580005-17,-1,7.2310596,2.822635
Global warming and global war: Tanzanian farmers' discourse on climate and political disorder,2012,Journal of Eastern African Studies,10.1080/17531055.2012.669572,-1,5.5670753,4.2475395
What follows the storm? Research on the effect of disasters on conflict and cooperation,2014,"Global Change, Peace and Security",10.1080/14781158.2013.837040,7,6.154847,6.0415025
Intersectionality and kyriarchy: A framework for approaching power and social justice in planning and climate change adaptation,2015,Planning Theory,10.1177/1473095213516443,-1,5.8380914,3.807586
Normalizing catastrophe: An educational response,2013,Environmental Education Research,10.1080/13504622.2012.721114,5,7.5273333,1.6707993
RELIGIOUS OTHERS AND GLOBAL SOCIAL JUSTICE MOVEMENTS,2016,Social Movements and World-System Transformation,10.4324/9781315458250-20,-1,5.7948313,2.504312
"Risky ventures: Financial inclusion, risk management and the uncertain rise of index-based insurance",2016,Research in Political Economy,10.1108/S0161-723020160000031013,-1,5.9212937,4.981907
Subjectivity and the politics of transformation in response to development and environmental change,2015,Global Environmental Change,10.1016/j.gloenvcha.2015.08.012,-1,6.4913726,3.9527028
Superstorm Sandy and the Demographics of Flood Risk in New York City,2015,Human Ecology,10.1007/s10745-015-9757-x,17,6.8131523,7.0580525
The shifting epistemologies of vulnerability in climate services for development: The case of Mali’s agrometeorological advisory programme,2016,Area,10.1111/area.12179,23,6.88126,4.8500433
‘The Vessel Will Embrace Us’: Contemporary Pacific voyaging in Oceanic theatre,2016,Performance Research,10.1080/13528165.2016.1162518,16,6.4958043,2.4939013
"Gender and Climate Change Adaptation in Agrarian Settings: Current Thinking, New Directions, and Research Frontiers",2014,Geography Compass,10.1111/gec3.12121,1,4.336935,4.624293
Climate change and tradition in a small island state: The rising tide,2013,Climate Change and Tradition in a Small Island State: The Rising Tide,10.4324/9780203427422,16,6.441286,2.6265175
"Climate change, urban vulnerability and development in Saint-Louis and Bobo-Dioulasso: Learning from across two West African cities",2013,Local Environment,10.1080/13549839.2013.807787,3,6.72992,5.3708744
Russia's Climate Policy: International Bargaining and Domestic Modernisation,2012,Europe - Asia Studies,10.1080/09668136.2012.701388,20,8.648504,4.179234
"Land Restoration, Agriculture, and Climate Change: Enriching Gender Programming Through Strengthening Intersectional Perspectives",2016,Land Restoration: Reclaiming Landscapes for a Sustainable Future,10.1016/B978-0-12-801231-4.00028-8,1,4.436998,4.425635
Beyond dichotomies: Gender and intersecting inequalities in climate change studies,2016,Ambio,10.1007/s13280-016-0825-2,13,5.5518713,3.9177759
Trading futures: Economism and gender in a changing climate,2015,International Social Work,10.1177/0020872814556825,1,4.188751,4.365794
"Race, class, and Hurricane Katrina: Social differences in human responses to disaster",2006,Social Science Research,10.1016/j.ssresearch.2006.02.003,14,6.091274,7.3455176
"The intersection of scale, science, and law in Massachusetts v. EPA",2009,"Adjudicating Climate Change: State, National, and International Approaches",10.1017/CBO9780511596766.008,5,7.774264,2.504302
Anticipatory learning for climate change adaptation and resilience,2010,Ecology and Society,10.5751/ES-03335-150211,-1,5.8155055,4.7553706
"Participatory planning, justice, and climate change in Durban, South Africa",2010,Environment and Planning A,10.1068/a4274,3,7.1342354,5.145282
Artificial neural network based carbon monoxide persistence models for episodic urban air quality management,2008,Environmental Monitoring and Assessment,10.1007/s10661-007-9831-y,21,8.070623,6.555033
"Immigration law, race, and identity",2007,Annual Review of Law and Social Science,10.1146/annurev.lawsocsci.3.081806.112745,14,5.9885225,7.6169796
Fantasy island: Oceanic imaginings in paul yoon's once the shore,2011,Inter-Asia Cultural Studies,10.1080/14649373.2011.578794,16,6.5143437,2.4704454
New Allies for Nature and Culture: Exploring Common Ground for a Just and Sustainable Chicago Region,2008,Environmental Justice,10.1089/env.2008.0522,5,7.4248905,2.1317773
Surviving katrina and keeping our eyes on the prize: The strength of legacy and tradition in New Orleans's HBCU teacher preparation programs,2008,Urban Education,10.1177/0042085908315943,14,5.978034,7.420715
Informing climate change policy through economics and engineering perspectives on energy efficiency,2009,"Proceedings of the ASME 3rd International Conference on Energy Sustainability 2009, ES2009",10.1115/ES2009-90435,15,9.321623,4.5698133
Fitting a vital linkage piece into the multidimensional emissions-reduction puzzle: Nongovernmental pathways to consumption changes in the PRC and the USA,2006,Climatic Change,10.1007/s10584-005-9036-8,20,8.81877,3.89332
"Came hell and high water': The intersection of Hurricane Katrina, the news media, race and poverty",2007,Journal of Community and Applied Social Psychology,10.1002/casp.945,14,5.9836946,7.525105
Analyzing the variation of embedding dimension of solar and geomagnetic activity indices during geomagnetic storm time,2009,"Earth, Planets and Space",10.1186/BF03352904,-1,8.034444,6.299574
Governing for a healthy population: Towards an understanding of how decision-making will determine our global health in a changing climate,2012,International Journal of Environmental Research and Public Health,10.3390/ijerph9010055,12,8.5655155,3.114996
The power of eco-labels: Communicating climate change using carbon footprint labels consistent with international trade regimes under the WTO,2012,Climate Law,10.1163/cl-120064,20,8.626115,4.130977
Turning to narrative: Toward a feminist theological interpretation of political participation and personhood,2010,Journal of the American Academy of Religion,10.1093/jaarel/lfq007,-1,5.385294,2.8129315
Security politics in the Asia-Pacific: A regional-global nexus?,2009,Security Politics in the Asia-Pacific: A Regional-Global Nexus?,10.1017/CBO9780511815126,8,7.6058154,4.7484784
The effects of disaster on the mental health of individuals with disabilities,2009,Mental Health and Disasters,10.1017/CBO9780511730030.015,17,6.4670224,6.933547
"Critical theory and Katrina. Disaster, spectacle and immanent critique",2007,City,10.1080/13604810701200870,14,5.912444,7.6849895
From impacts to embodied experiences: Tracing political ecology in climate change research,2012,Geografisk Tidsskrift,10.1080/00167223.2012.741889,-1,5.8937006,3.8084435
Introduction-the compelling tangle of energy and American society,2007,Energy and American Society - Thirteen Myths,10.1007/1-4020-5564-1_1,15,9.238127,4.4129825
Preface,2009,Social and Environmental Policies in EC Procurement Law: New Directives and New Directions,10.1017/CBO9780511576041.001,4,5.3589835,3.6381786
Best in show? Climate and environmental justice policy in california,2009,Environmental Justice,10.1089/env.2009.0028,5,7.71494,2.4431448
The immigrant children of Katrina,2010,Peabody Journal of Education,10.1080/0161956X.2010.518037,14,5.9850106,7.5410624
Roundabouts and carbon management,2012,Society of Petroleum Engineers - Carbon Management Technology Conference 2012,10.7122/151264-ms,21,8.0013895,6.6031995
Environmental sustainability in an aging society: A research agenda,2011,Journal of Aging and Health,10.1177/0898264310381278,18,6.443213,4.773138
"Living environmentalisms: Coalition politics, social reproduction, and environmental justice",2008,Environmental Politics,10.1080/09644010801936230,-1,5.766811,2.9588144
Recursivity of global normmaking: A sociolegal agenda,2009,Annual Review of Law and Social Science,10.1146/annurev.lawsocsci.093008.131606,4,7.9511776,4.229997
New orleans is not the exception: Re-politicizing the Study of Racial Inequality,2006,Du Bois Review,10.1017/S1742058X06060048,14,5.9929943,7.583058
Boundary layer turbulence and orographic precipitation growth in cold clouds: Evidence from profiling airborne radar data,2011,Journal of the Atmospheric Sciences,10.1175/JAS-D-10-05009.1,-1,7.7217474,6.3298497
Estimating the value of wind energy using electricity locational marginal price,2010,Energy Policy,10.1016/j.enpol.2009.07.045,15,9.200313,4.891765
New maids and caretakers in Paris?: The reactivation of transnational social fields of Spanish emigration following the economic crisis; [¿Nuevas criadas y porteras en parís?: Reactivación de los campos sociales transnacionales de la emigración española tras la crisis económica],2017,Migraciones,10.14422/mig.i43.y2017.003,0,3.0708458,2.6573248
"MALACOLOGICAL ORNAMENTS IN FUNERAL CONTEXTS OF HUNTER-GATHERERS IN THE WESTERN PAMPA. PRODUCTION, ORIGIN, CHRONOLOGICAL CHANGES AND DIFFERENTIAL USE",2025,Comechingonia,10.37603/2250.7728.v.n.46233,2,0.9070881,1.955408
Lovingly homophobic? The public intervention of a Christian morality from the perspective of affections; [Amorosamente homofóbico? A intervenção pública de uma moralidade cristã a partir da perspectiva dos afetos]; [¿Amorosamente homofóbicos? La intervención pública de una moral cristiana desde la perspectiva de los afectos],2022,Revista Colombiana de Sociologia,10.15446/rcs.v45n1.90109,0,3.4568918,2.0334158
"Imaginaries and chilenization: Chilean state agents and their vision of the andean space and population of the Tarapacá Province, Northern Chile 1880-1918; [Imaginarios y chilenización: Los agentes fiscales chilenos y su visión del espacio y la población andina de la provincia de Tarapacá, norte de Chile 1880-1918]",2014,Anuario de Estudios Americanos,10.3989/aeamer.2014.2.10,0,2.226337,1.8527493
Decolonizing the Past. Critical Perspectives on Colonial Legacies in History and Historiography; [Descolonizar o passado. Perspectivas críticas com os legados coloniais na história e na historiografia]; [Descolonizar el pasado. Perspectivas críticas con los legados coloniales en la historia y la historiografía],2023,Antipoda,10.7440/antipoda51.2023.03,0,3.1145585,1.7652825
Violencia de Género Hacia Mujeres Mapuche: Un proceso de Investigación-Acción Participativa,2021,Fronteiras,10.21664/2238-8869.2021v10i3.p280-290,0,3.4467914,1.739477
THE AMPHISBAENA IN THE ROCK ART BESTIARY. GRAPHIC AND SYMBOL IN SANTA ROSA DE TASTIL; [LA ANFISBENA EN EL BESTIARIO RUPESTRE. GRÁFICA Y SÍMBOLO EN SANTA ROSA DE TASTIL],2022,Comechingonia,10.37603/2250.7728.v26.n1.32943,2,1.1986829,1.9975123
PHYTOLITHS OF GEOARCHEOLOGICAL INTEREST IN THE ARGENTINE NORTH WEST: a regional perspective; [FITOLITOS DE INTERÉS GEOARQUEOLÓGICO EN EL NOROESTE ARGENTINO: una perspectiva regional],2022,Salduie,10.26754/ojs_salduie/sald.2022216982,2,0.728158,2.0764754
School dropout processes in Spain and Chile from the perspective of the most vulnerable adolescents; [Procesos de abandono escolar en España y Chile. La visión de los adolescentes más vulnerables],2024,Revista Complutense de Educacion,10.5209/rced.82974,0,2.7858887,0.5154491
Reflections on human rights: analysis respect to human mobility and diversity in accordance with Ecuadorian Constitutional Jurisprudence; [REFLEXIONES A LA LUZ DE LOS DERECHOS HUMANOS: ANÁLISIS RESPECTO A LA MOVILIDAD HUMANA Y DIVERSIDAD CONFORME JURISPRUDENCIA CONSTITUCIONAL ECUATORIANA],2023,Revista Interdisciplinar da Mobilidade Humana,10.1590/1980-85852503880006916,0,2.9671788,2.2854083
The Eco-coloniality of lithium extractivism and the socio-environmental agony of the Salar de Atacama: The dark side of the “green” electromobility; [La eco-colonialidad del extractivismo del litio y la agonía socioambiental del Salar de Atacama: El lado oscuro de la electromovilidad “verde”],2023,Revista Austral de Ciencias Sociales,10.4206/rev.austral.cienc.soc.2023.n44-04,0,2.400289,1.9579471
When subjects move out of place: questioning extractivism and mobility within Latin American Political Ecology; [Cuando los sujetos se mueven de su lugar: una interrogación al extractivismo y la movilidad en la ecología política latinoamericana],2021,Revista de Geografia Norte Grande,10.4067/S0718-34022021000300103,0,2.4668357,2.1094818
Approaches to the Violence against Women in the Recent Narrative Fiction from Latino America; [Aproximaciones a la violencia contra las mujeres en la narrativa de ficción latinoamericana reciente],2023,Catedral Tomada,10.5195/ct/2023.604,0,3.3140318,1.1896716
"They took so much away from us that they even took away our fear! Collective action, emotions, repertoires and strategic frameworks of the Feminist Tsunami of 2018 in Chile; [¡Nos quitaron tanto que nos quitaron hasta el miedo! Acción colectiva, emociones, repertorios y marcos estratégicos del Tsunami Feminista de 2018 en Chile]",2022,Paginas,10.35305/rp.v14i35.644,0,2.7848456,1.1741698
"Paleoenvironmental context of the archeological occupation in corral grande (Antofagasta de la sIerra, Catamarca, Argentina); [Contexto paleoambiental para la ocupación arqueológica en corral grande (Antofagasta de la Sierra, Catamarca, Argentina)]",2018,Chungara,10.4067/S0717-73562018005001502,2,0.81733435,2.0463662
"Art, Ecology, and Emotions as an Intersection Between Museum, Society and Territory; [Arte, ecología y emociones como intersección entre museo, sociedad y territorio]",2024,MIDAS,10.4000/12ndi,-1,1.9441324,2.374816
"Women and forced migrations in Latin America. Trajectories of female bodies, violence, and resistance in the 21st century; [MUJERES Y MIGRACIONES FORZADAS EN AMÉRICA LATINA. TRAYECTORIAS DE LOS CUERPOS FEMENINOS: VIOLENCIA Y RESISTENCIA EN EL SIGLO XXI]",2023,Boletin Americanista,10.1344/BA2022.86.1027,0,3.1175878,1.6942518
"The 1978 world cup in Argentina's political press. between ""party,"" nationalism, and human rights; [El Mundial 78 en la prensa política Argentina: entre la ""fiesta"", el nacionalismo y los derechos humanos]",2018,Palabra Clave,10.5294/pacla.2018.21.1.2,0,2.2210042,1.2333341
"The Memory of Fire. Anthracology, Pyrotechnology and Prehispanic Metallurgy of Late Period in San Pedro de Atacama, Chile; [La Memoria del Fuego. Antracología, Pirotecnología y Metalurgia Prehispánica del Período Tardío en San Pedro de Atacama, Chile]",2024,Revista del Museo de Antropologia,10.31048/1852.4826.v17.n2.44295,2,0.8509651,1.9728117
The experience of estrangement in migratory movements: migration as a journey of subjectivation; [Experiencia de extrañamiento en los desplazamientos migratorios: la migración como trayecto de subjetivación],2021,Papers,10.5565/rev/papers.2922,0,2.8125744,2.388305
The neo-developmentalist labyrinth. Back to heterodoxy for socio-environmental sustainability; [El laberinto neodesarrollista. Volver a la heterodoxia por la sostenibilidad socioambiental],2023,Problemas del Desarrollo,10.22201/iiec.20078951e.2023.215.70023,0,2.4595025,1.9286785
The exercise of parental responsibility in Latin American migrant families under the Chile Crece Program; [La responsabilidad parental desde la experiencia de familias migrantes latinoamericanas usuarias de Chile Crece Contigo],2023,Apuntes,10.21678/apuntes.93.1498,0,2.713084,1.3991582
"«… in the Countryside a Malignant spirit has aWaked». PolitiCal strategies and soCial divisions in the first MuniCipal eleCtions (estado de Buenos aires, 1855); [«… En la campaña se ha despertado un espíritu maligno». estrategias políticas y divisiones sociales en las primeras elecciones municipales (estado de buenos aires, 1855)]",2019,Illes i Imperis,10.31009/illesimperis.2019.i21.08,-1,1.9880389,1.5188771
People’s history: Reflections from historiography and social sciences didactics from the last 25 years; [La historia de las personas: Reflexiones desde la historiografía y de la didáctica de las ciencias sociales durante los últimos 25 años],2020,Panta Rei,10.6018/pantarei.445831,0,2.7836158,0.6855593
A family of Italian immigrant women in Greater Buenos Aires (ca. 1950); [UNA FAMILIA DE MUJERES INMIGRANTES ITALIANAS EN EL GRAN BUENOS AIRES (CA. 1950)],2021,Revista Interdisciplinar da Mobilidade Humana,10.1590/1980-85852503880006213,0,2.940186,2.520352
"The personal is political: A feminist analysis of the daily experience of informal female caregivers of adult people in dependence situation, in Santiago de Chile; [Lo personal es político: Un análisis feminista de la experiencia cotidiana de cuidadoras informales de personas adultas en situación de dependencia, en Santiago de Chile1]",2021,Brazilian Journal of Occupational Therapy,10.1590/2526-8910.CTOAO2161,0,2.9557521,2.1723785
"The Semantic-Material Vortex in Hurricane Season by Fernanda Melchor: The Violence as Simulacrum of Social Mobility; [El vórtice semántico-material en Temporada de huracanes, de Fernanda Melchor: la violencia como simulacro de la movilidad social]",2023,Catedral Tomada,10.5195/ct/2023.618,0,3.3996336,1.1599094
Analytical approaches to disasters: the Chilean experience from anthropology; [Aproximaciones analíticas a los desastres: la experiencia chilena desde la antropología],2024,Cuhso,10.7770/cuhso-v34n2-art742,7,5.7480116,6.2035513
"Struggles and Resistance in Recent History Led by Black Women: Network of Afro-Latin American, Afro-Caribbean and Diaspora Women in 1992; [Lutas e resistências na história recente lideradas por mulheres afrodescendentes: Rede de Mulheres Afro-latino-americanas, Afro-caribenhas e da Diáspora em 1992]; [Luchas y resistencias en la historia reciente protagonizadas por mujeres afrodescendientes: Red de Mujeres Afrolatinoamericanas, Afrocaribeñas y de la Diáspora en 1992]",2022,HiSTOReLo,10.15446/historelo.v14n31.96046,0,3.1510677,1.7384788
PARTICIPATION AND POLITICAL ORGANIZATION OF WOMEN IN THE PROVINCES OF MALLECO AND CAUTÍN (1935-1953); [PARTICIPACIÓN Y ORGANIZACIÓN POLÍTICA DE LAS MUJERES EN LAS PROVINCIAS DE MALLECO Y CAUTÍN (1935-1953)],2023,Dialogo Andino,10.4067/s0719-26812023000100036,0,2.5669723,1.4507592
Gender violence framework: Voices of Aymara women in Northern Chile’s Tarapacá Region; [Entramado de violencias de género: voces de mujeres aymaras tarapaqueñas del norte de Chile],2024,Estudios Atacamenos,10.22199/issn.0718-1043-2024-0011,0,2.9984386,1.7146825
Interjurisdictional public policies implementation difficulties. Santafesinian Free Zone's (Argentina) creation process analysis; [Dificultades en la implementación de políticas públicas interjurisdiccionales. Análisis del proceso de creación de la Zona Franca Santafesina (Argentina)],2020,Polis (Italy),10.32735/S0718-6568/2020-N56-1521,0,1.9879781,1.458076
Socio-anthropological challenges of Agenda Setting Theory: reconstitution of the model in a case study; [Desafíos socio-antropológicos de la Teoría de la Agenda Setting: reconstitución del modelo en un estudio de caso],2024,European Public and Social Innovation Review,10.31637/epsir-2024-1023,0,2.8503735,1.5804181
Micromammal community changes during Late Holocene-Anthropocene in southeastern Buenos Aires province (Argentina); [CAMBIOS EN LAS COMUNIDADES DE MICROMAMÍFEROS DURANTE EL HOLOCENO TARDÍO–ANTROPOCENO EN EL SUDESTE DE LA PROVINCIA DE BUENOS AIRES (ARGENTINA)],2023,Publicacion Electronica de la Asociacion Paleontologica Argentina,10.5710/PEAPA.29.11.2022.428,2,0.82160944,1.9524083
Intersectional Approach to People Displaced by Environmental Causes; [Enfoque interseccional en las personas desplazadas por causas medioambientales],2022,Migraciones,10.14422/mig.2022.012,10,6.5043254,4.0885167
"Petroglyphs in the north calchaquí valley (Salta, Argentina): Camelids, mountains, and inkaic appropriation of the local landscape; [Petroglifos en el valle calchaquí norte (Salta, Argentina): Camélidos, montañas y apropiación inkaica del paisaje local]",2015,Chungara,10.4067/S0717-73562015005000047,2,1.07787,2.0223458
ANDEAN HOUSES AND HOUSING. ETHNOGRAPHIC CRITICISM OF DEVELOPMENT POLICIES; [CASAS Y VIVIENDAS ANDINAS. CRÍTICA ETNOGRÁFICA A LAS POLÍTICAS DE DESARROLLO],2020,Dialogo Andino,10.4067/S0719-26812020000300101,0,2.300222,2.1005986
"What are these shirts doing here? Social protest and soccer fans, the case of the social outburst in Chile (2019-2020); [¿Qué hacen aquí estas camisetas? Protesta social e hinchas de fútbol, el caso del estallido social en Chile (2019-2020)]",2025,Autoctonia,10.23854/autoc.v9iespecial.540,0,2.4945827,1.3586739
Textile Activism in Times of Pandemic and Social Outburst in Colombia 2020-2022; [Ativismos têxteis em tempos de pandemia e estallido social na Colômbia 2020–2022]; [Activismos textiles en tiempos de pandemia y estallido social en Colombia 2020-2022],2025,Signo y Pensamiento,10.11144/Javeriana.syp44.attp,0,3.30934,1.8929051
"Trajectories of the relationship between people and Anadenanthera colubrina over time in Oyola and Vilisman (El Alto-Ancasti, Catamarca, Argentina); [Trayectorias de la relación entre personas y Anadenanthera colubrina a través del tiempo en Oyola y Vilisman (El Alto-Ancasti, Catamarca, Argentina)]",2025,Revista del Museo de Antropologia,10.31048/035e8m31,2,1.0270364,1.954085
Anthropologies in the extreme south: From silencing to outburst; [Antropologias no extremo sul: Do silenciamento à eclosão]; [Antropologías en el extremo sur: Del silenciamiento al estallido],2021,Vibrant Virtual Brazilian Anthropology,10.1590/1809-43412021v18a808,0,2.5411422,1.6713376
"Sociodemographic, psychosocial factors and quality of life of Afro-Colombian women victims of the armed conflict in Colombia; [Factores sociodemográficos, psicosociales y calidad de vida de mujeres afrocolombianas víctimas del conflicto armado en Colombia]",2022,Gaceta Medica de Caracas,10.47307/GMC.2022.130.1.12,0,3.5084238,2.0473714
Intersectionalities and care work: Bolivian circular migration in northern Chile; [Interseccionalidades y trabajo de cuidado: migración circular boliviana en el norte de Chile],2022,Apuntes,10.21678/apuntes.90.1409,0,2.9216602,2.2195609
Perceptions of climate change on the Island of Chiloé: Challenges for local governance; [Percepciones del cambio climático en la Isla de Chiloé: Desafíos para la gobernanza local],2019,Magallania,10.4067/S0718-22442019000100083,10,7.0615387,3.9947526
Colombian women in Chile: Discourses and migration experiences from the perspective of intersectionality; [Mujeres colombianas en Chile: Discursos y experiencia migratoria desde la interseccionalidad],2020,Revista Colombiana de Sociologia,10.15446/rcs.v43n1.79075,0,2.8170156,2.3595912
"Palabras Clave: Sociedades Indígenas, Rheidae, Simbolismo; [Relaciones simbólicas entre sociedades indígenas y el mundo animal en Ventania (Provincia de Buenos Aires, Argentina): El caso de los Rheidae]",2018,Archaeofauna,10.15366/archaeofauna2018.27.010,2,1.0873117,1.8028785
"Explorando la intersección entre cambio climático, género y seguridad alimentaria en Latinoamérica",2025,Biomedica : revista del Instituto Nacional de Salud,10.7705/biomedica.7901,10,1.8145139,2.4791265
The Concept of Precariousness in Labour Studies in Chile; [El concepto de precariedad en los estudios del trabajo en Chile],2023,Estudios Sociologicos,10.24201/es.2024v42.e2337,0,2.8801236,2.165933
The Gender Situation in Asturian Social Movements (Spain): Discourse or Commitment?; [La situación del género en los movimientos sociales asturianos (España): ¿discurso o compromiso?],2024,Convergencia,10.29101/crcs.v31i0.22892,0,3.2474282,1.5208652
Symbolic lineage of sun and moon in chon language family cultures and its calques; [El linaje simbólico de sol y luna en culturas de la familia lingüística chon y sus calcos],2022,Boletin del Museo Chileno de Arte Precolombino,10.56522/BMCHAP.0010020270002,2,1.288636,2.0179806
Economic mechanisms in the Spanish Water Law. Instruments for sustainability?; [Mecanismos económicos en la ley de aguas española. ¿Instrumentos para la sostenibilidad?],2017,Boletin de la Asociacion de Geografos Espanoles,10.21138/bage.2507,19,8.471194,5.1136575
Education from the Cradle: Psychology and Social Order in Argentine Childcare (1934-1955); [La educación desde la cuna: Psicología y orden social en la puericultura argentina (1934-1955)],2021,"Espacio, Tiempo y Educacion",10.14516/ete.350,0,2.8425949,0.96636367
"The sounds of the resistance: music, Chileanization and Peruvian memory in the oases of Pica, Matilla and Valle de Quisma; [Los sonidos de la resistencia: música, chilenización y memoria peruana en los oasis de Pica, Matilla y Valle de Quisma]",2023,Revista Musical Chilena,10.4067/s0716-27902023000100083,0,2.248451,1.754931
"A gold object in El Molino, Hualfin Valley (Catamarca, Argentina) in Inka times; [Una pieza de oro en El Molino, Valle de Hualfin (Catamarca, Argentina) en tiempos del Inka]",2024,Arqueologia,10.34096/arqueologia.t30.n3.13310,2,0.96937776,1.9902409
Violence against women in the production of the Inter-American comission and the Inter-American court of human rights; [La violencia contra las mujeres en las producciones de la comisión y la corte interamericana de derechos humanos],2014,Estudios Constitucionales,10.4067/s0718-52002014000100002,0,3.4319644,1.6616178
Gender approach in local disaster risk management in Costa Rica from an intersectional perspective; [Enfoque de género en la gestión local del riesgo de desastres en Costa Rica desde una mirada interseccional],2023,Interdisciplinaria,10.16888/interd.2023.40.2.32,7,5.4709187,6.3224235
“Tendremos que vivir en este lado”: Building Habitability from a Gender Perspective; [“Tendremos que vivir en este lado”: construção de habitabilidade a partir de uma perspectiva de gênero]; [“Tendremos que vivir en este lado”: construcción de habitabilidad desde la perspectiva de género],2024,Territorios,10.12804/revistas.urosario.edu.co/territorios/a.12511,0,2.0587554,2.1343815
The emotional universe in parent-child interactions: An approach to a literature review; [El universo emocional en las interacciones parentofiliales: Un acercamiento al estado del arte],2020,"Revista Latinoamericana de Ciencias Sociales, Ninez y Juventud",10.11600/1692715x.18106,0,2.7973168,1.038614
Migrant women: leisure occupations in public and private spaces; [Mulheres migrantes: ocupações de tempo livre em espaços públicos e privados]; [Mujeres migradas: ocupaciones de tiempo libre en espacios públicos y privados],2025,Brazilian Journal of Occupational Therapy,10.1590/2526-8910.ctoAO398238652,0,2.8500302,2.4122772
"Tourism, migration and gender in the context of climate change. The case of the Merzouga oasis (Morocco); [TURISMO, MIGRACIÓN Y GÉNERO EN UN CONTEXTO DE CAMBIO CLIMÁTICO. EL CASO DEL OASIS DE MERZOUGA (MARRUECOS)]",2024,Revista Interdisciplinar da Mobilidade Humana,10.1590/1980-858525038800032208,1,3.9858243,4.9285274
"First approach to the consumption of fauna and herd management in the south of Pozuelos (Puna de Jujuy, Argentina) in late pre-Hispanic and colonial times (13th to 18th centuries); [Primera aproximación al consumo de fauna y al manejo de rebaños en el sur de Pozuelos (Puna de Jujuy, Argentina) en tiempos prehispánicos tardíos y coloniales (siglos XIII a XVIII)]",2021,Revista del Museo de Antropologia,10.31048/1852.4826.V14.N3.33127,2,1.1111028,1.74212
"YOU HAVE DISCOVERED THE DIFFERENT FACES OF THE BLIND GODDESS1: ANALYSIS OF THE RELATIONSHIP BETWEEN IMAGE, TEXT AND MATERIALITY IN A FACTITIOUS MANUSCRIPT FROM THE CASA MENDOZA (BNE MSS/10269); [HAS APRENDIDO LOS CAMBIANTES ROSTROS DE ESTA DIVINIDAD CIEGA: ANÁLISIS DE LA RELACIÓN ENTRE IMAGEN, TEXTO Y MATERIALIDAD EN UN FACTICIO DE LA CASA MENDOZA (BNE MSS/10269)]",2022,Anuario de Estudios Medievales,10.3989/aem.2022.52.2.04,0,1.4605728,2.0774443
"Changing the narratives: humanitarian, legal and political accompaniment for women in transit through Mexico; [CAMBIAR LAS NARRATIVAS: ACOMPAÑAMIENTO HUMANITARIO, JURÍDICO Y POLÍTICO A MUJERES EN TRÁNSITO POR MÉXICO]",2022,Revista Interdisciplinar da Mobilidade Humana,10.1590/1980-85852503880006510,0,3.1619446,1.7737836
"Defending life vis-à-vis death projects. Women in the Northern Sierra of Puebla, Mexico; [Defensa de la vida frente a los proyectos de muerte. Mujeres de la Sierra Norte de Puebla]",2023,"Economia, Sociedad y Territorio",10.22136/est20231978,0,2.979959,1.9717187
The revolutionary narrative of Mirta Yáñez: Between norm and desire; [La narrativa revolucionaria de mirta yáñez: Entre la norma y el deseo],2021,Latin American Research Review,10.25222/larr.903,0,3.2463965,1.0145551
Multispecies ethnography in the mayan máasewaalo'ob solar sites: care practices and more-than-human worlds; [Etnografía multiespecie en los solares mayas máasewáalo'ob: prácticas de cuidado y mundos más que humanos],2025,Revista de Antropologia,10.11606/1678-9857.ra.227720,2,1.4561331,1.7443532
Witches and Love: 'Malquerencia' and Crimes of Passion in Feminist Mexican Narrative; [Las brujas y el amor. ‘Malquerencia’ y crimen pasional en la narrativa mexicana de signo feminista],2025,Revista Letral,10.30827/rl.v0i36.32917,0,3.3430157,1.0478482
Digital Journalism and Punitive Populism: Informative Treatment of the Prison Crisis in Ecuador; [Jornalismo digital e populismo punitivo: cobertura jornalística da crise prisional no Equador]; [PERIODISMO DIGITAL Y POPULISMO PUNITIVO: TRATAMIENTO INFORMATIVO SOBRE LA CRISIS CARCELARIA EN ECUADOR],2026,Anuario Electronico de Estudios en Comunicacion Social Disertaciones,10.12804/revistas.urosario.edu.co/disertaciones/a.15141,0,2.2761059,1.2611175
Perspectiva de género en los estudios sindicales en Argentina,2025,Revista Mexicana de Sociologia,10.22201/iis.01882503P.2025.3.62989,0,2.7663248,1.6353505
"Unattainable for Many, Possible for a Few: Notes about Disability, Sexuality and Policy; [INALCANZABLE PARA MUCHES, POSIBLE PARA ALGUNES: NOTAS SOBRE DISCAPACIDAD, SEXUALIDAD Y POLÍTICA]",2025,Siglo Cero,10.14201/scero.32271,0,3.5536575,1.5968941
"Lemic-gration: Frontiers of skin, sex, and paper; [Emic-gración: Fronteras de piel, sexo y papel]",2019,Dialogo Andino,10.4067/S0719-26812019000200007,0,2.942634,2.687642
"The Challenges of an Ethnohistory of the Present. Reflections on the history of Salinas Grandes (Jujuy and Salta, Argentina); [Desafíos de una etnohistoria presente. Reflexiones en torno a la historia de Salinas Grandes (Jujuy y Salta, Argentina)]",2024,Estudios Atacamenos,10.22199/issn.0718-1043-2024-0013,2,1.2720983,1.8612096
"Reflections about mounds, food processing techniques and niche construction; [Reflexiones sobre montículos, técnicas de procesamiento de alimentos y construcción de nichos]",2021,Arqueologia,10.34096/ARQUEOLOGIA.T27.N2.7635,2,0.84320587,1.9254715
Hands that rock the cradle: Uruguayan wet nurses under the control of medical discourse in the 19th century; [Mãos que balançam o berço: Amas de leite uruguaias sob o controle do discurso médico no século XIX]; [Manos que mecen la cuna: Amas de leche uruguayas bajo el control del discurso médico en el siglo XIX],2021,Estudos Ibero-Americanos,10.15448/1980-864X.2021.1.37962,0,3.042291,1.1492091
"CHRONICLE OF A MIDDLE HOLOCENE BURIAL IN THE CERRO DE LOS VIEJOS LOCALITY (LA PAMPA PROVINCE, ARGENTINA). IMPLICATIONS FOR THE PAMPEAN REGION AND CENTRAL-SOUTHERN SECTOR OF THE SOUTH AMERICAN ARID DIAGONAL; [CRÓNICA DE UN ENTERRATORIO DEL HOLOCENO MEDIO EN LA LOCALIDAD CERRO DE LOS VIEJOS (PROVINCIA DE LA PAMPA, ARGENTINA). IMPLICANCIAS PARA LA REGIÓN PAMPEANA Y EL SECTOR CENTRO-MERIDIONAL DE LA DIAGONAL ÁRIDA SUDAMERICANA]",2022,Chungara,10.4067/S0717-73562021005001501,2,0.9301276,2.0574296
PROTESTING IN THE CRADLE OF NEOLIBERALISM. MACROSOCIAL EXPLICATIVE FACTORS OF THE CHILEAN UNIVERSITY STUDENT MOVEMENT IN THE POST-DICTATORSHIP (1990-2019); [PROTESTANDO EN LA CUNA DEL NEOLIBERALISMO. FACTORES EXPLICATIVOS MACROSOCIALES DEL MOVIMIENTO ESTUDIANTIL UNIVERSITARIO CHILENO EN LA POSTDICTADURA (1990-2019)],2023,Revista Internacional de Sociologia,10.3989/ris.2023.81.1.21.115,0,2.641796,1.2927912
Women in the marine realm: Gender relations and sex-based division of labor in industrial fishing off the coast of Tarapaca in northern Chile (1950–1990); [Mujeres en el espacio marino: relaciones de género y división sexual del trabajo durante el ciclo pesquero industrial en las costas tarapaqueñas en el Norte de Chile (1950–1990)],2024,Estudios Atacamenos,10.22199/issn.0718-1043-2024-0015,0,2.6437452,1.8548278
Journalism and socialist militancy in Buenos Aires at the end of the 19th Century; [Periodismo y militancia socialista en Buenos Aires a fines del siglo XIX],2017,Izquierdas,10.4067/s0718-50492017000600094,0,2.1764421,1.2362677
"A conceptual history of disasters. Metaphorical knowledge as a possibility for floods risk management in El Valle La Estrella, Limón, Costa Rica; [Uma história conceitual de desastres. O conhecimento metafórico como uma possibilidade no gerenciamento de riscos de inundação em El Valle La Estrella, Limón, Costa Rica]; [Una historia conceptual de los desastres. El conocimiento metafórico como posibilidad en la gestión del riesgo de inundaciones en El Valle La Estrella, Limón, Costa Rica]",2024,Revista de Historia (Costa Rica),10.15359/rh.90.1,7,5.750738,6.232744
"Affecting One Another. Ethnographic Considerations on Collaborative Relations and Misunderstandings in an Indigenous Community in the Puna of Jujuy, Argentina; [Afetar-se mutuamente. Considerações etnográficas sobre afetos e mal-entendidos colaborativos numa comunidade indígena da puna de Jujuy, Argentina]; [Afectarse mutuamente. Consideraciones etnográficas sobre afectos y malentendidos colaborativos*en una comunidad indígena de la puna de Jujuy, Argentina]",2022,Antipoda,10.7440/antipoda47.2022.03,2,1.7283151,1.6908057
Paradigms in old age: Cinematographic homogenization and transitions; [Paradigmas en la vejez: Homogeneización y transiciones cinematográficas],2016,Comunicacion y Sociedad (Mexico),10.32870/cys.v0i26.5443,0,3.2287815,1.7869425
"«No can be a Small Word with a Lot of Work to do»: Portrait of Cristina Morales as a Killjoy Activist; [«No, esa pequeña palabra con tanto trabajo por hacer»: retrato de Cristina Morales como activista aguafiestas]",2026,RILCE. Revista de Filologia Hispanica,10.15581/008.42.1.312-38,0,3.3951209,1.0884124
Ambivalences and Contradictions in Social Governance Practices and the Diversity Agenda in Companies: A Critical Analysis Based on Linkedin Brazil; [Ambivalencias y contradicciones en las prácticas de gobernanza social y la agenda de la diversidad en las empresas: un análisis crítico basado en Linkedin Brasil],2025,En-Claves del Pensamiento,10.46530/ecdp.v0i38.767,0,3.3962471,1.6143894
"CRISIS, WORK AND INDUSTRY: THE WHALING STATION OF CALETA MOLLE IN THE REGIONAL HISTORY OF TARAPACA; [CRISIS, TRABAJO E INDUSTRIA: LA PLANTA BALLENERA DE CALETA MOLLE EN LA HISTORIA REGIONAL DE TARAPACÁ (1954-1965)]",2022,Dialogo Andino,10.4067/S0719-26812022000300225,0,2.1746647,1.9719546
"The mining extractivism in Latin America: Expositions, parallels and presumptions from the case of Guatemala; [El extractivismo minero en América Latina: Planteamientos, paralelismos y presunciones desde el caso de Guatemala]",2019,Perfiles Latinoamericanos,10.18504/pl2753-001-2019,0,2.4376667,2.0161803
"Female leadership in disaster risk management: La Primavera case, Antioquia, Colombia; [Liderazgos femeninos en la gestión del riesgo de desastres: caso La Primavera, Antioquia, Colombia]",2024,Andamios,10.29092/uacm.v21i55.1113,7,5.450666,6.3163214
The migratory paths of women linked to agricultural work in Mendoza (Argentina); [Recorridos migratorios de mujeres vinculados con el trabajo agrícola en Mendoza (Argentina)*],2020,Si Somos Americanos,10.4067/S0719-09482020000200138,0,2.8867555,2.488779
Links between uteruses and sugarcane. Socioenvironmental ethical challenges for the menstrual health of women in the global south; [VÍNCULOS ENTRE ÚTEROS Y CAÑA DE AZÚCAR. DESAFÍOS ÉTICOS SOCIOAMBIENTALES PARA LA SALUD MENSTRUAL DE LAS MUJERES DEL SUR GLOBAL],2025,Perseitas,10.21501/23461780.5134,0,2.9142942,1.9973043
"Female religious networks in the context of poverty. a case study in malvinas argentinas, Córdoba; [Redes religiosas femeninas en contexto de pobreza. estudio de caso en malvinas argentinas, Córdoba]",2014,Antipoda,10.7440/antipoda20.2014.06,0,3.033472,2.3972263
Care and arrangements. The importance of attachment in the neighborhood in a pandemic context; [Cuidados y arreglos. La importancia del arraigo al barrio en un contexto de pandemia],2023,Revista Espanola de Sociologia,10.22325/fes/res.2023.188,0,3.4213467,2.8332093
The Art History Department of the University of Valencia during the academic year 2019-2020; [El Departament d'Història de l'Art de la Universitat de València en el curso 2019-2020],2020,Ars Longa,10.7203/ARSLONGA.29.20881,0,2.7474,1.1715136
"MULTITEMPORAL ANALYSIS OF PREHISPANIC SPACE OCCUPATION WAYS IN THE WESTERN SECTOR OF THE CALCHAQUÍES SUMMITS, PROVINCE OF TUCUMÁN (ARGENTINA); [ANÁLISIS MULTITEMPORAL DE LAS FORMAS DE OCUPACIÓN DEL ESPACIO PREHISPÁNICO EN EL SECTOR OCCIDENTAL DE LAS CUMBRES CALCHAQUÍES DE LA PROVINCIA DE TUCUMÁN (ARGENTINA)]",2020,Comechingonia,10.37603/2250.7728.v24.n3.30270,2,1.0776504,2.151616
Socio-Partisan Activism: Democratizing Political Representation; [Ativismo sociopartidário: democratizando a representação política]; [Activismo sociopartidario: democratización de la representación política],2026,Colombia Internacional,10.7440/colombiaint125.2026.03,0,3.3019838,1.4047327
"Preliminary anthracological analysis of Cerro Farall archaeological site (Diamante, Entre Ríos); [Análisis antracológico preliminar del sitio arqueológico Cerro Farall (Diamante, Entre Ríos)]",2019,Arqueologia,10.34096/ARQUEOLOGIA.T25.N3.7324,2,0.76513153,2.0102346
"Apropiació n de tecnologí as digitales, lí mites y posibilidades",2025,Revista Estudos Feministas,10.1590/1806-9584-2025v33n1104257,0,3.5615735,1.4529184
"Interruption, intermittence and reduction of attendance of classes in secondary school; [Interrupção, intermitente e corte de frequência às aulas no ensino médio]; [Interrupción, intermitencia y recorte de la asistencia en la escuela secundaria]",2022,"Revista Latinoamericana de Ciencias Sociales, Ninez y Juventud",10.11600/rlcsnj.20.1.4603,0,2.7684793,0.5283455
Overcoming the 'Chronic Doubt': History of psychology and argentinian psychologists' training and education in the context of Latin-American psychology; [Superando la 'duda crónica': Historia de la Psicología y formación de psicólogos argentinos en el contexto de la psicología Latinoamericana],2018,Revista de Psicologia (Peru),10.18800/psico.201801.010,0,2.7899888,0.8323562
"Reflections on the Relationship between Climate Change and Mobilities: Perspectives on Governance, Securitization, and Justice; [REFLEXIONES SOBRE LA RELACIÓN ENTRE CAMBIO CLIMÁTICO Y MOVILIDADES: PERSPECTIVAS DE GOBERNANZA, SECURITISMO Y JUSTICIA]",2024,Revista Interdisciplinar da Mobilidade Humana,10.1590/1980-858525038800032203,10,6.779592,3.8820155
"“Machos and Witches in Patagonia”. Work, masculinity and reproduction space; [“Machos e Bruxas na Patagônia”. Trabalho, masculinidade e espaço da reprodução]; [“Machos y Brujas en la Patagonia”. Trabajo, masculinidad y espacio de la reproducción]",2016,Antipoda,10.7440/antipoda25.2016.05,0,2.8576267,1.7144933
Autofiction and collective memory: Notes on the first-person documentary in Argentina; [Autoficción y memoria colectiva: notas sobre el documental en primera persona en Argentina],2020,Revista Letral,10.30827/RL.v0i23.9446,0,2.7489276,1.1885034
Women in the teaching of history: female presences and absences in Chilean school textbooks; [Mujeres en la enseñanza de la historia: presencias y ausencias femeninas en los libros de textos chilenos],2025,Panta Rei,10.6018/pantarei.615311,0,2.8013504,0.8053284
ECOFEMINISM IN THE FIELD OF SOCIAL ECONOMY: A VIEW FROM THE COOPERATIVES; [ECOFEMINISMO EN EL ÁMBITO DE LA ECONOMÍA SOCIAL: UNA VISIÓN DESDE LAS COOPERATIVAS],2023,"CIRIEC-Espana, Revista Juridica de Economia Social y Cooperativa",10.7203/CIRIEC-JUR.42.26551,0,2.877182,1.9641973
Exploration of the Ecuadorian and Spanish Curriculum Framework from a Feminist Perspective: Achievements and Future Challenges; [Exploración del Marco Curricular Ecuatoriano y Español desde una Perspectiva Feminista: Logros y retos futuros],2025,Revista Espanola de Educacion Comparada,10.5944/reec.49.2026.44855,0,2.9771593,0.7033747
"JAVIER MILEI, TIKTOK, AND THE CONSTRUCTION OF THE POLITICAL BOOR; [JAVIER MILEI, TIKTOK Y LA CONSTRUCCIÓN DEL PATÁN POLÍTICO]",2024,Analisis Politico,10.15446/anpol.v37n108.116953,0,3.707877,1.2682278
Discussing (Im)Mobility: Ten Years of the Study of Migrations in Spain between Crisis (2009-2021); [La (in)movilidad a debate: diez años de estudio de las migraciones en la España entre crisis (2009-2021)],2022,Migraciones,10.14422/mig.2022.005,0,3.253015,2.79042
Linguistic sexism in the teaching practices of natural sciences: approaches from an ethnographic study; [Sexismo lingüístico en las prácticas pedagógicas de ciencias naturales: aproximaciones desde un estudio etnográfico],2025,Educacao e Pesquisa,10.1590/S1678-4634202551288165es,0,2.9160173,0.5372339
Edens in the desert: Signs of paths and places in the history of colonization of the Argentine Patagonia; [Édens no deserto. Sinais de trilhas e lugares na história da colonização da Patagônia Argentina]; [Edenes en el desierto. Señales de caminos y lugares en la historia de la colonización de Patagonia argentina],2015,Antipoda,10.7440/antipoda23.2015.08,2,1.0335097,2.003193
Feminisms and Agroecology: experiences of women from UTT and MIQCB to change the food system in Argentina and Brazil; [Feminismos y Agroecología: experiencias de las mujeres de la UTT y del MIQCB para cambiar el sistema alimentario en Argentina y Brasil*],2025,Cadernos Pagu,10.1590/18094449202500730004,0,2.9050741,1.9687871
"SOURCES OF MAPUCHE KNOWLEDGE: EPISTEMICAL CONTRIBUTIONS FOR INTERCULTURAL EDUCATION IN MEPUCHE CONTEXTS, ARAUCANÍA REGION; [FUENTES DEL CONOCIMIENTO MAPUCHE: CONTRIBUCIONES EPISTÉMICAS PARA UNA EDUCACIÓN INTERCULTURAL EN CONTEXTOS MAPUCHE, REGIÓN DE LA ARAUCANÍA]",2022,Dialogo Andino,10.4067/S0719-26812022000100020,10,6.2275376,1.3355861
The Separation of Leonor de Trastámara and Carlos III de Navarra in Eight Texts by Villasandino: Reordering the Poetic Cycle; [La separación de Leonor de Trastámara y Carlos III de Navarra en ocho textos de Villasandino: reordenación del ciclo poético],2024,Revista de Cancioneros Impresos y Manuscritos,10.14198/rcim.2024.13.03,0,3.3203933,1.0445057
Intersectionality of social inequalities in physical activity in argentina; [Interseccionalidade nas desigualdades sociais para a realização de atividade física na argentina]; [Interseccionalidad en las desigualdades sociales para la realización de actividad física en argentina],2020,Revista Ciencias de la Salud,10.12804/revistas.urosario.edu.co/revsalud/a.8777,2,3.3025856,3.2681718
"Gender and textile practices: between myths, prejudices, and archaeological materiality; [Género y prácticas textiles: entre mitos, prejuicios y materialidad arqueológica]",2025,Revista del Museo de Antropologia,10.31048/hqewvg59,0,2.6814241,1.6384062
THE ROLE OF MOLLUSCS IN PRE-HISPANIC POPULATIONS OF URUGUAY; [El ROL DE LOS MOLUSCOS EN LAS POBLACIONES PREHISPÁNICAS DE URUGUAY],2019,Comechingonia,10.37603/2250.7728.v23.n1.25961,2,0.9663152,1.911169
Women's andean soccer: A translocal sport spractice; [Fútbol femenino andino: Una práctica deportiva translocal],2019,Chungara,10.4067/S0717-73562019005002301,0,2.5187185,1.6035223
Time trend and spatial distribution of the cases of lethal violence against women in Brazil; [Tendência temporal e distribuição espacial dos casos de violência letal contra mulheres no Brasil]; [Tendencia temporal y distribución espacial de los casos de violencia letal contra la mujer en Brasil],2022,Revista Latino-Americana de Enfermagem,10.1590/1518-8345.5613.3547,0,3.5394766,1.9173285
"JUST ARRIVED AT THE OASIS. MOBILITY AND BORDER CROSSING IN RECENTLY SETTLED MIGRANTS IN SAN ANDRÉS DE PICA, TARAPACÁ (CHILE); [RECIÉN LLEGADOS AL OASIS. MOVILIDAD Y CRUCE DE FRONTERAS EN MIGRANTES RECIENTEMENTE ASENTADOS EN SAN ANDRÉS DE PICA, TARAPACÁ (CHILE)]",2020,Migraciones,10.14422/MIG.I50.Y2020.002,0,2.545822,2.3195775
"The zooarchaeological record in the southern margins of pre-Hispanic Andean agriculture: Los Conitos site, Potrerillos Valley, Mendoza, Argentina; [El registro zooarqueológico en los límites meridionales de la agricultura prehispánica andina: sitio Los Conitos (valle de Potrerillos, Mendoza, Argentina)]",2024,Intersecciones en Antropologia,10.37176/iea.25.1.2024.841,2,0.83156115,1.8220204
Households with female headship and post-disaster recovery strategies in Mexico; [Hogares con jefatura femenina y estrategias de recuperación posdesastre en México],2020,Estudios Demograficos y Urbanos,10.24201/edu.v35i2.1852,7,5.307906,6.1642847
Activist Lives. Participation In Community-Based Media As Sources Of Learning; [Vidas De Activismo. La ParticipacióN En Los Medios De ComunicacióN Comunitarios Como Fuente De Aprendizajes],2020,Dialogo Andino,10.4067/S0719-26812020000200065,-1,4.191506,1.2881589
"Paid care and feminist activism: Tensions and experiences of articulation in Chile, Honduras, and Spain; [Cuidados remunerados y activismo feminista. Tensiones y experiencias de articulación en Chile, Honduras y España]",2025,Iconos,10.17141/iconos.82.2025.6394,0,2.9514804,1.8546633
"Overlapping inequalities, layers of inequality and intersectionality: Analytical considerations and application to the Colombian case; [Desigualdades superpuestas, capas de desigualdad e interseccionalidad: Consideraciones analíticas y aplicación al caso Colombiano]",2017,Analisis Politico,10.15446/anpol.v30n89.66217,2,3.0665364,2.9576447
Women Migrants in Pandemic: Intersectionalities and care in Greater Buenos Aires; [Migrantas na pandemia: interseccionalidades e cuidados na Grande Buenos Aires]; [Migrantas en Pandemia: interseccionalidades y cuidados en el Gran Buenos Aires],2022,Revista Estudos Feministas,10.1590/1806-9584-2022V30N286997,0,3.4107597,2.89209
Commodification of nature and urban precarity. Urban regeneration around the Medellín (CO) and Ozama (R. D.) rivers; [Mercantilización de la naturaleza y precariedad urbana. Regeneración urbana en torno a los ríos Medellín (Co.) y Ozama (R. D.)],2025,Revista de Urbanismo,10.5354/0717-5051.2025.78211,0,1.8156968,2.0418596
"The neoconservative onslaught on gender equality policies at the end of the latin american ""left turn""; [El embate neoconservador a las políticas de igualdad de género tras el fin del ""giro a la izquierda"" en América Latina]",2021,Poblacion y Sociedad,10.19137/pys-2021-280203,0,2.8045979,1.1306509
"“Legal, safe and free”: Voluntary Abortion in Fictional Works of Current Female Latin American Narrators; [“Legal, seguro y gratuito”: el aborto voluntario en obras ficcionales de autoras latinoamericanas actuales]",2024,Estudios Filologicos,10.4067/s0071-17132024000100237,0,3.2234714,1.0674877
Perceptions of health risks due to climate change in Mexico Juan; [Perception des risques sanitaires face au changement climatique au Mexique]; [Percepción de riesgos a la salud frente al cambio climático en México],2021,Regions and Cohesion,10.3167/reco.2021.110204,-1,6.5529323,5.505317
The Political Consequences of Argentina’s Social Movements: The Micaela Law and the Law on Popular Neighborhoods; [Les Conséquences Politiques des Mouvements Sociaux en Argentine: La Loi Micaela et la Loi sur les Quartiers Populaires]; [As Consequências Políticas dos Movimentos Sociais da Argentina: a Lei Micaela e a Lei dos Bairros Populares]; [Las Consecuencias Políticas de los Movimientos Sociales de Argentina: la Ley Micaela y la Ley de Barrios Populares],2025,Dados,10.1590/dados.2025.68.2.371,0,2.0238123,1.5599937
"Work and approaches of the priest luis friedrich in the pica oasis during tarapacá chilenization, 1903-1907; [Quehacer y planteamientos del cura Luis Friedrich en el oasis de Pica durante la chilenización de Tarapacá, 1903-1907]",2015,HiSTOReLo,10.15446/historelo.v7n13.44190,0,2.124045,1.7694438
“More People and Fewer Fish”: The Social Sciences and the Study of Mass Species Extinction from Latin America; [“Mais gente e menos peixes”: as ciências sociais e o estudo da extinção em massa de espécies na América Latina]; [“Más gente y menos peces”: las ciencias sociales y el estudio de la extinción masiva de especies desde América Latina],2025,Antipoda,10.7440/antipoda60.2025.05,2,1.3767887,1.9513135
"We want non-profit and non-sexist education! Feminist-student movement and counter-hegemonic practices in the recent history of Valdivia, Chile (2006-2018); [¡Queremos educación que no lucre y no sexista! Movimiento feminista-estudiantil y prácticas contrahegemónicas en la historia reciente de Valdivia, Chile (2006-2018)]",2021,Izquierdas,10.4067/S0718-50492021000100232,0,2.7048204,1.007214
Studies on migration flows and gender in relevant publications included in the Qualis system in Brazil; [Estudos sobre fluxos migratórios e gênero nas publicações em periódicos de Qualis relevantes no Brasil],2020,Revista Colombiana de Sociologia,10.15446/rcs.v43n1.77096,0,3.0073001,2.3278482
"RIGHT TO COMMUNICATION FOR DISASTER RISK MANAGEMENT: EXPERIENCES OF COMMUNITY, ALTERNATIVE AND POPULAR MEDIA IN THE DISTRICT OF LA MATANZA, ARGENTINA; [DERECHO A LA COMUNICACIÓN PARA LA GESTIÓN DEL RIESGO DE DESASTRES: EXPERIENCIAS DE MEDIOS COMUNITARIOS, ALTERNATIVOS Y POPULARES EN EL PARTIDO DE LA MATANZA, ARGENTINA]",2023,Revista de Estudios Latinoamericanos sobre Reduccion del Riesgo de Desastres,10.55467/reder.v7i1.117,7,5.779973,6.229763
Primary Education teachers facing sociocultural diversity and the schooling of students from migrant backgrounds; [El profesorado de Educación Primaria ante la diversidad sociocultural y la escolarización del alumnado de origen migrante],2025,Revista Interuniversitaria de Formacion del Profesorado,10.47553/rifop.v39i2.107994,0,2.8087285,0.43382922
Intersectionality and Social Movement Coalitions: The Case of the New Rights Agenda in Uruguay; [Interseccionalidade e coalizões de movimentos sociais: o caso da nova agenda de direitos no Uruguai]; [Interseccionalidad y coaliciones de movimientos sociales: el caso de la nueva agenda de derechos en Uruguay],2024,Revista de Estudios Sociales,10.7440/res87.2024.03,0,2.904412,1.4496119
"“If we Share, it is More than Enough”. Networks of Communitarian Caring among Women Migrants in the Great Buenos Aires against COVID19; [“SI COMPARTIMOS, ALCANZA Y SOBRA”. REDES DE CUIDADOS COMUNITARIOS ENTRE MUJERES MIGRANTES DEL GRAN BUENOS AIRES FRENTE AL COVID19]",2021,Revista Interdisciplinar da Mobilidade Humana,10.1590/1980-85852503880006107,0,3.3837075,2.831266
Functional Diversity and Sex-Affective Relationships in Sex Education (Netflix). The Case of Isaac and Maeve; [Diversidade funcional e relações sexoafetivas em Sex education (Netflix): o caso de Isaac e Maeve]; [Diversidad funcional y relaciones sexoafectivas en Sex Education (Netflix): el caso de Isaac y Maeve],2023,Palabra Clave,10.5294/pacla.2023.26.2.7,0,3.555531,1.1136087
Galician immigrant associations: Claims from a position of insecurity; [Asociacionismo inmigrante en galicia. Demandas desde la precariedad],2018,Papers,10.5565/rev/papers.2563,0,2.9660337,2.752921
Strategic governance in the context of economic development and public investment; [Gobernabilidad estratégica en el contexto del desarrollo económico y la inversión pública],2023,Revista Venezolana de Gerencia,10.52080/rvgluz.28.e10.23,0,1.9104129,1.5534319
TRANSNATIONAL FEMALE RETURN: CITIZENSHIP AND SOCIAL REPRODUCTION IN COLOMBIA DURING 2020-2021; [Retorno femenino transnacional: ciudadanías y reproducción social en Colombia durante 2020-2021*],2025,Si Somos Americanos,10.61303/07190948.v25i.1219,0,3.0057406,2.5146778
THE POWER OF A RADICAL REIMAGINING OF DISASTERS: POST-COLONIAL AND CAPITALIST NEXUS IN CHILE AND LATIN AMERICA (AND IDEAS FOR A JUST AND EQUITABLE FUTURE); [EL PODER DE UNA RE-IMAGINACIÓN RADICAL DE LOS DESASTRES: NEXO POSCOLONIAL Y CAPITALISTA EN CHILE Y AMÉRICA LATINA (E IDEAS PARA UN FUTURO JUSTO Y EQUITATIVO)],2024,Revista de Estudios Latinoamericanos sobre Reduccion del Riesgo de Desastres,10.55467/reder.v8i2.170,7,5.863545,6.1858835
Crossed Representations: Catholics and Radicals in Cordoba in the 1930s; [Representaciones cruzadas: católicos y radicales en la Córdoba de los años treinta],2024,Paginas,10.35305/rp.v16i40.838,0,2.2548954,1.3215003
"Racialized geographies of Afro-Caribbean migration in the Chilean digital press. From urban characterization to neighborhood threat, 2016-2021; [GEOGRAFÍAS RACIALIZADAS DE LA MIGRACIÓN AFROCARIBEÑA EN LA PRENSA DIGITAL CHILENA. DE LA CARACTERIZACIÓN URBANA A LA AMENAZA BARRIAL, 2016-2021]",2023,Revista Interdisciplinar da Mobilidade Humana,10.1590/1980-85852503880006709,0,2.7482672,2.3238733
Media power and journalistic notoriety: Bernardo Neustadt and political journalism during the 1990s; [Poder mediático y notoriedad periodística: Bernardo Neustadt y el periodismo político en la década de 1990],2019,Revista de Sociologia e Politica,10.1590/1678-987319277007,0,2.2639768,1.1912729
"Rural women's body expositions: resistances in the central Valley of Aconcagua, Chile; [Exposiciones corporales de mujeres rurales: resistencias en el Valle central del Aconcagua, Chile]",2023,Cuhso,10.7770/cuhso-v33n1-art626,0,2.9561965,1.6519773
Gender differential approach to equitable education in engineering programs; [Enfoque diferencial de género para una educación equitativa en programas de ingeniería],2024,"Proceedings of the LACCEI international Multi-conference for Engineering, Education and Technology",10.18687/LEIRD2024.1.1.726,0,3.0279086,0.38879222
Extinct promise or promise in state of flow: Continuity and discontinuity of the contemporary old people; [Promesa extinguida o promesa en estado de fluido: Continuidades y discontinuidades de los adultos mayores hoy],2013,Psicologia e Sociedade,10.1590/S0102-71822013000100023,0,3.2445803,2.3827155
(The surrogacy account: A narrative contribution to the ethical and legal debate on its potential recognition); [El relato de la gestación subrogada: Una contribución narrativa al debate ético y jurídico sobre su eventual institucionalización],2022,Onati Socio-Legal Series,10.35295/OSLS.IISL/0000-0000-0000-1313,0,3.2421148,1.3698109
"“Girls Like You”… Gender, Class and Labor in Recent Argentine: A Balance from Social History; [“Chicas como tú”… género, clase y trabajo en la argentina reciente: Un balance desde la historia social]",2020,Archivos de Historia del Movimiento Obrero y la Izquierda,10.46688/ahmoi.n16.246,0,2.6720407,1.5184586
Latin american migrant women in masculinised jobs in santiago: Recognition and intersectionality; [Mujeres migrantes latinoamericanas en trabajos masculinizados en Santiago: Reconocimiento e interseccionalidad],2021,Si Somos Americanos,10.4067/S0719-09482021000100103,0,2.9132771,2.0344012
Intersectionalities of the Left and Right in Latin America and Europe. An exploration of contemporary political processes; [Interseccionalidades de la izquierda y la derecha en América Latina y Europa. Una exploración de los procesos políticos contemporáneos],2023,Iconos,10.17141/iconos.77.2023.5771,0,2.769084,1.3598417
Presence of the gender equality principle in the Teaching Guides of the Primary Education Degree in Spain; [Presencia del principio de igualdad de género en las Guías Docentes del Grado de Educación Primaria en España],2024,Revista Complutense de Educacion,10.5209/rced.82933,0,2.921486,0.47283936
"Buenos Aires journals during the 1898 war. La Biblioteca, La Ilustración Sud-Americana y Revista de Derecho, Historia y Letras, between the “throbbing issue” and identities crossroads; [Revistas de Buenos Aires durante a guerra de 1898. La Biblioteca, La Ilustración Sud-Americana e Revista de Derecho, Historia y Letras, entre a «questão palpitante» e as encruzilhadas de identidade]; [Revistas de Buenos Aires durante la guerra de 1898. La Biblioteca, La Ilustración Sud-Americana y Revista de Derecho, Historia y Letras, entre la “cuestión palpitante” y las encrucijadas identitarias]",2021,Humanidades,10.25185/9.3,0,2.0643098,1.4112681
"“We Are the Granddaughters of the Witches that You Couldn’t Burn”: Abortion, Witches, Midwives, Intersectionality, and Sorority/Painity in Fictional Texts by Current Latin American Authors; [“Somos las nietas de las brujas que no pudieron quemar”: aborto, brujas, parteras, interseccionalidad y soro/doloridad en textos ficcionales de autoras latinoamericanas actuales]",2023,Revista Letral,10.30827/RL.VI30.26840,0,3.3339124,1.0442507
"The Social Reorganization of Care during the Pandemic: Well-being, Community, and Gender; [La reorganización social de los cuidados en pandemia: bienestar, comunidad y género]",2025,Cuadernos de Relaciones Laborales,10.5209/crla.102183,0,3.4055512,2.7800324
"ANTHROPOLOGY AND CLIMATE CHANGE: TRAJECTORIES, TOPICS AND PROPOSITIONS; [ANTROPOLOGÍA Y CAMBIO CLIMÁTICO: RECORRIDOS, TEMÁTICAS Y PROPUESTAS]",2020,Disparidades. Revista de Antropologia,10.3989/dra.2020.015,10,7.164847,3.796472
"Between social regulation and production: Civil and Commercial Justice in the Argentine interior, 1887-1934; [Entre la regulación del conflicto y la puesta en producción: la justicia civil y comercial en el interior argentino, 1887-1934]",2023,"Prohistoria. Historia, Politicas de la Historia",10.35305/prohistoria.vi40.1832,0,1.9769696,1.4814497
#Movement (trans) Feminist #COVID-19. From territorial to virtual dialogue in cultural/artistic experiences in Argentina and Spain; [#Movimiento (trans)feminista #COVID-19. Del diálogo territorial al virtual en las experiencias culturales y artísticas en Argentina y en España],2023,Debats,10.28939/iam.debats-137-2.8,0,3.1992652,1.5219098
"¿De Valles o de Puna? Discutiendo interacción a partir de la caracterización composicional de conjuntos cerámicos. El caso de antofagasta de la sierra, puna sur argentina",2012,Estudios Atacamenos,10.4067/s0718-10432012000100008,2,0.8672263,2.0970635
Productivity of the Performativity and Performance Concepts for the Body and Communication Area in Latin America; [Produtividade dos conceitos de performatividade e performance para a área de corpo e comunicação na América Latina]; [Productividad de los conceptos de performatividad y performance para el área de cuerpo y comunicación en América Latina],2024,Palabra Clave,10.5294/pacla.2024.27.2.10,0,3.1234243,1.5156398
Women in Positive Peacebuilding: Urgent Demands for Overcoming the Socio-Environmental and Armed Conflict in Colombia; [La mujer en la construcción de paz positiva: exigencias inaplazables para la superación del conflicto socioambiental y armado en Colombia],2026,Revista Kawsaypacha: Sociedad y Medio Ambiente,10.18800/kawsaypacha.202601.A003,0,3.5907977,2.286463
Women in secondary technical vocational education: Factors that influence their educational and work trajectories; [Mujeres en educación media técnico profesional: Factores que influyen en sus trayectorias educativas y laborales],2020,Pensamiento Educativo,10.7764/PEL.57.1.2020.6,0,2.7629404,0.6574842
Gender and disaster risk anagement: comparative analysis of the international and atin American and Caribbean agendas; [Género y gestión del riesgo de desastres: análisis comparado de la agenda nternacional y latinoamericana y caribeña],2023,Iberoamerican Journal of Development Studies,10.26754/OJS_RIED/IJDS.770,7,5.5353208,6.2979236
"Post-human Geographies in Chilean Patagonia: Intersections between Nature, Capital, and Desire. A Critical Approach; [Geografias pós-humanas na Patagônia chilena: interseções entre natureza, capital e desejo. Uma abordagem crítica]; [Geografías poshumanas en la Patagonia chilena: intersecciones entre naturaleza, capital y deseo. Una aproximación crítica]",2023,Revista de Estudios Sociales,10.7440/res84.2023.07,0,1.975237,1.9908836
Allegation as feminist pedagogy: The case of the response to violence at the Universidad de la República; [La queixa com a pedagogia feminista: el cas de la resposta a la violència a la Universitat de la República]; [La denuncia como pedagogía feminista: el caso de la respuesta a la violencia en la Universidad de la República],2023,Educar,10.5565/rev/educar.1586,0,3.4586425,1.6101205
Climate change and water: Scientific knowledge and mapuche-pehuenche local knowledge; [Cambio climático en lonquimay: Conocimiento científico y conocimiento local mapuche-pehuenche],2019,Revista Austral de Ciencias Sociales,10.4206/rev.austral.cienc.soc.2019.n37-07,10,7.0455813,4.093586
PERSISTENT INEQUALITIES: SHAPING THE OLD AGE OF INDIGENOUS WOMEN THROUGHOUT LIFE; [DESIGUALDADES PERSISTENTES: CONFIGURACIÓN DE LA VEJEZ DE MUJERESINDÍGENAS A LO LARGO DE LA VIDA],2025,Athenea Digital,10.5565/rev/athenea.3730,0,3.0844882,2.6271145
Because of the business or despite the business?: The intersection between family and enterprise for immigrant entrepreneurs in Galicia; [¿Gracias al negocio o a pesar del negocio? La intersección entre familia y empresa para los emprendedores inmigrantes en Galicia],2012,Papers,10.5565/rev/papers/v97n3.437,0,2.9438844,2.5894644
Two Decades of Conditional Cash Transfer Programs in Argentina: A Gender Perspective; [Dos décadas de programas de transferencias condicionadas de ingresos en Argentina. Una mirada de género],2025,Cuhso,10.7770/cuhso-v35n1-art828,0,2.694661,1.5012605
The Chronicle of the Infante Don Crisócalo: a manuscript book of chivalry in the library of Philip II; [La Crónica del infante don Crisócalo: un libro de caballerías manuscrito en la biblioteca de Felipe II],2022,Revista de Filologia Espanola,10.3989/rfe.2022.017,0,3.1305447,0.9749814
"Bioarchaeological studies of a Middle Holocene burial inside a rock shelter: the case of Cerro Bayo 2 (Santa Cruz, Argentina); [Estudos Bioarqueológicos de um sepultamento do Holoceno Médio no interior de um abrigo rochoso: o caso do Cerro Bayo 2 (Santa Cruz, Argentina)]; [Estudios bioarqueológicos de un entierro del Holoceno Medio en el interior de un abrigo rocoso: el caso de Cerro Bayo 2 (Santa Cruz, Argentina)]",2025,Revista Argentina de Antropologia Biologica,10.24215/18536387e115,2,0.810419,1.9362433
Diversity Awareness and Attention to Diversity in Basic Vocational Training: Cooperation for Inclusion; [SENSIBILIZACIÓN DOCENTE Y ATENCIÓN A LA DIVERSIDAD EN LA FORMACIÓN PROFESIONAL BÁSICA: COOPERAR PARA INCLUIR],2023,Siglo Cero,10.14201/SCERO202354128592,0,2.860061,0.4470656
The right to defend nature of indigenous peoples in the context of climate change; [El derecho a defender la naturaleza de los pueblos indígenas en el marco del cambio climático],2023,Estudios Constitucionales,10.4067/S0718-52002023000100034,9,7.173469,3.1226301
Gender violence in northern Chile: intergenerational narratives of Aymara women; [Violencia de género en el Norte chileno: narrativas intergeneracionales de mujeres Aymara],2024,Psicoperspectivas,10.5027/psicoperspectivas-vol23-issue1-fulltext-3030,0,2.7827291,1.6086203
Analysis of road safety interventions to reduce traffic accidents in Ecuador; [Análisis de intervenciones de Seguridad Vial para reducir accidentes de tránsito en Ecuador],2024,Revista Tecnologica Espol,10.37815/rte.v36n2.1182,24,7.460552,6.7229857
"Conservative, fundamentalist, or anti-gender?: Conceptualizing the “pro-life/pro-family” movement; [Conservador, fundamentalista ou antigênero?: Conceituando o movimento “pró-vida/profamília”]; [¿Conservador, fundamentalista o antigénero?: Conceptualizando al movimiento “provida/profamilia”]",2024,Revista Estudos Feministas,10.1590/1806-9584-2024v32n296573,0,2.919334,1.3017199
"First approaches to the study of plant microremains in grinding tools and ceramic containers at the Oyola 31 site, Oyola (El Alto-Catamarca) during the first millennium of the era; [Primeras aproximaciones al estudio de microrrestos vegetales en artefactos de molienda y contenedores cerámicos en el sitio Oyola 31, Oyola (El Alto-Catamarca) durante el primer milenio de la era]",2024,Revista del Museo de Antropologia,10.31048/1852.4826.v17.n2.44275,2,0.96655667,2.0552762
"Memories and imaginary fishing industry cycle between fishing crew the port of Iquique, northern Chile (1960-1990); [Memorias e imaginarios del ciclo pesquero entre los tripulantes industriales del puerto de Iquique, norte de Chile (1960-1990)]",2020,Estudios Atacamenos,10.22199/issn.0718-1043-2020-0001,0,2.3492362,2.0350766
Experiences of male perpetrators of violence against women: an intersectional perspective; [Vivências dos homens autores de violência contra as mulheres: uma perspectiva interseccional]; [Experiencias de hombres perpetradores de violencia contra la mujer: una perspectiva interseccional],2026,Revista de Psicologia (Peru),10.18800/psico.202601.006,0,3.4747074,1.7627528
CROSS-BORDER MOBILITY AND FAMILY CARE THROUGH LIFE CYCLES: EXPERIENCES OF WOMEN TRADERS IN THE PERU-BOLIVIA-CHILE SPACE; [Movilidad transfronteriza y cuidado familiar a través de los ciclos de vida: experiencias de mujeres comerciantes en el espacio Perú-Bolivia-Chile],2025,Si Somos Americanos,10.61303/07190948.v25i.1208,0,2.8500245,2.4597058
The Science without Borders program and the systemic failure in the public policy cycle; [O programa Ciência sem Fronteiras e a falha sistêmica no ciclo de políticas públicas*]; [El programa Ciencia sin Fronteras y la falla sistémica en el ciclo de políticas públicas],2021,Ensaio,10.1590/S0104-40362020002801962,0,3.4096708,1.9891338
"Affective bonds in institutionalized adolescents in Chile; [Vínculos afectivos en adolescentes institucionalizados, Chile]",2019,"Revista Latinoamericana de Ciencias Sociales, Ninez y Juventud",10.11600/1692715x.17217,0,2.8004315,0.858436
Analysis of digital teaching materials in secondary school from a gender perspective; [Análise de materiais didáticos digitais no ensino secundário na perspetiva de género]; [Análisis de materiales didácticos digitales en secundaria desde la perspectiva de género],2025,Revista Portuguesa de Educacao,10.21814/rpe.36600,0,3.0077577,0.45051703
"Identity, Culture, and the Science Performance: From the Curious to the Quantum: Volume 2",2023,"Identity, Culture, and the Science Performance: from the Curious to the Quantum: Volume 2",,25,6.073181,1.691177
Climate Change Hazards + Social Vulnerability = A Recipe for Disaster,2022,Generations,,18,6.4565864,4.957048
Creating an Ecosocial Welfare Future,2023,Creating an Ecosocial Welfare Future,,4,8.242175,3.8776746
“What do the doves say?” The Revolt Against Colonial Corruption in the Verano Boricua,2022,Centro Journal,,10,2.4292827,1.5382248
"Emerging from covid-19: A new, rights-based relationship with the nonhuman world?",2021,Health and Human Rights,,9,7.4615684,2.9294043
"Climate change, human rights and poverty: Intersections and challenges",2021,Research Handbook on Human Rights and Poverty,,9,7.1148577,3.4593315
Equity considerations in loss and damage,2021,Research Handbook on Climate Change Law and Loss and Damage,,18,6.7215867,4.8125277
"From Glass Ceiling to Green Canopy: An Intersectional Model of Feminist Sustainability in Fondes Amandes, Trinidad",2021,Journal of International Women's Studies,,-1,6.8940053,2.644414
How must i explain to the dolphins? An intersectional approach to theorizing the epistemology of climate uncertainty,2018,Environmental Ethics,,16,6.6714153,2.602229
Scalar water politics and competing development visions in china's transboundary himalayan river basins: What role for international water law?,2019,Journal of Water Law,,19,8.24975,5.2277145
Cam in the anthropocene: Posthuman possibilities,2017,Complementary Medicine and Culture: The Changing Cultural Territory of Local and Global Healing Practices,,25,6.359528,1.7749969
Climate change through an intersectional lens: Gendered vulnerability and resilience in indigenous communities in the United States,2015,USDA Forest Service - General Technical Report PNW-GTR,,16,6.576799,2.7282705
Animal acts: Performing species today,2013,Animal Acts: Performing Species Today,,9,7.1848383,2.4627223
"The road ahead for electric vehicles: National targets, manufacturing plans, costs, and the role for international collaboration",2012,"26th Electric Vehicle Symposium 2012, EVS 2012",,15,9.270456,4.567672
Hydro assessment software assists data-poor areas,2016,ENR (Engineering News-Record),,-1,8.29588,5.8173294
Enhancing system operations through improved reliability & resiliency of traffic signals in an urban environment,2014,"21st World Congress on Intelligent Transport Systems, ITSWC 2014: Reinventing Transportation in Our Connected World",,21,7.646756,6.658169
Steeles Avenue widening and reconstruction municipality of metropolitan Toronto transportation department,1997,"Proceedings, Annual Conference - Canadian Society for Civil Engineering",,21,7.8889284,6.6312237
Critical rhetorics of race,2011,Critical Rhetorics of Race,,14,5.9799027,7.6274376
Arctic dreams and geoengineering wishes: The collateral damage of climate change,2011,Columbia Journal of Transnational Law,,20,8.391497,4.3126087
Beyond disasters creating opportunities for peace,2007,Worldwatch Paper,,-1,5.686773,6.003161
"Making groceries: Food, neighborhood markets, and neighborhood recovery in post-katrina New Orleans",2010,Culture after the Hurricanes: Rhetoric and Reinvention on the Gulf Coast,,14,5.9662843,7.620411
A housing-centered approach to justice,2009,Journal of Environmental Law and Litigation,,14,6.1149697,7.430396
"Coping with multiple disasters and diminishing livelihood resources caste, class, and gender perspectives: The case from Orissa, India",2009,Regional Development Dialogue,,29,5.1873116,5.965083
Integrated regional signal system benefits of regional traffic signal timing,2009,TAC/ATC 2009 - 2009 Annual Conference and Exhibition of the Transportation Association of Canada: Transportation in a Climate of Change,,21,7.8590317,6.6253266
Model based method for determining the minimum embedding dimension from solar activity chaotic time series,2008,"International Journal of Engineering, Transactions A: Basics",,-1,8.289813,6.112741
"21st century transmission planning: The intersection of engineering, economics, and environment",2009,2009 CIGRE / EEE PES Joint Symposium: Integration of Wide-Scale Renewable Resources into the Power Delivery System,,15,9.317035,4.6899295
Federation of the FEMA HAZUS-MH model and incident management constructive simulation,2008,Simulation Interoperability Standards Organization - Simulation Interoperability Workshop Fall 2008,,21,6.537354,6.3050556
"Sustainable futures for learning in a climate of change: Mobile apps, social media, and crisis informatics during emergencies and disasters",2012,ASCILITE 2012 - Annual conference of the Australian Society for Computers in Tertiary Education,,7,6.0179977,6.2513394
"Governing tropical forests: REDD+, certification and local forest outcomes in Malaysia",2011,Macquarie Journal of International and Comparative Environmental Law,,11,7.8782454,4.4767137
"The intersection of poverty discourses: Race, class, culture, and gender",2009,"Emerging Intersections: Race, Class, and Gender in Theory, Policy, and Practice",,14,5.9720044,7.552798
"Design build of the New Mississippi Outfall, Denver, Colorado",2004,Proceedings of the ASCE Pipeline Division Specialty Congress - Pipeline Engineering and Construction,,21,7.6126075,6.6991096
Restoring lost water level modeling data,2005,"Proceedings of the IASTED International Conference on Modelling, Simulation, and Optimization",,-1,8.164834,6.064734
Transportation analysis for evacuation: state of the art.,1986,ITE Journal,,21,7.3392873,6.6824493
Eye on earth,2010,World Watch,,-1,6.6942863,4.498272
"We want non-profit and non-sexist education! Feminist-student movement and counter-hegemonic practices in the recent history of Valdivia, Chile (2006-2018); ['Queremos educación que no lucre y no sexista' Movimiento feminista-estudiantil y prácticas contrahegemónicas en la historia reciente de Valdivia, Chile (2006-2018)]",2020,Izquierdas,,0,2.6890645,0.92218995
A preliminary view of elderly care in the Basque Country; [Una aproximación a los cuidados de las personas mayores dependientes en el País Vasco],2019,Ekonomiaz,,0,3.3309317,2.630256
Ethnography of nostalgia: Transnational migration of chilote communities in Punta Arenas (Chile) and Río Gallegos (Argentina); [Etnografía de la nostalgia: Migración transnacional de comunidades chilotas en Punta Arenas (Chile) Y Río Gallegos (Argentina)],2018,Chungara,,0,2.3443134,2.096212
"Other ends of the worlds. Seca and drought in conflict; [Fines de mundos ""otros"". Seca y sequía en conflicto]",2018,Chungara,,-1,1.8469157,2.3893957
"Coocking intercultural relations: Adhered residues in ceramic vessels from the marine hunter gatherers of the atacama desert (formative period, northern Chile); [Cocinando relaciones interculturales: Residuos adheridos en vasijas cerámicas de cazadores recolectores marinos del desierto de atacama (período formativo, norte de Chile)]",2017,Estudios Atacamenos,,2,0.8307438,2.1415246
"DAILY LIFE AND SOCIAL REPRODUCTION IN OYOLA 51: LITHIC AND ARCHAEOBOTANICAL MICRO-REMAINS ANALYSIS IN A FIRST MILLENNIUM DWELLING IN THE SIERRA DE EL ALTO-ANCASTI, CATAMARCA, ARGENTINA; [VIDA COTIDIANA Y REPRODUCCIÓN SOCIAL EN OYOLA 51: ANÁLISIS LÍTICO Y DE MICRORRESTOS VEGETALES EN UNA VIVIENDA DEL PRIMER MILENIO EN LA SIERRA DE EL ALTO-ANCASTI, CATAMARCA, ARGENTINA]",2024,Zaranda de Ideas,,2,0.90079075,1.995403
Heritage in the landscape. Historic characterization of territory and archaeological heritage of the center of Buenos Aires province; [Patrimonios en el paisaje. La caracterización histórica del territorio y el patrimonio arqueológico del centro de la Provincia de Buenos Aires],2017,Arqueologia,,2,1.4248271,1.8798681
MICRO AND MACRO POLITICS OF WOMEN IN RESISTANCE PRACTICES IN CONTEXTS OF SOCIOENVIRONMENTALLY AFFECTED; [MICRO Y MACRO POLÍTICAS DE MUJERES EN RESISTENCIA PRÁCTICAS EN CONTEXTOS DE AFECTACIÓN SOCIOAMBIENTAL],2024,Prisma Social,,0,2.710961,1.8228087
What about the bottles? Glass endscrapers near a patagonic ranch; [¿Y qué hacemos con las botellas? Raspadores de vidrio en inmediaciones de un puesto de estancia patagónico],2020,Zaranda de Ideas,,2,0.94800705,2.0281715
Couples in transnational space: The plans of women migrating for marital reasons; [Parejas en el espacio transnacional: Los proyectos de mujeres que emigran por motivos conyugales],2010,Migraciones Internacionales,,0,3.032365,2.6518638
Stories that condition experiences: The implications of stories about the public policies on violence against women and abortion in Spain; [Relatos que condicionan experiencias: Implicaciones de los relatos de las políticas públicas sobre violencia contra las mujeres y aborto en España],2015,Revista de Estudios Politicos,,0,3.3847873,1.3347456
Foreign women in new ruralities; [Las mujeres extranjeras en las nuevas ruralidades],2013,Gazeta de Antropologia,,0,3.043203,2.6063135
"Burning monsters. Witchcraft and feminist activism, from the WITCH groups to ""Las cosas que perdimos en el fuego"" by Mariana Enriquez; [Monstruas Ardientes. Brujería y activismo feminista, de los grupos W.I.T.C.H. a “Las cosas que perdimos en el fuego”, de Mariana Enriquez]",2024,Orillas,,0,3.4664948,1.0528156
The politic south of the global north: Re-thinking youth political participation in Spain; [O sul político do Norte global: repensando a participação política juvenil na Espanha],2019,Nomadas,,0,3.384797,1.3512003
Productive matrix of Mendoza in the long duration (16th-19th centuries): historical-cultural assets in Protected Natural Areas; [La matriz productiva de Mendoza en la larga duración (siglos XVI-XIX): bienes históricos-culturales en Áreas Naturales Protegidas],2024,Historia Regional,,2,1.858857,1.5776974
The role of the media in the governance and management of climate change in Ecuador; [El rol de los medios de comunicación frente a la gobernanza y gestión del cambio climático en Ecuador],2020,RISTI - Revista Iberica de Sistemas e Tecnologias de Informacao,,7,6.735632,2.1491618
Tiwanaku zoomorphic iconography as indicator of population displacements possibly linked to zoonotic transmission; [Iconografía tiwanacota zoomorfa como indicador de desplazamientos poblacionales posiblemente vinculados a ciclos de transmisión zoonótica],2014,Interciencia,,2,0.931834,1.8204497
Archaeofaunas from a domestic space and implications for prehispanic herding in RÍO Grande de San Juan; [Arqueofaunas de un espacio doméstico e implicancias para el pastoreo prehispánico en el Río grande de San juan],2013,Zaranda de Ideas,,2,0.9353568,1.7439022
Primeras exploraciones indigenistas: una aproximación interseccional al poemario El rescate del mundo (1952),2025,Orillas,,0,3.3900657,1.0953332
"Between the docks, the bags and the revolvers: experience, protest and gender in a working-class community (Ingeniero White, 1927 – 1928); [Entre los muelles, las bolsas y los revólveres: experiencia, protesta y género en una comunidad obrera (Ingeniero White, 1927 – 1928)]",2026,Historia Regional,,0,2.890513,1.7385728
Men and women in paid care work: Continuities and transformations in gender relations in home care services; [Homes i dones en el treball de cura remunerat: Continuïtats i transformacions en les relacions de gènere en els serveis d'ajuda domiciliaris],2017,Quaderns de l'Institut Catala d'Antropologia,,0,3.2504592,2.6870122
Representations about pedagogical evaluation in vulnerable border schools; [REPRESENTAÇÕES SOBRE AVALIAÇÃO PEDAGÓGICA EM ESCOLAS FRONTEIRIÇAS VULNERÁVEIS]; [Representaciones acerca de la evaluación pedagógica en escuelas vulnerables de frontera],2020,Interciencia,,0,2.8594599,0.41434938
Didactics of political communication and digital interactivity in polarized electoral environments; [Didáctica de la comunicación política e interactividad digital en entornos electores polarizados],2023,RISTI - Revista Iberica de Sistemas e Tecnologias de Informacao,,-1,4.0883713,1.2828856
"Lands and water: The legal ownership of Andean productive resources under Chilean administration (Tarapaca, northern Chile 1880-1920); [Tierras y aguas: La propiedad legal de los recursos productivos andinos bajo administración chilena (Tarapacá, norte de Chile 1880-1920)]",2014,Intersecciones en Antropologia,,0,2.2638884,1.8884832
Psychology's contributions to address the human dimensions of climate change in Chile (second part); [Contribuciones de la psicología al abordaje de la dimensión humana del cambio climático en Chile (segunda parte)],2017,Interdisciplinaria,,10,6.934888,4.1046476
"To inhabit an untimely geography. Criticism, creation and posthuman perspectives; [Habitar una geografía intempestiva. Crítica, creación y perspectivas poshumanas]",2025,Revista de Geografia Norte Grande,,0,5.5592165,1.8472978
New gender scenarios among the aymaras the north of Chile; [Nuevos escenarios de género entre los aymaras del norte chileno],2017,Interciencia,,0,2.728622,1.9203176
TOWARDS A FEMINIST SOCIAL INTERVENTION IN THE CONTEXT OF GENDER-BASED VIOLENCES; [HACIA UNA INTERVENCIÓN SOCIAL FEMINISTA EN EL CONTEXTO DE LAS VIOLENCIAS MACHISTAS],2022,Prisma Social,,0,3.425366,1.7332033
"The shrinking State: exploring the links between public spending and class, race and gender vulnerability in Brazil; [El Estado en contracción: un análisis del vínculo entre el gasto público y la vulnerabilidad de clase, raza y género en el Brasil]",2024,Cepal Review,,0,3.5922778,2.4526649
Illustrations of the female body in the Tratado de ginecología by Miquel A. Fargas Roca (1910); [Las ilustraciones del cuerpo femenino en el Tratado de ginecología de Miquel A. Fargas Roca (1910)],2013,Dynamis,,0,3.0725374,1.1221719
Aquatic environments in archaeology; [Los ambientes acuáticos en arqueología],2017,Arqueologia,,2,1.0859132,1.8747805
Experiences of school dropout and counterhegemonic practices in Youth and Adult Education: The case of Chile and Spain.; [Experiencias de abandono escolar y prácticas contrahegemónicas en la Educación para jóvenes y adultos: El caso de Chile y España.],2023,Izquierdas,,0,2.7649744,0.48333773
Narratives on family organization during male unemployment; [Narrativas sobre la organización familiar durante el desempleo masculino],2017,Interdisciplinaria,,0,2.9486961,2.6196764
Hermeneutics and contrast: Multiparadigm and multimethod tools for scientific writing; [Hermenéutica y contrastación: Herramientas multiparadigmas y multimétodos para la escritura científica],2025,Revista de Ciencias Sociales,,-1,3.822204,1.9851102
"The eruption will not be broadcasted: characteristics, impacts and assistance during the 2018-2019 Peteroa volcano eruptive cycle, Argentina.; [La erupción no será transmitida: características, impactos y asistencia durante el ciclo eruptivo 2018-2019 del volcán Peteroa, Argentina]",2022,Revista de la Asociacion Geologica Argentina,,2,0.8984367,2.2992764
Women's education's history from a gendered perspective: a balance after 30 years of Ibero-American Congresses on the History of Latin American Education; [LA HISTORIA DE LA EDUCACIÓN DE LAS MUJERES EN PERSPECTIVA DE GÉNERO: UN BALANCE A 30 AÑOS DE LOS CONGRESOS IBEROAMERICANOS DE HISTORIA DE LA EDUCACIÓN LATINOAMERICANA],2024,Historia y Memoria de la Educacion,,0,2.8498337,0.7998056
Conflict and collective action in the Huasco Valley (1990-2019); [Conflictividad y acción colectiva en el valle del Huasco (1990-2019)],2020,Izquierdas,,0,2.2959828,1.7886107
