paper_id,razonamiento,_tokens_in,_tokens_out
0,"El paper aborda la interseccionalidad al integrar identidades entrelazadas y poder estructural en el contexto de la educación en trabajo social, destacando la necesidad de un enfoque eco-femagógico. Sin embargo, el método presenta un enfoque parcialmente aditivo, lo que limita su puntuación total en el criterio IV.",1140,82
1,"El paper aborda la sostenibilidad en las transformaciones agrarias, pero carece de un análisis interseccional sustantivo, ya que no explora identidades entrelazadas (I=0) ni teoriza sobre el poder estructural detrás de las desigualdades (II=0.5). Esto limita su capacidad para ofrecer un enfoque integral sobre el cambio climático.",1022,92
2,"El paper aborda la interseccionalidad de manera limitada, reconociendo vulnerabilidades en políticas de uso de suelo (I=0.5, II=0.5), pero carece de un análisis profundo sobre cómo estas identidades interactúan en el contexto sociohistórico de Turquía (III=0.5). El método utilizado sugiere un enfoque cualitativo, aunque no es completamente operacionalizado (IV=0.5).",1063,103
3,"El paper aborda la interseccionalidad al mencionar cómo la discapacidad de comunicación se entrelaza con otras características discriminadas, aunque de forma limitada (I=0.5). También reconoce el poder estructural al señalar que el cambio climático exacerba inequidades en determinantes sociales de salud (II=0.5), pero carece de un método que operacionalice estas interacciones (IV=0).",1075,94
4,"El paper aplica de manera robusta el marco interseccional al explorar cómo las identidades y relaciones de poder, como privilegios de casta y la indigeneidad, influyen en la adaptación climática en el Himalaya. Además, utiliza un enfoque cualitativo que integra historias cotidianas, lo que permite un análisis profundo y contextualizado.",1193,84
5,"El paper aborda la interseccionalidad al examinar cómo la exposición a la contaminación del aire y los determinantes sociales de la salud afectan desproporcionadamente a comunidades vulnerables (I=1, II=1). Además, contextualiza estas dinámicas en un marco sociohistórico relevante (III=1), aunque sugiere futuras investigaciones sin un método claramente operacionalizado (IV=0.5).",1199,98
6,"El paper menciona identidades múltiples en conflicto, lo que justifica un score bajo en el criterio de identidades entrelazadas (I=0.5). Sin embargo, carece de análisis sobre poder estructural y no presenta un diseño empírico, resultando en un total bajo (1.0) que refleja una aplicación limitada del marco interseccional.",938,88
7,"El paper aplica de manera integral el marco interseccional al abordar cómo las identidades de género y la violencia estructural se entrelazan en el contexto de la pérdida de bienestar no económico debido al cambio climático. Utiliza un enfoque metodológico robusto que combina narrativas personales y análisis de sistemas, lo que justifica su puntuación máxima.",1208,85
8,"El paper aborda la interseccionalidad de manera limitada, mencionando género y otros factores en el contexto de políticas agrícolas (I=0.5) y explorando el poder estructural en la intersección de políticas (II=0.5), pero carece de un enfoque metodológico que evite un análisis aditivo (IV=0).",1018,84
9,"Falso positivo: el paper se centra en un análisis bibliométrico sobre la relación entre el cambio climático y las organizaciones, sin abordar interseccionalidad ni poder estructural. No se discuten identidades entrelazadas, contexto sociohistórico o interacciones entre grupos, resultando en un score Bowleg de 0.",1074,80
10,"El paper aborda la interseccionalidad de manera introductoria, sugiriendo su potencial para reconfigurar conflictos marinos (I=0.5). También examina dinámicas de poder y desigualdades en la distribución de recursos (II=0.5), pero carece de un diseño empírico que operacionalice estos conceptos (IV=0). Esto limita su puntuación total a 1.5.",1118,98
11,"El paper presenta un enfoque en el desarrollo personal y liderazgo en sostenibilidad, pero no aborda identidades entrelazadas ni poder estructural, lo que limita su análisis interseccional (I=0, II=0). Aunque menciona crisis sociales, carece de un contexto sociohistórico robusto (III=0.5), resultando en un total bajo de 0.5.",1141,93
12,"El paper aplica de manera integral el marco interseccional al examinar cómo factores socioeconómicos y contextuales se entrelazan para afectar la salud y el bienestar de los niños desplazados en Etiopía (I=1, II=1). Además, contextualiza la situación en un marco histórico de conflicto y cambio climático (III=1), utilizando un método cualitativo adecuado (IV=1).",1382,96
13,"Falso positivo: el paper se centra en la intersección de Machine Learning y energías renovables en América Latina, sin abordar aspectos interseccionales relacionados con identidades, poder estructural o contexto sociohistórico. La metodología y el enfoque son puramente técnicos, lo que resulta en un score Bowleg de 0.",1179,82
14,"Falso positivo: el paper se centra en la financiación verde y la tecnología blockchain en el contexto de la mitigación del cambio climático en China, sin abordar aspectos interseccionales, estructuras de poder, contexto sociohistórico o métodos que consideren interacciones entre grupos, resultando en un score Bowleg de 0.",1136,77
15,"El paper aborda la interseccionalidad de manera limitada, reconociendo las características de individuos en situación de pobreza energética (I=0.5) y cómo esta se ve afectada por políticas climáticas (II=0.5). Sin embargo, carece de un análisis contextual profundo y no presenta un método que operacionalice las interacciones (IV=0).",1021,87
16,"El paper aplica de manera integral el marco interseccional, analizando cómo las identidades de género, edad y discapacidad se entrelazan en el contexto del cambio climático (I=1, II=1). Además, examina casos específicos en el contexto de derechos humanos, destacando el papel activo de las víctimas interseccionales (III=1, IV=1).",1069,89
17,"El paper aplica un enfoque interseccional crítico, analizando cómo las identidades entrelazadas y el poder estructural influyen en la planificación urbana frente al cambio climático (I=1, II=1). Aunque se menciona la marginalización de herramientas de género, el método no operacionaliza completamente las interacciones (IV=0.5), lo que justifica el score total.",1034,92
18,"El paper aborda la interconexión de crisis globales, pero carece de un análisis profundo sobre identidades entrelazadas (I=0), y aunque menciona mecanismos causales, no articula desigualdades estructurales ni un contexto sociohistórico detallado (II=0.5, III=0.5). Esto limita su puntuación total a 1.",1412,91
19,"Falso positivo: el paper se centra en la detección técnica de ciclones mediante modelos de aprendizaje profundo, sin abordar aspectos interseccionales, estructuras de poder, contextos sociohistóricos o interacciones entre grupos. Por lo tanto, no se justifica la asignación de scores Bowleg en ninguna de las categorías evaluadas.",1162,79
20,"El paper aborda de manera integral la interseccionalidad al examinar cómo la discapacidad se entrelaza con el cambio climático (I=1), discutiendo el poder estructural necesario para una acción climática inclusiva (II=1), y contextualiza la urgencia de la justicia climática en un marco sociohistórico (III=1), utilizando un enfoque metodológico que no es aditivo (IV=1).",1166,99
21,"El paper aborda de manera sustantiva la interseccionalidad al examinar cómo las identidades de género se entrelazan con las estructuras de poder que afectan la agricultura climáticamente inteligente (I=1, II=1). Además, contextualiza la transformación de sistemas alimentarios en un marco sociohistórico relevante (III=1), aunque su método presenta limitaciones en la operacionalización de interacciones (IV=0.5).",987,101
22,"Falso positivo: el paper se centra en la dinámica de gregarización de la langosta del desierto en relación con el cambio climático y acciones de gestión, sin abordar aspectos interseccionales, sociales o históricos. La ausencia de análisis sobre identidades o estructuras de poder resulta en un score Bowleg total de 0.",1270,78
23,"El paper aborda de manera integral la interseccionalidad al examinar cómo el cambio climático, la equidad y la reconciliación con los pueblos indígenas se entrelazan (I=1), analiza las causas sistémicas de estos problemas (II=1), y propone un enfoque innovador en la planificación y políticas (IV=1), logrando un total de 4.",1022,93
24,"El paper aplica de manera efectiva el marco interseccional al abordar las identidades entrelazadas de los trabajadores informales y sus vulnerabilidades ante el cambio climático (I=1, II=1). Además, contextualiza su análisis en entornos específicos de India y Zimbabwe (III=1) y utiliza un enfoque metodológico integral que evita la aditividad (IV=1).",1236,91
25,"El paper presenta un enfoque limitado en interseccionalidad, ya que no aborda identidades entrelazadas ni interacciones sociales (I=0). Sin embargo, menciona factores estructurales como infraestructura inadecuada y gobernanza débil que afectan la vulnerabilidad a inundaciones (II=0.5), y reconoce características específicas de las áreas periurbanas (III=0.5).",1209,95
26,"Falso positivo: el paper se centra en la necesidad de investigación interdisciplinaria sobre los efectos del cambio climático en la salud, pero no aborda interseccionalidad ni analiza identidades, poder estructural o contexto sociohistórico, lo que resulta en una puntuación Bowleg de cero en todos los criterios.",1044,75
27,"El paper aplica de manera sustantiva el marco interseccional al examinar cómo las organizaciones comunitarias abordan las vulnerabilidades históricas y estructurales en el contexto de la justicia climática. Además, su análisis cualitativo destaca la importancia de la acción colectiva y los procesos participativos, lo que justifica el score total de 4.",1047,84
28,"El paper aborda identidades entrelazadas al centrarse en la experiencia de una estudiante bisexual y mestiza en el aula de cambio climático (I=1). Sin embargo, el análisis no profundiza en el poder estructural ni en el contexto sociohistórico de manera robusta, lo que limita su puntuación total (II=0.5, III=0.5).",1048,89
29,"El paper aborda la interseccionalidad al considerar identidades y poder estructural, aunque de manera limitada (I=0.5, II=0.5). Se fundamenta en un contexto sociohistórico específico de Puerto Rico (III=1), y sugiere un enfoque no aditivo en el análisis de violencias interseccionales (IV=0.5), resultando en un total de 2.0.",1107,101
30,"El paper aborda la interseccionalidad de manera parcial, identificando vulnerabilidades en la comunidad pesquera de Tambak Lorok (I=0.5) y analizando el poder estructural a través de los activos del capital (II=0.5). Sin embargo, el enfoque metodológico mixto no profundiza en las interacciones entre identidades y estructuras de poder (IV=0.5).",1164,96
31,"El paper aborda interseccionalidad al integrar teorías feministas, de naciones originarias y queer en el contexto del emprendimiento climático (I=1, II=1), aunque presenta limitaciones en el análisis del contexto sociohistórico y el método, que se basa en una revisión cualitativa sin operacionalizar explícitamente las interacciones (III=0.5, IV=0.5).",1111,95
32,"El paper presenta un enfoque sobre la reducción del riesgo de desastres en naciones insulares, pero carece de un análisis interseccional sustantivo (I=0), y aunque menciona vulnerabilidades, no aborda las estructuras de poder que las generan (II=0.5). El contexto sociohistórico es superficial (III=0.5), resultando en un total bajo.",1198,93
33,"El paper aplica de manera efectiva el marco interseccional al examinar cómo la discapacidad interseca con los efectos de temperatura en la salud cardiovascular (I=1, II=1). Además, considera el contexto temporal de estas asociaciones (III=1) y utiliza un método que no trata las variables como aditivas (IV=1), lo que justifica el score total de 4.",1291,92
34,"El paper presenta un análisis sobre educación ambiental, pero carece de un enfoque interseccional sustantivo, ya que no aborda identidades entrelazadas ni poder estructural (I=0, II=0). Aunque menciona 'justicia ambiental', no proporciona un contexto sociohistórico suficiente (III=0.5), resultando en un score total bajo.",1154,88
35,"El paper aborda de manera integral la interseccionalidad al examinar cómo las identidades de género, raza y nivel educativo influyen en la mortalidad por olas de calor en Brasil (I=1, II=1). Además, contextualiza el fenómeno en un marco histórico y regional, destacando desigualdades socioeconómicas (III=1, IV=1).",1403,92
36,"El paper aborda la interseccionalidad al examinar cómo diversas identidades (género, raza, etc.) co-determinan las disparidades en salud (I=1), y discute el poder estructural relacionado con cambios en el trabajo que afectan la salud (II=1). Sin embargo, el contexto sociohistórico y el método no son suficientemente robustos (III=0.5, IV=0.5).",1240,100
37,"El paper aborda la interseccionalidad de manera parcial, reconociendo brechas de clase y raza en el movimiento (I=0.5) y enfatizando la justicia climática (II=0.5). Sin embargo, el análisis del contexto sociohistórico y la metodología no logran profundizar en las interacciones complejas, resultando en un score total de 2.0.",1097,94
38,"El paper aborda la interseccionalidad al destacar la evolución del género en el UNFCCC, aunque su análisis de identidades y poder es limitado (I=0.5, II=0.5). Además, contextualiza el cambio desde 1992 hasta 2017, pero carece de un método que operacionalice las interacciones (IV=0).",1020,87
39,"El paper aborda el poder estructural y el contexto sociohistórico en la adaptación al cambio climático en Vietnam, destacando cómo las subjetividades afectan la participación comunitaria (II=1, III=1). Sin embargo, el análisis de identidades entrelazadas es limitado y el método no logra operacionalizar completamente las interacciones (I=0.5, IV=0.5).",1143,91
40,"El paper aborda la interseccionalidad de manera limitada, reconociendo la importancia de la edad en las hospitalizaciones (I=0.5) y la influencia de factores demográficos y ambientales en la salud pública (II=0.5). Sin embargo, no operacionaliza explícitamente las interacciones entre estos factores ni utiliza un método que capture la complejidad de las identidades (IV=0).",1268,96
41,"El paper aborda la interseccionalidad al vincular justicia climática y reproductiva, aunque de manera superficial, con un enfoque en identidades y poder estructural (I=0.5, II=0.5). Sin embargo, carece de un método empírico que operacionalice estas interacciones, lo que limita su análisis (IV=0).",1108,86
42,"El paper aborda la interseccionalidad al explorar cómo las narrativas de crisis en el activismo climático se entrelazan con la vulnerabilidad comunitaria (I=0.5) y la urgencia frente a la justicia (II=0.5). Sin embargo, el análisis es limitado y no profundiza en el contexto sociohistórico ni en un método no aditivo.",1168,90
43,"El paper presenta un enfoque limitado en interseccionalidad, con un score bajo en identidades entrelazadas (I=0) y un método que no captura interacciones (IV=0). Aunque reconoce el poder estructural y el contexto sociohistórico, estos elementos no se desarrollan suficientemente, resultando en un total Bowleg de 1.0.",1481,87
44,"El paper aplica de manera sustantiva el marco interseccional al abordar cómo el cambio climático afecta desproporcionadamente a comunidades rurales, considerando identidades entrelazadas y poder estructural. Además, contextualiza su análisis en Cortes Island y utiliza un enfoque metodológico que integra la consulta comunitaria, lo que justifica el score total de 4.",1237,86
45,"El paper presenta una insuficiencia en los criterios de interseccionalidad, ya que no aborda identidades entrelazadas ni poder estructural (I=0, II=0). Aunque menciona contextos históricos como pandemias (III=0.5), carece de un enfoque metodológico que capture interacciones significativas (IV=0). Esto resulta en un total de 0.5.",1140,96
46,"El paper aplica el marco interseccional de manera integral, explorando identidades entrelazadas de líderes indígenas y el impacto del colonialismo en la crisis climática (I=1, II=1). Además, contextualiza la importancia de revitalizar conocimientos indígenas en soluciones climáticas, utilizando un enfoque metodológico cualitativo que evita la aditividad (III=1, IV=1).",1191,94
47,"El paper presenta una escasa integración de identidades entrelazadas y poder estructural, reflejando un enfoque limitado en la interseccionalidad (I=0, II=0). Aunque menciona la necesidad de un enfoque contextual y sistémico (III=0.5), no operacionaliza adecuadamente las dinámicas de poder ni utiliza un método que considere interacciones complejas (IV=0).",1139,97
48,"El paper aborda la intersección entre la seguridad climática y las prioridades de desarrollo en India, reconociendo presiones geopolíticas (II=0.5) y contextualizando las narrativas de seguridad climática (III=0.5). Sin embargo, no explora identidades entrelazadas ni presenta un método que capture interacciones, resultando en un total bajo (1.0).",1066,95
49,"El paper aplica un enfoque interseccional sólido al examinar cómo el género influye en la distribución del conocimiento agroecológico tradicional (I=1, II=1), y contextualiza estos hallazgos en términos de relaciones de poder y normas socioculturales específicas (III=1). Sin embargo, el análisis metodológico es parcialmente aditivo (IV=0.5).",1140,90
50,"El paper aplica un enfoque interseccional al examinar cómo las comunidades desfavorecidas enfrentan el impacto desproporcionado de las islas de calor urbanas (I=0.5, II=0.5), contextualizando su análisis en la historia de injusticias ambientales de Camden (III=1), y utilizando un método mixto que permite una comprensión profunda de las interacciones (IV=1).",1165,97
51,"El paper aborda la vulnerabilidad climática de poblaciones ocupadas, reflejando un análisis del poder estructural (II=0.5) y mencionando el contexto de ocupaciones prolongadas (III=0.5). Sin embargo, carece de un enfoque en identidades entrelazadas y un método que operacionalice interacciones, resultando en un total bajo de 1.0.",990,94
52,"El paper aplica un enfoque interseccional robusto al identificar identidades entrelazadas y su vulnerabilidad ante eventos climáticos (I=1), discutiendo el poder estructural y la necesidad de políticas específicas (II=1), además de contextualizar los hallazgos en realidades sociohistóricas (III=1) y utilizar un método analítico no aditivo (IV=1).",1261,95
53,"El paper aplica un marco interseccional al analizar cómo las identidades sociales y los factores estructurales influyen en la experiencia del duelo ecológico (I=1, II=1). Además, contextualiza las pérdidas ambientales en escenarios geográficos específicos (III=1), aunque el método no operacionaliza completamente las interacciones entre variables (IV=0.5).",1137,87
54,"El paper aborda la interseccionalidad al examinar cómo las identidades de grupos históricamente excluidos se entrelazan con los derechos humanos y la naturaleza (I=1, III=1). Además, se reconoce el poder estructural en la interpretación judicial de derechos en un contexto socio-ecológico (II=1), aunque el método presenta limitaciones al no ser completamente no aditivo (IV=0.5).",1136,100
55,"El paper aborda la interseccionalidad al considerar cómo factores como raza e ingresos afectan la comprensión del riesgo de tormentas (I=0.5, II=0.5), y contextualiza su análisis en comunidades costeras específicas (III=0.5). Sin embargo, el enfoque metodológico es robusto al utilizar grupos de enfoque y geovisualizaciones (IV=1.0).",1229,93
56,"El paper aborda la interseccionalidad de género en el contexto del agua y el desarrollo, pero presenta limitaciones en su análisis, ya que trata el género de manera esencializada y binaria (I=0.5) y no profundiza en el poder estructural ni en el contexto sociohistórico específico (II=0.5, III=0.5).",1132,91
57,"El paper presenta un enfoque interdisciplinario sobre la gestión del riesgo de desastres y el patrimonio cultural, pero carece de un análisis sustantivo de identidades interseccionales (I=0), y aunque menciona estructuras como gobernanza, no detalla mecanismos de desigualdad (II=0.5), resultando en un total bajo de 1.0.",1125,89
58,"El paper aplica interseccionalidad de manera robusta al explorar identidades entrelazadas de raza, género y heteronormatividad en el contexto de la narrativa familiar (I=1, II=1). Además, sitúa su análisis en un contexto sociohistórico específico de Nigeria y Botswana (III=1), aunque el método se basa en relatos ficticios, lo que limita la operacionalización (IV=0.5).",1096,102
59,"El paper aborda la interseccionalidad al desafiar la representación de los pueblos indígenas en los medios, destacando el poder estructural de la narrativa occidental (II=1). Sin embargo, el análisis de identidades entrelazadas y el contexto sociohistórico son superficiales, lo que limita su puntuación total (I=0.5, III=0.5).",1094,90
60,"El paper presenta una insuficiencia en el análisis interseccional, ya que no aborda identidades entrelazadas ni poder estructural, lo que limita su capacidad para explorar cómo diferentes ejes de identidad influyen en la cobertura del cambio climático. Solo se menciona un contexto sociohistórico de manera superficial, resultando en un bajo score total.",1112,84
61,"El paper aborda la interseccionalidad al destacar cómo las mujeres y niñas enfrentan discriminaciones estructurales (I=1, II=1), aunque el análisis del contexto sociohistórico es limitado y el enfoque metodológico no se aleja de un tratamiento aditivo (III=0.5, IV=0.5), resultando en un total de 3.0.",1060,91
62,"El paper presenta un análisis de redes discursivas en el contexto de las negociaciones climáticas, pero carece de un enfoque interseccional sustantivo, ya que no aborda identidades entrelazadas ni poder estructural. Solo se menciona el contexto sociohistórico de manera superficial, resultando en un score Bowleg bajo.",1024,81
63,"El paper aplica de manera integral el marco interseccional, analizando cómo las identidades de género y capacidad física influyen en las vulnerabilidades ante riesgos de migración por inundaciones (I=1, II=1). Además, contextualiza el estudio en Lodwar, Kenya, y utiliza un enfoque metodológico que evita la aditividad (III=1, IV=1).",1155,91
64,"El paper aborda de manera sustantiva las identidades entrelazadas y el poder estructural al examinar cómo diversas dimensiones como la etnicidad y el género se interrelacionan en el contexto de las injusticias climáticas. Sin embargo, el enfoque metodológico es parcialmente aditivo, lo que limita la profundidad del análisis interseccional.",1088,84
65,"El paper aplica de manera integral el marco interseccional, analizando cómo las identidades de género y raza co-construyen la vulnerabilidad de mujeres africanas negras ante inundaciones (I=1, II=1). Además, contextualiza estas experiencias en el entorno sociohistórico de Durban y utiliza un enfoque metodológico cualitativo que evita la aditividad (III=1, IV=1).",1148,96
66,"El paper aborda la interseccionalidad en el contexto de movimientos climáticos, aunque de manera limitada, al mencionar ‘Climate Justice & Intersectionality’ (I=0.5). Además, identifica cómo las tensiones en los discursos afectan la visión futura (III=0.5), pero carece de un método que operacionalice estas interacciones (IV=0).",1036,87
67,"El paper aplica de manera sustantiva el marco interseccional al examinar cómo las identidades de género y económicas se entrelazan en el contexto de inundaciones en Nigeria (I=1, II=1), además de situar el análisis en un contexto sociohistórico específico y utilizar un método cualitativo robusto (III=1, IV=1).",1142,88
68,"El paper aplica de manera integral el marco interseccional, analizando cómo las identidades de género, clase, edad y estado civil afectan la capacidad de adaptación de mujeres en Bangladesh (I=1, II=1). Además, contextualiza las intervenciones en normas culturales específicas, utilizando un enfoque cualitativo que evita el análisis aditivo (III=1, IV=1).",1078,90
69,"El paper presenta un enfoque teórico sobre el cambio climático, pero carece de un análisis sustantivo de identidades entrelazadas (I=0) y no operacionaliza un método que capture interacciones (IV=0). Reconoce el contexto político y tecnológico (II=0.5) y menciona el cambio climático sin un análisis histórico profundo (III=0.5).",1077,91
70,"El paper aborda la interseccionalidad al identificar cómo grupos socialmente desfavorecidos son desproporcionadamente afectados por el cambio climático (I=0.5), y examina el poder estructural que genera inequidades en salud a través de la economía política global (II=1.0), logrando un total de 3.0.",1456,87
71,"El paper aborda la interseccionalidad al vincular el cambio climático con el matrimonio infantil, destacando el poder estructural que influye en estas decisiones familiares (II=1). Sin embargo, la consideración de identidades entrelazadas es limitada, enfocándose más en la familia que en la individualidad de las niñas (I=0.5).",1170,88
72,"Falso positivo: el paper se centra en la regulación de la competencia y los Objetivos de Desarrollo Sostenible, sin abordar interseccionalidad ni dinámicas de poder estructural. No se menciona un contexto sociohistórico específico ni se detalla un método que considere interacciones entre identidades, resultando en un score Bowleg de 0.",1235,88
73,"Falso positivo: el paper se centra en el aprendizaje de políticas basado en evidencia durante crisis múltiples, sin abordar interseccionalidad ni el impacto de identidades sociales en la toma de decisiones. Carece de análisis sobre poder estructural, contexto sociohistórico y un enfoque metodológico que considere interacciones complejas.",1056,76
74,"El paper aplica un enfoque interseccional robusto al examinar cómo las identidades raciales y la desigualdad estructural afectan la vulnerabilidad de comunidades inmigrantes ante desastres climáticos (I=1, II=1). Además, contextualiza estas experiencias en Calgary, integrando prácticas locales y participación comunitaria en la gestión de riesgos (III=1, IV=1).",1272,94
75,"El paper presenta un enfoque interseccional moderado, destacando la conexión entre el trabajo agrario y el cambio climático, aunque no profundiza en las identidades entrelazadas ni en el poder estructural de manera sustantiva. La referencia a la decommodificación del trabajo y la conexión rural-urbana sugiere un análisis limitado.",1022,84
76,"El paper aborda la interseccionalidad de género y medio ambiente, destacando la falta de un enfoque de género en el European Green Deal (I=0.5, II=0.5). Utiliza un método participativo para desarrollar un plan de igualdad de género, aunque no profundiza en el contexto sociohistórico específico (III=0.5) ni en las interacciones complejas (IV=0.5).",1476,100
77,"El paper aborda la interseccionalidad de manera limitada, mencionando consideraciones de género, pero sin un análisis profundo de las identidades entrelazadas (I=0.5). Aunque se discuten ejemplos de Sub-Sahara, no se contextualiza suficientemente el poder estructural ni se presenta un método empírico claro (IV=0).",1316,84
78,"El paper aplica interseccionalidad al examinar cómo las desigualdades políticas y la marginalización se entrelazan con el cambio climático (I=1, II=1), y contextualiza estos factores en la dinámica de conflictos en el Sahel (III=1). Sin embargo, el enfoque metodológico es parcialmente aditivo, lo que limita su puntuación total (IV=0.5).",1063,97
79,"El paper aborda la interseccionalidad al desarrollar una escala que mide la percepción de la justicia climática y racial, aunque su análisis de identidades y poder estructural es limitado (I=0.5, II=0.5). El contexto sociohistórico se menciona, pero no se profundiza en las dinámicas específicas (III=0.5).",1044,87
80,"El paper presenta un enfoque interdisciplinario sobre la justicia en el Antropoceno, pero carece de un análisis sustantivo de identidades entrelazadas y poder estructural (I=0, II=0). Aunque menciona proyectos críticos previos, no contextualiza adecuadamente las dinámicas sociohistóricas ni utiliza un método que integre las intersecciones (III=0.5, IV=0).",1141,100
81,"El paper aborda la vulnerabilidad de los pequeños estados insulares en desarrollo ante el cambio climático, lo que justifica el puntaje en poder estructural (II=0.5) y contexto sociohistórico (III=0.5). Sin embargo, carece de un análisis interseccional robusto y un enfoque metodológico que capture interacciones (I=0, IV=0).",1024,92
82,"El paper aborda la interseccionalidad al identificar cómo la transición energética en India afecta desproporcionadamente a grupos vulnerables, aunque lo hace de manera limitada (I=0.5, II=0.5). Además, menciona la predominancia de literatura occidental sobre justicia energética, lo que sugiere un contexto sociohistórico relevante (III=0.5), pero el método no profundiza en interacciones complejas (IV=0.5).",1143,107
83,"El paper aplica de manera efectiva el marco interseccional al examinar cómo género, edad e ingresos influyen en la percepción de servicios y desservicios ecosistémicos, reflejando injusticias interseccionales (I=1, II=1). Además, contextualiza el estudio en ciudades portuguesas afectadas por eventos climáticos extremos (III=1) y utiliza un método robusto (IV=1).",1128,99
84,"El paper aborda la interseccionalidad de manera limitada, mencionando la relación entre cambio climático y migración (I=0.5) y el tratamiento desigual basado en nacionalidad y raza (II=0.5). Sin embargo, carece de un análisis empírico que operacionalice estas interacciones (IV=0), lo que limita su contribución a la interseccionalidad.",1130,94
85,"El paper aborda interseccionalidades al examinar cómo factores económicos, políticos y ecológicos afectan a poblaciones encarceladas, reflejando identidades entrelazadas (I=1) y poder estructural (II=1). Además, contextualiza el análisis en el marco de la geografía carcelaria y el capitalismo racial (III=1), aunque el método es solo parcialmente no aditivo (IV=0.5).",1047,102
86,"El paper aborda la interseccionalidad al explorar identidades entrelazadas y su relación con la temporalidad y la intersubjetividad, aunque de manera superficial (I=0.5, II=0.5). Además, menciona contextos sociohistóricos relevantes como el cambio climático, pero no desarrolla un método que integre estas dimensiones de forma robusta (IV=0.5).",1245,95
87,"El paper aborda cómo la implicación en el sistema legal penal agrava la vulnerabilidad social durante desastres, reflejando un análisis del poder estructural (II=1). Sin embargo, la discusión sobre identidades entrelazadas y el contexto sociohistórico es limitada, lo que reduce su puntuación total (I=0.5, III=0.5).",1096,89
88,"El paper aplica de manera efectiva el marco interseccional al recuperar las historias de mujeres y hombres afroamericanos en la exploración polar (I=1, II=1), y contextualiza estas narrativas en el imperialismo colonial y contemporáneo (III=1). Sin embargo, la falta de especificidad en los métodos de análisis limita el score (IV=0.5).",1090,89
89,"El paper presenta un enfoque limitado en interseccionalidad, con un puntaje bajo en identidades entrelazadas (I=0) y un método que no aborda dinámicas intergrupales (IV=0). Aunque menciona el contexto de políticas y COVID-19, no profundiza en el poder estructural ni en interacciones significativas entre identidades.",1199,88
90,"El paper aborda la intersección entre salud pública y cambio climático, pero carece de un análisis sustantivo sobre identidades entrelazadas (I=0) y no operacionaliza un método que capture interconexiones (IV=0). Reconoce el poder estructural de los sistemas de salud (II=0.5) y menciona el contexto europeo (III=0.5).",1324,94
91,"El paper aplica de manera integral el marco interseccional al abordar cómo las identidades de raza y clase se entrelazan en la conservación de la naturaleza, analizando el poder estructural del capitalismo y su impacto en comunidades racializadas. Además, presenta un enfoque metodológico que no trata las variables de forma aditiva.",1089,77
92,"El paper aplica de manera efectiva el marco interseccional al analizar cómo las identidades de género y las dinámicas de poder estructural en Nepal afectan la participación de mujeres en sectores de recursos naturales (I=1, II=1). Además, utiliza un enfoque metodológico robusto que incluye entrevistas y discusiones, lo que refuerza su análisis (IV=1).",1151,88
93,"El paper aplica de manera robusta el marco interseccional al abordar cómo el género, junto con factores como raza y responsabilidades de cuidado, afecta la equidad en el sector de conservación. Además, examina el poder estructural al evidenciar las barreras que enfrentan las mujeres, lo que justifica su puntuación total de 4.",1248,82
94,"El paper aplica de manera efectiva el marco interseccional, analizando cómo la etnicidad y el género afectan la resiliencia de los hogares (I=1, II=1). Además, contextualiza su análisis en un entorno sociohistórico específico de Vietnam y utiliza un método robusto que evita enfoques aditivos (III=1, IV=1), lo que justifica el score total.",1198,94
95,"El paper aplica un análisis interseccional al examinar cómo los desastres climáticos agravan las inequidades en salud y derechos sexuales de los jóvenes (II=1), y contextualiza su análisis en el evento del Ciclón Harold (III=1). Sin embargo, el tratamiento de identidades es limitado y el método no es completamente no aditivo (I=0.5, IV=0.5).",1193,98
96,"Falso positivo: el paper se centra en un análisis bibliométrico de la relación entre comercio y medio ambiente, sin abordar interseccionalidad ni cambio climático de manera sustantiva. No se identifican identidades entrelazadas, poder estructural, contexto sociohistórico ni un método que capture interconexiones, resultando en un score Bowleg de 0.",1144,90
97,"El paper aborda la intersección entre sostenibilidad ambiental y educación internacional, mencionando la justicia social y equidad (II=0.5), pero carece de un análisis profundo sobre identidades entrelazadas (I=0), contexto histórico específico (III=0.5) y un enfoque metodológico que capture interacciones (IV=0).",1009,84
98,"El paper recibe un score Bowleg total de 4.0 al abordar de manera integral las identidades entrelazadas de género y etnicidad (I=1), analizar el poder estructural que limita el acceso a recursos (II=1), contextualizar en el marco sociohistórico de Bangladesh (III=1), y utilizar un método participativo que evita enfoques aditivos (IV=1).",1082,95
99,"El paper aplica de manera integral el marco interseccional, abordando identidades entrelazadas de género y vulnerabilidad (I=1), analizando el poder estructural a través de la crítica al ‘northern gaze’ (II=1), contextualizando en el sur global (III=1) y utilizando un enfoque metodológico que no es aditivo (IV=1), logrando un total de 4.",1257,99
100,"El paper aplica de manera integral el marco interseccional al analizar cómo las identidades entrelazadas y los sistemas de poder influyen en las respuestas a la crisis climática, destacando el contexto sociohistórico de la cobertura mediática y utilizando un método que evita la aditividad, lo que justifica su puntuación máxima.",1060,81
101,"El paper aplica de manera efectiva el marco interseccional al analizar cómo las identidades de género, religión y etnicidad co-construyen el acceso a recursos de diversificación entre agricultores en Kuka (I=1, II=1). Además, contextualiza su análisis en un entorno sociohistórico específico y utiliza un enfoque metodológico robusto (III=1, IV=1).",1204,92
102,"El paper presenta un enfoque limitado sobre interseccionalidad, ya que no aborda identidades entrelazadas ni poder estructural en relación con el cambio climático y la salud (I=0, II=0). Aunque menciona el contexto de Appalachia (III=0.5), carece de un método que capture interconexiones (IV=0), resultando en un total bajo.",1163,94
103,"El paper aplica interseccionalidad al abordar cómo la racialización y el capitalismo racial afectan la adaptación al cambio climático (I=1, II=1). Sin embargo, el contexto sociohistórico se menciona de manera general y el método no operacionaliza las interacciones de forma clara, resultando en puntuaciones más bajas en esos criterios (III=0.5, IV=0.5).",1010,97
104,"El paper aplica de manera integral el marco interseccional, analizando cómo las identidades entrelazadas, como la edad y la vulnerabilidad climática, afectan el acceso a la justicia (I=1, II=1). Además, contextualiza el impacto de la crisis climática en derechos humanos y utiliza un enfoque metodológico que no es aditivo (III=1, IV=1).",1126,94
105,"El paper aborda la interseccionalidad al examinar cómo el género y la violencia se entrelazan con los desastres naturales, aunque de manera superficial (I=0.5, II=0.5). Utiliza un enfoque metodológico mixto que permite una comprensión más rica, pero no profundiza en el contexto sociohistórico específico de Nepal (III=0.5, IV=0.5).",995,98
106,"El paper presenta una revisión que identifica brechas en la literatura sobre salud pública y cambio climático en América del Sur, pero carece de un análisis interseccional sustantivo. Aunque menciona el contexto de los estudios, no aborda identidades entrelazadas ni poder estructural, resultando en un bajo score Bowleg.",983,79
107,"El paper aborda la interseccionalidad de manera limitada, mencionando impactos desproporcionados en poblaciones específicas (I=0.5) y la reducción de disparidades en salud (II=0.5). Sin embargo, carece de un enfoque metodológico que operacionalice estas interacciones, lo que resulta en un score bajo en el criterio IV (0.0).",1044,90
108,"El paper presenta un análisis de la violencia en la región del Lago Chad, considerando identidades y agravios socioeconómicos (I=0.5, II=0.5), y menciona el contexto de conflicto étnico y degradación ecológica (III=0.5). Sin embargo, carece de un enfoque metodológico que operacionalice estas intersecciones (IV=0).",974,93
109,"El paper aplica interseccionalidad al abordar cómo las preocupaciones ambientales y reproductivas se entrelazan, reflejando identidades complejas (I=1) y el impacto del poder estructural en la reproducción (II=1). Además, contextualiza la discusión en torno a derechos reproductivos en entornos saludables (III=1), aunque su enfoque metodológico es parcialmente aditivo (IV=0.5).",1020,98
110,"El paper aplica de manera efectiva el marco interseccional, abordando identidades entrelazadas y poder estructural en el contexto de Barcelona, con un enfoque en las vulnerabilidades de poblaciones marginadas. Utiliza un método mixto que permite una comprensión profunda de las experiencias de los residentes, lo que justifica el score total de 4.",1197,84
111,"El paper aborda la interseccionalidad de manera limitada, mencionando determinantes sociales y justicia, pero sin un análisis profundo de identidades entrelazadas (I=0.5) ni de poder estructural en políticas climáticas (II=0.5). La falta de un método que capture interconexiones interseccionales contribuye a un score bajo (IV=0).",1065,93
112,"El paper aborda de manera sustantiva la interseccionalidad al examinar cómo diversas formas de desigualdad, como raza y género, se entrelazan con problemas ambientales (I=1, II=1). Además, establece un contexto sociohistórico relevante para el análisis de estas intersecciones (III=1), aunque su enfoque metodológico es más colaborativo que específico (IV=0.5).",1048,96
113,"El paper aborda interseccionalidad al identificar cómo las identidades de género y clase se entrelazan en el contexto de las políticas climáticas en India (I=1, II=1). Además, se discuten las dinámicas históricas y políticas que afectan estas identidades (III=1), aunque el método presenta limitaciones al no operacionalizar completamente las interacciones (IV=0.5).",1033,95
114,"El paper aborda la interseccionalidad de manera limitada, considerando identidades entrelazadas y poder estructural en el contexto de la movilización juvenil, pero no profundiza en las interacciones entre estas identidades ni en el contexto sociohistórico específico de cada caso, resultando en un score moderado de 2.0.",1127,81
115,"El paper aplica un enfoque interseccional ecofeminista, destacando el poder estructural del patriarcado en las crisis sociales y ambientales (II=1), pero su análisis de identidades entrelazadas y contexto sociohistórico es limitado (I=0.5, III=0.5), lo que resulta en un total de 2.0 en el score Bowleg.",1062,93
116,"El paper aborda la interseccionalidad al mencionar aspectos de socialización ambiental, aunque de manera limitada (I=0.5, II=0.5). Se contextualiza adecuadamente en el marco sociohistórico de Turquía actual (III=1.0), mientras que el método utilizado sugiere una aproximación cualitativa, pero no logra evitar un análisis aditivo (IV=0.5).",958,97
117,"El paper aborda interseccionalidad al examinar cómo el cambio climático afecta a comunidades indígenas y sus lenguas, destacando identidades entrelazadas y el poder colonial en la pérdida de lenguas (I=1, II=1). Sin embargo, el análisis se basa en investigaciones previas sin un método que operacionalice explícitamente estas interacciones (IV=0.5).",1068,91
118,"El paper aborda la interseccionalidad de género y clima, aunque de manera limitada, reflejando identidades entrelazadas y poder estructural en contextos de crisis humanitaria (I=0.5, II=0.5). Sin embargo, el análisis no profundiza en las interacciones complejas ni en un método que operacionalice estas relaciones, resultando en un score total moderado.",1187,96
119,"El paper aplica de manera sustantiva el marco interseccional al analizar cómo las identidades de género y etnicidad influyen en la resiliencia ante el cambio climático en Vietnam (I=1, II=1). Además, contextualiza el estudio en un marco sociohistórico específico y utiliza un método que evita la aditividad en el análisis (III=1, IV=1).",1123,93
120,"El paper aborda la interseccionalidad al mencionar la carga de sufrimiento en personas con enfermedades graves en LMICs (I=0.5), y destaca el poder estructural al señalar cómo la crisis climática afecta desproporcionadamente a las poblaciones más pobres (II=1.0). Sin embargo, el análisis es limitado en el contexto sociohistórico y el método utilizado.",1165,92
121,"El paper aplica de manera integral el marco interseccional, analizando cómo diversas identidades de los agricultores, junto con el poder estructural y el contexto sociohistórico, influyen en las decisiones de adaptación al cambio climático. Utiliza un enfoque metodológico que evita la aditividad, lo que justifica su puntuación máxima en los cuatro criterios.",1131,84
122,"El paper aplica un marco interseccional de manera robusta, analizando cómo género y estado civil co-construyen la vulnerabilidad ante el cambio climático (I=1, II=1). Además, contextualiza las experiencias de mujeres divorciadas y viudas en Etiopía, lo que refuerza su relevancia sociohistórica (III=1), y utiliza un método adecuado (IV=1).",1117,97
123,"El paper aborda la interseccionalidad al mencionar cómo el cambio climático y el racismo estructural afectan a las personas embarazadas, aunque lo hace de manera superficial (I=0.5, II=0.5). El contexto sociohistórico se presenta de forma general (III=0.5) y el método es limitado en su operacionalización (IV=0.5).",995,92
124,"El paper presenta un enfoque limitado en interseccionalidad, ya que no aborda identidades entrelazadas ni interacciones entre grupos (I=0). Aunque menciona gobernanza y sostenibilidad, carece de un análisis profundo sobre el poder estructural y el contexto sociohistórico específico de los países de la UE (II=0.5, III=0.5).",1163,90
125,"El paper aborda la interseccionalidad de manera limitada, mencionando la falta de reflexiones críticas sobre poder y justicia en la adaptación local (I=0.5, II=0.5). Aunque se discute el empoderamiento de comunidades locales, no se operacionalizan las interacciones de poder ni se presenta un método robusto para evaluar estas dinámicas (IV=0).",1079,91
126,"El paper presenta una revisión sobre el impacto del cambio climático en la cirugía pediátrica, pero no aborda de manera sustantiva las identidades interseccionales ni el poder estructural, lo que limita su puntuación en esos criterios (I=0, II=0). Solo menciona la justicia climática sin un contexto histórico detallado (III=0.5).",1017,88
127,"El paper presenta un enfoque limitado en interseccionalidad, ya que no aborda identidades entrelazadas ni poder estructural (I=0, II=0). Aunque menciona el contexto de la gobernanza climática en Suecia, lo hace de forma superficial (III=0.5), resultando en un total bajo en el score Bowleg.",1120,86
128,"El paper aborda la interseccionalidad al mencionar identidades y desigualdades, aunque de forma superficial (I=0.5). Destaca el poder estructural en la investigación inclusiva (II=1.0) y utiliza métodos participativos que sugieren un enfoque no aditivo (IV=0.5), pero carece de un análisis profundo del contexto sociohistórico (III=0.5).",1187,97
129,"El paper aplica de manera integral el marco interseccional al abordar identidades entrelazadas y poder estructural, destacando la vulnerabilidad de grupos marginalizados en el contexto de la agricultura sostenible. Además, el método cualitativo utilizado permite una comprensión profunda de las interacciones, lo que justifica el score Bowleg total de 4.",1280,83
130,"El paper aplica de manera integral el marco interseccional, analizando cómo las identidades de raza y género se entrelazan para afectar las percepciones y experiencias climáticas (I=1, II=1). Además, contextualiza su análisis en el entorno sociohistórico de Estados Unidos (III=1) y utiliza un método que no trata las variables de forma aditiva (IV=1).",1113,95
131,"Falso positivo: el paper se centra en la investigación sobre el bienestar de cerdos en la agricultura sostenible, sin abordar interseccionalidad ni cambio climático de manera sustantiva. No se analizan identidades entrelazadas, poder estructural, contexto sociohistórico ni se emplea un método que considere interacciones complejas.",1168,85
132,"El paper aplica de manera robusta el marco interseccional al abordar cómo las identidades entrelazadas y el poder estructural afectan a comunidades en Barcelona, destacando su contexto sociohistórico y utilizando métodos que no son aditivos para abordar vulnerabilidades interseccionales, lo que justifica su puntuación máxima en todos los criterios.",1171,82
133,"El paper aborda la intersección de la guerra y la pandemia en relación con la sostenibilidad, pero carece de un análisis profundo de identidades entrelazadas (I=0) y no presenta un método que capture interacciones de manera no aditiva (IV=0). Se reconoce el poder estructural de manera superficial (II=0.5) y el contexto sociohistórico es limitado (III=0.5).",1058,100
134,"El paper aborda la interseccionalidad al identificar cómo las vulnerabilidades se distribuyen de manera desigual en EE. UU. (I=0.5, II=0.5), y contextualiza estas disparidades en un marco sociohistórico (III=1). Sin embargo, el enfoque metodológico es parcialmente aditivo, limitando la profundidad del análisis interseccional (IV=0.5).",1238,96
135,"El paper aplica de manera efectiva el marco interseccional al analizar cómo género, etnicidad y condiciones socioeconómicas afectan la resiliencia ante el cambio climático, considerando identidades entrelazadas y poder estructural. Además, utiliza un método que no trata las variables de forma aditiva, lo que justifica su puntuación máxima en los cuatro criterios.",1175,85
136,"El paper presenta un enfoque en la cultura legal y su relación con la adaptación al cambio climático, pero carece de un análisis interseccional sustantivo. Aunque menciona la cultura legal, no aborda identidades entrelazadas ni poder estructural, lo que limita su puntuación en los criterios de Bowleg.",1050,77
137,"El paper aplica de manera integral el marco interseccional, analizando cómo las discapacidades se entrelazan con injusticias sociales y estructurales (I=1), y utiliza un enfoque etnográfico que no trata las identidades como variables aditivas, sino que centra experiencias vividas en contextos específicos (IV=1), logrando un total de 4.",1135,91
138,"El paper aplica de manera efectiva el marco interseccional al examinar cómo las características sociales influyen en las preferencias energéticas, identificando grupos vulnerables y privilegiados (I=1, II=1). Además, utiliza un análisis de segmentación que permite entender las dinámicas de poder en la transición energética (III=1, IV=1).",1123,84
139,"El paper aborda el poder estructural y el contexto sociohistórico de los activistas climáticos en el Reino Unido, reflejando cómo las normatividades obstruyen el compromiso moral (II=0.5) y mencionando el contexto, aunque sin profundizar en detalles históricos (III=0.5). Sin embargo, carece de un análisis interseccional robusto (I=0, IV=0).",1093,99
140,"Falso positivo: el paper se centra en la resiliencia urbana ante desastres climáticos, pero carece de un enfoque interseccional sustantivo. No aborda identidades entrelazadas, poder estructural, contexto sociohistórico ni un método que considere interacciones entre grupos, resultando en un score Bowleg de 0.",1055,86
141,"El paper aplica un análisis interseccional robusto, considerando identidades entrelazadas como género y ubicación geográfica (I=1), y aborda el poder estructural al enfatizar la necesidad de enfoques integrados para la adaptación al cambio climático (II=1). Además, contextualiza la vulnerabilidad en un entorno sociohistórico específico (III=1) y utiliza un método adecuado (IV=1).",1157,97
142,"El paper aborda interseccionalidad al examinar identidades raciales y su relación con el poder necropolítico, lo que justifica los scores I y II (1.0 cada uno). Sin embargo, el contexto sociohistórico y el método no son completamente robustos, resultando en puntuaciones más bajas para III y IV (0.5 cada uno).",1069,87
143,"El paper aplica de manera efectiva el marco interseccional al abordar identidades entrelazadas y el poder estructural que afecta a comunidades agrarias marginadas (I=1, II=1). Además, contextualiza el uso de herramientas digitales en un entorno sociohistórico específico y utiliza un método que evita la adición de variables (III=1, IV=1).",1163,89
144,"El paper aborda la interseccionalidad de manera limitada, mencionando conexiones históricas entre mujeres y género (I=0.5) y analizando el poder en el contexto de la política exterior (II=0.5). Sin embargo, carece de un diseño empírico claro que operacionalice estas interacciones (IV=0).",1117,82
145,"El paper aborda la interseccionalidad al mencionar cómo el cambio climático agrava las desigualdades de género, aunque el análisis es superficial (I=0.5, II=0.5). Además, sugiere la necesidad de datos desagregados por sexo para implementar soluciones fiscales, pero no profundiza en el contexto histórico específico (III=0.5, IV=0.5).",1093,95
146,"El paper aplica de manera integral el marco interseccional al examinar cómo las identidades de género y las desigualdades estructurales afectan la vulnerabilidad ante inundaciones en Bangladesh. Utiliza un enfoque cuantitativo que permite una evaluación detallada de las interacciones entre factores sociales y climáticos, cumpliendo así con todos los criterios Bowleg.",1189,88
147,"Falso positivo: el paper se centra en la relación entre la industria del carbón y el uso del agua en la Cuenca del Río Amarillo, sin abordar aspectos interseccionales, estructuras de poder, contexto histórico o metodologías que consideren interacciones, resultando en un score Bowleg de 0.",1089,81
148,"El paper aplica un enfoque interseccional robusto, analizando cómo las identidades de raza y lengua se entrelazan en la percepción de los puertorriqueños tras el huracán María (I=1, II=1). Además, utiliza un método experimental que permite observar interacciones complejas sin tratar las variables de manera aditiva (IV=1), resultando en un total de 4.",1075,96
149,"El paper aplica de manera efectiva el marco interseccional al examinar cómo el género y la justicia climática se entrelazan en la diplomacia climática de India (I=1), analiza el poder estructural en la adopción de políticas de género (II=1), y contextualiza su análisis en procesos históricos relevantes (III=1) y un método exhaustivo (IV=1).",1312,93
150,"El paper aplica de manera integral el marco interseccional, abordando identidades entrelazadas y poder estructural en el contexto de la gestión de parthenium en Etiopía (I=1, II=1). Además, utiliza un enfoque feminista que considera el contexto sociohistórico y un método no aditivo, logrando un score Bowleg total de 4.",1186,91
151,"El paper aborda la interseccionalidad de manera parcial, reconociendo la resistencia a argumentos feministas interseccionales (I=0.5) y analizando estructuras de poder en la sociedad civil que afectan la integración de identidades (II=1.0). Sin embargo, el contexto y el método no son suficientemente robustos para un análisis más profundo (III=0.5, IV=0.5).",1090,99
152,"El paper aborda la interseccionalidad de manera moderada, destacando la importancia de marcos compartidos como la justicia climática (I=0.5, II=0.5). Sin embargo, aunque se menciona el contexto sociohistórico y se utiliza un método cualitativo, no se profundiza en las interacciones complejas entre identidades y estructuras de poder, resultando en un total de 2.0.",1170,102
153,"El paper aborda el poder estructural al criticar cómo las políticas de igualdad de género en la educación superior ignoran demandas feministas y reducen la transformación de género a etapas estatales (II=1). Sin embargo, presenta limitaciones en el análisis de identidades entrelazadas y no operacionaliza interacciones (I=0.5, IV=0).",1042,86
154,"El paper aplica de manera sustantiva el marco interseccional al examinar las identidades de una adolescente Latina en un contexto STEAM, integrando poder estructural y contexto sociohistórico tras el huracán María. Además, utiliza un método cualitativo robusto que permite explorar las interacciones de estas identidades, justificando así el score total de 4.",1090,88
155,"El paper aborda la resiliencia comunitaria y la sostenibilidad de la acuicultura, pero carece de un análisis sustantivo de identidades entrelazadas (I=0). Reconoce el poder estructural en la regulación (II=0.5) y menciona presiones sociohistóricas (III=0.5), resultando en un total bajo de 1.0.",1260,94
156,"El paper aplica de manera efectiva el marco interseccional al examinar identidades entrelazadas de agricultores andinos, considerando el poder estructural y el contexto sociohistórico en la planificación de sistemas agroalimentarios. Además, utiliza un enfoque metodológico que evita la aditividad, lo que justifica su puntuación máxima en los cuatro criterios Bowleg.",1284,86
157,"Falso positivo: el paper se centra en la calidad del aire en Chicago mediante sensores y análisis de uso del suelo, sin abordar interseccionalidad, poder estructural, contexto sociohistórico o métodos que integren identidades. Carece de contenido interseccional-climático sustantivo, resultando en un score Bowleg total de 0.",1124,89
158,"Falso positivo: el paper se centra en indicadores climáticos y su variabilidad en agroecosistemas de Türkiye, sin abordar aspectos interseccionales, estructuras de poder, ni contexto sociohistórico. La metodología es puramente cuantitativa y no considera interacciones entre identidades o factores sociales.",1196,75
159,"El paper aplica de manera sustantiva el marco interseccional, abordando identidades entrelazadas y poder estructural en el contexto de la movilidad climática. Introduce un método innovador que permite examinar las complejas interacciones entre experiencias de movilidad y desigualdades, logrando así un análisis integral y contextualizado de las luchas de las poblaciones afectadas.",1142,91
160,"El paper aplica de manera integral el marco interseccional al examinar cómo se construyen identidades y relaciones de poder en el contexto del Klimakemp, un evento clave en la justicia climática en Europa Central. Utiliza un enfoque metodológico que evita la aditividad, analizando dinámicamente las interacciones entre las identidades y el contexto sociohistórico.",1143,87
161,"El paper aborda la interseccionalidad al examinar cómo las desigualdades de género se entrelazan con otros factores como derechos laborales y cambio climático (I=1, II=1). Además, contextualiza las limitaciones de las organizaciones internacionales en sus esfuerzos por la equidad de género (III=1), aunque su enfoque metodológico es parcialmente aditivo (IV=0.5).",1181,93
162,"El paper recibe un score Bowleg total de 4.0 al abordar de manera integral las identidades entrelazadas y el poder estructural en el contexto de la justicia climática. Utiliza un enfoque interseccional y decolonial, analizando experiencias colectivas e individuales en diversas regiones del Mundo Mayoritario, lo que refuerza su metodología no aditiva.",1166,89
163,"El paper presenta un enfoque limitado en interseccionalidad, ya que no aborda identidades entrelazadas ni poder estructural (I=0, II=0). Sin embargo, ofrece un contexto sociohistórico parcial sobre la relación entre salud y medio ambiente (III=0.5) y utiliza un método etnográfico que sugiere interacciones complejas (IV=0.5).",1075,95
164,"El paper aborda la interseccionalidad en el contexto de la justicia climática, identificando vínculos teóricos y metodológicos que resaltan la importancia de las identidades entrelazadas y el poder estructural. Sin embargo, el análisis es más descriptivo que operativo, lo que limita su puntuación total a 2.0.",993,82
165,"El paper aborda de manera integral la interseccionalidad al examinar cómo las percepciones y adaptaciones al cambio climático varían según género y otras identidades entrelazadas (I=1), además de considerar el contexto sociohistórico específico de África y Asia (III=1), lo que justifica su puntuación total de 4.",1104,84
166,"El paper aborda la interseccionalidad de manera limitada, mencionando factores como género y demografía en relación con el trabajo decente (I=0.5), y propone un marco para la salud y seguridad ocupacional que busca guiar a diversas partes interesadas (II=0.5). Sin embargo, carece de un método que operacionalice estas interacciones (IV=0).",1215,92
167,"El paper aborda la interseccionalidad al mencionar identidades entrelazadas y su relación con la carga energética residencial (I=0.5), pero su análisis se centra más en el poder estructural y el contexto sociohistórico de la marginalización (II=1, III=1). El método presenta limitaciones al no operacionalizar completamente las interacciones (IV=0.5).",1242,93
168,"Falso positivo: el paper se centra en los desafíos de comunicación entre científicos y grupos agrícolas en el contexto del cambio climático, sin abordar interseccionalidad, poder estructural o contexto sociohistórico. La metodología no captura interacciones entre grupos, resultando en un score Bowleg total de 0.",1110,77
169,"El paper presenta un enfoque en la regulación de riesgos sistémicos relacionados con el cambio climático, pero carece de un análisis interseccional sustantivo, ya que no aborda identidades entrelazadas ni poder estructural (I=0, II=0). Solo se menciona el contexto de diferentes jurisdicciones sin profundizar en su historia o política (III=0.5).",1084,92
170,"El paper aborda la interseccionalidad de manera parcial, reconociendo la importancia de no dejar a nadie atrás en la transición justa (I=0.5) y la necesidad de abordar la equidad social y la reforma política (II=0.5). Sin embargo, no profundiza en las interacciones complejas entre identidades y estructuras de poder.",1207,86
171,"El paper aborda la interconexión entre sistemas en el contexto del cambio climático, mencionando justicia social y ambiental (II=0.5) y la importancia de contextos locales (III=0.5). Sin embargo, carece de un análisis de identidades entrelazadas y métodos que operen interacciones, resultando en un total bajo de 1.0.",1121,90
172,"El paper aborda la interseccionalidad al mencionar identidades como raza y género, pero no las analiza como interdependientes (I=0.5). Reconoce desigualdades en el contexto del cambio climático, aunque sin un análisis histórico profundo (III=0.5), resultando en un total de 2.0 por la falta de un enfoque más robusto.",1104,89
173,"El paper aborda la interseccionalidad al explorar la relación entre salud mental y cambio climático desde la perspectiva de los pueblos del Pacífico, aunque lo hace de manera superficial (I=0.5, II=0.5). Utiliza un método participativo con expertos, pero no profundiza en el contexto sociohistórico ni en las interacciones complejas (III=0.5, IV=0.5).",1112,98
174,"Falso positivo: el paper aborda la explotación de icebergs en el contexto del cambio climático y la escasez de agua, pero carece de un análisis interseccional sustantivo. No se consideran identidades entrelazadas ni poder estructural, y el contexto sociohistórico es superficial, resultando en un bajo score Bowleg.",969,86
175,"El paper aborda la interseccionalidad al explorar cómo el trauma y la economía política interactúan en el contexto de la preparación ante desastres (I=0.5, II=1.0). Sin embargo, el análisis de identidades y el contexto sociohistórico son limitados, lo que afecta la profundidad del enfoque interseccional (III=0.5, IV=0.5).",1144,99
176,"El paper aplica de manera robusta el marco interseccional al examinar cómo las identidades de género y raza de las activistas influyen en sus estrategias de movilización (I=1, II=1), y contextualiza su trabajo dentro de movimientos sociales más amplios (III=1), utilizando un enfoque que no trata las variables de forma aditiva (IV=1).",967,90
177,"El paper aborda la interseccionalidad de manera limitada, mencionando identidades como género e indígenas, pero sin un análisis profundo de sus interacciones (I=0.5). Además, discute conflictos sobre derechos y recursos, aunque no explora suficientemente el poder estructural detrás de estos (II=0.5), resultando en un total de 2.0.",1201,92
178,"El paper aplica de manera sustantiva el marco interseccional, analizando cómo género, cultura y otros factores co-construyen vulnerabilidades en desastres (I=1, II=1). Además, presenta un contexto sociohistórico específico al investigar ciclones y inundaciones en Bangladesh y el Reino Unido (III=1), y utiliza un enfoque metodológico que evita la aditividad (IV=1).",1227,98
179,"El paper aborda la interseccionalidad de manera limitada, destacando elementos socio-culturales en la transición ecológica (I=0.5) y la necesidad de un enfoque de trabajo social que considere el poder estructural (II=0.5). Sin embargo, el análisis no profundiza en las interacciones complejas entre identidades ni en el contexto histórico específico.",1168,92
180,"Falso positivo: el paper se centra en la intersección entre turismo y sostenibilidad ambiental en Estados Insulares en Desarrollo, sin abordar interseccionalidad ni poder estructural. No se analizan identidades entrelazadas ni se considera el contexto sociohistórico, resultando en un score Bowleg de 0.",929,82
181,"El paper aborda la interseccionalidad y la desigualdad social, aunque de manera superficial (I=0.5, II=0.5). Se menciona la necesidad de cambios estructurales y se evalúan temas contemporáneos relevantes, pero carece de un enfoque metodológico claro que operacionalice estas interacciones (IV=0). Esto limita su puntuación total a 1.5.",1250,98
182,"El paper aborda interseccionalidad al identificar cómo el cambio climático afecta desproporcionadamente a comunidades nativas (I=0.5, II=1.0), pero su análisis del contexto sociohistórico es limitado y el método no logra capturar completamente las interacciones entre sistemas (III=0.5, IV=0.5), resultando en un total de 2.0.",1213,94
183,"El paper aborda la interseccionalidad al examinar cómo la edad y la vulnerabilidad se entrelazan en contextos de vivienda en altura durante olas de calor (I=0.5, II=0.5). Sin embargo, carece de un diseño metodológico que capture interacciones de manera efectiva (IV=0), limitando su análisis a un enfoque aditivo.",1082,91
184,"El paper aborda la interseccionalidad al examinar cómo la planificación de infraestructura verde puede perpetuar desigualdades (I=0.5, II=1), aunque su análisis no profundiza en las identidades entrelazadas ni en el contexto histórico de las comunidades afectadas (III=0.5, IV=0.5), lo que limita su enfoque interseccional.",1251,93
185,"El paper presenta un análisis de la seguridad del suministro de agua en Nueva York, pero carece de un enfoque interseccional sustantivo, ya que no aborda identidades entrelazadas ni el poder estructural que influye en la vulnerabilidad (I=0, IV=0). Solo se menciona el contexto urbano sin profundizar en su historia o política (III=0.5).",1135,94
186,"El paper aborda la interseccionalidad de manera limitada, destacando la relación entre el cambio climático y la debilidad estatal (I=0.5, II=1.0), pero carece de un análisis contextual robusto y un método que operacionalice las interacciones de manera efectiva (III=0.5, IV=0). Esto resulta en un score total de 2.0.",998,94
187,"El paper aborda la interseccionalidad de manera limitada, mencionando identidades y desigualdades en el contexto de las cadenas de valor de la soja en Brasil (I=0.5, II=0.5), pero carece de un método que operacionalice estas interacciones de forma efectiva (IV=0). Esto resulta en un total de 1.5.",990,92
188,"El paper aplica el marco interseccional de manera integral, abordando identidades entrelazadas y poder estructural al identificar cómo grupos vulnerables sufren efectos acumulativos de la crisis climática (I=1, II=1). Además, contextualiza su análisis en el marco sociohistórico de Mozambique y utiliza un enfoque metodológico robusto (III=1, IV=1).",1523,92
189,"El paper aborda la interseccionalidad al incluir género y desigualdades sociales en el estudio de crisis (I=0.5), y reconoce la interconexión entre diferentes tipos de crisis (II=0.5). Sin embargo, carece de un método que operacionalice estas interacciones de manera efectiva (IV=0).",1170,81
190,"El paper aplica de manera integral el marco interseccional al examinar cómo las identidades de género y las construcciones sociales afectan la vulnerabilidad y la exposición al riesgo de malaria en el contexto del cambio climático en Kenia. Utiliza un enfoque cualitativo robusto, lo que justifica su puntuación máxima en los cuatro criterios.",1185,81
191,"El paper aborda la interseccionalidad de manera nominal, mencionando la importancia de la inclusividad, pero no desarrolla un análisis profundo de identidades entrelazadas (I=0.5) ni del poder estructural en sus enfoques colaborativos (II=0.5). La falta de un método empírico limita la operacionalización de estos conceptos (IV=0).",1121,91
192,"El paper aplica de manera integral el marco interseccional al examinar cómo la raza y la clase social co-construyen la vulnerabilidad ante la contaminación por PM2.5, utilizando un amplio conjunto de datos para evidenciar desigualdades en salud. Los cuatro criterios se abordan sustantivamente, lo que justifica el score total de 4.",1306,85
193,"El paper aplica de manera integral el marco interseccional, analizando cómo las identidades de género y casta influyen en la percepción del riesgo en Nepal (I=1, II=1). Además, contextualiza su análisis en el marco histórico y social de la región (III=1) y utiliza un enfoque metodológico robusto (IV=1), lo que justifica su puntuación total.",1137,95
194,"El paper aborda la interseccionalidad de manera limitada, mencionando la intersección entre raza y capitalismo (I=0.5), pero se enfoca más en el poder estructural de los mecanismos coloniales en la producción de conocimiento (II=1.0). Sin embargo, carece de un diseño empírico que operacionalice estos conceptos (IV=0).",1211,89
195,"El paper aborda la interseccionalidad de manera parcial, mencionando identidades entrelazadas y poder estructural, pero sin un análisis profundo de cómo se entrelazan en la práctica. Además, el enfoque en proyectos comunitarios sugiere un método no aditivo, aunque la integración de estos elementos es limitada, resultando en un score total de 2.",1175,88
196,"El paper presenta un análisis de género en contextos agrícolas y pastorales en África, aplicando enfoques interseccionales que abordan identidades entrelazadas y poder estructural, aunque de manera limitada. Sin embargo, el uso de modelos aditivos y la falta de un contexto sociohistórico robusto restringen su profundidad analítica.",1207,82
197,"El paper aborda interseccionalidad al considerar un enfoque multidimensional y relacional de la justicia (I=0.5), y analiza conflictos entre regeneración verde y desigualdades sociales (II=0.5). Sin embargo, la operacionalización de estos conceptos y el contexto sociohistórico son tratados de manera superficial, limitando su profundidad analítica.",1236,85
198,"El paper aplica de manera integral el marco interseccional al examinar cómo las relaciones de género se entrelazan con las prácticas de agricultura climáticamente inteligente en Kenia, abordando el poder estructural y el contexto sociohistórico específico. Además, utiliza un método que evita enfoques aditivos, lo que justifica su puntuación total de 4.",1288,85
199,"El paper aplica de manera integral el marco interseccional al examinar cómo las identidades de género y las dinámicas de movilidad afectan las vulnerabilidades en Bangladesh, abordando el poder estructural y el contexto sociohistórico específico. Utiliza un enfoque cualitativo que evita la aditividad, lo que justifica su puntuación máxima en los cuatro criterios.",1162,86
200,"El paper aborda de manera sustantiva la interseccionalidad al explorar cómo la identidad racial y la política se entrelazan en la experiencia del cabello negro (I=1, II=1). Además, contextualiza la historia negra y el movimiento del cabello natural (III=1), aunque el uso del método como herramienta es menos explícito (IV=0.5).",1012,89
201,"El paper aplica de manera efectiva el marco interseccional al abordar identidades entrelazadas, como el liderazgo femenino en agroecología (I=1), y examina el poder estructural en la relación entre Puerto Rico y el gobierno de EE. UU. (II=1). Además, utiliza un enfoque metodológico robusto que integra múltiples fuentes de datos (IV=1).",1226,91
202,"El paper aborda la interseccionalidad al considerar identidades entrelazadas y necesidades equitativas en la planificación urbana (I=1, II=1), pero su análisis del contexto sociohistórico es limitado y el método no operacionaliza completamente las interacciones entre vulnerabilidades sociales y ambientales (III=0.5, IV=0.5).",959,85
203,"El paper aplica un marco interseccional robusto al abordar cómo las identidades de género, raza y clase se entrelazan en el contexto de la justicia reproductiva y el cambio climático (I=1, II=1). Sin embargo, carece de detalles sobre el diseño metodológico, lo que limita su puntuación en el criterio IV (0.5).",1044,90
204,"El paper aborda la interseccionalidad al examinar cómo género e Indigeneidad se entrelazan en el contexto del cambio climático en el Ártico (I=1, II=1), y considera las diferencias en el impacto del cambio climático en diversas comunidades (III=1). Sin embargo, carece de detalles sobre el método utilizado (IV=0.5).",977,90
205,"El paper presenta un enfoque limitado sobre interseccionalidad, mencionando temas como el cambio climático y la injusticia racial, pero sin profundizar en cómo se entrelazan las identidades (I=0.5) ni en el contexto estructural que las afecta (II=0). El análisis se centra en percepciones individuales, lo que limita su alcance interseccional.",1033,94
206,"El paper presenta una revisión sistemática sobre modos de gobernanza en infraestructuras verdes urbanas, pero carece de un análisis interseccional sustantivo, ya que no aborda identidades entrelazadas ni poder estructural (I=0, II=0). Solo menciona desafíos ambientales y sociales sin un contexto histórico específico (III=0.5).",1148,90
207,"El paper aborda la interseccionalidad al considerar aspectos de género más allá de las mujeres, aunque de manera limitada (I=0.5). También menciona las implicaciones de justicia climática, pero no profundiza en el poder estructural ni en un contexto sociohistórico específico, resultando en un total de 2.0.",1262,85
208,"El paper aborda la interseccionalidad al mencionar segmentos vulnerables excluidos en el diseño de espacios públicos (I=0.5) y discute cómo las estructuras políticas afectan la gestión del agua (II=0.5). Sin embargo, el análisis es limitado y no profundiza en las interacciones entre identidades y poder estructural.",1106,85
209,"El paper aplica de manera integral el marco interseccional, analizando cómo las identidades de género y clase se entrelazan en el contexto de la agricultura y el cambio climático (I=1, II=1). Además, se contextualiza en la historia colonial y de apartheid de Sudáfrica (III=1) y utiliza un enfoque etnográfico que evita el análisis aditivo (IV=1).",1192,100
210,"El paper aborda la interseccionalidad de manera limitada, mencionando la justicia global y el trato a poblaciones vulnerables (I=0.5) y reconociendo el contexto histórico del vegetarianismo (III=0.5), pero carece de un diseño empírico que operacionalice estas interacciones (IV=0). Esto resulta en un total de 1.5.",992,92
211,"El paper aborda la interseccionalidad de manera moderada, reconociendo las interacciones entre exposiciones ambientales y desigualdades sociales (I=0.5) y los desafíos estructurales en la distribución de recursos (II=0.5). Sin embargo, el análisis no profundiza en el contexto histórico ni en un enfoque metodológico que supere la aditividad.",1019,91
212,"El paper aborda la vulnerabilidad al estrés térmico en Bonn, considerando factores climáticos y socioeconómicos, lo que refleja un enfoque interseccional limitado (I=0). Sin embargo, menciona el poder estructural y el contexto sociohistórico de manera superficial (II=0.5, III=0.5), resultando en un total bajo de 1.0.",1061,92
213,"El paper aborda interseccionalidad al examinar cómo los medios de comunicación alimentaria negocian desigualdades sociales y políticas (I=0.5, II=0.5), y utiliza ejemplos históricos y contemporáneos relevantes (III=0.5). Sin embargo, carece de un método que operacionalice explícitamente estas interacciones (IV=0).",1046,87
214,"El paper aplica interseccionalidad al examinar cómo género, edad y educación influyen en la percepción del riesgo, logrando un puntaje alto en identidades entrelazadas (I=1). Sin embargo, el análisis de poder estructural y contexto sociohistórico es limitado, lo que reduce su puntuación total (II=0.5, III=0.5).",1328,94
215,"El paper aplica de manera integral el marco interseccional al examinar cómo las identidades de género y contexto sociohistórico en Sudán del Sur afectan la participación de las mujeres en la adaptación al cambio climático y la construcción de paz, utilizando un enfoque metodológico que evita el análisis aditivo.",1046,75
216,"El paper aborda la interseccionalidad al examinar las tensiones en torno a la equidad entre comunidades locales y proyectos globales (I=0.5, II=0.5), pero carece de un método que capture interacciones complejas, lo que limita su análisis interseccional (IV=0). Esto resulta en un total de 1.5.",1114,93
217,"El paper aborda el poder estructural en la financiación climática, destacando cómo las relaciones de poder afectan los resultados de las inversiones (II=1). Sin embargo, el análisis de identidades vulnerables es limitado y no se operacionalizan adecuadamente las interacciones entre ellas (I=0.5), resultando en un total de 2.0.",1100,84
218,"El paper aborda la interseccionalidad al integrar identidades entrelazadas en el contexto de la justicia climática (I=1), pero su análisis del poder estructural y el contexto sociohistórico es limitado (II=0.5, III=0.5). Además, aunque presenta proyectos creativos, no operacionaliza completamente las interacciones entre identidades (IV=0.5).",1124,94
219,"El paper presenta un enfoque bibliométrico y de redes para analizar la investigación sobre recursos hídricos, pero carece de un análisis interseccional sustantivo (I=0, II=0). Aunque menciona temas relevantes como el cambio climático, no proporciona un contexto sociohistórico específico (III=0.5) ni captura interacciones intergrupales de manera efectiva (IV=0.5).",1223,97
220,"El paper aborda de manera sustantiva la interseccionalidad al examinar cómo las identidades entrelazadas y las dinámicas de poder perpetúan desigualdades en contextos específicos (I=1, II=1, III=1). Sin embargo, el enfoque metodológico es parcialmente aditivo, lo que limita la operacionalización de las interacciones (IV=0.5).",1136,93
221,"El paper aborda la interseccionalidad de manera limitada, mencionando identidades entrelazadas y el poder estructural en el contexto de la formación de enfermeras (I=0.5, II=0.5). Sin embargo, el análisis no profundiza en las interacciones complejas ni en un método que integre estas dimensiones de forma robusta (IV=0.5).",1129,93
222,"El paper aborda la interseccionalidad al identificar cómo las prácticas de la agricultura industrial afectan desproporcionadamente a comunidades BIPOC y en situación de pobreza (I=1, II=1). Además, establece un vínculo entre el bienestar animal y la justicia ambiental en un contexto sociohistórico relevante (III=1), aunque el enfoque metodológico es parcialmente aditivo (IV=0.5).",1087,94
223,"El paper presenta un análisis limitado de interseccionalidad, centrándose en la infraestructura de transporte sin considerar identidades entrelazadas ni poder estructural (I=0, II=0). Aunque menciona el contexto de huracanes en el sureste de EE. UU. (III=0.5) y utiliza un método empírico, no aborda interacciones entre variables (IV=0.5).",1165,100
224,"El paper aplica un marco interseccional sólido al abordar identidades entrelazadas y poder estructural, destacando el impacto en comunidades históricamente marginadas (I=1, II=1). Además, contextualiza su análisis en la búsqueda de ciudades justas y sostenibles (III=1), aunque su método presenta un enfoque no completamente operacionalizado (IV=0.5).",1156,95
225,"El paper aplica de manera integral el marco interseccional al abordar cómo las identidades de género y juventud se entrelazan con las estructuras de desigualdad en el contexto del cambio climático. Utiliza un enfoque de investigación participativa que resalta la voz de las jóvenes, cumpliendo así con todos los criterios de evaluación.",1051,78
226,"El paper aborda de manera sustantiva la interseccionalidad al explorar cómo raza y clase se entrelazan en la historia de los afroamericanos y el Mississippi (I=1, II=1, III=1). Sin embargo, el enfoque metodológico es parcialmente aditivo, lo que limita la profundidad del análisis interseccional (IV=0.5).",1150,88
227,"El paper aborda la interseccionalidad de manera parcial, mencionando la relación entre cambio climático, justicia social y vivienda (I=0.5, II=0.5). Sin embargo, el análisis no profundiza en el poder estructural ni en el contexto histórico específico de las ciudades estudiadas, lo que limita su contribución interseccional.",988,85
228,"El paper presenta un enfoque sobre la transformación agrícola, pero carece de un análisis sustantivo de identidades entrelazadas y poder estructural (I=0, II=0). Aunque menciona equidad e inclusión, no proporciona un contexto sociohistórico robusto (III=0.5), resultando en un total bajo de 0.5.",1173,89
229,"El paper aborda la interseccionalidad al considerar el conocimiento indígena y su relación con la sostenibilidad (I=0.5), y menciona el papel de este conocimiento en la conservación, aunque no profundiza en el poder estructural ni en un contexto sociohistórico específico (II=0.5, III=0.5). El enfoque metodológico es colaborativo pero no completamente no aditivo (IV=0.5).",1146,102
230,"El paper aplica de manera robusta el marco interseccional, analizando cómo las identidades de género influyen en la adopción de estrategias de adaptación al cambio climático (I=1, II=1). Además, considera el contexto sociohistórico y la importancia de la planificación inclusiva (III=1) y utiliza un enfoque metodológico que evita la aditividad (IV=1).",1299,96
231,"El paper aplica un enfoque interseccional al considerar múltiples características individuales y del hogar que afectan la resiliencia juvenil (I=1), pero no profundiza en los mecanismos estructurales que perpetúan las desigualdades (II=0.5). Además, el contexto se limita a sub-Sahara, sin un análisis histórico más amplio (III=0.5).",1166,90
232,"El paper aborda de manera integral la interseccionalidad en la adaptación climática, analizando identidades entrelazadas de los pueblos indígenas y el poder estructural de las injusticias coloniales (I=1, II=1). Además, contextualiza la adaptación en experiencias vividas y utiliza un enfoque metodológico que evita la aditividad (III=1, IV=1), logrando un score total de 4.",1143,104
233,"El paper aborda la intersección entre desarrollo insostenible, desastres y desplazamiento, pero no examina identidades entrelazadas (I=0). Reconoce el contexto sociohistórico de Japón post-guerra (III=0.5) y menciona el poder estructural, aunque de manera limitada (II=0.5), resultando en un total bajo de 1.0.",1131,99
234,"El paper presenta un enfoque ético sobre la ley energética y el cambio climático, pero carece de un análisis interseccional sustantivo. No aborda identidades entrelazadas ni poder estructural, y aunque menciona el contexto sociohistórico, no profundiza en él, resultando en un bajo score Bowleg total.",1084,83
235,"El paper aborda la interseccionalidad al proponer una política anti-bullying que desafía dinámicas de poder en la política climática (I=0.5, II=0.5), pero carece de un diseño metodológico que operacionalice estas interacciones, lo que limita su análisis (IV=0). Esto resulta en un total de 1.5.",1034,93
236,"El paper recibe un score Bowleg total de 4.0 al abordar de manera integral las identidades entrelazadas, el poder estructural y el contexto sociohistórico en la vulnerabilidad climática en África, además de aplicar un enfoque metodológico que evita la aditividad, resaltando la complejidad de las interacciones entre múltiples dimensiones de vulnerabilidad.",1197,87
237,"El paper presenta un enfoque interseccional al discutir la retórica del veganismo, mencionando la importancia de las identidades entrelazadas y el poder estructural en la mitigación de crisis sociales y ambientales (I=0.5, II=0.5). Sin embargo, carece de un método empírico claro, limitando su análisis (IV=0).",1093,93
238,"El paper aplica el marco interseccional de manera efectiva al abordar identidades entrelazadas y el poder estructural que afecta a las poblaciones vulnerables (I=1, II=1). Además, contextualiza la educación climática en Atlanta (III=1), aunque el método no operacionaliza completamente las interacciones entre variables (IV=0.5).",1069,90
239,"El paper aplica el marco interseccional de manera efectiva, analizando cómo las identidades de género y raza se entrelazan en el contexto de la degradación ambiental y la violencia contra mujeres indígenas (I=1, II=1, III=1). Sin embargo, la falta de detalles sobre el método limita la evaluación de las interacciones (IV=0.5).",1172,92
240,"El paper aborda la interseccionalidad de manera parcial, destacando cómo las identidades nacionales se entrelazan con el neoliberalismo y el populismo (I=0.5). Además, examina el poder estructural en la construcción de la resiliencia climática (II=1.0), aunque su análisis carece de un enfoque metodológico más robusto (IV=0.5).",1108,94
241,"El paper presenta un análisis limitado de interseccionalidad, con un enfoque en el poder estructural y el contexto sociohistórico, pero carece de un tratamiento sustantivo de identidades entrelazadas y un método que integre estas dimensiones de manera no aditiva, resultando en un total bajo de 1.0.",1136,81
242,"El paper aborda la interseccionalidad al considerar la agencia de los niños en el contexto de la justicia espacial y el desplazamiento (I=0.5, II=0.5), y presenta un análisis contextual robusto sobre conflictos y desastres climáticos en África Oriental (III=1.0), aunque su metodología no opera completamente fuera de un enfoque aditivo (IV=0.5).",1127,95
243,"El paper aborda de manera sustantiva la interseccionalidad al considerar identidades entrelazadas como género y raza (I=1), y el poder estructural al destacar la desigualdad de género en el contexto ambiental (II=1). Además, contextualiza su análisis en el Sur Global (III=1), aunque el método presenta limitaciones al no operacionalizar completamente las interacciones (IV=0.5).",1204,99
244,"El paper aborda la interseccionalidad de manera parcial, destacando la importancia del poder estructural en la transición justa (II=1), pero presenta limitaciones en la integración de identidades entrelazadas y en el contexto sociohistórico, lo que reduce su puntuación total (I=0.5, III=0.5).",1326,83
245,"El paper aborda la interseccionalidad al identificar cómo las desigualdades de género y la pobreza afectan a las adolescentes en el contexto del cambio climático (I=0.5, II=0.5). Sin embargo, el análisis y las propuestas son limitadas en su profundidad y no operacionalizan completamente las interacciones entre estos factores (III=0.5, IV=0.5).",1062,93
246,"El paper aborda interseccionalidad al integrar género, raza y clase en la crítica a estructuras de poder (I=1, II=1), y contextualiza su análisis en desafíos contemporáneos como el cambio climático (III=1). Sin embargo, el enfoque metodológico es más aspiracional que operacional, lo que limita su puntuación en el criterio IV (0.5).",1072,93
247,"El paper aplica de manera robusta el marco interseccional al analizar cómo las identidades entrelazadas y el poder estructural se manifiestan en las políticas de diversidad de Trudeau, contextualizando su discurso en un análisis crítico de desigualdades sociales y utilizando ejemplos concretos de políticas públicas, lo que justifica su puntuación máxima.",1209,84
248,"El paper aborda la interseccionalidad de manera limitada, mencionando desigualdades en sostenibilidad (I=0.5, II=0.5) y un contexto geográfico amplio (III=0.5), pero carece de un diseño empírico claro que operacionalice estas interacciones (IV=0). Esto resulta en un total de 1.5 en el score Bowleg.",952,95
249,"El paper aborda la interseccionalidad al mencionar la salud mental de las mujeres en el contexto del cambio climático, aunque de manera superficial (I=0.5, II=0.5). Sin embargo, carece de un método que operacionalice las interacciones entre identidades y estructuras de poder, lo que limita su análisis (IV=0).",1068,84
250,"El paper aborda la interseccionalidad al discutir el nexo entre clima, género y carbón, aunque lo hace de manera limitada (I=0.5, II=0.5). Se centra en el contexto colombiano (III=1.0) y utiliza un método cualitativo que sugiere interacciones, pero no las operacionaliza completamente (IV=0.5).",1103,91
251,"El paper recibe un score Bowleg total de 4.0 al abordar de manera integral las identidades entrelazadas y el poder estructural, al tiempo que contextualiza su análisis en historias de colonialismo y propone un método que evita enfoques aditivos, promoviendo una praxis crítica de resiliencia comunitaria.",1074,76
252,"El paper presenta un análisis sobre sistemas de almacenamiento de energía en la descarbonización, pero carece de un enfoque interseccional sustantivo, ya que no aborda identidades entrelazadas (I=0) y su discusión sobre el poder estructural es limitada (II=0.5), resultando en un total Bowleg bajo.",1219,83
253,"El paper presenta una discusión sobre la salud animal y el cambio climático, pero carece de un enfoque interseccional sustantivo. Aunque menciona factores socio-climáticos, no aborda identidades entrelazadas ni poder estructural, resultando en un bajo score Bowleg, especialmente en los criterios I, II y IV.",1178,83
254,"El paper aborda la interseccionalidad al considerar categorías culturales que afectan la resiliencia (I=0.5) y menciona la vulnerabilidad diferencial en contextos de adaptación (II=0.5). Sin embargo, carece de un enfoque metodológico que operacionalice estas interacciones de manera efectiva (IV=0), lo que limita su total Bowleg a 1.5.",1012,92
255,"Falso positivo: el paper se centra en la crítica ecológica y la teoría del afecto en la ficción climática china, sin abordar interseccionalidad ni poder estructural. No se mencionan identidades entrelazadas, contexto sociohistórico específico ni un método que considere interacciones, resultando en un score Bowleg de 0.",1097,87
256,"El paper aplica de manera integral el marco interseccional al examinar cómo las identidades de raza y clase se entrelazan en la vulnerabilidad ante el aumento del nivel del mar (I=1, II=1). Además, contextualiza la situación histórica y socioeconómica de las comunidades afectadas (III=1) y utiliza un método geoespacial que evita enfoques aditivos (IV=1).",1119,98
257,"El paper aborda la interseccionalidad al considerar cómo las características demográficas, especialmente el género, influyen en las estrategias de adaptación de los agricultores (I=0.5, II=0.5). Sin embargo, el análisis se presenta de manera aditiva y no profundiza en el poder estructural ni en el contexto histórico específico (IV=0.5).",1091,88
258,"El paper aplica de manera integral el marco interseccional al examinar cómo las identidades de género y casta se entrelazan en el contexto de la infraestructura energética en India. Además, aborda el poder estructural y el contexto sociohistórico, utilizando un enfoque metodológico que evita la aditividad, lo que justifica su puntuación máxima.",1093,84
259,"Falso positivo: el paper se centra en la arqueología vikinga, sin contenido interseccional-climático sustantivo. Aunque menciona la interseccionalidad como un marco potencial, no desarrolla análisis sobre identidades entrelazadas ni poder estructural, resultando en un score Bowleg muy bajo.",1117,79
260,"El paper aborda la interseccionalidad al explorar la relación entre género y medio ambiente, aunque de manera limitada (I=0.5, II=0.5). Se menciona el contexto de la política poblacional en Sudáfrica (III=0.5), pero carece de un diseño metodológico que operacionalice estas interacciones (IV=0).",1070,87
261,"El paper presenta un enfoque en métodos de comunicación sobre el cambio climático y la salud, sin abordar identidades interseccionales ni poder estructural, lo que limita su puntuación en los criterios I y II a cero. Aunque menciona el contexto de salud, carece de un análisis sociohistórico específico (III=0.5).",1109,80
262,"El paper presenta un análisis de la cobertura mediática sobre las Islas del Pacífico y el cambio climático, pero no aborda las identidades entrelazadas ni el poder estructural, resultando en un puntaje bajo en esos criterios (I=0, II=0). Sin embargo, incorpora un contexto sociohistórico y un método mixto, lo que justifica el puntaje total de 1.",1046,95
263,"Falso positivo: el paper se centra en la psicología y el cambio climático, pero no aborda interseccionalidad ni analiza identidades entrelazadas, poder estructural o contexto sociohistórico. Además, carece de un diseño empírico, lo que resulta en un score Bowleg total de 0.",951,78
264,"El paper aborda la interseccionalidad de género al examinar cómo las expectativas de género afectan la vulnerabilidad de las mujeres en contextos específicos (I=0.5, II=0.5, III=0.5), pero carece de un enfoque metodológico que capture interacciones complejas entre identidades (IV=0). Esto limita su total a 1.5.",1126,95
265,"El paper presenta un enfoque de economía política que menciona debates contemporáneos como el cambio climático y la desigualdad, pero carece de un análisis profundo sobre identidades entrelazadas y poder estructural, lo que limita su puntuación en los criterios I y II, resultando en un total bajo de 0.5.",1124,79
266,"El paper aborda la interseccionalidad al discutir cómo el género y otras desigualdades influyen en los impactos del cambio climático en el Ártico (I=0.5), y resalta la necesidad de análisis de género en la toma de decisiones (II=0.5), aunque carece de un enfoque metodológico más robusto (IV=0.5).",1214,89
267,"El paper presenta un enfoque limitado sobre interseccionalidad, ya que no aborda identidades entrelazadas ni poder estructural, lo que resulta en un puntaje bajo en esos criterios (I=0, II=0). Aunque menciona el contexto de Leh, carece de un análisis profundo que justifique un mayor puntaje (III=0.5).",1033,87
268,"El paper aborda la interseccionalidad al incluir a los animales como poblaciones oprimidas, lo que justifica los scores parciales en identidades entrelazadas (I=0.5) y poder estructural (II=0.5). Sin embargo, carece de un diseño empírico que operacionalice estas intersecciones, resultando en un score total bajo (IV=0).",1003,96
269,"El paper aplica de manera integral el marco interseccional al abordar identidades entrelazadas, poder estructural y contexto sociohistórico en la transición energética, además de proponer un enfoque relacional que evita el análisis aditivo. Esto se refleja en la consideración de políticas feministas y decoloniales, logrando un score Bowleg perfecto.",1256,83
270,"El paper aborda la interseccionalidad de manera limitada, reconociendo la importancia de los derechos de los pueblos indígenas y la necesidad de restauración de paisajes (I=0.5, II=0.5), pero carece de un análisis empírico que capture interacciones entre identidades y estructuras de poder (IV=0). Esto resulta en un total de 1.5.",1004,94
271,"El paper aborda el poder estructural y la necesidad de acción política para el cambio, aunque sin detallar mecanismos de desigualdad (II=0.5). También menciona el contexto de biodiversidad y cambio climático, pero carece de especificidad (III=0.5). Sin embargo, no integra identidades entrelazadas ni un método que capture interacciones.",1266,90
272,"El paper aborda la interseccionalidad al proponer el concepto de 'climate edge', que conecta injusticias ambientales y vulnerabilidades climáticas (I=0.5). Sin embargo, el análisis no profundiza en las dinámicas de poder estructural ni en un contexto sociohistórico específico, lo que limita su puntuación total (II=0.5, III=0.5).",1061,93
273,"El paper presenta un enfoque técnico sobre estrategias de mitigación de emisiones, sin abordar identidades entrelazadas ni poder estructural, lo que limita su análisis interseccional (I=0, II=0). Aunque menciona la importancia de la equidad, carece de un contexto sociohistórico robusto (III=0.5), resultando en un total bajo.",1192,90
274,"El paper aborda la interseccionalidad de manera limitada, reconociendo cómo el cambio climático afecta de forma desigual a diferentes grupos (I=0.5) y discutiendo inequidades estructurales (II=0.5), pero carece de un análisis profundo del contexto histórico y no presenta un método que operacionalice estas interacciones (IV=0).",1002,87
275,"El paper presenta un enfoque limitado en interseccionalidad, con un score bajo en identidades entrelazadas y poder estructural (I=0, II=0), aunque menciona el contexto del cambio climático en el Ártico (III=0.5). Sin embargo, carece de un método que aborde interacciones de manera sustantiva (IV=0).",1000,94
276,"El paper aborda la interseccionalidad de manera limitada, reconociendo la interacción de sistemas sociales y políticos (I=0.5) y el poder estructural de las instituciones del Norte (II=0.5). Sin embargo, carece de un método que operacionalice estas interacciones de forma efectiva (IV=0), resultando en un total de 1.5.",1084,91
277,"El paper recibe un score alto por su enfoque interseccional, analizando identidades entrelazadas y el poder estructural que perpetúa desigualdades en el contexto del urbanismo climático (I=1, II=1, III=1). Sin embargo, el método se presenta de manera algo aditiva, lo que limita su puntuación total (IV=0.5).",1161,91
278,"El paper aborda la intersección entre inteligencia artificial y conservación ambiental, pero carece de un análisis sustantivo sobre identidades entrelazadas (I=0) y no operacionaliza interacciones en su metodología (IV=0). Se menciona la redistribución de poder entre actores, aunque sin un marco estructural claro (II=0.5).",1007,89
279,"El paper aborda la interseccionalidad de género en el contexto del cambio climático, identificando cómo las experiencias de mujeres y hombres difieren durante crisis climáticas (I=0.5, II=0.5). Sin embargo, el análisis es limitado y no profundiza en el poder estructural ni en un método que operacionalice las interacciones de manera efectiva.",1128,87
280,"El paper aplica de manera integral el marco interseccional, abordando identidades entrelazadas de mujeres indígenas y el impacto del colonialismo en su salud (I=1, II=1). Además, contextualiza la problemática en la historia de injusticias ambientales en la región del Golfo (III=1) y utiliza un método cualitativo que refleja estas interacciones (IV=1).",1197,94
281,"El paper aborda de manera sustantiva las identidades entrelazadas y el poder estructural al examinar cómo la migración y el cambio ambiental afectan la igualdad de género en el delta del Mahanadi (I=1, II=1). Sin embargo, aunque se menciona un enfoque analítico integrado, el método no operacionaliza completamente estas interacciones (IV=0.5).",1099,92
282,"El paper aborda la interseccionalidad al analizar cómo las dimensiones biológicas y socioeconómicas afectan la seguridad hídrica en Kolkata, destacando identidades entrelazadas (I=1) y un contexto sociohistórico específico (III=1). Sin embargo, el enfoque metodológico es parcialmente aditivo, lo que limita su puntuación total (IV=0.5).",1061,91
283,"El paper aborda la interseccionalidad de manera parcial, reconociendo la importancia de las identidades entrelazadas y el poder estructural en la investigación sobre sostenibilidad (I=0.5, II=0.5). Sin embargo, el análisis no profundiza en el contexto sociohistórico ni en un método que operacionalice las interacciones de forma robusta (III=0.5, IV=0.5).",1150,102
284,"El paper presenta un enfoque técnico sobre soluciones de ciudades inteligentes y su relación con la mitigación del cambio climático, pero carece de un análisis interseccional sustantivo. Aunque menciona la planificación adecuada, no contextualiza históricamente ni aborda identidades o desigualdades estructurales, resultando en un bajo score Bowleg.",1207,84
285,"El paper aplica de manera efectiva un marco interseccional, analizando cómo las identidades entrelazadas de las mujeres Māori influyen en su vulnerabilidad y adaptación al cambio climático (I=1, II=1). Además, considera el contexto sociohistórico y utiliza un método que no trata las variables de forma aditiva, lo que justifica el score total de 4.",1157,91
286,"El paper aplica un marco interseccional de manera integral, analizando cómo las identidades entrelazadas (género, edad, estado civil y educación) afectan el acceso a redes sociales para la adaptación climática (I=1, II=1). Además, utiliza métodos cualitativos robustos que permiten explorar dinámicas complejas en un contexto sociohistórico específico (III=1, IV=1).",1018,97
287,"El paper aplica de manera sustantiva el marco interseccional al examinar cómo las identidades de género y etnicidad co-construyen la percepción de la resiliencia ante el cambio climático (I=1, II=1). Además, utiliza un enfoque metodológico que integra diversas dimensiones de la resiliencia, evitando un análisis aditivo (IV=1).",1222,90
288,"El paper aplica un marco interseccional sólido al abordar cómo las identidades entrelazadas y el poder estructural afectan la vulnerabilidad ante el cambio climático en WA (I=1, II=1). Además, contextualiza la inadecuación de la política climática en relación con las desigualdades sociales (III=1), aunque el método no operacionaliza completamente las interacciones (IV=0.5).",1094,99
289,"El paper aborda las desigualdades interseccionales, mencionando género, edad y orientación sexual, aunque de manera superficial (I=0.5). También discute el impacto del poder estructural en la solidaridad (II=0.5) y contextualiza en sociedades europeas contemporáneas (III=0.5), pero carece de un enfoque metodológico que integre estas dimensiones (IV=0).",1059,97
290,"Falso positivo: el paper se centra en soluciones de ciudades inteligentes y adaptación al cambio climático, sin abordar aspectos interseccionales. No se identifican identidades entrelazadas, poder estructural, contexto sociohistórico ni un método que capture interacciones, resultando en un score Bowleg total de 0.",1127,77
291,"El paper aborda la intersección entre imperialismo y cambio climático, pero no desarrolla identidades entrelazadas (I=0) ni un método que operacionalice estas interconexiones (IV=0). Reconoce estructuras de poder y contexto histórico, aunque de manera limitada (II=0.5, III=0.5), resultando en un total de 1.0.",1081,92
292,"El paper aborda la interseccionalidad al mencionar identidades marginalizadas y su relación con el cambio climático (I=0.5), además de proponer enfoques participativos que integran derechos humanos y salud pública (IV=0.5). Sin embargo, el análisis es limitado en profundidad sobre el poder estructural y el contexto sociohistórico, resultando en un score total de 2.0.",1253,96
293,"El paper aplica de manera efectiva el marco interseccional al examinar cómo las identidades raciales y las desigualdades estructurales afectan la vulnerabilidad ante desastres climáticos en comunidades de color (I=1, II=1). Además, utiliza un enfoque metodológico mixto que permite una comprensión profunda de las interacciones entre estos factores (IV=1).",1221,92
294,"Falso positivo: el paper se centra en un análisis forense de electrocuciones y no aborda aspectos interseccionales ni climáticos. Carece de discusión sobre identidades, poder estructural, contexto sociohistórico o un enfoque metodológico que considere interacciones entre identidades, resultando en un score Bowleg total de 0.",1033,81
295,"El paper aborda interseccionalidad al examinar cómo raza y salud se entrelazan en el contexto del COVID-19 (I=1), y discute el poder estructural de los blancos en la transformación climática (II=1). Sin embargo, el análisis histórico y el método no son completamente robustos, lo que limita su puntuación total.",1054,85
296,"El paper presenta un enfoque conceptual sobre la relación entre factores ambientales y salud mental, pero carece de un análisis interseccional robusto (I=0, II=0). Aunque menciona intervenciones para comunidades marginadas, no profundiza en el contexto sociohistórico ni en un método que integre identidades (III=0.5, IV=0).",1226,87
297,"El paper aplica de manera integral el marco interseccional, analizando cómo las identidades de género y factores socioeconómicos interactúan en la adopción de prácticas agrícolas resilientes al clima. Utiliza un enfoque metodológico robusto que incluye análisis estadísticos, lo que permite una comprensión profunda de las dinámicas en contextos específicos de América Latina.",1103,84
298,"El paper aplica de manera efectiva el marco interseccional al abordar cómo las identidades de los jóvenes se entrelazan con la violencia estructural y la crisis climática (I=1, II=1). Además, contextualiza su análisis en crisis sociohistóricas y utiliza un método cualitativo robusto que evita enfoques aditivos (III=1, IV=1).",1168,94
299,"El paper aplica interseccionalidad de manera efectiva al analizar cómo el género se entrelaza con otras formas de poder y marginalización (I=1, II=1), y contextualiza la vulnerabilidad en relación con desigualdades sociales (III=1). Sin embargo, el método presenta limitaciones al no operacionalizar completamente las interacciones (IV=0.5).",969,89
300,"El paper aplica un marco interseccional de manera efectiva al examinar cómo el autoritarismo y el populismo afectan a identidades entrelazadas, como mujeres y grupos LGBT+ (I=1, II=1). Además, contextualiza el análisis en un marco sociohistórico relevante (III=1), aunque el método presenta limitaciones al no operacionalizar completamente las interacciones (IV=0.5).",1126,98
301,"El paper aborda el poder estructural al analizar cómo el dominio corporativo afecta la salud pública (II=1), pero carece de un enfoque en identidades entrelazadas y un diseño metodológico que capture interacciones (I=0, IV=0). Además, el contexto sociohistórico se menciona de manera superficial (III=0.5), resultando en un total de 1.5.",1197,96
302,"El paper aborda la interseccionalidad de manera limitada, mencionando inequidades sociales y económicas (I=0.5, II=0.5), pero no contextualiza suficientemente el análisis en un marco histórico específico (III=0.5) y utiliza un método de revisión de literatura que no operacionaliza interacciones (IV=0).",1094,82
303,"El paper aborda la interseccionalidad de manera limitada, mencionando factores significativos que influyen en la migración ambiental (I=0.5) y analizando el impacto de conflictos en estados frágiles (III=0.5). Sin embargo, carece de un enfoque metodológico que operacionalice estas interacciones (IV=0).",1033,84
304,"El paper aplica de manera integral el marco interseccional, analizando cómo las identidades entrelazadas de las mujeres embarazadas en Gambia influyen en su vulnerabilidad al estrés por calor (I=1, II=1). Además, considera el contexto sociohistórico del cambio climático y utiliza un método cualitativo que permite una comprensión profunda de estas dinámicas (III=1, IV=1).",1331,101
305,"El paper aborda interseccionalidad al destacar cómo las identidades HDSM enfrentan crisis ecológicas (I=1), y discute el poder en el discurso feminista (II=1). Sin embargo, el contexto sociohistórico y el método no son completamente desarrollados, lo que limita su puntuación total a 3.0.",1077,82
306,"El paper aborda la interseccionalidad al explorar cómo las identidades de género y el contexto sociohistórico se entrelazan en la conservación del Gran Barrera de Coral (I=0.5, III=0.5), pero carece de un diseño metodológico que operacionalice estas interacciones de manera efectiva (IV=0).",1148,85
307,"El paper aborda la relación entre algoritmos y hegemonía en la gobernanza climática, lo que le otorga un puntaje en poder estructural (II=0.5). Sin embargo, carece de análisis sobre identidades entrelazadas, contexto sociohistórico y un método que capture interacciones, resultando en un total bajo de 0.5.",1216,91
308,"El paper presenta un enfoque limitado en interseccionalidad, ya que no aborda identidades entrelazadas (I=0) y su análisis del poder estructural es superficial, reconociendo estructuras como el comercio sin profundizar en desigualdades (II=0.5). El contexto sociohistórico se menciona, pero de forma poco detallada (III=0.5).",1275,92
309,"El paper aborda la interseccionalidad de manera limitada, sugiriendo un enfoque más integral hacia el género (I=0.5) y reconociendo la necesidad de prevenir la violencia armada (II=0.5), pero carece de un diseño empírico que operacionalice estas interacciones (IV=0). Esto resulta en un total de 1.5.",1097,91
310,"El paper aborda la interseccionalidad al examinar el papel de las feministas en la gobernanza climática, aunque con un enfoque limitado en identidades entrelazadas (I=0.5). Destaca el poder estructural de la Women and Gender Constituency en la narrativa climática (II=1.0), pero su análisis y método son parcialmente aditivos.",1091,90
311,"El paper presenta un enfoque limitado sobre interseccionalidad, ya que no aborda identidades entrelazadas (I=0) y carece de un diseño empírico que capture interacciones (IV=0). Aunque menciona el contexto sociohistórico y el poder estructural, estos aspectos son tratados de manera superficial y no se desarrollan adecuadamente.",991,86
312,"El paper aborda la interseccionalidad al vincular justicia hídrica y cambio climático, destacando cómo las injusticias del agua aumentan la vulnerabilidad climática (II=1). Sin embargo, el análisis de identidades entrelazadas y el contexto sociohistórico son superficiales, lo que limita su puntuación total (I=0.5, III=0.5).",1147,93
313,"El paper recibe un score total de 4.0 al abordar de manera integral la interseccionalidad en la adaptación climática, analizando identidades entrelazadas y poder estructural, contextualizando en Barcelona y utilizando un enfoque metodológico que promueve la resiliencia comunitaria, lo que refuerza su contribución a la justicia climática.",1103,85
314,"El paper aplica de manera efectiva el marco interseccional al examinar cómo las identidades de género, casta y etnicidad influyen en la participación de mujeres en programas de adaptación al cambio climático en Nepal (I=1, II=1). Además, contextualiza estas dinámicas en un marco histórico de desigualdades institucionalizadas (III=1) y utiliza un enfoque cualitativo que evita la aditividad (IV=1).",1033,107
315,"El paper aplica de manera efectiva el marco interseccional al analizar cómo las identidades de género y raza se entrelazan en el contexto de los vertederos y desastres, considerando el poder estructural y el contexto sociohistórico. Además, utiliza un método que incorpora interacciones no aditivas, lo que justifica su puntuación total de 4.",1137,88
316,"El paper aplica de manera integral el marco interseccional al abordar cómo las identidades entrelazadas y el poder estructural se manifiestan en la enseñanza del cambio climático. Además, contextualiza la pedagogía en un marco sociohistórico y utiliza un método que integra diversas perspectivas, lo que justifica su puntuación máxima en los criterios Bowleg.",1176,84
317,"El paper presenta un enfoque crítico sobre el marco de emergencia climática, pero carece de un análisis interseccional sustantivo, ya que no aborda identidades entrelazadas ni poder estructural (I=0, II=0). Aunque menciona la intersección con COVID-19, no proporciona un contexto sociohistórico detallado (III=0.5).",1117,90
318,"El paper aplica un análisis interseccional robusto al examinar cómo identidades entrelazadas y factores estructurales influyen en la autonomía de las mujeres respecto a la mutilación genital femenina. Utiliza estudios de caso específicos y un enfoque metodológico que considera la interconexión de diversas esferas en la vida de las mujeres, logrando un score total de 4.",1252,94
319,"Falso positivo: el paper se centra en la evaluación de la idoneidad de terrenos para plantas solares en Telangana, sin abordar aspectos interseccionales ni climáticos. No se identifican identidades entrelazadas, poder estructural, contexto sociohistórico, ni se utiliza un método que considere interacciones entre variables.",1217,81
320,"El paper presenta un análisis sobre colisiones de tráfico y olas de calor en Alabama, pero carece de un enfoque interseccional sustantivo, ya que no aborda identidades entrelazadas ni poder estructural (I=0, II=0). Aunque se estratifica por factores relacionados con el conductor, no se exploran interacciones significativas (IV=0.5).",1123,93
321,"El paper aplica un enfoque interseccional al analizar cómo las agencias gubernamentales suecas representan las diferencias sociales en sus políticas climáticas, aunque lo hace de manera generalizada (I=0.5, II=0.5). La metodología utilizada es adecuada, pero no profundiza en las interacciones específicas entre identidades (IV=0.5).",1086,88
322,"El paper aborda la interseccionalidad al examinar cómo la expansión de fronteras y el cambio climático afectan a comunidades costeras en Ghana, destacando el poder estructural que exacerba inseguridades (II=1) y el contexto sociohistórico de estas interacciones (III=1). Sin embargo, el análisis de identidades es limitado (I=0.5) y el método no es completamente no aditivo (IV=0.5).",1157,106
323,"El paper aborda la interseccionalidad al considerar la vulnerabilidad social y los factores demográficos en el contexto de la preparación para huracanes y la pandemia de COVID-19 (I=0.5, II=0.5). Sin embargo, el análisis no profundiza en el poder estructural ni en las interacciones complejas entre identidades y contextos (III=0.5, IV=0.5).",1207,103
324,"El paper aborda la interseccionalidad al identificar cómo los desafíos del cambio climático afectan desproporcionadamente a comunidades en el Sur Global (I=0.5) y destaca conflictos entre gobernanza de conservación y necesidades locales (II=0.5). Además, contextualiza su análisis en un ecosistema específico, lo que fortalece su relevancia (III=1.0).",1193,93
325,"El paper aborda la interseccionalidad de manera limitada, reconociendo la relación entre crisis ecológica y justicia social (I=0.5, II=0.5), pero carece de un contexto sociohistórico específico (III=0) y no presenta un diseño metodológico empírico (IV=0), resultando en un total bajo de 1.0.",910,91
326,"El paper aplica de manera integral el marco interseccional al examinar las identidades entrelazadas de las mujeres rurales colombianas y el poder estructural del conflicto armado, contextualizando su análisis en la historia reciente de Colombia. Además, utiliza un enfoque metodológico que evita la adición de variables, lo que justifica su puntuación total de 4.",1091,86
327,"El paper aborda la interseccionalidad al incluir el estudio de injusticias ambientales y equidades interseccionales (I=0.5), y discute el poder estructural en el contexto de la política comparativa (II=0.5). Sin embargo, la operacionalización de estos conceptos y el enfoque metodológico son limitados, resultando en un score total moderado.",1114,94
328,"El paper aplica de manera robusta el marco interseccional al abordar las identidades entrelazadas de la población trans y GNC en Puerto Rico (I=1), analiza el poder estructural que perpetúa su vulnerabilidad (II=1), y contextualiza la situación en un marco histórico de opresión y crisis (III=1), utilizando un enfoque metodológico que evita la aditividad (IV=1).",1226,99
329,"El paper presenta un enfoque en ecología cultural y sostenibilidad, pero carece de un análisis interseccional sustantivo, ya que no aborda identidades entrelazadas ni poder estructural (I=0, II=0). Aunque menciona el contexto de la contaminación oceánica, no profundiza en su análisis histórico (III=0.5), resultando en un total bajo.",1124,93
330,"El paper aborda la vulnerabilidad en contextos de desastres y pobreza, mencionando identidades vulnerables y el impacto del cambio climático (I=0.5, II=0.5). Sin embargo, carece de un análisis metodológico robusto y no operacionaliza las interacciones entre variables, lo que limita su contribución interseccional (IV=0).",1008,89
331,"El paper aplica de manera integral el marco interseccional al examinar cómo las identidades raciales y el poder estructural influyen en la vulnerabilidad de los cementerios afroamericanos ante desastres climáticos (I=1, II=1). Además, contextualiza su análisis en el marco sociohistórico del sur de Louisiana (III=1) y utiliza un método que evita la aditividad (IV=1).",1215,104
332,"El paper aborda identidades entrelazadas al identificar grupos de alto riesgo en Pakistán, como mujeres y personas de bajos ingresos (I=1). Sin embargo, el análisis del poder estructural y el contexto sociohistórico es limitado, y aunque se menciona un enfoque integrado, no se operacionaliza completamente (II=0.5, III=0.5, IV=0.5).",1067,94
333,"El paper aplica de manera efectiva el marco interseccional al examinar cómo las identidades de clase y casta afectan la participación de mujeres en proyectos de energía solar (I=1, II=1), contextualizando sus hallazgos en el marco de las transiciones energéticas en el Sur Global (III=1, IV=1).",1138,85
334,"El paper aplica un enfoque interseccional al examinar cómo las identidades de género influyen en la experiencia del cambio climático, aunque de manera limitada (I=0.5, II=0.5). Destaca el contexto sociohistórico de comunidades tribales en India (III=1), pero su metodología no logra operacionalizar completamente las interacciones (IV=0.5).",1082,91
335,"El paper aplica de manera robusta el marco interseccional al examinar cómo las identidades entrelazadas y el poder estructural se manifiestan en la vulnerabilidad climática de comunidades mayoritariamente negras en DC. Además, utiliza un enfoque metodológico diverso que incluye análisis de archivos y entrevistas, lo que refuerza su total Bowleg de 4.",1051,87
336,"Falso positivo: el paper se centra en enfoques de paisaje integrado para abordar la adaptación al cambio climático en contextos agrícolas, pero no presenta un análisis interseccional ni considera identidades, poder estructural o contexto sociohistórico, resultando en un score Bowleg total de 0.",1155,75
337,"El paper aborda el fenómeno del genocidio desde una perspectiva interdisciplinaria, considerando identidades entrelazadas y el poder estructural en la configuración de realidades postgenocidas (I=0.5, II=0.5). Sin embargo, el análisis se mantiene en un nivel superficial, sin profundizar en interacciones complejas ni en un método que integre adecuadamente las disciplinas (IV=0.5).",1149,102
338,"El paper presenta un enfoque limitado en interseccionalidad, ya que no aborda identidades entrelazadas ni estructuras de poder, lo que resulta en un puntaje bajo en esos criterios (I=0, II=0). Aunque menciona problemas sociales y climáticos, carece de un contexto sociohistórico robusto (III=0.5), lo que contribuye al total de 0.5.",1047,100
339,"El paper aborda la interseccionalidad al considerar las interacciones entre políticas de tierra y clima (I=0.5), y analiza el poder estructural en el contexto de la seguridad climática y sus implicaciones para grupos marginalizados (II=1.0). Sin embargo, el análisis no profundiza en el contexto sociohistórico ni en un método completamente no aditivo.",1070,93
340,"Falso positivo: el paper se centra en el diseño ecológico y la sostenibilidad en la artesanía india, sin abordar aspectos interseccionales ni climáticos sustantivos. Carece de análisis sobre identidades entrelazadas, poder estructural, contexto sociohistórico y un método que capture interacciones, resultando en un total Bowleg de 0.",1112,90
341,"El paper aborda la interseccionalidad de manera limitada, mencionando identidades entrelazadas y un enfoque de justicia climática (I=0.5, II=0.5), pero carece de un análisis empírico que operacionalice estas interacciones en un contexto sociohistórico específico (IV=0). Esto resulta en un total de 1.5.",1033,93
342,"El paper aborda interseccionalidad al integrar ecofeminismo y estudios indígenas, destacando identidades entrelazadas (I=1) y resistencia al colonialismo (II=1). Además, contextualiza la lucha indígena frente a narrativas occidentales (III=1). Sin embargo, el enfoque en ciencia ficción no operacionaliza completamente las interacciones de poder (IV=0.5).",1295,95
343,"Falso positivo: el paper se centra en el análisis geológico de riesgos de inundaciones en Meca, sin abordar interseccionalidad ni poder estructural. Aunque menciona el contexto geográfico, carece de un análisis sociohistórico y no considera identidades entrelazadas ni métodos que integren dimensiones sociales.",1266,81
344,"El paper aborda la interseccionalidad de manera limitada, mencionando la relación entre luchas por justicia agraria y políticas climáticas (I=0.5), y discute la concentración de poder en el contexto de la democratización rural (II=0.5). Sin embargo, carece de un método analítico claro que operacionalice estas interacciones (IV=0).",1031,90
345,"El paper aborda la interseccionalidad al considerar cómo el género influye en la construcción de capital social en comunidades rurales de Bangladesh (I=1). Sin embargo, el análisis del poder estructural y el contexto sociohistórico es limitado, lo que reduce su puntuación total (II=0.5, III=0.5).",1094,84
346,"El paper aborda temas de incertidumbre en contextos contemporáneos como el cambio climático y la transformación neoliberal, lo que le otorga un puntaje en poder estructural (II=0.5) y contexto sociohistórico (III=0.5). Sin embargo, carece de un análisis interseccional sustantivo y un método que capture dinámicas intergrupales.",1034,91
347,"El paper aborda la interseccionalidad de manera parcial, reconociendo la relación entre la filosofía aloha 'āina y la economía circular, pero sin profundizar en cómo estas identidades co-construyen la vulnerabilidad social y ambiental. Además, el enfoque metodológico es participativo, aunque no logra operacionalizar completamente las interacciones entre identidades y estructuras de poder.",1222,90
348,"El paper aplica un enfoque interseccional robusto al examinar cómo las identidades entrelazadas de los actores de la pesca en Fiji afectan su vulnerabilidad ante COVID-19 y el ciclón Harold (I=1, II=1). Además, el análisis contextualiza las desigualdades sociales y utiliza un método cualitativo que integra múltiples perspectivas (III=1, IV=1).",1253,97
349,"El paper aplica interseccionalidad de manera efectiva al abordar identidades de género y estructuras de poder en el contexto del cambio climático y conflictos (I=1, II=1). Además, contextualiza estas dinámicas en riesgos cotidianos (III=1), aunque carece de detalles sobre los métodos empíricos utilizados (IV=0.5).",1160,87
350,"El paper aplica de manera integral el marco interseccional, abordando identidades entrelazadas y poder estructural en el contexto de la colonialidad en Canadá. Además, propone un enfoque metodológico no aditivo al sugerir éticas de responsabilidad relacional y cuidado, lo que justifica su puntuación máxima en los cuatro criterios Bowleg.",1134,86
351,"El paper aplica de manera robusta el marco interseccional al examinar cómo las identidades de género y etnicidad co-construyen la vulnerabilidad de mujeres rurales en contextos matrilineales y patrilineales (I=1, II=1). Además, utiliza un enfoque de historia de vida que permite un análisis profundo y contextualizado (IV=1), logrando un total de 4.",1082,101
352,"El paper aplica un enfoque interseccional robusto al examinar cómo las identidades de género y etnicidad afectan la vulnerabilidad de las mujeres en Bangladesh ante el cambio climático (I=1, II=1). Además, contextualiza estas dinámicas en un marco sociohistórico específico y utiliza métodos que evitan el análisis aditivo (III=1, IV=1).",1240,93
353,"El paper aborda la interseccionalidad al considerar cómo género, casta y clase interactúan en la vulnerabilidad climática (I=1), y contextualiza la política de adaptación en India, reflejando tensiones entre objetivos normativos y enfoques de políticas (III=1). Sin embargo, la operacionalización de género es insuficiente (IV=0.5).",1172,89
354,"El paper aplica de manera robusta el marco interseccional al abordar identidades entrelazadas de comunidades indígenas y sus luchas contra la criminalización (I=1), mientras examina el poder estructural en el contexto de la expansión de la infraestructura fósil y la jurisdicción indígena (II=1), logrando un análisis integral y contextualizado.",1203,86
355,"El paper aborda la interseccionalidad al examinar cómo las tensiones entre las comunidades locales y los proyectos de gobernanza ambiental global reflejan identidades entrelazadas y un contexto sociohistórico de colonización (I=0.5, III=1). Sin embargo, el enfoque etnográfico no operacionaliza completamente las interacciones (IV=0.5).",1050,93
356,"El paper aborda interseccionalmente las narrativas sobre migrantes y cambio climático, aunque de manera superficial (I=0.5). Reconoce el contexto sociohistórico de las crisis en Europa, pero carece de un análisis empírico que operacionalice estas interacciones (IV=0). Esto limita su puntuación total a 1.5.",1205,88
357,"El paper aborda la interseccionalidad de la salud pública y la seguridad, sugiriendo que las deficiencias en los servicios de salud mental afectan a poblaciones vulnerables (I=0.5, II=0.5). Sin embargo, carece de un diseño metodológico claro que operacionalice estas interacciones, lo que limita su análisis (IV=0).",972,92
358,"El paper presenta un análisis de las narrativas de la juventud en el contexto del cambio climático, pero no aborda identidades entrelazadas ni poder estructural (I=0, II=0). Aunque menciona el contexto climático (III=0.5) y utiliza un método de análisis en dos niveles (IV=0.5), carece de un enfoque interseccional robusto.",1140,96
359,"El paper aborda la interseccionalidad de género y cambio climático, señalando la reproducción de vulnerabilidades a través de discursos históricos (I=0.5, II=0.5), pero carece de un diseño empírico que operacionalice estas interacciones (IV=0). Esto limita su capacidad para ofrecer un análisis más profundo y matizado.",1170,85
360,"El paper aborda la interseccionalidad al identificar cómo la edad, la raza y el desplazamiento influyen en los síntomas de PTSD (I=0.5), y menciona factores estructurales que afectan la salud mental post-desastre (II=0.5). Sin embargo, el análisis no profundiza en el contexto sociohistórico ni en un método que integre las interacciones de manera robusta.",1157,100
361,"El paper aplica de manera sustantiva el marco interseccional, analizando cómo las identidades entrelazadas (I=1) y las estructuras de poder (II=1) influyen en la vulnerabilidad ante incendios en Saskatchewan. Además, contextualiza su análisis en un marco sociohistórico específico (III=1) y utiliza un enfoque no aditivo en su metodología (IV=1).",1257,99
362,"El paper aborda la adaptación social al cambio climático, considerando intersecciones entre dimensiones sociales, económicas y ambientales (I=0.5) y proponiendo un enfoque transformador de sistemas que perpetúan injusticias (II=0.5). Sin embargo, el análisis carece de un enfoque más profundo en las identidades y contextos específicos.",963,81
363,"El paper recibe un alto score Bowleg (3.5) al abordar identidades entrelazadas y poder estructural en el contexto de la ecofeminismo, analizando cómo la opresión de mujeres y la explotación ambiental se interrelacionan. Sin embargo, el método es solo parcialmente no aditivo, lo que limita su puntuación total.",1404,87
364,"El handbook aborda interseccionalidad al explorar cómo feminismo y género se entrelazan con violencia y justicia (I=1, II=1), además de considerar el contexto sociohistórico de temas como desigualdades globales (III=1). Sin embargo, el enfoque metodológico es diverso pero no operacionaliza completamente las interacciones (IV=0.5).",1124,88
365,"El paper aborda la interseccionalidad al considerar la relación entre energía, agua y seguridad alimentaria, así como la equidad social (I=0.5, II=0.5). Sin embargo, el análisis es limitado y no profundiza en las dinámicas de poder ni en un contexto sociohistórico específico, lo que reduce su puntuación total.",1061,89
366,"El paper aborda la interseccionalidad de manera limitada, mencionando la importancia de revitalizar culturas de estudiantes marginados (I=0.5) y enfocándose en la justicia social en la educación ambiental (II=0.5). Sin embargo, carece de un método que operacionalice estas interacciones de forma efectiva (IV=0).",1057,83
367,"El paper aplica de manera integral el marco interseccional al analizar cómo las identidades de género y las normas sociales influyen en las estrategias de adaptación al cambio climático de mujeres agricultoras en Camerún. Examina el poder estructural y el contexto sociohistórico, además de utilizar un enfoque metodológico que evita la aditividad.",1119,80
368,"El paper aborda la interseccionalidad al identificar inequidades estructurales que afectan a comunidades de color y de bajos ingresos (II=1), aunque el análisis de identidades entrelazadas es limitado y no se operacionaliza completamente el método no aditivo (I=0.5, IV=0.5), resultando en un total de 2.0.",985,92
369,"El paper aborda la interseccionalidad de manera parcial, mencionando identidades de género y coloniales en el contexto argentino (I=0.5) y discutiendo el poder estructural en la conservación ambiental (II=0.5). Sin embargo, el análisis no profundiza en las interacciones entre estas identidades y el contexto sociohistórico, resultando en un score total de 2.0.",1081,98
370,"El paper presenta una discusión sobre la gobernanza urbana y la adaptación al cambio climático en India, pero carece de un análisis sustantivo de identidades entrelazadas (I=0) y no operacionaliza interacciones entre grupos (IV=0). Se menciona el contexto sociohistórico, aunque de manera superficial (III=0.5), resultando en un total bajo.",1214,91
371,"El paper presenta un enfoque general sobre la construcción de paz ambiental, pero carece de un análisis sustantivo sobre identidades entrelazadas y poder estructural, lo que limita su puntuación en esos criterios (I=0, II=0). Solo se reconoce parcialmente el contexto sociohistórico (III=0.5), resultando en un total bajo.",1087,89
372,"El paper aplica de manera integral el marco interseccional, abordando identidades entrelazadas y el poder estructural en el contexto de comunidades rurales ghanesas. Además, utiliza un enfoque metodológico que evita la aditividad, lo que permite una comprensión profunda de las dinámicas de poder y adaptación al cambio climático.",1090,82
373,"El paper aplica de manera efectiva el marco interseccional al examinar cómo género, migración y cambio climático se entrelazan en la inseguridad alimentaria (I=1). Además, aborda el poder estructural en el contexto de las adquisiciones de tierras a gran escala (II=1), y utiliza un método robusto que evita enfoques aditivos (IV=1).",1206,93
374,"Falso positivo: el paper se centra en la ley de salud pública y su relación con la ley ambiental y agrícola, sin abordar interseccionalidad ni poder estructural. No se presenta un contexto sociohistórico ni se describen métodos, lo que resulta en un score Bowleg total de 0.",914,77
375,"El paper presenta un enfoque general sobre cambios ambientales durante la pandemia, pero carece de un análisis interseccional sustantivo, ya que no aborda identidades entrelazadas ni poder estructural. Solo se menciona el contexto de COVID-19 de manera superficial, lo que limita su puntuación total en el marco de Bowleg.",1050,84
376,"El paper aborda la interseccionalidad de clase y medio ambiente, destacando el poder estructural de la clase trabajadora en la lucha contra el cambio climático (II=1). Sin embargo, el análisis de identidades entrelazadas y el contexto sociohistórico son superficiales, lo que limita su puntuación total (I=0.5, III=0.5).",1050,94
377,"El paper aborda la interseccionalidad de manera robusta al examinar cómo las identidades raciales y étnicas influyen en la vulnerabilidad psicológica durante crisis de salud pública (I=1, II=1). Además, contextualiza estas dinámicas en el marco histórico de Estados Unidos (III=1), aunque el enfoque comparativo limita la profundidad del análisis metodológico (IV=0.5).",1203,100
378,"El paper aplica un marco interseccional de manera integral, analizando cómo las identidades de género, edad y ubicación se entrelazan para afectar la seguridad alimentaria en Ghana (I=1, II=1). Además, contextualiza el impacto del cambio climático en la dinámica familiar y las responsabilidades de las mujeres jóvenes (III=1, IV=1).",992,89
379,"El paper aborda la interseccionalidad al examinar cómo las transformaciones en los sistemas agroalimentarios están vinculadas a la mano de obra inmigrante, destacando el poder estructural de esta relación (II=1). Sin embargo, el análisis de identidades entrelazadas y el contexto sociohistórico son limitados (I=0.5, III=0.5).",1191,95
380,"El paper aplica un análisis interseccional al examinar cómo el cambio climático y la pandemia de COVID-19 co-producen injusticias, destacando identidades entrelazadas y poder estructural (I=1, II=1). Sin embargo, la falta de detalles sobre el método limita la evaluación de su enfoque (IV=0.5).",1017,88
381,"El paper presenta un enfoque limitado en la interseccionalidad, ya que no examina identidades entrelazadas ni teoriza sobre el poder estructural detrás de las desigualdades (I=0, II=0.5). Aunque menciona el contexto de Asia del Sudeste, carece de un análisis sociohistórico profundo (III=0.5) y no utiliza un método que capture interacciones (IV=0).",1049,105
382,"El paper aborda la interseccionalidad al identificar cómo el cambio climático afecta a las mujeres de manera diferenciada, considerando factores socioeconómicos y demográficos (I=0.5). Sin embargo, el análisis es limitado y no profundiza en el poder estructural ni en un método que integre las identidades de forma no aditiva (II=0.5, IV=0.5).",1133,98
383,"El paper presenta una revisión sobre la intersección entre COVID-19 y cambio climático, pero carece de un análisis sustantivo sobre identidades entrelazadas y poder estructural, lo que limita su puntuación en esos criterios (I=0, II=0). Sin embargo, menciona el contexto sociohistórico en términos de políticas y justicia social (III=0.5).",1228,95
384,"El paper aplica de manera efectiva el marco interseccional al examinar cómo género y lugar influyen en el acceso a recursos agrícolas en un contexto post-conflicto (I=1, II=1). Además, utiliza un enfoque metodológico robusto que combina análisis cualitativos y cuantitativos, lo que refuerza su contribución al entendimiento de las desigualdades (III=1, IV=1).",1186,102
385,"El paper aplica de manera integral el marco interseccional al examinar cómo el cambio climático y el racismo estructural afectan la salud infantil, abordando identidades entrelazadas (I=1), poder estructural (II=1), y un contexto sociohistórico específico (III=1), utilizando un método que no trata las variables de forma aditiva (IV=1).",1092,94
386,"El paper aplica de manera integral el marco interseccional al abordar cómo las identidades políticas y sociales co-construyen la paz resiliente al clima (I=1), y examina las estructuras de poder que influyen en las experiencias climáticas (II=1), además de ofrecer un enfoque metodológico que no es aditivo (IV=1).",1176,87
387,"El paper aborda la interseccionalidad de manera limitada, reconociendo que los efectos del cambio climático varían según identidades (I=0.5) y sugiriendo un cambio hacia una política más justa en términos de género (II=0.5). Sin embargo, carece de un análisis empírico robusto y no operacionaliza las interacciones (IV=0).",1041,92
388,"El paper aplica de manera integral el marco interseccional, abordando identidades entrelazadas de género y colonialismo (I=1), analizando el poder estructural de la opresión histórica (II=1), y contextualizando la vulnerabilidad de la tribu ante el cambio climático (III=1), utilizando un método cualitativo que evita enfoques aditivos (IV=1).",1115,94
389,"El paper aborda la interseccionalidad al considerar identidades lesbianas en contextos de opresión, como la transphobia y la desigualdad económica (I=1, II=1). Además, contextualiza la marginalización histórica de las lesbianas (III=1), aunque su enfoque metodológico es parcialmente aditivo al incluir diversas identidades (IV=0.5).",1157,93
390,"El paper presenta un enfoque en la interconexión geográfica y la agencia local en el contexto de Addis Ababa, pero carece de un análisis sustantivo sobre identidades entrelazadas y poder estructural. Solo se menciona el contexto político nacional sin un análisis histórico detallado, resultando en un bajo score Bowleg.",1040,84
391,"Falso positivo: el paper se centra en la intersección entre deportes y desarrollo urbano, sin abordar de manera sustantiva la interseccionalidad o el cambio climático. No se identifican identidades entrelazadas, poder estructural, contexto sociohistórico ni un método que considere interacciones complejas, resultando en un score Bowleg de 0.",1027,88
392,"El paper aborda interseccionalidad al examinar cómo el racismo estructural y el cambio climático impactan la promoción de la salud (I=1, II=1), y contextualiza la urgencia de responder a realidades cotidianas (III=1). Sin embargo, el enfoque en poesía como método no operacionaliza completamente las interacciones (IV=0.5).",1133,90
393,"Falso positivo: el paper se centra en la recolección y caracterización de partículas finas y ultrafinas, sin abordar aspectos interseccionales relacionados con identidades, poder estructural o contexto sociohistórico. No se presenta un análisis que considere interacciones entre variables, resultando en un score Bowleg total de 0.",1260,84
394,"El paper aborda la interseccionalidad al identificar la dificultad de posiciones interseccionales y la marginalización situada, aunque lo hace de manera limitada (I=0.5). También menciona mecanismos para manejar desigualdades en un contexto post-desastre, pero no operacionaliza completamente las interacciones entre identidades (IV=0.5).",933,86
395,"El paper aborda la interseccionalidad al explorar cómo los procesos ambientales se entrelazan con la justicia social, aunque de manera superficial (I=0.5, II=0.5). Sin embargo, carece de un enfoque metodológico sólido que operacionalice estas interacciones, lo que limita su contribución a un análisis más profundo (IV=0).",1040,89
396,"El paper aborda la interseccionalidad de manera limitada, reconociendo la relación entre cambio climático, migración y salud (I=0.5), y sugiriendo políticas transformadoras para mejorar el bienestar de las poblaciones afectadas (II=0.5). Sin embargo, carece de un enfoque metodológico que capture interconexiones de forma efectiva (IV=0).",1189,92
397,"El paper presenta un enfoque de sistemas para abordar la intersección entre urbanización y cambio climático, pero carece de un análisis interseccional sustantivo. Aunque menciona el contexto urbano y climático, no desarrolla un marco que considere identidades entrelazadas ni poder estructural, resultando en un bajo score Bowleg.",1096,80
398,"El paper recibe un score alto por su enfoque interseccional que vincula la injusticia racial con la crisis ecológica (I=1, II=1), y por su crítica al monoteísmo trascendental que perpetúa respuestas inadecuadas a esta crisis (II=1). Sin embargo, la falta de especificación sobre métodos empíricos limita el score en el criterio IV (0.5).",1235,97
399,"El paper aborda la interseccionalidad de manera limitada, con un enfoque en el poder estructural que subyace a la gobernanza ambiental (II=1), pero presenta identidades entrelazadas y contexto sociohistórico de forma superficial (I=0.5, III=0.5), lo que resulta en un total de 2.5 en el score Bowleg.",1132,92
400,"El paper aplica de manera efectiva el marco interseccional al abordar cómo las identidades entrelazadas de grupos vulnerables se ven afectadas por la pandemia y el cambio climático (I=1), y discute el poder estructural que perpetúa estas desigualdades (II=1), además de contextualizar históricamente estas injusticias (III=1) y proponer un enfoque inclusivo en la política climática (IV=1).",1216,104
401,"El paper aborda la interseccionalidad al examinar cómo determinantes sociales influyen en la movilidad e inmovilidad en el contexto del cambio climático (I=1, II=1). Sin embargo, el análisis del contexto sociohistórico es limitado y el enfoque metodológico no logra desagregar completamente las interacciones (III=0.5, IV=0.5).",1021,90
402,"El paper aplica de manera integral el marco interseccional, analizando cómo las asimetrías de poder afectan a los prosumidores dependientes de la naturaleza (I=1, II=1). Además, contextualiza los impactos en múltiples escalas temporales y espaciales (III=1) y propone soluciones prácticas, evidenciando un enfoque metodológico robusto (IV=1).",1149,93
403,"El paper aplica de manera integral el marco interseccional al abordar cómo el género y la clase co-construyen la carga emocional de los educadores tras un desastre (I=1, II=1), contextualizando su análisis en la historia de injusticia ambiental en la Costa del Golfo (III=1), utilizando un enfoque cualitativo que evita la aditividad (IV=1).",1156,93
404,"El paper presenta un enfoque interseccional al adaptar una herramienta de evaluación de impacto de género para políticas climáticas, reconociendo identidades no binarias y la interacción entre políticas y relaciones de género (I=0.5, II=0.5). Sin embargo, el análisis carece de un contexto sociohistórico profundo y un método que supere la aditividad (III=0.5, IV=0.5).",1072,101
405,"El paper aborda la interseccionalidad de género y naturaleza, aunque de manera superficial (I=0.5). También menciona preocupaciones estructurales y contextuales, como la justicia climática en la era post-COVID (II=0.5, III=0.5). Sin embargo, carece de un enfoque metodológico que integre estas dimensiones de forma no aditiva (IV=0).",960,97
406,"El paper aborda la interseccionalidad de manera parcial, mencionando temas como el activismo y el análisis de género (I=0.5), y discute el impacto de las religiones en las identidades de género (II=0.5), pero carece de un diseño metodológico claro y no operacionaliza las interacciones (IV=0).",1131,86
407,"El paper aplica de manera integral el marco interseccional al examinar cómo las identidades raciales y las políticas de compra de viviendas se entrelazan con la historia de la redlining (I=1, II=1). Además, contextualiza estas dinámicas en un marco sociohistórico específico y utiliza un enfoque metodológico robusto (III=1, IV=1).",1167,93
408,"El paper aborda la interseccionalidad de manera nominal, revisando aspectos de identidad y poder estructural en el contexto de la inclusión de niños en el discurso climático (I=0.5, II=0.5). Sin embargo, el análisis no profundiza en cómo estas identidades interactúan en el contexto sociohistórico específico (III=0.5) ni en un método que operacionalice estas interacciones (IV=0.5).",1191,107
409,"Falso positivo: el paper se centra en la simulación de fallas en sistemas de transporte durante evacuaciones por huracanes, sin abordar temas de interseccionalidad o cambio climático. No se identifican identidades, estructuras de poder, contexto sociohistórico ni un método que considere interacciones entre identidades.",1063,80
410,"El paper aborda la interseccionalidad al vincular energía y transporte, sugiriendo que su análisis conjunto puede revelar inequidades sociales (I=0.5, II=0.5). Sin embargo, carece de un diseño metodológico claro que operacionalice estas interacciones, lo que limita su capacidad de análisis profundo (IV=0).",1511,83
411,"El paper aplica de manera robusta el marco interseccional al examinar cómo identidades como género y edad interactúan con estructuras de poder en la adaptación a cambios socio-ecológicos. Utiliza un enfoque metodológico cualitativo que incluye entrevistas y observaciones, lo que permite un análisis profundo y contextualizado de las desigualdades en la adaptación.",1251,84
412,"El paper aborda la interseccionalidad al examinar cómo las identidades de género se entrelazan con otras desigualdades en el contexto urbano (I=1). Sin embargo, el análisis del poder estructural y el contexto sociohistórico es limitado, lo que afecta la profundidad del enfoque interseccional (II=0.5, III=0.5).",1091,89
413,"El paper aborda la interseccionalidad de manera parcial, identificando riesgos únicos en subgrupos y la vulnerabilidad de comunidades con menos recursos (I=0.5, II=0.5). Sin embargo, el análisis carece de un enfoque más profundo en el contexto sociohistórico y en la operacionalización de métodos interseccionales (III=0.5, IV=0.5).",980,96
414,"El paper aborda la interseccionalidad al considerar cómo el Afrofuturismo caribeño se entrelaza con las experiencias vividas de las comunidades en el contexto del cambio climático (I=0.5). Sin embargo, el análisis se queda en un nivel superficial, sin profundizar en las dinámicas de poder estructural ni en un método que integre las identidades de manera robusta.",1128,94
415,"El paper aplica de manera integral el marco interseccional al examinar cómo las dinámicas de género, edad y estado civil afectan la adaptación al cambio climático en Ghana (I=1, II=1). Además, contextualiza estas dinámicas en un marco sociohistórico específico y utiliza métodos cualitativos que evitan un enfoque aditivo (III=1, IV=1).",1128,93
416,"El paper aborda la complejidad del derecho del agua en EE. UU. en el contexto del cambio climático, reconociendo variaciones regionales (III=0.5) y el papel de las leyes en la adaptación, aunque no explora interseccionalidades ni estructuras de poder (I=0, II=0.5), resultando en un total bajo de 1.0.",1152,94
417,"El paper aplica un enfoque interseccional robusto, analizando cómo género y poder estructural se entrelazan en la política climática del Reino Unido (I=1, II=1). Además, contextualiza históricamente estas dinámicas y utiliza un método cualitativo que evita enfoques aditivos, lo que justifica su puntuación total de 4.",1023,88
418,"El paper aborda interconexiones entre política climática y apropiaciones de tierras, pero carece de un análisis interseccional robusto, ya que no menciona identidades entrelazadas (I=0) y sugiere un marco de justicia agraria sin un contexto histórico específico (III=0.5), resultando en un total Bowleg bajo.",1041,88
419,"El paper aplica un enfoque interseccional sólido, analizando cómo género y medio ambiente se entrelazan en la historia de los estudios ambientales (I=1, II=1), y discute vulnerabilidades específicas que enfrentan las mujeres (III=1). Sin embargo, el método utilizado presenta limitaciones en la operacionalización de estas interacciones (IV=0.5).",1077,92
420,"El paper aplica de manera efectiva el marco interseccional, analizando cómo las identidades de género, raza y clase interactúan en la confianza política tras desastres (I=1, II=1). Además, contextualiza los hallazgos en relación a la educación y su impacto en la confianza política (III=1), utilizando un método que evita la aditividad (IV=1).",1063,94
421,"El paper aborda la interseccionalidad al examinar cómo el acceso al aborto se ve afectado por desastres naturales, destacando identidades entrelazadas y desigualdades sociales (I=0.5, II=0.5). Sin embargo, el análisis es limitado y no profundiza en las interacciones complejas entre estos factores, resultando en un score total de 2.0.",1044,100
422,"El paper aplica de manera integral el marco interseccional al analizar cómo las identidades de clase, género, edad y lugar influyen en la percepción del riesgo climático (I=1, II=1). Además, utiliza un método narrativo que permite explorar estas intersecciones en un contexto sociohistórico específico de Suecia (III=1, IV=1).",1163,87
423,"El paper presenta una insuficiencia en el análisis interseccional, ya que no aborda identidades entrelazadas ni poder estructural (I=0, II=0). Aunque menciona el contexto de cambio climático y gestión de desastres, carece de un análisis histórico o geográfico profundo (III=0.5), resultando en un total bajo de 0.5.",1035,93
424,"El paper aborda la interseccionalidad de género y economía en el contexto del cambio climático, destacando cómo afecta de manera diferente a hombres y mujeres (I=0.5, II=0.5). Sin embargo, carece de un diseño metodológico que capture interacciones de manera efectiva (IV=0), limitando su análisis sustantivo.",910,85
425,"El paper aborda la interseccionalidad al identificar la vulnerabilidad social y el riesgo físico de inundación, aunque de manera limitada (I=0.5, II=0.5, III=0.5). Sin embargo, su enfoque metodológico es robusto al integrar modelos sociales y físicos a nivel de bloque (IV=1.0), lo que justifica el score total de 2.5.",1169,100
426,"El paper aborda la vulnerabilidad social al inundarse en Carolina del Norte, integrando características demográficas y físicas (I=0.5, II=0.5). Sin embargo, el análisis se basa en un enfoque aditivo y no profundiza en el poder estructural ni en el contexto histórico específico, limitando su potencial interseccional.",1280,86
427,"El paper aplica de manera integral el marco interseccional al examinar cómo las identidades de indigeneidad, raza y clase se entrelazan en la comprensión del cambio climático (I=1), y relaciona estas prácticas comunitarias con estructuras de poder interconectadas, evidenciando el contexto colonial y capitalista (II=1).",1137,86
428,"El paper aborda la interseccionalidad de manera limitada, reconociendo las cargas adicionales de etnicidad y clase que afectan a las mujeres (I=0.5) y señalando que las iniciativas existentes no logran reducir las disparidades de género (II=0.5). Sin embargo, el enfoque en la participación en lugar de los resultados limita su análisis (IV=0).",1213,95
429,"El paper aborda la interseccionalidad de manera limitada al mencionar la necesidad de estudios de género en el nexo turismo-agua (I=0.5), pero no proporciona un análisis sobre cómo las desigualdades se generan a partir de estructuras de poder (II=0) ni presenta un método que capture interacciones (IV=0).",1119,85
430,"El paper aborda la interseccionalidad al mencionar identidades como raza y género, aunque de manera superficial (I=0.5). También discute el poder estructural en el contexto de la cyborgificación, pero carece de un análisis profundo y un método que evite la aditividad (IV=0). Esto limita su puntuación total a 1.5.",1119,90
431,"El paper presenta un enfoque limitado en interseccionalidad, ya que no aborda identidades entrelazadas ni poder estructural (I=0, II=0). Sin embargo, menciona la importancia de involucrar a actores de salud pública en iniciativas climáticas, lo que le otorga un puntaje parcial en contexto sociohistórico (III=0.5).",1054,91
432,"El paper aborda la interseccionalidad al examinar cómo el género influye en la vulnerabilidad climática, aunque lo hace de manera limitada (I=0.5, II=0.5). Destaca el contexto sociohistórico de la región del Himalaya (III=1.0) y utiliza métodos cualitativos, pero no logra operacionalizar completamente las interacciones (IV=0.5).",1171,100
433,"El paper aplica de manera integral el marco interseccional, analizando cómo las identidades de género y otras características sociales influyen en las estrategias de adaptación de las mujeres agricultoras en Ghana (I=1, II=1). Además, utiliza un enfoque metodológico robusto que incluye entrevistas y grupos focales (IV=1), lo que permite un análisis profundo del contexto sociohistórico (III=1).",1107,99
434,"El paper aborda la interseccionalidad al vincular género y desigualdad con el cambio climático (I=0.5, II=1.0), y propone el Green New Deal como política interseccional (III=0.5). Sin embargo, el análisis no operacionaliza completamente las interacciones entre identidades y el método es parcialmente aditivo (IV=0.5).",1054,95
435,"Falso positivo: el paper se centra en la innovación de modelos de negocio en la educación superior a través de la transformación digital, sin abordar aspectos interseccionales, de poder estructural o contexto sociohistórico, lo que resulta en un score Bowleg total de 0.",1047,71
436,"El paper aborda la interseccionalidad al reconocer diferencias de vulnerabilidad de género, aunque de manera limitada (I=0.5). Destaca el poder estructural al analizar cómo las vulnerabilidades son producto de interacciones contextuales y socioeconómicas (II=1.0), pero el enfoque metodológico no logra integrar completamente estas interacciones (IV=0.5).",1086,89
437,"El paper aplica de manera robusta el marco interseccional, abordando identidades entrelazadas y poder estructural en el contexto de la justicia climática feminista. Además, utiliza un método cualitativo que permite explorar las experiencias de los miembros de la Coalición, lo que contribuye a un análisis profundo y contextualizado.",1075,81
438,"El paper presenta un enfoque limitado en interseccionalidad, con un score bajo en identidades entrelazadas (I=0) y un método que no captura interacciones (IV=0). Aunque aborda el poder estructural y el contexto geográfico, carece de un análisis profundo sobre cómo estos factores se entrelazan en el cambio climático.",972,87
439,"El paper aborda la interseccionalidad de manera limitada, mencionando movimientos previos que integran el racismo ambiental y la justicia climática (I=0.5), y reconoce el poder estructural de las crisis ecológicas (II=0.5). Sin embargo, carece de un método que operacionalice las interacciones de manera efectiva (IV=0).",1007,91
440,"El paper presenta un análisis limitado de interseccionalidad, ya que no aborda identidades entrelazadas ni poder estructural (I=0, II=0). Aunque menciona el contexto sociohistórico de grupos religiosos en ecología política (III=0.5), su enfoque no operacionaliza interacciones complejas ni utiliza un método que integre estas dimensiones (IV=0).",1091,92
441,"El paper aborda interseccionalidad al considerar identidades entrelazadas y el poder estructural que afecta la salud en Puerto Rico (I=1, II=1). Además, contextualiza las disparidades en factores sociohistóricos relevantes (III=1), aunque el método carece de detalles empíricos específicos, lo que limita su puntuación total (IV=0.5).",1127,92
442,"El paper aplica de manera robusta el marco interseccional al abordar cómo las identidades de los jóvenes activistas se entrelazan con la exclusión colonial en las negociaciones climáticas (I=1, II=1). Además, contextualiza la importancia de las prioridades indígenas en la transformación de políticas climáticas (III=1) y utiliza un método cualitativo adecuado (IV=1).",1080,94
443,"El paper aborda la interseccionalidad de manera parcial, mencionando determinantes interseccionales de salud y la equidad en salud (I=0.5, II=0.5). Sin embargo, el enfoque es más descriptivo que analítico, y no se profundiza en el contexto sociohistórico ni en un método que integre las interacciones de manera robusta.",917,92
444,"El paper aborda la interseccionalidad de identidades al considerar tanto lo humano como lo más que humano en la educación sobre cambio climático (I=0.5, II=0.5). Sin embargo, el análisis se queda en un enfoque relacional sin profundizar en el contexto sociohistórico específico ni en un método que operacionalice interacciones de manera robusta.",1091,91
445,"El paper aplica de manera robusta el marco interseccional al analizar cómo las políticas de la BMGF refuerzan desigualdades raciales y de género (I=1, II=1), contextualizando estas dinámicas en un marco histórico de violencia estructural (III=1) y proponiendo un enfoque metodológico que considera múltiples actores y contextos (IV=1).",1362,91
446,"El paper aborda el tráfico de vida silvestre como un problema complejo, mencionando factores culturales y la ineficacia institucional (II=0.5), pero carece de un análisis profundo de identidades interrelacionadas y contexto histórico específico (I=0, III=0.5). La metodología no considera interacciones entre grupos (IV=0), resultando en un total de 1.0.",1180,97
447,"El paper aborda la interseccionalidad de género en el contexto de crisis en las relaciones externas de la Unión Europea, identificando cómo estas crisis pueden afectar la atención a la igualdad de género (I=0.5, II=0.5). Sin embargo, carece de un diseño empírico claro que operacionalice estas interacciones (IV=0).",1078,86
448,"El paper aborda la interseccionalidad al mencionar comunidades indígenas y sus desafíos (I=0.5) y discute cómo diversas formas de justicia interactúan (II=0.5). Sin embargo, carece de un método que operacionalice estas interacciones de manera efectiva (IV=0), lo que limita su total Bowleg a 1.5.",1010,86
449,"El paper presenta un enfoque interdisciplinario sobre lenguas y lingüística, pero carece de un análisis sustantivo de identidades entrelazadas y poder estructural (I=0, II=0). Aunque menciona contextos como la política y la identidad cultural, no profundiza en ellos (III=0.5), resultando en un total bajo.",1070,90
450,"El paper aborda la interseccionalidad al mencionar desigualdades estructurales como género y pobreza, pero lo hace de manera superficial (I=0.5, II=0.5). Aunque reconoce la importancia de contextos sociales y metodologías emergentes, no profundiza en cómo estas interacciones se manifiestan en la práctica (III=0.5, IV=0.5).",1007,93
451,"El paper aborda la interseccionalidad de manera limitada, reconociendo que el cambio climático afecta desproporcionadamente a poblaciones vulnerables (I=0.5) y que actúa como un multiplicador de amenazas que influye en la migración (II=0.5). Sin embargo, carece de un enfoque metodológico robusto (IV=0).",1166,92
452,"El paper aborda la interseccionalidad al examinar cómo género, pobreza y ruralidad co-construyen la vulnerabilidad (I=1, II=1), aunque el contexto sociohistórico y el método no se operacionalizan completamente, lo que limita su análisis (III=0.5, IV=0.5). Esto explica el total de 3.0 en el score Bowleg.",1010,97
453,"El paper integra de manera efectiva los cuatro criterios de Bowleg: examina identidades entrelazadas en el contexto de la agricultura climáticamente inteligente, analiza el poder estructural en dinámicas de género, contextualiza en el entorno sociohistórico africano y utiliza un método mixto que evita enfoques aditivos, lo que justifica su puntuación total.",1223,88
454,"El paper aborda de manera sustantiva la interseccionalidad al examinar cómo las tecnologías de energía baja en carbono afectan la equidad de género y social (I=1, II=1), y contextualiza estas dinámicas en estructuras socioeconómicas históricas (III=1), aunque carece de detalles sobre el método utilizado (IV=0.5).",1009,90
455,"El paper presenta un enfoque interseccional limitado, al abordar la relación entre género y cambio climático a través de las obras de tres artistas mujeres (I=0.5), y menciona el contexto histórico de la representación masculina en la tradición visual antártica (III=0.5), pero carece de un método que operacionalice estas interacciones (IV=0).",1054,88
456,"El paper presenta un análisis de las economías políticas de la transición energética en Brasil y Sudáfrica, pero carece de un enfoque interseccional robusto, ya que no aborda identidades entrelazadas ni proporciona un diseño metodológico que capture interacciones, resultando en un bajo puntaje total de 1.0.",1032,83
457,"El paper aborda la intersección entre el arte y el patrocinio corporativo, destacando el poder de las relaciones en el contexto de la justicia cultural (II=0.5), pero carece de un análisis profundo de identidades entrelazadas y un contexto histórico específico (I=0, III=0.5), resultando en un total bajo de 1.0.",1035,94
458,"El paper aborda interseccionalidad de manera limitada, mencionando la relación entre sistemas alimentarios, cambio climático y salud (I=0.5), y reconoce estructuras de poder que contribuyen a crisis sanitarias (II=0.5). Sin embargo, carece de un diseño metodológico claro y no operacionaliza las interacciones (IV=0).",954,88
459,"El paper aborda la interseccionalidad al identificar un sujeto masculino joven como vulnerable a la radicalización, aunque de manera limitada (I=0.5). También examina las relaciones de poder en el contexto de la política climática y la radicalización (II=0.5), pero no profundiza en el contexto sociohistórico ni en un método robusto.",1195,90
460,"El paper aborda interseccionalidad al examinar desigualdades en salud entre poblaciones BAME (I=1), y discute el impacto del colonialismo en la inequidad sanitaria (II=1), además de contextualizar la importancia de sistemas de sanación indígenas (III=1). Sin embargo, el enfoque metodológico es parcialmente aditivo, lo que limita su puntuación total (IV=0.5).",1238,98
461,"Falso positivo: el capítulo se centra en el desarrollo de un centro de salud relacionado con el cambio climático, pero carece de análisis interseccional sustantivo, no aborda identidades entrelazadas, poder estructural ni contexto sociohistórico, y no detalla un método que considere interacciones complejas.",1016,80
462,"El paper aborda la interseccionalidad de manera limitada, mencionando movimientos previos relacionados con el racismo ambiental y la justicia climática (I=0.5), y reconoce el poder estructural de las crisis ecológicas (II=0.5). Sin embargo, carece de un diseño metodológico que capture interacciones de manera efectiva (IV=0).",991,87
463,"El paper aborda la dinámica de poder en asociaciones comunitarias, lo que justifica un score moderado en poder estructural (II=0.5), pero carece de un análisis profundo sobre identidades entrelazadas y contexto sociohistórico, resultando en un total bajo de 1.0. La metodología no captura interacciones intergrupales.",1349,88
464,"Falso positivo: el paper se centra en la transformación de prácticas veganas y el papel de las TIC, sin abordar interseccionalidad ni cambio climático de manera sustantiva. No se mencionan identidades entrelazadas, poder estructural, contexto sociohistórico ni un método que considere interacciones entre grupos.",1034,81
465,"El paper aborda la interseccionalidad al considerar cómo la religión influye en la percepción del cambio climático (I=0.5) y reconoce el contexto político actual que afecta la comunicación ambiental (III=0.5). Sin embargo, carece de un método que operacionalice estas interacciones de manera efectiva (IV=0).",1218,80
466,"El paper presenta una discusión sobre la relación entre el estado y los desafíos ambientales en el contexto del Antropoceno, lo que justifica un puntaje bajo en identidades entrelazadas (I=0) y un reconocimiento limitado del poder estructural (II=0.5), resultando en un total de 1.0.",1098,81
467,"El paper aborda el poder estructural al identificar inequidades que aumentan la vulnerabilidad ante desastres (II=1), y menciona identidades entrelazadas de manera superficial (I=0.5). Sin embargo, el análisis carece de un enfoque más profundo en las interacciones entre identidades y contexto sociohistórico (III=0.5), resultando en un total de 2.",974,96
468,"El paper aplica de manera efectiva el marco interseccional al abordar cómo diversas formas de invisibilidad afectan a poblaciones vulnerables en América Latina (I=1, II=1). Además, contextualiza estas dinámicas en un marco sociohistórico específico y propone métodos que no tratan las identidades como aditivas, logrando un score total de 4.",1203,87
469,"El paper aborda la intersección entre cambio climático y recursos terrestres, pero no explora identidades entrelazadas (I=0). Reconoce el contexto sociohistórico de Sudáfrica y las implicaciones del poder estructural en la reforma agraria (II=0.5, III=0.5), aunque carece de un enfoque metodológico que integre estas dimensiones (IV=0).",1143,96
470,"El paper aplica de manera robusta el marco interseccional al analizar cómo diversas identidades y relaciones de poder se entrelazan para afectar la vulnerabilidad de los agricultores ante extremos climáticos. Utiliza un enfoque cualitativo que considera el contexto sociohistórico específico, lo que justifica su puntuación máxima en todos los criterios.",1107,83
471,"El paper aplica un marco interseccional robusto al examinar cómo las identidades de género se entrelazan con las dinámicas de poder en el contexto de las negociaciones climáticas (I=1, II=1). Además, contextualiza las decisiones en los COPs como elementos que perpetúan desigualdades socioambientales (III=1) y utiliza métodos cualitativos que evitan enfoques aditivos (IV=1).",1162,106
472,"El paper aplica de manera efectiva el marco interseccional al examinar identidades entrelazadas y poder estructural en la gobernanza ambiental indígena (I=1, II=1). Además, contextualiza su análisis en un entorno sociohistórico específico y utiliza un enfoque metodológico que evita la aditividad, lo que justifica el score total de 4.",1103,89
473,"El paper aborda la interseccionalidad de manera moderada, considerando identidades y poder estructural en el contexto de la justicia ambiental (I=0.5, II=0.5). Sin embargo, el análisis se queda en un enfoque aditivo y no profundiza en las interacciones complejas entre las variables (IV=0.5), resultando en un total de 2.0.",1230,98
474,"El paper aborda la intersección entre acción climática y justicia, aunque de manera superficial, con menciones a diferentes enfoques de justicia (I=0.5) y la fusión de preocupaciones (II=0.5). Sin embargo, carece de un diseño empírico que operacionalice estas interacciones (IV=0).",1032,85
475,"El paper aplica un enfoque interseccional al evaluar la representación de diversas poblaciones femeninas en la CSW, considerando identidades entrelazadas y poder estructural, aunque de manera limitada. Utiliza un método mixto que permite un análisis más profundo, pero no logra abordar completamente las interacciones entre las variables.",1364,80
476,"El paper aborda la interseccionalidad de manera limitada, mencionando enfoques interseccionales (I=0.5), pero se enfoca más en el poder estructural al criticar discursos de securitización y políticas anti-migratorias (II=1.0). El contexto sociohistórico y el método son considerados, pero no se desarrollan de forma robusta (III=0.5, IV=0.5).",1000,103
477,"El paper aborda la interseccionalidad al examinar cómo el género se entrelaza con otras condiciones contextuales para definir vulnerabilidades (I=1, II=1). Además, considera el contexto sociohistórico que influye en estas experiencias (III=1), aunque su enfoque en la revisión de literatura limita la operacionalización del método (IV=0.5).",1042,88
478,"El paper aborda la interseccionalidad de manera limitada, mencionando influencias diversas en el estudio de masculinidades (I=0.5, II=0.5, III=0.5), pero carece de un enfoque metodológico que operacionalice estas interacciones de forma no aditiva (IV=0). Esto resulta en un total de 1.5 en el score Bowleg.",1217,94
479,"El paper aborda la interseccionalidad al explorar cómo el discurso sobre desastres climáticos se entrelaza con biografía, cultura y política (I=0.5, II=0.5), pero carece de un método que operacionalice estas interacciones de manera efectiva (IV=0). Esto limita su capacidad para ofrecer un análisis más profundo de las dinámicas interseccionales.",1151,94
480,"Falso positivo: el paper se centra en la teoría y filosofía de las fronteras, sin abordar interseccionalidad o cambio climático de manera sustantiva. Aunque menciona temas relevantes como la vulnerabilidad climática, no analiza identidades entrelazadas ni poder estructural, resultando en un bajo score Bowleg.",1117,79
481,"El paper aborda de manera sustantiva las identidades entrelazadas de las comunidades indígenas y su vulnerabilidad en el contexto de justicia ambiental y alimentaria (I=1, II=1). Además, considera el impacto de estructuras coloniales en su bienestar (II=1), aunque el método no se detalla explícitamente (IV=0.5).",990,88
482,"Falso positivo: el paper se centra en el trauma y el desarrollo de la identidad en estudiantes universitarios, sin abordar interseccionalidad ni poder estructural. No se menciona la interacción entre identidades ni se proporciona un contexto sociohistórico, lo que resulta en un score Bowleg total de 0.",951,79
483,"El paper aborda el impacto de cambios demográficos y socioeconómicos en una comunidad rural, destacando el poder estructural que erosiona instituciones locales (II=1). Sin embargo, el análisis de identidades entrelazadas es limitado, ya que solo menciona a mujeres mayores sin profundizar en sus interacciones sociales (I=0.5).",1145,87
484,"El paper presenta un enfoque en la historia del agua y su interdisciplina, pero no aborda identidades entrelazadas ni poder estructural, resultando en un puntaje bajo en esos criterios (I=0, II=0). Aunque menciona el contexto histórico, carece de un análisis sociohistórico profundo (III=0.5), lo que limita su total a 0.5.",1153,94
485,"El paper aplica un enfoque interseccional robusto al integrar identidades entrelazadas y cuestionar estructuras de poder en la toma de decisiones ambientales (I=1, II=1). Además, contextualiza su análisis en procesos históricos específicos y propone un método que no trata las variables de manera aditiva, lo que justifica el score total de 4.",1166,89
486,"El paper aborda la interseccionalidad de manera parcial, al explorar cómo las historias de vida individuales y colectivas se entrelazan con la religión en el contexto laboral (I=0.5). Sin embargo, carece de un diseño metodológico que capture interacciones de manera efectiva (IV=0).",962,75
487,"El paper aborda identidades entrelazadas al identificar cómo la raza y el estatus de vivienda influyen en la inseguridad alimentaria (I=1), y utiliza un enfoque metodológico que permite analizar interacciones complejas entre factores (IV=1). Sin embargo, el análisis del poder estructural y el contexto sociohistórico es limitado (II=0.5, III=0.5).",1145,94
488,"El paper aborda la interseccionalidad al examinar cómo el cambio climático impacta la salud mental en Tuvalu, destacando el poder estructural y las inequidades globales (II=1). Además, utiliza un muestreo intencional que permite captar la complejidad del contexto sociohistórico (III=1), aunque el análisis de identidades es más limitado (I=0.5).",1121,96
489,"El paper presenta una crítica a la educación ambiental desde una perspectiva teórica, reconociendo problemas estructurales como la neo-liberalización (II=0.5) y mencionando contextos históricos (III=0.5), pero carece de un análisis interseccional sustantivo y un diseño metodológico que capture interacciones entre variables (I=0, IV=0).",1536,95
490,"El paper aplica de manera integral el marco interseccional, analizando cómo género, religión y estado civil co-construyen las relaciones de género en comunidades afectadas por el ciclón Aila (I=1, II=1). Además, contextualiza los efectos históricos del desastre en los medios de vida (III=1) y utiliza un enfoque metodológico adecuado (IV=1).",1068,94
491,"El paper presenta un análisis limitado de la interseccionalidad, ya que no aborda identidades entrelazadas (I=0) y carece de un diseño que capture interacciones entre variables (IV=0). Reconoce el poder estructural de las políticas chinas en la inversión agraria (II=0.5) y menciona el contexto de Asia Central de forma superficial (III=0.5).",1241,101
492,"El paper aplica de manera integral el marco interseccional al examinar cómo raza y educación influyen en el riesgo de parto prematuro asociado a olas de calor (I=1, II=1). Además, contextualiza los hallazgos en el entorno sociohistórico de Minnesota (III=1) y utiliza un enfoque metodológico robusto (IV=1), logrando un total de 4.",1225,97
493,"El paper aplica de manera efectiva el marco interseccional al examinar cómo género, relaciones generacionales y estatus socioeconómico influyen en las prácticas de remesas (I=1, II=1). Además, utiliza un enfoque cualitativo que considera el contexto sociohistórico de la migración en Tailandia (III=1) y un método que evita la aditividad (IV=1).",1044,100
494,"El paper presenta un análisis de marcos y valores noticiosos en el contexto del cambio climático, pero carece de un enfoque interseccional sustantivo, ya que no aborda identidades entrelazadas (I=0) ni teoriza sobre el poder estructural (II=0.5). Su total Bowleg refleja estas limitaciones en el análisis.",1127,87
495,"El paper aborda la interseccionalidad de manera limitada, mencionando actores en la lucha ambiental (I=0.5) y el poder de las voces de las víctimas (II=0.5), pero carece de un análisis contextual profundo y no presenta un método claro que evite la aditividad (IV=0).",1105,83
496,"El paper aplica de manera integral el marco interseccional al examinar cómo las identidades de género se entrelazan con las transformaciones agrícolas en contextos específicos de África, América Latina y Asia (I=1, II=1, III=1), utilizando enfoques metodológicos innovadores que evitan análisis aditivos (IV=1), resultando en un score total de 4.",1059,96
497,"El paper aborda la equidad, diversidad e inclusión en el contexto de la ciencia de plantas, lo que le otorga un puntaje parcial en poder estructural (II=0.5) y contexto sociohistórico (III=0.5), pero carece de un análisis de identidades entrelazadas y un diseño empírico que capture interacciones (I=0, IV=0).",1532,97
498,"Falso positivo: el paper se centra en la gobernanza climática urbana y la rendición de cuentas a través de datos, sin abordar interseccionalidad ni aspectos climáticos relacionados con identidades, poder estructural o contexto sociohistórico, lo que resulta en un score Bowleg total de 0.",964,78
499,"El paper presenta un análisis limitado de interseccionalidad, sin abordar identidades entrelazadas (I=0) y con un enfoque débil en el poder estructural (II=0.5), aunque menciona la necesidad de un marco de ecología política crítica para entender las respuestas sociales al cambio climático (III=0.5).",1157,86
500,"El paper aborda la intersección entre desastres naturales y poblaciones humanas, pero no examina identidades entrelazadas (I=0). Reconoce el poder estructural en la definición de desastres por discursos gubernamentales y mediáticos (II=0.5), y considera el contexto sociohistórico de la respuesta a desastres en el Pacífico (III=0.5).",1065,96
501,"El paper aborda la interseccionalidad de manera limitada, mencionando identidades y barreras en el acceso a la recreación al aire libre (I=0.5) y el contexto sociohistórico de cambios demográficos (III=0.5), pero carece de un método que operacionalice estas interacciones de forma sustantiva (IV=0).",1143,90
502,"El paper aborda la interseccionalidad de manera limitada, considerando cómo el cambio demográfico afecta la vulnerabilidad y la gestión de riesgos (I=0.5, II=0.5), pero carece de un enfoque metodológico que capture interacciones entre variables (IV=0). Esto resulta en un total de 1.5, reflejando un análisis inicial pero incompleto.",1181,92
503,"El paper aplica interseccionalidad de manera efectiva al analizar cómo las identidades de raza, clase y género influyen en la mortalidad por COVID-19 (I=1, II=1), y contextualiza su análisis en la historia de pandemias pasadas (III=1), aunque carece de detalles sobre el diseño metodológico (IV=0.5).",1003,91
504,"El paper aborda la interseccionalidad de manera limitada, reconociendo sesgos conscientes y no conscientes en la justicia racial y de género (I=0.5, II=0.5), y menciona la diversidad de contextos (III=0.5). Sin embargo, carece de un diseño empírico que operacionalice estas interacciones (IV=0).",1046,90
505,"El paper presenta una introducción a los estudios de medios ambientales, pero carece de un análisis sustantivo sobre identidades entrelazadas y poder estructural, lo que limita su puntuación en esos criterios (I=0, II=0). Solo se menciona el contexto sociohistórico de manera superficial (III=0.5), resultando en un total bajo.",989,92
506,"Falso positivo: el paper se centra en el análisis del mercado laboral y competencias en salud pública relacionadas con el cambio climático, sin abordar aspectos interseccionales, de poder estructural o contexto sociohistórico. La metodología utilizada no considera interacciones entre grupos, resultando en un score Bowleg total de 0.",1157,79
507,"El paper aborda intersecciones entre crisis climática y problemas sociales como inmigración y salud pública, aunque de manera superficial (I=0.5). También cuestiona la visión aislada de la política climática, sugiriendo un enfoque más equitativo (II=0.5), pero carece de un diseño empírico claro (IV=0).",934,89
508,"El paper aborda la interseccionalidad de manera limitada, reconociendo cómo las tendencias demográficas influyen en la exposición a riesgos ambientales (I=0.5) y mencionando las libertades sociales restringidas como un factor estructural (II=0.5). Sin embargo, carece de un enfoque metodológico que capture interacciones de manera efectiva (IV=0).",1002,93
509,"El paper presenta un enfoque sobre la economía islámica y su relación con el cambio climático, pero carece de un análisis interseccional sustantivo, ya que no aborda identidades entrelazadas ni poder estructural. Solo menciona la historia colonial sin un contexto sociohistórico detallado, resultando en un bajo score Bowleg.",1043,85
510,"El paper aborda la interseccionalidad de manera limitada, reconociendo la confusión entre equidad y disparidades de salud (I=0.5, II=0.5). Aunque se mencionan innovaciones metodológicas para evaluar la equidad en HIA, no se profundiza en el contexto sociohistórico ni se operacionalizan las interacciones de manera robusta (III=0.5, IV=0.5).",1099,105
511,"El paper aborda la interseccionalidad y el poder estructural al criticar la Constitución de EE. UU., aunque de manera superficial, lo que se refleja en los scores parciales. Se menciona la necesidad de actualizar derechos negativos a positivos, pero el análisis no profundiza en las interacciones complejas entre identidades y estructuras de poder.",1122,82
512,"El paper presenta un análisis de la complejidad institucional en la gobernanza de REDD+, pero carece de un enfoque interseccional sustantivo, ya que no aborda identidades entrelazadas ni poder estructural. Solo se menciona el contexto de REDD+ sin un análisis histórico profundo, resultando en un score total bajo.",1221,86
513,"El paper aborda la interseccionalidad al considerar cómo el neoliberalismo actúa como un proyecto racial que afecta a comunidades de color (II=1), pero su análisis de identidades entrelazadas es limitado y no operacionaliza completamente las interacciones (I=0.5), resultando en un score total de 2.0.",1040,82
514,"El paper presenta un enfoque sobre la gestión de manantiales en India, pero carece de un análisis interseccional sustantivo, ya que no aborda identidades entrelazadas ni poder estructural (I=0, II=0). Solo se menciona la variabilidad de intervenciones en diferentes valles, sin un contexto sociohistórico profundo (III=0.5).",1140,95
515,"Falso positivo: el paper se centra en la estimación de la pérdida de combustible y la dispersión de contaminantes en intersecciones de tráfico, sin abordar aspectos interseccionales o climáticos. No se discuten identidades, estructuras de poder ni contexto sociohistórico, lo que resulta en un score Bowleg total de 0.",1185,85
516,"El paper aplica de manera efectiva el marco interseccional, analizando cómo género, clase y sexualidad interactúan en la resiliencia comunitaria ante cambios ecológicos (I=1, II=1). Además, el contexto sociohistórico y el enfoque metodológico cualitativo permiten una comprensión profunda de las dinámicas de poder y desigualdad (III=1, IV=1).",1070,91
517,"El paper aborda la interseccionalidad de forma limitada, mencionando cómo las experiencias religiosas se ven afectadas por tragedias (I=0.5) y contextualizando la espiritualidad en situaciones de trauma (III=0.5), pero carece de un análisis del poder estructural y un método que operacionalice las interacciones (II=0, IV=0).",1022,92
518,"El paper aborda la interseccionalidad al mencionar identidades entrelazadas y su impacto en la justicia ambiental (I=0.5, II=0.5), además de ofrecer un contexto histórico del movimiento de justicia ambiental (III=0.5). Sin embargo, carece de un enfoque metodológico que operacionalice estas interacciones (IV=0).",1062,90
519,"Falso positivo: el paper trata sobre el comportamiento del escurrimiento en intersecciones urbanas, sin contenido interseccional-climático sustantivo. No aborda identidades, poder estructural, contexto sociohistórico ni interacciones sociales, lo que resulta en un score Bowleg total de 0.",1139,79
520,"El paper aborda la interseccionalidad de manera limitada, destacando la identidad queer y la tensión en la comunidad (I=0.5) y mencionando políticas antirracistas (II=0.5), pero carece de un análisis empírico claro y no operacionaliza las interacciones entre identidades (IV=0). Esto resulta en un total de 1.5.",1048,93
521,"El manual aborda la interseccionalidad al presentar análisis críticos sobre género y medio ambiente, aunque de forma superficial (I=0.5, II=0.5). Además, se menciona el contexto histórico del campo, pero no se profundiza en cómo las identidades y el poder estructural interactúan en la práctica (III=0.5, IV=0.5).",1041,94
522,"El paper aborda la interseccionalidad al examinar cómo las identidades de los migrantes y su situación como recicladores se entrelazan con el poder estructural y la justicia social (I=1, II=1). Además, contextualiza su análisis en factores sociohistóricos relevantes (III=1), aunque el método cualitativo no operacionaliza completamente las interacciones (IV=0.5).",1046,96
523,"El paper aborda la interseccionalidad de manera limitada, reconociendo cómo el sistema energético global afecta desproporcionadamente a los más vulnerables (I=0.5) y discute el poder estructural en el contexto de la riqueza y el desarrollo (II=0.5), pero carece de un método analítico claro (IV=0).",971,89
524,"El paper presenta un enfoque sobre gobernanza adaptativa en el contexto del cambio climático, reconociendo la necesidad de flexibilidad en la gestión de recursos hídricos (II=0.5) y mencionando el impacto del cambio climático (III=0.5), pero carece de un análisis interseccional y un diseño metodológico que aborde interacciones (I=0, IV=0).",1170,95
525,"El paper aplica de manera integral el marco interseccional, analizando cómo las identidades de los migrantes climáticos se entrelazan con el poder estructural en el contexto de la gobernanza ambiental (I=1, II=1). Además, considera el contexto sociohistórico y utiliza un enfoque metodológico que evita la aditividad (III=1, IV=1).",1199,94
526,"El paper aborda el poder estructural al examinar las relaciones entre el gobierno nacional y los intereses locales en el contexto de la gobernanza urbana (II=1). Sin embargo, carece de un análisis profundo de identidades interseccionales y su interrelación, lo que limita su puntuación total (I=0).",1502,81
527,"El paper aborda la interseccionalidad de manera parcial, destacando el poder estructural al criticar cómo el marco de derechos humanos perpetúa injusticias (II=1), pero presenta identidades entrelazadas de forma limitada y no operacionaliza completamente las interacciones entre ellas (I=0.5), resultando en un total de 2.0.",1181,90
528,"El paper aplica de manera integral el marco interseccional al examinar cómo las identidades de género, raza y clase se entrelazan en el contexto de desastres naturales, específicamente tras el huracán Katrina. Utiliza teorías críticas que abordan el poder estructural y el contexto sociohistórico, logrando un análisis no aditivo y completo.",1029,88
529,"El paper aborda la interseccionalidad al reconocer cómo el cambio climático se entrelaza con la justicia racial, de género y económica (I=1), y examina el poder estructural en las luchas transnacionales contra el carbón (II=1). Sin embargo, el análisis metodológico es parcialmente aditivo, lo que limita su puntuación total (IV=0.5).",1038,95
530,"El paper aborda el poder estructural en el contexto de la globalización y su impacto en las decisiones políticas (II=1), pero carece de un análisis interseccional sustantivo, ya que no explora identidades entrelazadas ni presenta un diseño metodológico que capture interacciones (I=0, IV=0).",1077,81
531,"El paper aborda el poder estructural al analizar cómo se justifican los acuerdos de tierras tras desastres, reflejando dinámicas de élite y campesinos (II=1). Sin embargo, el tratamiento de identidades y el contexto sociohistórico son superficiales, limitando su puntuación total (I=0.5, III=0.5).",985,89
532,"El paper presenta un análisis de la comunicación ambiental de la extrema derecha, pero carece de un enfoque interseccional sustantivo, ya que no aborda identidades entrelazadas ni poder estructural (I=0, II=0). Solo menciona el contexto sociohistórico de manera superficial (III=0.5), resultando en un score total bajo.",1080,88
533,"El paper aborda la interseccionalidad de manera limitada, reconociendo efectos de género y otros factores en creencias sobre sostenibilidad (I=0.5), pero no analiza cómo las estructuras de poder generan desigualdades (II=0). Además, presenta un contexto amplio sobre sostenibilidad en marketing (III=0.5) y utiliza un método de encuesta global (IV=0.5).",1086,98
534,"El paper aborda la construcción social del riesgo de desastre y su relación con el cambio ambiental, lo que le otorga un puntaje en poder estructural (II=0.5) y contexto sociohistórico (III=0.5). Sin embargo, carece de un análisis interseccional sustantivo y no presenta un método que capture interacciones (I=0, IV=0).",1161,93
535,"El paper aborda la intersección entre justicia social y ambiental, lo que justifica el puntaje en poder estructural y contexto sociohistórico (II=0.5, III=0.5). Sin embargo, carece de un análisis sustantivo de identidades entrelazadas y un método que operacionalice estas interacciones, resultando en un total bajo.",1006,91
536,"Falso positivo: el paper se centra en proyecciones hidrológicas para el sector hidroeléctrico brasileño, sin abordar aspectos interseccionales o climáticos sustantivos. No se mencionan identidades, estructuras de poder, contexto sociohistórico ni un enfoque metodológico que considere interacciones sociales, resultando en un total Bowleg de 0.",1133,87
537,"Falso positivo: el paper se centra en los impactos del cambio climático en la recreación al aire libre, sin abordar aspectos interseccionales, estructuras de poder, contexto sociohistórico o un método que capture interacciones. Por lo tanto, no se asignan scores Bowleg en ninguno de los criterios.",1064,77
538,"El paper aborda de manera sustantiva la interseccionalidad al examinar cómo las identidades de género, raza y clase influyen en las opciones de adaptación al clima (I=1, II=1). Además, contextualiza estas dinámicas en marcos políticos y económicos (III=1), aunque su enfoque metodológico aún presenta limitaciones (IV=0.5).",1063,93
539,"El paper aplica un enfoque interseccional robusto, analizando cómo las identidades de género y socioeconómicas se entrelazan para afectar la vulnerabilidad ante el cambio climático en comunidades urbanas (I=1, II=1). Además, contextualiza la problemática en el entorno específico de Accra, lo que refuerza su relevancia (III=1, IV=1).",1161,95
540,"El paper aborda interseccionalidad al examinar cómo raza, clase y género se entrelazan en el contexto de la educación en ciencias de la computación (I=1, II=1), aunque el análisis del contexto sociohistórico y el método no son completamente robustos, lo que limita su puntuación total (III=0.5, IV=0.5).",1071,90
541,"El paper aborda la inseguridad hídrica en comunidades periurbanas, pero carece de un análisis profundo de identidades entrelazadas (I=0), aunque menciona exclusión y acceso (II=0.5). Utiliza un enfoque cualitativo (IV=0.5), pero no operacionaliza interacciones entre grupos, resultando en un total de 1.5.",1132,96
542,"Falso positivo: el paper se centra en la evaluación del ciclo de vida de las emisiones de CO2 en la construcción de infraestructuras viales, sin abordar aspectos interseccionales o climáticos sustantivos relacionados con identidades, poder estructural o contexto sociohistórico, resultando en un score Bowleg de 0.",1094,80
543,"El paper aborda la interseccionalidad de manera limitada, mencionando conceptos de ecofeminismo y teorías interseccionales (I=0.5, II=0.5), pero carece de un análisis profundo sobre el contexto sociohistórico y no presenta un método claro que operacionalice estas interacciones (IV=0). Esto resulta en un total de 1.5.",1160,96
544,"El paper aborda el nexo agua-energía-alimentos y su relación con la seguridad humana, pero carece de un análisis sustantivo de identidades interseccionales (I=0). Aunque menciona el poder estructural y el contexto sociohistórico, el enfoque es limitado y no operacionaliza las interacciones de manera efectiva (II=0.5, III=0.5, IV=0.5).",1105,102
545,"El paper integra de manera robusta los cuatro criterios de Bowleg: examina identidades entrelazadas en decisiones energéticas (I=1), aborda el poder estructural en procesos de toma de decisiones (II=1), considera el contexto sociohistórico (III=1) y utiliza un método cualitativo no aditivo (IV=1), lo que justifica su puntuación total.",1222,96
546,"El paper aplica el marco interseccional de manera integral, abordando identidades entrelazadas como raza y género en la lucha por la justicia climática (I=1), y analizando el poder estructural en la resistencia de comunidades negras (II=1). Además, contextualiza históricamente estas luchas en diversas geografías (III=1) y presenta un enfoque metodológico no aditivo (IV=1).",1011,103
547,"El paper aplica de manera efectiva el marco interseccional al explorar cómo la edad, la raza y el género se entrelazan en el activismo climático, destacando el poder estructural en las dinámicas de solidaridad intergeneracional. Además, utiliza un enfoque metodológico que va más allá de la suma de variables, analizando interacciones en contextos específicos.",1116,89
548,"El paper presenta un análisis de políticas de cambio climático y reducción de riesgos en México, pero carece de un enfoque interseccional sustantivo, ya que no aborda identidades entrelazadas ni poder estructural (I=0, II=0). Solo menciona el contexto sociohistórico de manera superficial (III=0.5), resultando en un score total bajo.",1063,94
549,"El paper aplica un enfoque interseccional al analizar cómo factores como etnicidad y educación influyen en la adopción de agricultura climáticamente inteligente, aunque lo hace de manera limitada (I=0.5, II=0.5). Además, contextualiza la investigación en las dinámicas locales de las comunidades Luo y Kalenjin (III=1).",1158,88
550,"El paper aborda identidades entrelazadas de manera limitada, al mencionar la intersección de comunidades científicas y sociales (I=0.5), y contextualiza el aprendizaje en un marco sociocultural e histórico (III=0.5). Sin embargo, carece de un análisis del poder estructural y su metodología no opera de manera no aditiva.",1045,86
551,"El paper aborda la intersección entre cambio climático y apropiación de tierras, mencionando identidades y contextos específicos de Camboya y Myanmar (I=0.5, III=0.5). Sin embargo, carece de un diseño metodológico claro y no operacionaliza las interacciones de manera efectiva (IV=0). Esto limita su total Bowleg a 1.5.",938,91
552,"El paper aborda la economía política de la investigación e innovación, reconociendo su complejidad en el contexto de desafíos globales (II=0.5, III=0.5), pero carece de un análisis de identidades interseccionales y un diseño empírico que explore interacciones, resultando en un score total bajo (1.0).",1183,86
553,"El paper presenta una noción de 'condicionalidad' en el contexto de derechos humanos y comercio internacional, pero carece de un análisis interseccional robusto (I=0). Aunque reconoce el poder estructural de los derechos humanos (II=0.5) y menciona acuerdos internacionales (III=0.5), no operacionaliza interacciones ni presenta un método empírico (IV=0).",1100,99
554,"El paper aplica interseccionalidad al examinar cómo las diferencias de poder relacionadas con género y edad afectan el conocimiento local en el Norte circumpolar (I=1, II=1). Además, contextualiza la investigación en un marco histórico de cuatro décadas (III=1), aunque el método presenta limitaciones en la representación de la diversidad (IV=0.5).",1153,91
555,"El paper aborda la interseccionalidad de manera limitada, destacando temas de poder económico y político en el contexto del cambio climático en India y Mali (I=0.5, II=0.5, III=0.5). Sin embargo, carece de un método que operacionalice las interacciones entre identidades (IV=0), lo que limita su análisis.",958,92
556,"El paper aborda el poder estructural al desafiar el sesgo del Norte en la producción de conocimiento (II=1), pero su análisis de identidades y contexto es limitado, reflejando una visión aditiva y no completamente interseccional, lo que se traduce en scores más bajos en los criterios I, III y IV.",1057,80
557,"El paper aborda la interseccionalidad al considerar diversidad cultural y justicia ambiental, aunque de manera superficial (I=0.5, II=0.5). Presenta un análisis contextual robusto al incluir múltiples países y sus realidades (III=1), pero el enfoque metodológico no logra desarticular las interacciones de poder de forma efectiva (IV=0.5).",1086,90
558,"El paper aborda la justicia climática y los derechos humanos, reconociendo efectos adversos en ciertos grupos, lo que le otorga un puntaje en poder estructural (II=0.5). Sin embargo, carece de un análisis interseccional robusto y de un contexto sociohistórico detallado, resultando en un total bajo (1.0).",975,87
559,"El paper aborda la interseccionalidad de manera parcial, considerando la diversidad de actores religiosos en el contexto ambiental (I=0.5, II=0.5), y realiza un análisis comparativo que refleja el contexto sociohistórico de América Latina (III=0.5). Sin embargo, carece de un método que operacionalice estas interacciones (IV=0).",1086,89
560,"El paper aplica un enfoque interseccional robusto al examinar cómo el cambio climático y el colonialismo afectan de manera desigual a las mujeres, especialmente a las indígenas (I=1, II=1, III=1). Sin embargo, el análisis de las acciones de salud pública sugiere un enfoque más aditivo que no operacionaliza completamente las interacciones (IV=0.5).",1092,92
561,"El paper presenta un enfoque limitado en interseccionalidad, ya que no aborda identidades entrelazadas (I=0) y su análisis del poder estructural es superficial (II=0.5). Aunque menciona el contexto sociohistórico, carece de especificidad y profundidad (III=0.5), resultando en un total bajo de 1.0.",1109,90
562,"El paper aplica de manera efectiva el marco interseccional al analizar cómo las identidades entrelazadas de los personajes influyen en su experiencia del cambio climático (I=1), y aborda el poder estructural en el discurso sobre el clima en el Ártico (II=1), logrando un total de 4.0.",1117,81
563,"El paper aborda el poder estructural al relacionar desigualdades con el capitalismo y la jerarquía laboral (II=1), pero carece de un análisis interseccional sustantivo, ya que no menciona identidades entrelazadas, contexto sociohistórico ni un método que explore interacciones (I=0, III=0, IV=0).",963,91
564,"El paper presenta un enfoque sobre el poder estructural en el contexto de la planificación ambiental, reconociendo la influencia de redes sociales en procesos de desarrollo (II=0.5) y menciona contextos australianos específicos (III=0.5), pero carece de un análisis interseccional robusto y un diseño empírico adecuado (I=0, IV=0).",1094,94
565,"El paper aborda el poder estructural y el contexto sociohistórico al mencionar colonialismo y exploración, pero carece de un análisis profundo de las identidades entrelazadas y un diseño metodológico que capture interacciones, resultando en un score Bowleg bajo. La falta de un enfoque interseccional sustantivo limita su evaluación.",1067,82
566,"El paper aborda la interseccionalidad de género en la agricultura climáticamente inteligente, reconociendo la importancia de las identidades entrelazadas y el poder estructural en la formulación de políticas (I=0.5, II=0.5). Sin embargo, carece de un enfoque metodológico que capture interacciones de manera efectiva (IV=0).",998,91
567,"El paper presenta un enfoque en el liderazgo espiritual en la sostenibilidad ambiental, pero carece de un análisis interseccional sustantivo, ya que no aborda identidades entrelazadas ni estructuras de poder (I=0, II=0). Solo se menciona el contexto de sostenibilidad sin profundizar en su historia o geografía (III=0.5).",1159,91
568,"El artículo aplica de manera sustantiva el marco interseccional al examinar cómo las masculinidades interactúan con otros factores en la gestión ambiental (I=1, II=1). Además, contextualiza empíricamente las masculinidades en diversos entornos socioculturales y ecológicos (III=1), y utiliza un enfoque metodológico que evita la aditividad (IV=1).",1175,97
569,"El paper aborda el derecho humano al agua y la justicia hídrica, pero carece de un análisis interseccional sustantivo, ya que no menciona identidades entrelazadas (I=0) y sugiere problemas estructurales sin detallar mecanismos de desigualdad (II=0.5). Esto limita su total a 1.0.",1032,91
570,"El paper aborda la interseccionalidad al examinar cómo la vulnerabilidad de los habitantes de granjas se ve afectada por dinámicas agrarias y riesgos climáticos (I=0.5, II=1.0). Sin embargo, el análisis no profundiza en las identidades entrelazadas ni en un método que integre estas interacciones de manera robusta (III=0.5, IV=0.5).",1190,105
571,"Falso positivo: el paper se centra en técnicas de pronóstico de viento mediante métodos estadísticos y de procesamiento de imágenes, sin abordar temas de interseccionalidad o cambio climático. No se identifican identidades, poder estructural ni contexto sociohistórico, resultando en un score Bowleg total de 0.",1143,83
572,"El paper aborda la interseccionalidad al explorar cómo las identidades de los residentes de Louisiana se entrelazan con sus prácticas resilientes y relaciones sociales (I=0.5, II=0.5). Sin embargo, el análisis se queda corto en la operacionalización de estas interacciones y su contexto histórico específico, resultando en un score total moderado.",1066,87
573,"El paper aplica de manera efectiva el marco interseccional al analizar cómo las percepciones de la resiliencia de los hogares varían según género y etnicidad (I=1, II=1), contextualizando los resultados en el trabajo de desarrollo en Isiolo, Kenia (III=1), y utilizando un enfoque cuantitativo que evita la aditividad (IV=1).",1121,95
574,"El paper aplica de manera efectiva el marco interseccional al examinar identidades entrelazadas y el poder estructural en el contexto de la respuesta indígena a la construcción de hidroeléctricas en Sikkim, utilizando un enfoque etnográfico que considera el contexto sociohistórico y evita un análisis aditivo.",1187,82
575,"El paper aborda la transición hacia un futuro bajo en carbono, reconociendo el poder estructural de las élites económicas en el debate (II=0.5) y el contexto sociohistórico de la transformación (III=0.5), pero carece de un análisis de identidades entrelazadas y un método que capture interacciones, resultando en un total bajo.",1178,92
576,"El paper presenta un enfoque limitado sobre interseccionalidad, ya que no aborda identidades entrelazadas (I=0) y carece de un diseño empírico que capture interacciones (IV=0). Sin embargo, reconoce estructuras de poder y contexto sociohistórico de manera superficial (II=0.5, III=0.5), resultando en un total bajo.",1024,95
577,"Falso positivo: el paper se centra en la regulación de la propiedad y planificación en relación con el cambio climático, pero carece de un análisis interseccional sustantivo. No aborda identidades entrelazadas, poder estructural, contexto sociohistórico ni un método que considere interacciones, resultando en un score Bowleg de 0.",1082,84
578,"El paper aborda la interseccionalidad al identificar identidades entrelazadas que afectan la vulnerabilidad en Laamu Atoll (I=1), aunque su análisis es incompleto y no profundiza en el poder estructural ni en un contexto sociohistórico robusto (II=0.5, III=0.5), resultando en un total de 2.5.",1087,94
579,"El paper aplica de manera integral el marco interseccional al examinar cómo el racismo y la explotación ambiental se entrelazan en contextos específicos, como Lagos y Brasil (I=1, II=1, III=1). Además, utiliza un enfoque metodológico que evita la aditividad, analizando interacciones complejas (IV=1), lo que justifica el score total.",1041,96
580,"El paper aborda la interseccionalidad de género y cambio climático, señalando cómo hombres y mujeres enfrentan impactos diferenciados (I=0.5) y cómo las condiciones socioeconómicas afectan la vulnerabilidad de las mujeres (II=0.5). Sin embargo, carece de un enfoque metodológico que capture interacciones de manera efectiva (IV=0).",1084,87
581,"El paper aborda la sostenibilidad desde una perspectiva ética y científica, pero carece de un análisis interseccional sustantivo (I=0), y aunque menciona valores humanos y contextos, no profundiza en mecanismos estructurales de desigualdad ni en un contexto sociohistórico específico (II=0.5, III=0.5), resultando en un total bajo.",1123,91
582,"El paper aborda la interseccionalidad al examinar cómo la exposición al calor varía según demografía y actividad, aunque lo hace de manera limitada (I=0.5, II=0.5). Además, identifica diferencias significativas en la exposición al calor entre grupos demográficos y ciudades, pero no profundiza en el contexto histórico (III=0.5).",1164,88
583,"El paper aborda la interseccionalidad de manera limitada, reconociendo que los pobres viven de forma más sostenible que los ricos (I=0.5) y que son vistos como receptores en lugar de socios activos (II=0.5). Sin embargo, el análisis no profundiza en las dinámicas de poder ni en contextos históricos específicos.",1289,88
584,"El paper aborda la interseccionalidad al explorar cómo raza y clase se entrelazan en la experiencia afroamericana con el Mississippi (I=0.5, II=0.5). Sin embargo, el análisis no profundiza en el poder estructural ni en un contexto más amplio, lo que limita su impacto interseccional (III=0.5, IV=0.5).",1235,96
585,"El paper aplica de manera efectiva el marco interseccional al examinar cómo se presentan las identidades y el poder estructural en el discurso sobre el cambio climático en el sureste de Florida, considerando el contexto sociohistórico y utilizando un enfoque metodológico que evita la aditividad, lo que justifica su puntuación total de 4.",1090,85
586,"Falso positivo: el paper se centra en la estética ambiental y la relación entre humanos y no-humanos, sin abordar interseccionalidad ni poder estructural. No se mencionan identidades entrelazadas, contexto sociohistórico o un método que considere interacciones, resultando en un score Bowleg de 0.",976,82
587,"El paper presenta un análisis de políticas de adaptación al cambio climático en áreas costeras, pero carece de un enfoque interseccional. No aborda identidades entrelazadas ni desigualdades estructurales, y aunque menciona un contexto político, no profundiza en su historia o geografía, resultando en un bajo score Bowleg.",1090,82
588,"El paper aborda la interseccionalidad de manera limitada, reconociendo diversas perspectivas sobre la justicia (I=0.5) y reflexionando sobre las contingencias en su definición (III=0.5), pero carece de un análisis de poder estructural y no presenta un diseño empírico, resultando en un total bajo de 1.0.",974,88
589,"El paper aborda la interseccionalidad de manera limitada, mencionando la vulnerabilidad de comunidades frente al cambio climático (I=0.5) y la falta de definición crítica en derechos humanos (II=0.5), pero carece de un análisis contextual robusto y no presenta un método empírico claro (IV=0).",1065,81
590,"El paper aborda la interseccionalidad al explorar la vida de personas con discapacidad en el Sur Global, destacando identidades entrelazadas y el poder estructural en contextos sociohistóricos específicos (I=0.5, II=0.5, III=1.0). Sin embargo, el enfoque no operacionaliza completamente las interacciones ni presenta un método robusto (IV=0.5).",1129,97
591,"El paper presenta un enfoque interseccional moderado al mencionar la interseccionalidad como un valor clave en el movimiento de justicia climática (I=0.5), pero no profundiza en el análisis del poder estructural ni en cómo las identidades se entrelazan en la práctica (II=0.5). El contexto histórico se menciona, pero no se explora en profundidad.",1019,94
592,"El paper aborda la interseccionalidad en la acción climática subnacional, identificando mecanismos de alineación entre actores diversos (I=0.5) y discutiendo la integración de políticas en un contexto de gobernanza multinivel (II=0.5). Sin embargo, el análisis no profundiza en el poder estructural ni en un contexto histórico específico.",1042,91
593,"El paper presenta un enfoque sobre la reconciliación de la oferta y demanda de investigación en adaptación al cambio climático, pero carece de un análisis interseccional sustantivo. Aunque menciona un contexto australiano, no aborda identidades entrelazadas ni poder estructural, resultando en un score Bowleg bajo.",1127,78
594,"El paper aborda la interseccionalidad entre hombres y medio ambiente, destacando el papel de los hombres en la sostenibilidad (I=0.5) y el poder que ejercen en la industria del transporte (II=0.5). Sin embargo, carece de un método que operacionalice estas interacciones de manera no aditiva (IV=0).",1115,93
595,"El paper aborda la interseccionalidad de manera nominal, mencionando su marco teórico, pero no profundiza en cómo las identidades se entrelazan en el contexto del desplazamiento tras Katrina (I=0.5). Además, aunque se discuten las posiciones de los investigadores, no se analiza el poder estructural de forma sustantiva (II=0.5).",979,93
596,"El paper aborda la interseccionalidad de manera parcial, destacando el poder estructural en la relación entre REDD+ y la gobernanza de recursos (II=1), pero presenta limitaciones en la exploración de identidades entrelazadas y contexto sociohistórico, lo que se refleja en los scores más bajos (I=0.5, III=0.5).",1231,91
597,"El paper aborda la interseccionalidad de manera limitada, mencionando la relación entre DRR y CCA (I=0.5) y reflejando desigualdades en la producción de vivienda (II=0.5). Sin embargo, carece de un análisis profundo del contexto sociohistórico y no presenta un método que operacionalice las interacciones (IV=0).",1037,90
598,"El paper aplica de manera efectiva el marco interseccional al analizar cómo las identidades de género, raza y nacionalidad afectan la participación de mujeres en el IPCC (I=1, II=1). Además, contextualiza el aumento en la representación femenina a lo largo del tiempo (III=1) y utiliza un enfoque metodológico robusto basado en encuestas (IV=1).",1165,91
599,"El paper aborda la intersección entre sostenibilidad y género, reconociendo la construcción social de roles de género (I=0.5) y el contexto de la Agenda 2030 (II=0.5), pero carece de un análisis empírico que operacionalice estas interacciones de manera no aditiva (IV=0). Esto limita su total Bowleg a 1.5.",1021,94
600,"El paper aborda el contexto regional en la toma de decisiones sobre recursos hídricos, mencionando limitaciones de gobernanza (II=0.5) y especificidad regional (III=0.5), pero no integra identidades interseccionales ni analiza interacciones entre grupos, resultando en un total bajo de 1.0 en el score Bowleg.",1047,86
601,"El paper aborda la interseccionalidad de manera limitada, identificando intersecciones entre riesgo y desigualdades (I=0.5), mientras que analiza el poder estructural al destacar cómo los riesgos afectan a los menos favorecidos y benefician a los más privilegiados (II=1.0). Sin embargo, carece de un método que operacionalice estas interacciones (IV=0).",1001,97
602,"El paper presenta una mención superficial de desafíos de gobernanza, lo que le otorga un puntaje bajo en poder estructural (II=0.5) y contexto sociohistórico (III=0.5), pero carece de un análisis de identidades entrelazadas y un diseño metodológico que capture interacciones, resultando en un total de 1.0.",1082,90
603,"Falso positivo: el paper se centra en la ecopsicología y la fenomenología, sin abordar interseccionalidad, poder estructural, contexto sociohistórico o métodos empíricos. No se identifican identidades entrelazadas ni se discuten desigualdades, lo que resulta en un score Bowleg total de 0.",1186,86
604,"El paper presenta un enfoque sobre la gestión de inundaciones en Chennai, pero carece de un análisis sustantivo de identidades entrelazadas (I=0) y no operacionaliza interacciones en su metodología (IV=0). Aunque menciona el contexto sociohistórico, no profundiza en sus especificidades (III=0.5), resultando en un total bajo.",1059,93
605,"Falso positivo: el paper aborda temas de educación y desastres naturales, pero no presenta contenido interseccional-climático sustantivo. No se identifican identidades entrelazadas, poder estructural, contexto sociohistórico ni un método que capture interacciones, resultando en un score Bowleg total de 0.",971,81
606,"El paper presenta un enfoque limitado en interseccionalidad, con un score bajo en identidades entrelazadas (I=0) y un análisis que menciona factores estructurales sin profundizar en ellos (II=0.5). Aunque aborda comunidades diversas, carece de un contexto sociohistórico robusto (III=0.5) y no operacionaliza interacciones en su metodología (IV=0).",1125,98
607,"El paper aplica el marco interseccional de manera integral, analizando cómo raza, clase, género y especie se entrelazan en el contexto de la rehabilitación de perros pit bull y la figura de Michael Vick. Cada criterio se aborda sustantivamente, lo que justifica el score total de 4.0.",1105,81
608,"El paper aborda la interseccionalidad al explorar riesgos en la intersección de sistemas sociales y económicos (I=0.5) y al considerar factores políticos y económicos en la toma de decisiones (II=0.5). Sin embargo, el análisis no profundiza en el poder estructural ni en un contexto histórico específico, limitando su impacto.",1132,84
609,"El paper aplica un marco interseccional robusto al analizar cómo las identidades de género, raza y clase se entrelazan en el contexto de la recuperación tras el huracán Katrina, evidenciando relaciones de poder estructural y un contexto sociohistórico específico, además de utilizar un método cualitativo que no trata las variables de forma aditiva.",1206,87
610,"El paper presenta un análisis del concepto de 'resiliencia' en el contexto del cambio climático y el desarrollo, pero carece de un enfoque interseccional sustantivo (I=0, II=0). Solo se menciona el contexto sociohistórico de manera superficial (III=0.5), resultando en un score total bajo.",1062,86
611,"El paper aplica de manera integral el marco interseccional al analizar cómo género y estado civil influyen en las estrategias de adaptación al cambio climático en Tanzania, abordando identidades entrelazadas (I=1), poder estructural (II=1), contexto sociohistórico (III=1) y un método que evita la aditividad (IV=1).",1115,87
612,"El paper aplica de manera integral el marco interseccional, analizando cómo las identidades de clase, género y raza se entrelazan en la construcción del riesgo (I=1, II=1). Además, contextualiza el análisis en las dinámicas de poder y reproduce las intersecciones de privilegio y subordinación en la gestión del riesgo (III=1, IV=1).",1092,95
613,"El paper presenta un enfoque limitado sobre interseccionalidad, ya que no aborda identidades entrelazadas ni poder estructural, lo que resulta en un puntaje bajo (I=0, II=0). Aunque menciona el contexto sociohistórico al relacionar religión con temas como derechos humanos y cambio climático, carece de un análisis profundo (III=0.5).",973,90
614,"El paper aborda la interseccionalidad de manera parcial, mencionando la necesidad de estudiar desigualdades sociales en el contexto del cambio ambiental (I=0.5, II=0.5), pero carece de un diseño metodológico claro que operacionalice estas interacciones (IV=0). Esto limita su capacidad para ofrecer un análisis robusto.",956,84
615,"El paper presenta un enfoque limitado en interseccionalidad, ya que no aborda identidades entrelazadas (I=0) y carece de un diseño empírico que capture interacciones (IV=0). Sin embargo, reconoce la relación entre degradación y cambio ambiental (II=0.5) y menciona contextos específicos como Nueva Orleans (III=0.5), lo que contribuye al score total.",975,103
616,"El paper aplica de manera integral el enfoque interseccional, analizando cómo las identidades entrelazadas (género, casta, riqueza, edad) influyen en las estrategias de adaptación al cambio climático (I=1, II=1). Además, contextualiza estas dinámicas en escenarios específicos de India, lo que refuerza su relevancia sociohistórica (III=1) y utiliza un método robusto (IV=1).",1061,107
617,"El paper aplica un enfoque interseccional robusto al abordar cómo raza, clase y género se entrelazan en el contexto del cambio climático (I=1, II=1). Además, considera el contexto sociohistórico relevante para estas intersecciones (III=1), aunque su metodología no operacionaliza completamente las interacciones (IV=0.5).",1115,88
618,"El paper aborda problemas estructurales en la gestión de desastres, lo que justifica un puntaje parcial en poder estructural (II=0.5), y menciona el contexto social y político de manera superficial (III=0.5). Sin embargo, carece de un análisis interseccional sustantivo y de un diseño empírico que capture interacciones (I=0, IV=0).",1160,101
619,"Falso positivo: el paper se centra en la restauración de ecosistemas contaminados sin abordar aspectos interseccionales relacionados con identidades, poder estructural o contexto sociohistórico. No se presenta un diseño empírico que considere interacciones, resultando en un score Bowleg total de 0.",1143,77
620,"El paper aborda la interseccionalidad entre justicia climática y reproductiva, reconociendo identidades entrelazadas (I=0.5) y poder estructural en la alineación de agendas (II=0.5). Sin embargo, carece de un método empírico que operacionalice estas interacciones (IV=0), limitando su análisis a un enfoque teórico.",1016,93
621,"El paper presenta un enfoque limitado en interseccionalidad, ya que no aborda identidades entrelazadas ni estructuras de poder, lo que resulta en un score bajo en esos criterios (I=0, II=0). Aunque menciona el contexto de la República Checa, carece de un análisis histórico sustantivo (III=0.5).",1064,85
622,"El paper presenta una conexión histórica entre la ciencia climática y las armas nucleares, mencionando el contexto de la Guerra Fría (III=0.5), pero carece de un análisis interseccional sustantivo sobre identidades y poder estructural, resultando en un bajo puntaje total (0.5) en el marco de Bowleg.",1110,85
623,"El paper presenta un enfoque limitado en interseccionalidad, con un score bajo en identidades entrelazadas (I=0) y un método que no captura interacciones (IV=0). Aunque reconoce estructuras de poder (II=0.5) y menciona contextos específicos (III=0.5), carece de un análisis profundo sobre desigualdades y dinámicas interseccionales.",1165,99
624,"El paper presenta una discusión sobre la sostenibilidad y el concepto de 'lugar', pero no aborda identidades entrelazadas ni poder estructural, resultando en un puntaje bajo en esos criterios (I=0, II=0). Aunque menciona cambios globales, carece de un contexto sociohistórico detallado (III=0.5), lo que limita su análisis interseccional.",1114,98
625,"El paper aborda la adaptación climática desde una perspectiva institucional, reconociendo desafíos estructurales (II=0.5) y mencionando el contexto de Queensland (III=0.5), pero carece de un análisis profundo de identidades entrelazadas (I=0) y un enfoque metodológico que capture interacciones (IV=0), resultando en un total bajo de 1.0.",1119,96
626,"Falso positivo: el paper se centra en la regulación del cambio climático y las redes de cumplimiento, sin abordar aspectos interseccionales o climáticos sustantivos. No se mencionan identidades, poder estructural, contexto sociohistórico ni un método que considere interacciones, resultando en un total Bowleg de 0.",1012,79
627,"El paper aborda el poder estructural al identificar cómo factores en políticas de desarrollo afectan la efectividad de REDD (II=1). Sin embargo, carece de un análisis de identidades entrelazadas (I=0) y no proporciona un contexto sociohistórico detallado (III=0.5), lo que limita su total Bowleg a 2.0.",1208,88
628,"El paper aborda interseccionalidad al examinar cómo clase, raza y ciudadanía se entrelazan en desastres históricos (I=1, II=1), y contextualiza estos eventos en la historia estadounidense (III=1). Sin embargo, el análisis del método es parcialmente aditivo, lo que limita la profundidad de la interseccionalidad (IV=0.5).",1001,94
629,"Falso positivo: el paper aborda la crisis global desde una perspectiva evolutiva y tecnológica, sin integrar análisis interseccional sobre identidades, poder estructural o contexto sociohistórico. El enfoque se centra en métodos de previsión y actitudes, sin considerar interacciones entre variables sociales relevantes.",1106,78
630,"El paper aborda la interseccionalidad al identificar cómo comunidades social y económicamente marginadas enfrentaron mayores riesgos de infección en el contexto del cambio climático (I=0.5, II=0.5). Sin embargo, carece de un enfoque metodológico que operacionalice estas interacciones de manera efectiva (IV=0).",1152,79
631,"El paper presenta un análisis geopolítico del agronegocio de la soja en Brasil, pero carece de un enfoque interseccional sustantivo, ya que no aborda identidades entrelazadas (I=0) ni ofrece un diseño metodológico que capture interacciones (IV=0). Reconoce estructuras de poder y contexto sociohistórico de forma superficial (II=0.5, III=0.5).",1085,99
632,"El paper aborda interseccionalidad al considerar cómo las injusticias culturales se entrelazan con desigualdades de género y climáticas (I=0.5, II=0.5), y contextualiza estas dinámicas en situaciones extremas como migraciones forzadas (III=1.0). Sin embargo, el enfoque metodológico es más bien normativo y no operacionaliza completamente las interacciones (IV=0.5).",1008,105
633,"El paper aplica de manera integral el marco interseccional al examinar cómo las identidades de género y clase se entrelazan con vulnerabilidades específicas al cambio climático en comunidades urbanas pobres de Manila. Además, utiliza un enfoque metodológico robusto que incluye muestreo sistemático y análisis de vulnerabilidades contextuales, lo que justifica su puntuación máxima.",1187,89
634,"El paper aborda la interseccionalidad en el contexto de comunidades de riesgo cosmopolitas en la gobernanza climática china, lo que le otorga un puntaje en identidades entrelazadas (I=0.5) y poder estructural (II=0.5). Sin embargo, carece de un diseño empírico que operacionalice estos conceptos (IV=0).",984,92
635,"El paper aborda la intersección entre el derecho económico internacional y el derecho ambiental, reconociendo limitaciones estructurales (II=0.5) y mencionando el contexto del Sur Global (III=0.5), pero carece de un análisis profundo de identidades entrelazadas (I=0) y no utiliza un método que considere interacciones complejas (IV=0).",1206,96
636,"Falso positivo: el paper aborda la ética del consumo y sus implicaciones en el cambio climático, pero no presenta un análisis interseccional sustantivo. No se exploran identidades entrelazadas, poder estructural ni contexto sociohistórico, y el enfoque es más general y filosófico que específico en términos de interseccionalidad.",1054,88
637,"Falso positivo: el paper se centra en la política energética y la política exterior de Turquía, sin abordar interseccionalidad ni cambio climático. Aunque menciona un contexto regional turbulento, carece de un análisis sustantivo sobre identidades entrelazadas, poder estructural o un método que capture interacciones.",1021,78
638,"El paper aborda de manera sustantiva la interseccionalidad al examinar cómo raza, género y clase social co-construyen las experiencias de las mujeres afroamericanas tras Katrina (I=1, II=1). Sin embargo, el contexto histórico y el método no son completamente operativos, lo que limita su puntuación total (III=0.5, IV=0.5).",972,96
639,"El paper aborda el poder estructural al vincular desigualdades a sistemas como el colonialismo y el capitalismo (II=1), pero carece de un análisis de identidades interseccionales (I=0), y aunque menciona el contexto de la globalización, no ofrece un análisis histórico profundo (III=0.5), resultando en un total de 1.5.",1315,94
640,"El paper menciona la justicia climática y derechos humanos, pero no aborda identidades entrelazadas ni poder estructural, lo que limita su análisis interseccional (I=0, II=0). Aunque se reconoce la importancia de integrar aspectos sociales, carece de un contexto sociohistórico robusto y un método empírico claro (III=0.5, IV=0).",966,93
641,"El paper aborda la intersección entre derecho laboral y cambio climático, reconociendo problemas estructurales en la distribución de costos y beneficios (II=0.5) y la necesidad de un enfoque equitativo (III=0.5). Sin embargo, carece de un análisis de identidades entrelazadas y un diseño empírico claro, limitando su score total.",1135,94
642,"Falso positivo: el paper se centra en la relación socio-espacial entre ciudades y naturaleza, sin abordar interseccionalidad ni cambio climático de manera sustantiva. No menciona identidades entrelazadas, poder estructural, contexto histórico o métodos empíricos, resultando en un score Bowleg total de 0.",1008,84
643,"El paper aborda la interseccionalidad de género y clima al discutir cómo las tecnologías de adaptación pueden perpetuar desigualdades (I=0.5, II=0.5), y se basa en un contexto específico de Nicaragua (III=0.5). Sin embargo, carece de un método que operacionalice las interacciones de manera efectiva (IV=0).",1043,91
644,"Falso positivo: el paper se centra en la composición y diversidad de la vegetación leñosa no forestal en un paisaje agrícola, sin abordar aspectos interseccionales relacionados con identidades, poder estructural o contexto sociohistórico, y su metodología no contempla interacciones entre variables.",1255,73
645,"El paper aborda la interseccionalidad al identificar cómo diversas categorías de identidad, como género y etnicidad, afectan la vulnerabilidad al cambio climático (I=1). Sin embargo, el análisis se basa en una revisión literaria sin un método que operacionalice explícitamente estas interacciones (IV=0.5), lo que limita su puntuación total.",1057,88
646,"El paper aplica un enfoque interseccional sólido al examinar cómo género y raza se entrelazan en el contexto de la independencia colonial (I=1, II=1). Además, contextualiza históricamente la lucha de los Patriotes en el marco de cambios políticos en el imperio británico (III=1), aunque el método es parcialmente aditivo (IV=0.5).",1047,92
647,"El paper aborda el poder estructural en la intersección de cambio climático y biodiversidad, aunque no teoriza explícitamente sobre mecanismos de poder (II=0.5). Además, menciona el contexto de COP 10, pero carece de especificidad histórica o geográfica (III=0.5), resultando en un total bajo de 1.0.",1123,90
648,"El paper presenta un análisis limitado de interseccionalidad, ya que no aborda identidades entrelazadas (I=0) y su discusión sobre poder estructural es superficial, mencionando solo aspectos legales sin profundizar en mecanismos (II=0.5). El contexto sociohistórico es vago, lo que afecta su total Bowleg (III=0.5).",1121,92
649,"Falso positivo: el paper se centra en la tecnología de iluminación y su gestión en el contexto de políticas de austeridad, sin abordar interseccionalidad ni poder estructural. No se analizan identidades entrelazadas ni se contextualizan los hallazgos en un marco sociohistórico, resultando en un score Bowleg de 0.",1139,87
650,"El paper aborda el poder estructural y el contexto sociohistórico al analizar cómo las relaciones de poder influyen en la política climática en Kenia y Mozambique (II=1, III=1). Sin embargo, no considera identidades entrelazadas ni un enfoque metodológico que capture interacciones, resultando en un score total de 2.",1195,86
651,"El paper aborda la intersección entre el comercio de emisiones y la justicia ambiental, pero carece de un análisis profundo de identidades entrelazadas (I=0) y no operacionaliza interacciones en su metodología (IV=0). Se reconoce el contexto histórico (III=0.5) y se menciona el poder estructural de manera superficial (II=0.5).",1217,94
652,"El paper aborda la interseccionalidad de género en el contexto del cambio ambiental global, aunque de manera limitada, con un enfoque en cómo las identidades de género influyen en la resiliencia y adaptación (I=0.5, II=0.5). Sin embargo, el análisis no profundiza en el poder estructural ni en un contexto específico, resultando en un score moderado.",1003,93
653,"El paper aplica un enfoque interseccional robusto, analizando cómo identidades entrelazadas y estructuras de poder afectan la relación de diferentes grupos con el cambio climático (I=1, II=1). Además, contextualiza estas dinámicas en categorías sociales específicas (III=1), aunque su metodología no es completamente no aditiva (IV=0.5).",1041,90
654,"El paper presenta un análisis de gobernanza en políticas de cambio climático y manejo forestal, pero carece de un enfoque interseccional en la identificación de identidades entrelazadas (I=0) y no operacionaliza interacciones en su metodología (IV=0). Se reconoce un leve análisis del poder estructural y contexto sociohistórico (II=0.5, III=0.5).",1037,98
655,"El paper aplica un enfoque interseccional robusto al examinar cómo identidades entrelazadas como género y clase afectan la vulnerabilidad de las mujeres ante la escasez de agua agrícola (I=1, II=1). Además, contextualiza su análisis en el marco de políticas nacionales que ignoran estas dinámicas (III=1) y utiliza un método mixto adecuado (IV=1).",1126,98
656,"El paper aplica de manera integral el marco interseccional al examinar cómo género y clase influyen en las respuestas al cambio climático en el contexto de Asia del Sur (I=1, II=1). Además, se enfoca en el contexto sociohistórico y utiliza un método crítico y multiscalar para el análisis (III=1, IV=1).",1204,89
657,"El paper aborda la interseccionalidad de movimientos agrarios y sociales en el contexto del cambio climático, destacando la intersección de identidades y el poder estructural en la lucha por la justicia climática (I=0.5, II=0.5). Sin embargo, carece de un método empírico que operacionalice estas interacciones (IV=0).",1125,93
658,"El paper aborda la interseccionalidad al considerar cómo el género influye en la vulnerabilidad ante desastres, destacando el poder estructural que afecta a las mujeres (II=1). Sin embargo, el análisis de identidades entrelazadas y el contexto sociohistórico son limitados, lo que reduce su puntuación total (I=0.5, III=0.5).",1058,97
659,"El paper presenta un enfoque descriptivo sobre geomorfología y cultura en Cornwall, sin abordar identidades interseccionales ni poder estructural, lo que resulta en un score bajo en esos criterios (I=0, II=0). Aunque menciona contexto sociohistórico, este es superficial (III=0.5), lo que contribuye al total de 0.5.",1265,92
660,"El paper integra de manera robusta los cuatro criterios de Bowleg: aborda identidades entrelazadas y poder estructural en el contexto de la ecología política feminista, analiza casos diversos a nivel global y discute métodos que reflejan perspectivas interseccionales, lo que justifica su puntuación máxima.",1147,75
661,"El paper aplica el marco interseccional de manera integral, abordando identidades entrelazadas en salud sexual y reproductiva (I=1), analizando el poder estructural en la gestión de desastres que reproduce desigualdades (II=1), contextualizando en el sur de Filipinas (III=1) y utilizando un enfoque metodológico diverso (IV=1).",1102,94
662,"El paper aborda el poder estructural y el contexto sociohistórico de la inseguridad hídrica, reconociendo la importancia de las instituciones en la gestión del agua (II=0.5, III=0.5). Sin embargo, no explora identidades interseccionales ni proporciona un método que capture interacciones de manera efectiva, resultando en un score total bajo.",1154,93
663,"El paper aplica de manera robusta el marco interseccional al examinar cómo las identidades de género, raza y sexualidad se entrelazan en el contexto de crisis de salud pública y desastres. Además, aborda el poder estructural y el contexto sociohistórico, logrando un análisis integral que evita enfoques aditivos.",1180,84
664,"El paper aplica interseccionalidad de manera efectiva al explorar cómo raza, género y clase se entrelazan en el contexto del cambio climático (I=1, II=1). Además, considera el contexto sociohistórico de estos temas (III=1), aunque el enfoque metodológico es más variado que estrictamente interseccional (IV=0.5).",1083,88
665,"El paper presenta una integración incipiente entre la gestión de cuencas y la salud pública, pero no aborda identidades entrelazadas ni poder estructural, lo que limita su análisis interseccional (I=0, II=0). Solo se menciona el contexto sociohistórico de manera superficial (III=0.5), resultando en un total bajo.",1158,92
666,"El paper aborda vulnerabilidades climáticas en Sorsogon City, mencionando preocupaciones de justicia socioeconómica (I=0), y discute el poder estructural en relación con la ciudadanía (II=0.5). Sin embargo, carece de un análisis contextual profundo y un método que capture interconexiones (III=0.5, IV=0), resultando en un total de 1.0.",1094,98
667,"El paper aplica el marco interseccional al examinar cómo género, raza y clase interactúan en el contexto del huracán Katrina (I=1, II=1, III=1), aunque su método presenta limitaciones al no detallar adecuadamente las interacciones empíricas (IV=0.5), resultando en un total de 3.5.",1055,90
668,"El paper aplica de manera integral el marco interseccional, analizando cómo las identidades de género, clase y casta se entrelazan en la vulnerabilidad ante el cambio climático (I=1, II=1). Además, contextualiza estas dinámicas en el entorno sociohistórico específico de las Llanuras Gangéticas Orientales (III=1) y utiliza un enfoque metodológico que evita la aditividad (IV=1).",1139,105
669,"El paper aborda el daño ambiental desde una perspectiva política económica, lo que justifica el puntaje en poder estructural (II=1). Sin embargo, carece de un análisis de identidades entrelazadas y un método que capture interacciones interseccionales, resultando en un puntaje total bajo (1.5).",1057,82
670,"El paper aborda el poder estructural al examinar las relaciones entre instituciones y poblaciones rurales, reflejando desigualdades (II=1). También considera el contexto sociohistórico al discutir cambios sociales y narrativas culturales (III=1). Sin embargo, carece de un enfoque en identidades entrelazadas y presenta un método parcialmente aditivo.",1143,87
671,"Falso positivo: el paper se centra en la diplomacia de desastres y su relación con el conflicto internacional, sin abordar interseccionalidad ni aspectos climáticos. No se mencionan identidades entrelazadas, poder estructural, contexto sociohistórico ni un método que considere interacciones entre grupos, resultando en un score Bowleg de 0.",990,90
672,"El paper aborda la interseccionalidad de manera sustantiva, analizando cómo combinaciones de identidad afectan la vulnerabilidad al cambio climático (I=1, II=1). Además, contextualiza la injusticia en las ciudades (III=1), aunque sugiere un enfoque metodológico sin operacionalizar completamente las interacciones (IV=0.5).",1030,89
673,"El paper presenta una discusión sobre la normalización de valores en el contexto de la educación y el cambio climático, pero carece de un análisis sustantivo de identidades entrelazadas y poder estructural, lo que limita su puntuación en los criterios I y II, resultando en un total bajo.",970,77
674,"El paper presenta una mención superficial de identidades entrelazadas, sugiriendo interacciones entre diversas diferencias (I=0.5), y aborda la necesidad de nuevas perspectivas en un contexto sociohistórico amplio (III=0.5). Sin embargo, carece de un análisis empírico y no discute el poder estructural, resultando en un total bajo.",1051,92
675,"El paper aborda el poder estructural en la producción de riesgos, destacando cómo la gestión del riesgo ignora las dimensiones sociales y estructurales (II=1). Sin embargo, la exploración de identidades entrelazadas es limitada y no se operacionaliza un método que contemple interacciones complejas (I=0.5, IV=0).",1020,92
676,"El paper aborda la interseccionalidad al considerar cómo las políticas de adaptación, desarrollo y transformación se entrelazan en contextos específicos (I=0.5, II=0.5), y proporciona un análisis contextualizado de Akumal, resaltando la desigualdad y el riesgo en comunidades costeras (III=1.0), aunque su método no es completamente no aditivo (IV=0.5).",1179,100
677,"El paper aplica de manera efectiva el marco interseccional al analizar cómo las identidades de raza, pobreza y edad se entrelazan con el riesgo de inundación (I=1, II=1). Además, considera el contexto sociohistórico de Nueva York y utiliza un enfoque metodológico que evita la aditividad (III=1, IV=1), resultando en un total de 4.",1026,98
678,"El paper aborda la interseccionalidad de manera limitada, reconociendo identidades y vulnerabilidades en el contexto de los servicios climáticos (I=0.5, II=0.5, III=0.5), pero carece de un enfoque metodológico robusto que operacionalice estas interacciones (IV=0). Esto resulta en un total de 1.5 en el score Bowleg.",1061,99
679,"El paper aborda la interseccionalidad de manera limitada, destacando la conexión cultural a través de performances hawaianas (I=0.5) y el impacto del cambio climático en las comunidades del Pacífico (III=0.5). Sin embargo, carece de un análisis de poder estructural y un método empírico claro (II=0, IV=0).",1198,92
680,"El paper aborda la interseccionalidad al considerar identidades entrelazadas y el poder estructural que afecta a poblaciones agrarias, lo que justifica los scores I y II. Sin embargo, el análisis del contexto sociohistórico y la metodología presentan limitaciones, reflejadas en los scores III y IV, resultando en un total de 3.0.",1153,89
681,"El paper presenta un análisis de las respuestas locales al cambio climático en las Islas Marshall, pero carece de un enfoque interseccional sustantivo, ya que no aborda identidades entrelazadas ni mecanismos estructurales de desigualdad. Solo se menciona el contexto sociohistórico de manera superficial, lo que limita su puntuación total.",1036,86
682,"El paper aborda la interseccionalidad de manera limitada, mencionando las identidades económicas y la necesidad de superar estereotipos de ciudades africanas (I=0.5, II=0.5), pero carece de un análisis profundo del contexto sociohistórico y no presenta un método que operacionalice las interacciones (IV=0).",1065,87
683,"El paper presenta un enfoque limitado en interseccionalidad, sin abordar identidades entrelazadas (I=0) y con un método que no captura interacciones (IV=0). Reconoce factores estructurales y el contexto de la presidencia de Medvedev, pero carece de un análisis profundo sobre desigualdades (II=0.5, III=0.5).",1133,96
684,"El paper aborda la interseccionalidad al considerar género como una categoría clave en la experiencia de los usuarios de la tierra (I=0.5) y al proponer la importancia de perspectivas interseccionales en contextos sociales específicos (II=0.5, III=0.5), pero carece de un diseño metodológico que operacionalice estas interacciones (IV=0).",1026,95
685,"El paper presenta un análisis limitado de la interseccionalidad en el contexto del cambio climático, destacando la dicotomía de género (I=0.5) y mencionando brevemente el contexto de desarrollo (III=0.5), pero carece de un enfoque en el poder estructural y un método que integre las intersecciones de manera efectiva.",1039,90
686,"El paper aborda la interseccionalidad al examinar cómo el género y el cambio climático afectan a las mujeres agricultoras en Canadá (I=1). Sin embargo, aunque desafía la visión del comercio internacional, no teoriza suficientemente sobre el poder estructural detrás de estas dinámicas (II=0.5), lo que limita su puntuación total.",958,84
687,"El paper aplica de manera efectiva el marco interseccional al analizar cómo las identidades de raza y clase se entrelazan en las respuestas a desastres, destacando el poder estructural en las respuestas humanas e institucionales. Además, contextualiza el estudio en el evento histórico de Katrina, utilizando un método robusto basado en datos de encuestas.",989,84
688,"Falso positivo: el paper se centra en un caso legal sobre emisiones de gases de efecto invernadero, sin abordar interseccionalidad ni el impacto del cambio climático en diversas identidades o estructuras de poder. El abstract carece de elementos que permitan evaluar los criterios de Bowleg.",1152,73
689,"El paper aborda el poder estructural y el contexto sociohistórico al mencionar la pobreza y los riesgos de vulnerabilidad en África, pero no desarrolla explícitamente las interrelaciones entre identidades ni presenta un método que capture interacciones, resultando en un score Bowleg bajo (I=0, II=0.5, III=0.5, IV=0).",1061,90
690,"El paper aborda la interseccionalidad de manera parcial, considerando la interacción entre preocupaciones sociales y ambientales (I=0.5) y el poder en la gobernanza participativa (II=0.5). Sin embargo, el análisis no profundiza en las identidades entrelazadas ni en un método que operacionalice estas interacciones de forma robusta.",1015,90
691,"Falso positivo: el paper se centra en el desarrollo de modelos de predicción de la concentración de monóxido de carbono en un contexto urbano, sin abordar aspectos interseccionales, estructuras de poder, contexto sociohistórico o interacciones sociales, lo que resulta en un score Bowleg total de 0.",1065,75
692,"El paper aplica interseccionalidad al analizar cómo la ley de inmigración y la racialización se entrelazan, destacando el poder estructural de la ley en este proceso (I=1, II=1). Sin embargo, el contexto sociohistórico y el enfoque metodológico no son completamente robustos, lo que limita su puntuación total (III=0.5, IV=0.5).",982,99
693,"El paper aborda la interseccionalidad al explorar identidades entrelazadas de los isleños y el impacto del colonialismo y la Guerra Fría en sus vidas (I=1, II=1). Además, contextualiza la narrativa en relación con la globalización y el cambio climático (III=1), aunque su análisis literario es algo aditivo (IV=0.5).",1125,95
694,"El paper aborda la interseccionalidad de manera limitada, identificando preocupaciones comunes entre justicia ambiental y social (I=0.5) y analizando sus intersecciones (II=0.5), pero carece de un enfoque metodológico que operacionalice las interacciones entre estas dimensiones (IV=0). Esto resulta en un total de 1.5.",1126,91
695,"El paper aborda la interseccionalidad de manera parcial, considerando identidades entrelazadas y el impacto de Katrina en HBCUs (I=0.5, II=0.5). Sin embargo, aunque utiliza un enfoque cualitativo, no logra profundizar en las interacciones complejas entre las identidades y el poder estructural (IV=0.5), resultando en un score total de 2.0.",1028,105
696,"Falso positivo: el paper se centra en la eficiencia energética desde perspectivas económicas y de ingeniería, sin abordar interseccionalidad ni poder estructural. Carece de análisis sobre identidades sociales o contextos históricos, lo que resulta en un score Bowleg total de 0.",1136,71
697,"El paper aborda el papel de actores no estatales en la reducción de emisiones, reconociendo estructuras de poder de manera limitada (II=0.5), y menciona el contexto de EE. UU. y China sin un análisis histórico profundo (III=0.5). Sin embargo, no considera identidades entrelazadas ni un método que capture interacciones (I=0, IV=0).",1152,97
698,"El paper aborda la interseccionalidad al examinar cómo los medios representan a las minorías durante el huracán Katrina (I=0.5), y discute el poder estructural al señalar la representación negativa que refuerza desigualdades sociales (II=1.0). Sin embargo, el análisis no profundiza en las interacciones entre identidades (IV=0.5).",1090,95
699,"Falso positivo: el paper se centra en la actividad solar y geomagnética, sin abordar aspectos interseccionales o climáticos. No se identifican identidades entrelazadas, poder estructural, contexto sociohistórico ni un método que capture interacciones, lo que resulta en un score Bowleg total de 0.",1147,82
700,"El paper aborda la interseccionalidad de salud global, cambio climático y gobernanza, aunque de manera superficial (I=0.5, II=0.5). La referencia a inequidades sociales es relevante, pero el enfoque en métodos aditivos y la falta de un análisis profundo del contexto sociohistórico limitan su puntuación total (IV=0).",1039,89
701,"Falso positivo: el paper se centra en el uso de etiquetas de huella de carbono en el comercio internacional, sin abordar aspectos interseccionales relacionados con identidades, poder estructural o contexto sociohistórico. No se presenta un análisis que considere interacciones entre variables sociales y climáticas.",1084,74
702,"El paper aborda la interseccionalidad de manera moderada, destacando la importancia de las narrativas en la participación política de grupos marginalizados (I=0.5, II=0.5), y contextualiza su análisis en el marco de los eventos post-Katrina (III=1.0), aunque el enfoque metodológico no logra evitar un tratamiento aditivo de las identidades (IV=0.5).",1074,102
703,"Falso positivo: el paper se centra en la política de seguridad en Asia y su relación con la seguridad global, sin abordar aspectos interseccionales o climáticos de manera sustantiva. No se identifican identidades entrelazadas, poder estructural, contexto sociohistórico ni un método que considere interacciones.",980,80
704,"El paper aborda la interseccionalidad al mencionar vulnerabilidades en la intersección de discapacidad, clase, género y etnicidad (I=0.5), y destaca el poder estructural que contribuye a la vulnerabilidad de personas con discapacidad ante desastres (II=1.0). Sin embargo, el análisis es limitado en su contexto sociohistórico y metodología (III=0.5, IV=0.5).",1186,105
705,"El paper aborda la interseccionalidad de raza y clase en el contexto del huracán Katrina, aunque de manera limitada (I=0.5, II=0.5). Sin embargo, carece de un diseño empírico claro que operacionalice estas interacciones, lo que impacta negativamente en su puntuación total (IV=0).",1034,87
706,"El paper aplica interseccionalidad al abordar identidades fragmentadas y vulnerabilidades de género (I=1), además de examinar desigualdades estructurales en el acceso a recursos (II=1). También contextualiza el análisis en escalas múltiples (III=1), aunque el enfoque metodológico es parcialmente aditivo al no operacionalizar completamente las interacciones (IV=0.5).",1128,96
707,"Falso positivo: el paper se centra en la relación entre energía y sociedad estadounidense, sin abordar interseccionalidad ni aspectos climáticos. No se identifican identidades entrelazadas, poder estructural, contexto sociohistórico ni un método que capture interacciones, resultando en un score Bowleg de 0.",1537,81
708,"El paper presenta un enfoque limitado sobre interseccionalidad, mencionando la igualdad de género en relación con la contratación pública (II=0.5), pero carece de un análisis profundo sobre identidades entrelazadas y no proporciona un diseño metodológico que capture interacciones (I=0, IV=0). Esto resulta en un total bajo de 1.0.",1433,92
709,"El paper aborda la interseccionalidad de manera limitada, reconociendo el papel de las organizaciones de justicia ambiental en la legislación, pero no profundiza en las identidades entrelazadas ni en el poder estructural de manera sustantiva. La falta de un método que operacionalice interacciones contribuye a un score bajo en el criterio IV.",1102,87
710,"El paper aborda de manera sustantiva las identidades entrelazadas de los niños inmigrantes afectados por Katrina (I=1), y examina el impacto del poder estructural y la xenofobia en su situación (II=1). Además, contextualiza el fenómeno en el marco histórico de la evacuación (III=1), aunque el método presenta limitaciones en su operacionalización (IV=0.5).",1126,100
711,"Falso positivo: el paper se centra en la gestión de emisiones de transporte a través de rotondas, sin abordar aspectos interseccionales ni climáticos relevantes. No menciona identidades, poder estructural, contexto sociohistórico ni un método que considere interacciones, resultando en un score Bowleg de 0.",1135,81
712,"El paper aborda la interseccionalidad de manera limitada, mencionando diversidad racial y económica (I=0.5) y la vulnerabilidad de personas mayores ante amenazas ambientales (II=0.5), pero carece de un análisis contextual profundo y un método que capture interacciones entre identidades (IV=0). Esto resulta en un total de 1.5.",1015,88
713,"El paper aplica de manera integral el marco interseccional al examinar cómo las identidades de género y clase se entrelazan en la lucha por la justicia ambiental y los derechos reproductivos (I=1, II=1). Además, contextualiza estas luchas en un marco sociohistórico específico y utiliza un enfoque metodológico que no es aditivo (III=1, IV=1).",1083,96
714,"El paper presenta un enfoque sobre la recursividad en la creación de normas globales, pero carece de un análisis sustantivo de identidades entrelazadas (I=0) y no operacionaliza interacciones en su metodología (IV=0). Reconoce estructuras de poder, aunque de forma limitada (II=0.5) y menciona la contingencia histórica sin profundizar (III=0.5).",1066,101
715,"El paper aborda la interseccionalidad al examinar cómo la raza se entrelaza con otras desigualdades (I=1), y analiza el papel de las instituciones políticas en la reproducción de estas desigualdades (II=1). Además, contextualiza la desigualdad en el marco de eventos históricos como el huracán Katrina (III=1), aunque sugiere métodos sin operacionalizar completamente las interacciones (IV=0.5).",1175,106
716,"Falso positivo: el paper se centra en la turbulencia en la capa límite y el crecimiento de la precipitación orográfica en nubes frías, sin abordar aspectos interseccionales o climáticos relevantes. No se identifican identidades, poder estructural, contexto sociohistórico ni un enfoque metodológico que considere interacciones sociales.",1169,83
717,"Falso positivo: el paper se centra en la evaluación técnica y económica de la energía eólica mediante precios marginales locacionales, sin abordar aspectos interseccionales, desigualdades estructurales, contexto sociohistórico o interacciones sociales, lo que resulta en un score Bowleg total de 0.",1030,77
718,"El paper aborda la interseccionalidad al analizar cómo la crisis económica reactivó nichos laborales de género para mujeres españolas en París (I=0.5), y discute la reestructuración patriarcal del mercado laboral (II=1.0). Sin embargo, el análisis de identidades y el método no son completamente integrados, limitando su puntuación total.",1026,93
719,"Falso positivo: el paper trata sobre artefactos malacológicos en contextos funerarios de cazadores-recolectores, sin contenido interseccional-climático sustantivo. No aborda identidades entrelazadas, poder estructural ni contexto sociohistórico, y su método no considera interacciones entre identidades, resultando en un score Bowleg total de 0.",1094,95
720,"El paper aborda la interseccionalidad de manera limitada, mencionando identidades entrelazadas y poder estructural, pero sin un enfoque metodológico que capture las interrelaciones de forma efectiva (IV=0). Se centra en el contexto sociohistórico del plebiscito en Colombia, lo que aporta a su análisis (III=0.5).",1246,89
721,"El paper presenta un análisis del proceso de chilenización en Tarapacá, mencionando el contexto sociohistórico de manera superficial (III=0.5) y discutiendo dispositivos de poder sin teorizar sobre desigualdades estructurales (II=0.5), pero carece de un enfoque interseccional y un método que capture interacciones (I=0, IV=0).",1034,95
722,"El paper aborda el poder estructural al criticar el eurocentrismo y los legados coloniales (II=1), y contextualiza su análisis en América Latina, África y Asia (III=1). Sin embargo, no explora identidades entrelazadas ni presenta un método que capture interacciones, resultando en un score total de 2.",1208,87
723,"El paper aplica de manera sustantiva el marco interseccional al abordar cómo las identidades étnicas y de género se entrelazan en la violencia contra mujeres Mapuche (I=1), analiza el poder estructural en un contexto sociohistórico específico (II=1, III=1), y utiliza un método cualitativo que evita enfoques aditivos (IV=1).",1193,95
724,"Falso positivo: el paper trata de arqueología andina, enfocándose en la representación gráfica de la anfisbaena en el arte rupestre, sin abordar interseccionalidad ni cambio climático. Carece de análisis sobre identidades entrelazadas, poder estructural, contexto sociohistórico y un método que considere interacciones.",1015,84
725,"Falso positivo: el paper trata sobre fitolitos en el contexto de la geoarqueología, sin contenido interseccional-climático sustantivo. No aborda identidades entrelazadas, poder estructural, contexto sociohistórico ni utiliza un método que considere interacciones, resultando en un score Bowleg total de 0.",1102,85
726,"El paper aborda el abandono escolar desde una perspectiva interseccional, destacando el poder estructural relacionado con la pobreza y marginalidad (II=1). Sin embargo, la integración de identidades entrelazadas es limitada y el contexto sociohistórico se menciona de manera superficial, lo que contribuye a un score total de 2.0.",1107,84
727,"El paper aborda la interseccionalidad al mencionar la perspectiva interseccional y la insuficiencia de políticas de control migratorio, lo que refleja un análisis de poder estructural. Sin embargo, el enfoque metodológico y el contexto sociohistórico son tratados de manera superficial, resultando en un score total de 2.",984,82
728,"El paper aplica de manera robusta el marco interseccional al examinar cómo las identidades de las comunidades Lickanantay se entrelazan con el poder estructural del extractivismo del litio, en un contexto sociohistórico específico del Salar de Atacama, utilizando un método que integra testimonios y fuentes documentales.",1124,85
729,"El paper aplica de manera integral el marco interseccional al examinar cómo las identidades de sujetos indígenas se entrelazan con el poder estructural en el contexto de la ecología política latinoamericana, utilizando un enfoque metodológico etnográfico que evita la aditividad, lo que justifica su score total de 4.",1105,83
730,"El paper presenta un enfoque sobre la violencia de género en la narrativa latinoamericana, mencionando identidades entrelazadas de forma superficial (I=0.5) y un contexto sociohistórico actual (III=0.5), pero carece de análisis sobre poder estructural y un método que capture interacciones, resultando en un total bajo.",1004,86
731,"El paper aborda la interseccionalidad de manera parcial, reconociendo la importancia de las emociones en el movimiento feminista (I=0.5) y denunciando la violencia de género como un problema estructural (II=0.5). Sin embargo, el análisis no profundiza en las interacciones entre identidades ni en el contexto histórico específico, limitando su alcance.",1096,93
732,"Falso positivo: el paper trata de arqueología y paleohidrología, sin contenido interseccional-climático sustantivo. No aborda identidades entrelazadas, poder estructural, contexto sociohistórico ni utiliza un método que considere interacciones sociales, resultando en un score Bowleg total de 0.",1541,83
733,"El paper presenta un enfoque limitado en interseccionalidad, ya que no aborda identidades entrelazadas ni poder estructural (I=0, II=0). Aunque menciona un contexto sociohistórico relacionado con un incendio forestal (III=0.5), carece de un método que explore interacciones entre variables (IV=0).",1189,87
734,"El paper aborda la interseccionalidad de género y migración al examinar la violencia contra mujeres migrantes en América Latina (I=0.5, II=0.5). Sin embargo, el análisis se presenta de manera aditiva y no profundiza en las interacciones complejas entre identidades y estructuras de poder, resultando en un score moderado.",1017,90
735,"El paper presenta un análisis del contexto histórico de la dictadura argentina y su relación con el Mundial de 1978, lo que justifica el puntaje en el criterio III (0.5). Sin embargo, carece de un enfoque interseccional y no aborda las identidades entrelazadas ni un método que capture interacciones, resultando en un total bajo (1.0).",1085,95
736,"Falso positivo: el paper trata sobre arqueología andina, enfocándose en la metalurgia prehispánica y el uso de combustible leñoso, sin abordar interseccionalidad ni cambio climático. Aunque menciona el contexto hiperarido, carece de un análisis sociohistórico o de poder estructural, resultando en un bajo score Bowleg.",1160,89
737,"El paper aborda identidades entrelazadas al explorar las experiencias de migrantes dominicanos, peruanos y colombianos, lo que justifica el score en el criterio I (1.0). Sin embargo, aunque menciona la condición de extranjería, el análisis del poder estructural y el contexto sociohistórico es limitado, resultando en scores más bajos en II y III (0.5 cada uno).",1221,99
738,"El paper aborda el poder estructural al reconocer la consolidación de elites en Argentina (II=0.5) y menciona el contexto sociohistórico, aunque sin un análisis profundo (III=0.5). Sin embargo, no integra identidades entrelazadas ni un método que capture interacciones, resultando en un score total bajo.",1018,85
739,"El paper aborda la interseccionalidad al explorar cómo las identidades de los padres migrantes influyen en su responsabilidad parental (I=0.5) y cómo estas interacciones se ven afectadas por el poder estatal y la diversidad cultural (II=0.5, III=0.5). Sin embargo, el análisis es limitado y no operacionaliza completamente las interacciones (IV=0.5).",1152,99
740,"El paper presenta una insuficiencia en el análisis interseccional, ya que no aborda identidades entrelazadas ni poder estructural, lo que limita su capacidad para explorar las dinámicas sociales en las elecciones municipales de 1855. Solo menciona tensiones sociales sin un contexto histórico detallado.",1027,77
741,"El paper presenta una revisión de la historia escolar y su evolución, pero carece de un análisis interseccional sustantivo sobre identidades y poder estructural, lo que limita su puntuación en los criterios I y II a cero. Solo se aborda el contexto histórico de manera superficial, reflejando un total de 0.5.",1031,84
742,"El paper aborda la interseccionalidad de manera limitada, enfocándose en las trayectorias migratorias de mujeres italianas y considerando factores de género en el proceso migratorio (I=0.5, II=0.5). Sin embargo, carece de un diseño metodológico que capture interacciones complejas y no contextualiza suficientemente el análisis (IV=0).",978,88
743,"El paper aplica de manera integral el marco interseccional, abordando identidades entrelazadas y el poder estructural en el contexto de la crisis de cuidado en Chile. Utiliza un enfoque cualitativo que permite explorar las experiencias de las cuidadoras, evidenciando el impacto sociohistórico en sus vidas, lo que justifica el score total de 4.",1104,91
744,"El paper presenta un análisis limitado de la interseccionalidad, con un enfoque en la violencia y la movilidad social, pero carece de una discusión sustantiva sobre identidades entrelazadas (I=0) y un contexto sociohistórico específico (III=0.5). Se menciona el poder estructural, aunque sin mecanismos claros (II=0.5).",1096,93
745,"El paper presenta una insuficiencia en el análisis interseccional, ya que no aborda identidades entrelazadas ni poder estructural, lo que limita su capacidad para examinar cómo las dinámicas sociales impactan en la vulnerabilidad ante desastres. Solo se menciona el contexto sociohistórico de manera superficial.",1012,81
746,"El paper aplica de manera robusta el marco interseccional al abordar las identidades entrelazadas de las mujeres afrodescendientes y su lucha contra estructuras de poder opresivas. Además, contextualiza su análisis en un marco sociohistórico relevante y utiliza un enfoque metodológico cualitativo que evita la aditividad, logrando así un score total de 4.",1186,93
747,"El paper aplica de manera sustantiva el marco interseccional, analizando cómo las identidades de género y raza se entrelazan en la organización política de mujeres en un contexto colonial (I=1, II=1). Además, contextualiza históricamente su análisis en relación con movimientos feministas internacionales (III=1) y utiliza un método cualitativo robusto (IV=1).",1163,97
748,"El paper aplica de manera integral el marco interseccional, analizando cómo las identidades de género y etnicidad se entrelazan en la experiencia de violencia de las mujeres aymaras (I=1), y aborda el poder estructural al desentrañar componentes coloniales en la construcción de la tradición (II=1), logrando un total de 4.0.",1072,90
749,"Falso positivo: el paper se centra en la complejidad de la implementación de políticas públicas interjurisdiccionales en Argentina, sin abordar aspectos interseccionales relacionados con identidades, poder estructural, contexto sociohistórico o un método que considere interacciones entre subgrupos, resultando en un score Bowleg de 0.",1041,84
750,"El paper presenta un enfoque teórico sobre la Agenda Setting en un contexto cubano, pero carece de un análisis interseccional sustantivo, ya que no aborda identidades entrelazadas ni poder estructural. Solo se menciona el contexto sociohistórico de manera superficial, lo que limita su puntuación total.",1132,81
751,"Falso positivo: el paper se centra en cambios en comunidades de micromamíferos en un contexto ecológico, sin abordar aspectos interseccionales o climáticos. No se menciona la interseccionalidad, el poder estructural, ni se considera el contexto sociohistórico, resultando en un score Bowleg de 0.",1254,86
752,"El paper aborda la interseccionalidad al mencionar identidades entrelazadas y el poder estructural en el contexto de desplazamientos forzados por causas ambientales (I=0.5, II=0.5), pero carece de un método que operacionalice estas interacciones de manera efectiva (IV=0). Esto limita su capacidad para ofrecer un análisis más profundo.",989,89
753,"Falso positivo: el paper trata de arqueología andina, centrado en el análisis de petroglifos sin contenido interseccional-climático sustantivo. No aborda identidades entrelazadas, poder estructural, contexto sociohistórico ni un método que capture interacciones, resultando en un score Bowleg total de 0.",992,87
754,"El paper presenta un análisis limitado de la interseccionalidad, centrándose en la percepción de las casas por parte del pueblo Quechua sin explorar identidades entrelazadas (I=0). Aunque menciona el contexto boliviano y las políticas de desarrollo, no profundiza en mecanismos estructurales de desigualdad (II=0.5) ni en el contexto histórico (III=0.5).",1033,102
755,"El paper aborda identidades entrelazadas al explorar masculinidad y performatividad en el contexto de protestas (I=0.5) y sitúa su análisis en el estallido social chileno (III=0.5). Sin embargo, carece de discusión sobre poder estructural y su enfoque metodológico es limitado, resultando en un score total de 1.5.",1057,95
756,"El paper aborda el activismo textil en Colombia, considerando el contexto sociohistórico de la pandemia y el estallido social (III=1). Sin embargo, el análisis de identidades entrelazadas y poder estructural es limitado, lo que reduce su puntuación en esos criterios (I=0.5, II=0.5).",1129,86
757,"Falso positivo: el paper se centra en la relación entre personas y la planta Anadenanthera colubrina desde una perspectiva paleoetnobotánica, sin abordar interseccionalidad o cambio climático. Aunque se menciona el contexto sociohistórico, no se exploran identidades entrelazadas ni estructuras de poder, resultando en un bajo score Bowleg.",1196,92
758,"El paper aborda la interseccionalidad de manera limitada, mencionando identidades entrelazadas y poder estructural, pero sin un análisis profundo de sus interacciones (I=0.5, II=0.5). Además, carece de un diseño metodológico claro que operacionalice estos conceptos (IV=0). Esto resulta en un total de 1.5.",1054,93
759,"El paper aborda de manera sustantiva las identidades entrelazadas de las mujeres afrocolombianas afectadas por el conflicto armado (I=1), y analiza el poder estructural en el contexto del conflicto y sus consecuencias (II=1), aunque el método utilizado presenta limitaciones al no operacionalizar completamente las interacciones (IV=0.5).",1213,88
760,"El paper aplica de manera integral el marco interseccional, analizando cómo se entrelazan clase social, género, raza y estatus migratorio en el trabajo de cuidado de mujeres bolivianas. Utiliza un enfoque de feminismo decolonial que examina las estructuras de poder y el contexto sociohistórico, lo que justifica su puntuación máxima.",1068,89
761,"El paper aborda la interseccionalidad de manera limitada, reconociendo la pobreza y desigualdad como factores relevantes (I=0.5) y mencionando asimetrías de poder (II=0.5), pero no operacionaliza las interacciones entre identidades ni utiliza un enfoque metodológico que trascienda respuestas individuales (IV=0).",965,88
762,"El paper aplica de manera integral el marco interseccional, analizando cómo las identidades de género y raza se entrelazan en las experiencias migratorias de mujeres colombianas en Chile (I=1, II=1). Además, utiliza un enfoque cualitativo que permite una comprensión profunda de las dinámicas sociales y contextuales (III=1, IV=1).",1281,91
763,"Falso positivo: el paper trata sobre relaciones simbólicas entre sociedades indígenas y fauna en un contexto arqueológico, sin abordar interseccionalidad ni cambio climático. Aunque menciona el contexto sociohistórico, no se analizan identidades entrelazadas ni poder estructural, resultando en un bajo score Bowleg.",994,80
764,"El paper aborda de manera sustantiva la interseccionalidad al identificar identidades entrelazadas y el impacto del poder estructural en la vulnerabilidad de mujeres y grupos diversos ante el cambio climático (I=1, II=1). Sin embargo, el método exploratorio limita la profundidad del análisis interseccional (IV=0.5).",1285,88
765,"Falso positivo: el paper se centra en un análisis bibliométrico de la inseguridad laboral en Chile, sin abordar aspectos interseccionales, estructuras de poder, contexto sociohistórico o metodologías que consideren interacciones entre identidades. Por lo tanto, no cumple con los criterios de evaluación interseccional.",960,80
766,"El paper aborda la interseccionalidad al examinar cómo el género influye en la participación social, aunque lo hace de manera limitada (I=0.5, II=0.5). Utiliza un método específico para analizar dinámicas internas, pero no profundiza en el contexto sociohistórico ni en las interacciones complejas entre identidades (III=0.5, IV=0.5).",1020,99
767,"Falso positivo: el paper se centra en el análisis semiótico de las culturas de la familia lingüística chon, sin abordar interseccionalidad ni cambio climático. No se identifican identidades entrelazadas, poder estructural, contexto sociohistórico ni un método que capture interacciones, resultando en un score Bowleg de 0.",1034,88
768,"El paper presenta un enfoque limitado sobre interseccionalidad, ya que carece de análisis sobre identidades entrelazadas y poder estructural (I=0, II=0). Aunque menciona el contexto sociohistórico de España, lo hace de forma superficial (III=0.5), resultando en un total bajo de 0.5.",1038,88
769,"El paper presenta una insuficiencia en el análisis interseccional, ya que no aborda identidades entrelazadas ni poder estructural (I=0, II=0). Aunque menciona contextos socioculturales y políticos, carece de especificidad histórica (III=0.5), lo que limita su contribución a la interseccionalidad en el cambio climático.",1044,95
770,"El paper aborda la interseccionalidad de manera limitada, al mencionar identidades entrelazadas y el poder estructural en el contexto de la chilenización (I=0.5, II=0.5), pero carece de un método que operacionalice estas interacciones, lo que limita su análisis interseccional (IV=0).",1032,88
771,"Falso positivo: el paper trata de arqueología andina, centrado en un objeto de oro en un contexto funerario, sin contenido interseccional-climático sustantivo. No aborda identidades entrelazadas, estructuras de poder, contexto sociohistórico específico ni utiliza un método que capture interacciones, resultando en un score Bowleg total de 0.",1117,92
772,"El paper presenta un análisis de la violencia de género en el contexto de los derechos humanos, identificando identidades entrelazadas y poder estructural de manera limitada (I=0.5, II=0.5). Sin embargo, carece de un enfoque metodológico que capture las interconexiones de manera efectiva (IV=0).",1017,82
773,"El paper aplica de manera integral el marco interseccional, abordando identidades entrelazadas y poder estructural al reconocer cómo las desigualdades de género afectan la vulnerabilidad en contextos específicos. Además, utiliza un método cualitativo que permite explorar las experiencias vividas, lo que justifica el score total de 4.",1467,84
774,"El paper aborda la interseccionalidad al centrar su análisis en las mujeres y su rol en la construcción de la habitabilidad en un contexto de inundaciones (I=0.5, II=0.5). Sin embargo, carece de un diseño metodológico claro y no operacionaliza las interacciones de manera efectiva (IV=0).",1026,86
775,"El paper presenta una revisión de literatura sobre la vinculación emocional en interacciones parentofiliales, pero carece de un análisis interseccional sustantivo, ya que no aborda identidades entrelazadas ni poder estructural. Solo menciona constructos sociohistóricos sin un contexto detallado, lo que limita su puntuación total.",1022,84
776,"El paper aborda la interseccionalidad al examinar cómo las identidades de género y raza afectan el desempeño ocupacional de mujeres migrantes haitianas (I=0.5, II=0.5), y contextualiza su situación en Chile (III=0.5). Sin embargo, el enfoque cualitativo no operacionaliza las interacciones de manera efectiva (IV=0).",1119,94
777,"El paper aborda la interseccionalidad al considerar cómo el género y las desigualdades estructurales se entrelazan en el contexto del cambio climático en Merzouga (I=0.5, II=0.5). Sin embargo, el análisis no profundiza en las interacciones entre identidades ni en un método que operacionalice estas dinámicas de manera más robusta (III=0.5, IV=0.5).",1015,103
778,"Falso positivo: el paper se centra en el análisis zooarqueológico del consumo de fauna y manejo de rebaños en un contexto histórico específico, pero carece de contenido interseccional y climático sustantivo, ya que no aborda identidades entrelazadas ni estructuras de poder, resultando en un bajo score Bowleg.",1134,80
779,"Falso positivo: el paper trata sobre un manuscrito y su análisis iconográfico, sin contenido interseccional ni climático sustantivo. No se abordan identidades, poder estructural, contexto sociohistórico ni un método que capture interacciones, lo que justifica el score Bowleg total de 0.",1016,79
780,"El paper aborda la interseccionalidad al considerar las identidades de género en el contexto migratorio (I=0.5) y analiza el poder estructural al discutir la autonomía de las mujeres frente a instituciones (II=0.5). Sin embargo, el análisis y el método no son completamente robustos, resultando en un score total de 2.",1080,89
781,"El paper aborda el papel de las mujeres en la defensa del territorio frente a proyectos hidroeléctricos, destacando el poder estructural en juego (II=1). Sin embargo, el análisis de identidades entrelazadas y el contexto sociohistórico son superficiales (I=0.5, III=0.5), lo que limita su profundidad interseccional.",965,92
782,"El paper presenta un análisis de la obra de Mirta Yáñez que aborda la identidad de las mujeres en la literatura cubana (I=0.5) y reconoce el contexto de un campo cultural dominado por hombres (III=0.5). Sin embargo, carece de un enfoque en el poder estructural y un método que operacionalice interacciones (II=0, IV=0).",984,93
783,"El paper aborda la interseccionalidad al explorar el papel de género en las prácticas de cuidado entre mujeres mayas y animales, aunque lo hace de manera limitada (I=0.5, II=0.5). El enfoque etnográfico permite una comprensión contextual, pero no logra un análisis profundo de las interacciones entre identidades y estructuras de poder.",1078,89
784,"El paper presenta una exploración limitada de identidades entrelazadas al considerar a las brujas como expertas en amor (I=0.5) y menciona temas contemporáneos desde una perspectiva feminista (III=0.5), pero carece de un análisis de poder estructural y un diseño metodológico claro (II=0, IV=0).",1059,91
785,"El paper presenta un análisis del periodismo digital en relación con la crisis carcelaria en Ecuador, pero carece de un enfoque interseccional. Aunque menciona el poder estructural del populismo punitivo (II=0.5) y el contexto sociohistórico (III=0.5), no aborda identidades entrelazadas ni interacciones grupales.",1126,92
786,"El paper aborda la interseccionalidad de género en estudios sindicales, destacando el activismo feminista reciente (I=0.5, III=0.5), pero carece de un análisis profundo sobre estructuras de poder y un diseño metodológico claro, lo que limita su puntuación total (II=0, IV=0).",893,85
787,"El paper aborda la interseccionalidad de manera limitada, mencionando la relación entre discapacidad y sexualidad (I=0.5, II=0.5) y reflexionando sobre el contexto de investigación (III=0.5). Sin embargo, carece de un diseño metodológico claro que operacionalice estas interacciones (IV=0), resultando en un total de 1.5.",1181,98
788,"El paper presenta un enfoque teórico que aborda identidades entrelazadas y poder estructural, aunque de manera limitada, al proponer el concepto de 'emic-gration' y discutir las limitaciones metodológicas. Sin embargo, carece de un método empírico claro y no operacionaliza interacciones, lo que reduce su puntuación total.",1028,82
789,"El paper presenta una insuficiencia en el análisis interseccional, ya que no aborda identidades entrelazadas ni poder estructural, limitándose a reflexionar sobre la etnohistoria y el sentido de pertenencia territorial. Solo se menciona el contexto sociohistórico de manera superficial, lo que justifica el bajo score total.",1072,85
790,"Falso positivo: el paper trata sobre técnicas de procesamiento de alimentos y teoría de construcción de nichos en un contexto arqueológico, sin abordar interseccionalidad, poder estructural o contexto sociohistórico. No se presentan identidades entrelazadas ni un método que considere interacciones, resultando en un score Bowleg total de 0.",1117,83
791,"El paper aborda la interseccionalidad al analizar cómo el discurso maternalista afecta a mujeres negras, mestizas y extranjeras (I=1), y explora el poder estructural que devalúa su trabajo (II=1). Además, contextualiza el fenómeno en el siglo XIX en Montevideo (III=1), aunque el método es parcialmente aditivo (IV=0.5).",1072,96
792,"Falso positivo: el paper trata de arqueología andina, enfocándose en un enterratorio del Holoceno medio sin contenido interseccional-climático. No aborda identidades entrelazadas, poder estructural ni contexto sociohistórico, y su análisis es meramente descriptivo, lo que justifica el score Bowleg total de 0.",1149,88
793,"El paper presenta un análisis del movimiento estudiantil chileno en el contexto del neoliberalismo, reconociendo presiones sociales y políticas (II=0.5) y mencionando el contexto histórico (III=0.5). Sin embargo, carece de un enfoque interseccional claro y no aborda las identidades entrelazadas ni un método que capture interacciones (I=0, IV=0).",1113,96
794,"El paper aborda la interseccionalidad de género en el contexto de la pesca industrial en Chile, destacando cómo las mujeres ejercen agencia frente a estructuras de poder (I=0.5, II=0.5). Sin embargo, el análisis no profundiza en la interrelación de identidades ni en un contexto más amplio, limitando su puntuación total.",1022,88
795,"El paper presenta un análisis limitado de la militancia socialista en Buenos Aires, sin abordar identidades entrelazadas ni poder estructural, lo que resulta en un score bajo en esos criterios (I=0, II=0). Aunque menciona el contexto histórico, carece de profundidad analítica (III=0.5), y no se observa un método que considere interacciones (IV=0).",995,96
796,"El paper presenta un enfoque interdisciplinario que reconoce la relación entre la población y las inundaciones (II=0.5) y menciona el contexto de El Valle La Estrella (III=0.5), pero carece de un análisis profundo de identidades entrelazadas (I=0) y no operacionaliza las interacciones en su metodología (IV=0.5).",1093,91
797,"El paper presenta un enfoque etnográfico sobre la organización comunitaria en una comunidad indígena, pero carece de un análisis interseccional sustantivo. Aunque menciona el contexto de Jujuy, no aborda identidades entrelazadas ni desigualdades estructurales, resultando en un bajo score Bowleg total.",1233,81
798,"El paper presenta un enfoque limitado sobre la vejez sin considerar identidades entrelazadas ni desigualdades estructurales, lo que resulta en un bajo puntaje en los criterios I y II (0). Aunque menciona un contexto de población envejecida, carece de profundidad y análisis empírico, reflejando un total de 0.5.",919,86
799,"Falso positivo: el paper se centra en el análisis de la figura del 'killjoy' en la obra de Cristina Morales, sin abordar interseccionalidad ni cambio climático. No se identifican identidades entrelazadas, poder estructural, contexto sociohistórico ni un método que integre estas dimensiones, resultando en un score Bowleg de 0.",1090,87
800,"El paper aplica de manera efectiva el marco interseccional al abordar identidades entrelazadas y poder estructural, analizando cómo la explotación de clase y diversas formas de discriminación afectan la equidad en el ámbito corporativo. Además, utiliza un método que combina análisis cualitativo y cuantitativo, lo que refuerza su enfoque crítico y contextual.",1258,86
801,"El paper presenta un análisis histórico de la industria ballenera en Tarapacá, pero carece de un enfoque interseccional claro, ya que no aborda identidades entrelazadas (I=0) ni operacionaliza interacciones en su metodología (IV=0). Solo se menciona el contexto socioeconómico de manera superficial (III=0.5), resultando en un total bajo.",1095,94
802,"El paper presenta un análisis del extractivismo minero en América Latina, pero carece de un enfoque interseccional claro, ya que no aborda identidades entrelazadas (I=0) ni un método que capture interconexiones (IV=0). Sin embargo, menciona el poder estructural y el contexto sociohistórico de manera limitada (II=0.5, III=0.5).",1005,98
803,"El paper aborda la interseccionalidad al examinar el liderazgo femenino en la gestión del riesgo de desastres, aunque de manera limitada (I=0.5, II=0.5). Se contextualiza adecuadamente en La Primavera, Antioquia (III=1.0), y utiliza etnografía, pero no logra un enfoque completamente no aditivo en su análisis (IV=0.5).",991,96
804,"El paper aborda la interseccionalidad al analizar cómo las identidades de género y migración influyen en las trayectorias laborales de mujeres en Mendoza (I=1). Sin embargo, el análisis del poder estructural y el contexto sociohistórico es limitado (II=0.5, III=0.5), y el método etnográfico no operacionaliza completamente las interacciones (IV=0.5).",994,102
805,"El paper aborda de manera sustantiva las identidades entrelazadas de mujeres y su relación con la caña de azúcar, así como el poder estructural que subyace en la producción agroindustrial, lo que justifica los scores altos en los criterios I, II y III. Sin embargo, el enfoque metodológico es parcialmente aditivo.",1172,85
806,"El paper aborda la interseccionalidad de manera limitada, reconociendo conceptos de género y su relación con la pobreza (I=0.5, II=0.5), pero carece de un análisis empírico claro y un enfoque metodológico que integre las identidades de forma no aditiva (IV=0). Esto resulta en un total de 1.5.",948,91
807,"El paper presenta una insuficiencia en el análisis interseccional, ya que no aborda identidades entrelazadas ni poder estructural (I=0, II=0). Aunque menciona el contexto de la pandemia, carece de un análisis histórico profundo (III=0.5), resultando en un total bajo de 0.5.",1121,87
808,"Falso positivo: el paper se centra en aspectos educativos y de gestión del Departamento de Historia del Arte de la Universidad de Valencia, sin abordar temas de interseccionalidad o cambio climático. No se identifican identidades, poder estructural, contexto sociohistórico ni métodos que capturen interacciones.",1038,73
809,"Falso positivo: el paper trata de arqueología andina, enfocándose en la ocupación del espacio prehispánico sin abordar interseccionalidad ni cambio climático. No se identifican identidades entrelazadas, poder estructural ni contexto sociohistórico, y el método utilizado es meramente descriptivo y no interseccional.",1107,86
810,"El paper presenta un enfoque interseccional moderado, analizando cómo las identidades y el poder estructural influyen en la representación política a través del activismo sociopartidario (I=0.5, II=0.5). Sin embargo, su método cualitativo robusto permite una comprensión más profunda de las dinámicas en juego (IV=1.0), resultando en un total de 2.5.",1246,105
811,"Falso positivo: el paper trata de un análisis antracológico en un sitio arqueológico, sin contenido interseccional-climático sustantivo. No se abordan identidades entrelazadas, poder estructural, contexto sociohistórico ni un enfoque metodológico que considere interacciones, resultando en un score Bowleg total de 0.",1152,85
812,"El paper aborda la interseccionalidad al mencionar opresiones múltiples en vidas racializadas y de género (I=0.5, II=0.5), y contextualiza su análisis en el desarrollo de un Internet feminista y antirracista en América Latina (III=0.5). Sin embargo, carece de un diseño metodológico empírico (IV=0).",1028,92
813,"El paper presenta una insuficiencia en el análisis interseccional, ya que no aborda identidades entrelazadas ni poder estructural, limitándose a describir procesos educativos en Rosario (III=0.5) sin un diseño metodológico que capture interacciones (IV=0). Esto resulta en un total Bowleg bajo.",991,80
814,"El paper presenta un análisis histórico de la educación en psicología en Argentina, pero carece de un enfoque interseccional claro, ya que no aborda identidades entrelazadas ni poder estructural. Solo se menciona la necesidad de contextualizar la historia local, lo que justifica el bajo score total de 0.5.",1049,83
815,"El paper aborda la interseccionalidad de manera limitada, mencionando justicia climática y migrante (I=0.5) y discutiendo el riesgo del securitarismo en la gobernanza de la movilidad humana (II=0.5). Sin embargo, carece de un diseño empírico que operacionalice estas interacciones (IV=0).",1014,89
816,"El paper aborda la interseccionalidad al discutir las identidades de género en el contexto del trabajo en la industria petrolera (I=0.5), y menciona el impacto de la clase social en las relaciones de género (II=0.5). Sin embargo, carece de un diseño metodológico claro que operacionalice estas interacciones (IV=0).",1033,87
817,"El paper presenta una exploración teórica de la autoficción y la memoria colectiva en Argentina, pero no aborda identidades entrelazadas ni poder estructural, resultando en un puntaje bajo en esos criterios (I=0, II=0). Solo menciona contextos post-traumáticos sin un análisis sociohistórico profundo (III=0.5).",1072,89
818,"El paper aborda la representación de las mujeres en los libros de historia chilenos, identificando identidades entrelazadas de género (I=0.5) y la necesidad de inclusión en el contexto educativo (III=0.5). Sin embargo, carece de un análisis de poder estructural y un enfoque metodológico que considere interacciones (II=0, IV=0).",1037,91
819,"El paper aborda la interseccionalidad de manera moderada, destacando la importancia de las identidades de género en el contexto de cooperativas (I=0.5) y el poder estructural en la regulación (II=0.5). Sin embargo, el análisis no profundiza en las interacciones complejas entre estas dimensiones, resultando en un puntaje total de 2.0.",1066,94
820,"El paper recibe un score alto por su análisis de identidades entrelazadas y poder estructural en la educación, abordando cómo las estructuras heteropatriarcales afectan los currículos en Ecuador y España. Sin embargo, el enfoque cualitativo no operacionaliza completamente las interacciones, lo que limita el score en el criterio metodológico.",1139,81
821,"El paper presenta una insuficiencia en el análisis interseccional, ya que no aborda identidades entrelazadas ni poder estructural, lo que limita su capacidad para examinar cómo las dinámicas de TikTok afectan a diferentes grupos sociales. Solo se menciona el contexto contemporáneo sin un anclaje histórico significativo.",1111,81
822,"El paper presenta un análisis de la movilidad y (in)movilidad en el contexto de crisis en España, pero carece de un enfoque interseccional claro, ya que no aborda identidades entrelazadas ni poder estructural. Solo se menciona el contexto sociohistórico de manera superficial, lo que limita su puntuación total.",1029,81
823,"El paper aborda el sexismo lingüístico en la enseñanza de ciencias, destacando la reproducción de estereotipos de género (II=1) y la asignación de roles desde una visión patriarcal (I=0.5). Sin embargo, el análisis no profundiza en las interacciones de poder ni en un contexto histórico amplio, limitando su enfoque interseccional.",1091,90
824,"Falso positivo: el paper se centra en la colonización de la Patagonia argentina desde una perspectiva arqueológica, sin abordar interseccionalidad ni cambio climático. Aunque menciona la transformación de paisajes, carece de un análisis profundo sobre identidades, poder estructural y un diseño metodológico que considere interacciones.",1049,79
825,"El paper aborda la interseccionalidad de manera limitada, al mencionar las narrativas de mujeres rurales y su papel en la defensa del territorio (I=0.5, II=0.5), pero carece de un diseño metodológico claro que operacionalice estas interacciones (IV=0). Esto resulta en un total de 1.5.",996,84
826,"El paper presenta un enfoque en el conocimiento Mapuche sin abordar identidades entrelazadas ni poder estructural, lo que limita su análisis interseccional (I=0, II=0). Aunque menciona el contexto Mapuche, carece de un análisis sociohistórico profundo (III=0.5), resultando en un total bajo de 0.5.",1157,88
827,"Falso positivo: el paper se centra en el análisis literario de poemas sobre la separación de Leonor de Trastámara y Carlos III de Navarra, sin abordar interseccionalidad ni estructuras de poder, lo que resulta en un score Bowleg total de 0 en todos los criterios.",1199,74
828,"El paper aplica de manera efectiva el marco interseccional al analizar cómo diversas determinantes sociales, geográficas y demográficas interactúan en la práctica de actividad física en Argentina. Utiliza un enfoque cuantitativo que incorpora interacciones, lo que permite una comprensión profunda de las desigualdades, cumpliendo así con todos los criterios de evaluación.",1056,85
829,"El paper aborda la interseccionalidad al analizar prácticas textiles desde una perspectiva de género, aunque lo hace de manera limitada (I=0.5, II=0.5). El contexto histórico se explora adecuadamente, revisando fuentes coloniales y etnohistóricas (III=1.0), pero el enfoque metodológico aún presenta elementos aditivos (IV=0.5).",1046,93
830,"Falso positivo: el paper trata sobre el uso de moluscos en contextos arqueológicos prehispánicos en Uruguay, sin contenido interseccional-climático sustantivo. Aunque menciona un marco temporal, carece de análisis sobre identidades, poder estructural y metodologías que consideren interacciones entre grupos.",1098,82
831,"El paper aplica de manera efectiva el marco interseccional al abordar las identidades entrelazadas de las mujeres Aymara en el contexto del fútbol, analizando el poder estructural en un marco intercultural y considerando el contexto sociohistórico de la práctica deportiva, utilizando un enfoque metodológico que evita la aditividad.",991,82
832,"El paper aplica de manera integral el marco interseccional al analizar cómo las identidades de género y raza se entrelazan en la violencia letal contra mujeres en Brasil (I=1, II=1). Además, contextualiza la violencia en un marco sociohistórico y utiliza un método que considera la distribución espacial de los casos (III=1, IV=1).",1169,91
833,"El paper aborda la interseccionalidad de manera limitada, destacando la renegociación de identidades en el contexto migratorio (I=0.5) y utilizando un enfoque cualitativo que permite explorar experiencias individuales (IV=0.5). Sin embargo, carece de un análisis profundo sobre el poder estructural que afecta a los migrantes (II=0).",1111,92
834,"Falso positivo: el paper trata de arqueología andina, sin contenido interseccional-climático sustantivo. El abstract se centra en el análisis de restos óseos y no aborda identidades, poder estructural, contexto sociohistórico o métodos que integren interseccionalidad, resultando en un score Bowleg total de 0.",1150,89
835,"El paper aborda la interseccionalidad de género al comparar hogares con jefatura femenina y masculina en el contexto de recuperación posdesastre, aunque su análisis es limitado (I=0.5, II=0.5, III=0.5). Sin embargo, no operacionaliza interacciones entre grupos ni utiliza un muestreo específico (IV=0).",957,90
836,"El paper presenta una insuficiencia en el análisis interseccional, ya que no aborda identidades entrelazadas ni el poder estructural que genera desigualdades (I=0, II=0). Aunque menciona el aprendizaje sociopolítico, carece de un contexto sociohistórico detallado (III=0.5), resultando en un total bajo de 0.5.",981,96
837,"El paper aplica de manera integral el marco interseccional, analizando identidades entrelazadas de feminismos diversos y el trabajo doméstico (I=1), así como el poder estructural que enfrentan las trabajadoras (II=1). Además, contextualiza su estudio en tres países latinoamericanos (III=1) y utiliza un enfoque metodológico cualitativo robusto (IV=1).",1125,98
838,"El paper aplica de manera integral el marco interseccional, analizando cómo se entrelazan clase, raza, género y etnicidad en el contexto colombiano (I=1, II=1). Además, considera el contexto sociohistórico de las regiones de Atrato y Urabá, y utiliza un enfoque metodológico complejo que evita la aditividad (III=1, IV=1).",1138,94
839,"El paper aplica un enfoque interseccional robusto al analizar cómo las identidades de género y migración se entrelazan en el contexto de la pandemia (I=1), examina el impacto desigual de las políticas estatales en mujeres migrantes (II=1), y contextualiza su análisis en un área segregada (III=1), utilizando métodos cualitativos adecuados (IV=1).",1021,96
840,"El paper presenta un enfoque limitado en interseccionalidad, ya que no aborda identidades entrelazadas (I=0) y su análisis de poder estructural es superficial (II=0.5). Aunque se menciona el contexto sociohistórico de las ciudades, carece de un diseño metodológico que explore interacciones entre variables (IV=0).",1108,89
841,"El paper aborda la interseccionalidad de género de manera limitada, mencionando avances en políticas de igualdad (I=0.5) y el contexto político de América Latina (III=0.5), pero carece de un análisis metodológico robusto y no operacionaliza las interacciones entre identidades (IV=0). Esto resulta en un score total de 1.5.",966,94
842,"El paper aborda la representación del aborto en la narrativa de autoras latinoamericanas, lo que sugiere una consideración de identidades entrelazadas (I=0.5) y un reconocimiento del contexto sociohistórico de los movimientos feministas (III=0.5). Sin embargo, carece de un análisis del poder estructural y un diseño metodológico adecuado.",961,88
843,"El paper aborda la interseccionalidad al considerar identidades de marginalización y pobreza urbana (I=0.5) y menciona condiciones desiguales de vulnerabilidad (II=0.5). Sin embargo, el análisis no profundiza en el poder estructural ni en la operacionalización de las interacciones, lo que limita su puntuación total.",986,88
844,"El paper presenta un análisis de las leyes Micaela y de Barrios Populares, abordando identidades de género y su impacto en el Estado (I=0.5, II=0.5). Sin embargo, carece de un enfoque metodológico que explore las interrelaciones entre estas identidades y el contexto sociohistórico de manera sustantiva (IV=0).",1113,90
845,"El paper presenta un enfoque limitado en interseccionalidad, ya que no aborda identidades entrelazadas ni poder estructural, lo que resulta en un puntaje bajo (I=0, II=0). Sin embargo, menciona el contexto sociohistórico de la chilenización en Pica (III=0.5), aunque sin un análisis profundo.",1025,90
846,"El paper presenta un enfoque etnográfico sobre la extinción de especies, pero no aborda identidades entrelazadas ni poder estructural, lo que limita su análisis interseccional (I=0, II=0). Aunque menciona el contexto colombiano, carece de detalles históricos y políticos (III=0.5), y su método no asegura la captura sistemática de interrelaciones (IV=0.5).",1232,103
847,"El paper aborda la interseccionalidad de manera limitada, reconociendo la articulación entre feminismo y movimiento estudiantil en un contexto específico (I=0.5, III=0.5), pero carece de un análisis metodológico robusto que operacionalice estas interacciones y no menciona un diseño empírico claro (IV=0).",984,85
848,"El paper aborda la interseccionalidad al destacar las conexiones entre migración y género (I=0.5) y examina el contexto de publicación en Brasil (II=0.5, III=0.5). Sin embargo, carece de un enfoque metodológico que operacionalice estas interacciones, lo que limita su puntuación total (IV=0).",1135,87
849,"El paper presenta un enfoque limitado en interseccionalidad, ya que no aborda identidades entrelazadas ni poder estructural (I=0, II=0). Sin embargo, contextualiza el estudio en la historia de América Latina (III=0.5) y utiliza un método cualitativo que sugiere interacciones complejas (IV=0.5), resultando en un total bajo.",1155,99
850,"El paper aborda la diversidad sociocultural en la educación, reconociendo identidades entrelazadas y el impacto de las percepciones docentes sobre los estudiantes migrantes (I=0.5, II=0.5). Sin embargo, el análisis no profundiza en el contexto histórico ni en la operacionalización de las interacciones, resultando en un score total moderado.",1089,90
851,"El paper presenta un análisis sólido del contexto sociohistórico de Uruguay, destacando la importancia de la interseccionalidad en las coaliciones de movimientos sociales (III=1). Sin embargo, las identidades entrelazadas y el poder estructural son tratados de manera superficial, lo que limita su puntuación total (I=0.5, II=0.5).",1188,92
852,"El paper aplica de manera integral el marco interseccional al analizar cómo las identidades de género y migración se entrelazan en el contexto de la pandemia, destacando el poder estructural de las redes sociales en comunidades vulnerables. Además, utiliza un enfoque metodológico participativo que refuerza su análisis contextual.",1079,80
853,"El paper aborda la diversidad funcional en relaciones sexoafectivas, destacando la construcción de Isaac como sujeto deseante (I=0.5) y presentando sus dificultades como excepciones, no como problemas estructurales (II=0.5). Sin embargo, el análisis no profundiza en el contexto sociohistórico ni en interacciones complejas, resultando en un total de 2.0.",1096,95
854,"El paper aborda la interseccionalidad de manera limitada, reconociendo identidades entrelazadas y el impacto de la inestabilidad económica en las asociaciones de inmigrantes (I=0.5, II=0.5), pero carece de un análisis más profundo del contexto sociohistórico y no presenta un método que capture interacciones de manera efectiva (IV=0).",1083,91
855,"Falso positivo: el paper se centra en la gobernabilidad estratégica y el desarrollo económico, sin abordar interseccionalidad ni cambio climático. No se identifican identidades entrelazadas, poder estructural, contexto sociohistórico ni un método que considere interacciones, resultando en un score Bowleg total de 0.",1052,82
856,"El paper integra de manera robusta los cuatro criterios de Bowleg: analiza identidades entrelazadas de mujeres colombianas retornadas, aborda el poder estructural que reproduce desigualdades, contextualiza su situación en 2020-2021 y utiliza un método que captura interacciones complejas, lo que justifica su puntuación total de 4.",1115,84
857,"El paper aborda interseccionalidad al integrar voces marginadas, como comunidades indígenas y urbanas, en la gestión de desastres (I=1). También analiza el poder estructural al tratar cuestiones sistémicas como derechos de tierra y desigualdad (II=1). Sin embargo, el enfoque metodológico es parcialmente aditivo (IV=0.5).",1151,89
858,"El paper presenta un análisis de las representaciones mutuas entre católicos y radicales en Córdoba, pero carece de un enfoque interseccional sustantivo, ya que no aborda identidades entrelazadas ni poder estructural. Solo se menciona el contexto sociohistórico de manera superficial, lo que limita su puntuación total.",1011,81
859,"El paper aborda la interseccionalidad al examinar cómo las representaciones mediáticas de la migración afrocaribeña en Chile contribuyen a la estigmatización territorial (II=1). Sin embargo, el análisis de identidades entrelazadas es limitado y el método no opera de manera completamente no aditiva (I=0.5, IV=0.5), resultando en un score total de 2.5.",1132,103
860,"El paper presenta una insuficiencia en el análisis interseccional, ya que no aborda identidades entrelazadas ni poder estructural (I=0, II=0). Aunque menciona el contexto sociohistórico de los años noventa en Argentina, lo hace de forma superficial (III=0.5), resultando en un total Bowleg bajo.",1191,86
861,"El paper aborda la corporeidad de mujeres rurales en el contexto de tensiones territoriales, reflejando identidades entrelazadas y opresiones estructurales (I=0.5, II=0.5). Utiliza un enfoque etnográfico que permite un análisis profundo, aunque no opera completamente las interacciones entre identidades (III=0.5) y presenta un método cualitativo robusto (IV=1.0).",1038,105
862,"El paper aborda la interseccionalidad de género en la educación en ingeniería, reconociendo identidades entrelazadas y poder estructural a través de la identificación de estereotipos (I=0.5, II=0.5). Sin embargo, carece de un método que operacionalice estas interacciones, lo que limita su puntuación total (IV=0).",1143,91
863,"El paper presenta una discusión sobre la subjetividad del envejecimiento en términos culturales y sociales, lo que le otorga un puntaje bajo en identidades entrelazadas y poder estructural (I=0, II=0). Solo se menciona de forma general el contexto sociohistórico (III=0.5), sin un enfoque interseccional claro.",956,90
864,"El paper presenta un análisis legal y ético sobre la gestación subrogada, pero carece de un enfoque interseccional claro, ya que no aborda identidades entrelazadas ni poder estructural. Solo se menciona el contexto sociohistórico de España, lo que limita su puntuación total a 0.5.",1035,83
865,"El paper aborda la interseccionalidad de género y clase, aunque de manera limitada, al vincular estas categorías en el contexto de la historia laboral argentina (I=0.5, II=0.5). Sin embargo, carece de un diseño metodológico claro que operacionalice estas interacciones, lo que afecta su puntuación total (IV=0).",945,86
866,"El paper aplica el marco interseccional de manera integral, analizando cómo las identidades de género, nacionalidad y clase se entrelazan en la experiencia de injusticias laborales (I=1, II=1). Además, contextualiza su análisis en perspectivas anglo y latinoamericanas, utilizando un método cualitativo que profundiza en las vivencias de las mujeres migrantes (III=1, IV=1).",1097,102
867,"El paper aborda la interseccionalidad en el contexto político contemporáneo, destacando cómo tanto la izquierda como la derecha utilizan este concepto para canalizar el descontento social (I=0.5, II=1). Sin embargo, el análisis es limitado en su profundidad histórica y metodológica, lo que reduce su puntuación total (III=0.5, IV=0.5).",1133,93
868,"El paper presenta una insuficiencia en la aplicación del marco interseccional, ya que no aborda identidades entrelazadas ni poder estructural (I=0, II=0). Aunque menciona el contexto sociohistórico relacionado con la figura de las mujeres (III=0.5), su enfoque es limitado y no operacionaliza interacciones complejas.",1226,89
869,"El paper presenta una insuficiencia en el análisis interseccional, ya que no aborda identidades entrelazadas ni poder estructural (I=0, II=0). Aunque menciona el contexto sociohistórico de la guerra de 1898, carece de profundidad y no operacionaliza interacciones (III=0.5, IV=0).",1192,89
870,"El paper aborda interseccionalidad al analizar cómo género, clase y raza se entrelazan en la experiencia de las parteras que realizan abortos, reflejando un enfoque decolonial (I=1, II=1, III=1). Sin embargo, el método presenta una ligera limitación al no operacionalizar completamente las interacciones entre identidades (IV=0.5).",1121,92
871,"El paper aplica de manera integral el marco interseccional al examinar cómo las identidades de género, clase y origen se entrelazan en el contexto de la pandemia. Utiliza un enfoque metodológico robusto que incluye entrevistas y grupos focales, lo que permite un análisis profundo de las desigualdades estructurales y el contexto sociohistórico.",1046,87
872,"El paper presenta una revisión de la literatura sobre antropología y cambio climático, pero carece de un enfoque interseccional sustantivo, ya que no aborda identidades entrelazadas ni poder estructural. Solo menciona el contexto sociohistórico de manera superficial, lo que limita su puntuación total a 0.5.",1064,80
873,"El paper presenta una insuficiencia en el análisis interseccional, ya que no aborda identidades entrelazadas ni poder estructural, lo que limita su capacidad para examinar cómo estos factores influyen en la justicia civil y comercial. Solo menciona el contexto sociohistórico de La Pampa de manera superficial.",982,80
874,"El paper aplica el marco interseccional al explorar identidades entrelazadas en experiencias (trans)feministas en el contexto de COVID-19 (I=1), y contextualiza su análisis en un periodo específico (III=1). Sin embargo, el enfoque metodológico es parcialmente aditivo, lo que limita la profundidad del análisis (IV=0.5).",1146,91
875,"Falso positivo: el paper trata de arqueología andina, centrado en el análisis composicional de conjuntos cerámicos, sin abordar interseccionalidad ni cambio climático. No se discuten identidades entrelazadas, poder estructural, contexto sociohistórico o metodologías que integren interacciones, resultando en un score Bowleg total de 0.",1000,91
876,"El paper aborda la interseccionalidad de manera limitada, mencionando feminismos y movimientos LGBTQI+ (I=0.5), pero carece de un análisis profundo sobre el poder estructural y no presenta un diseño metodológico que capture interacciones entre identidades (II=0, IV=0). Esto resulta en un total de 1.0.",1034,86
877,"El paper aplica de manera integral el marco interseccional al analizar cómo las identidades de género y su relación con el poder estructural influyen en la construcción de paz en Colombia. Utiliza un enfoque ecofeminista que considera el contexto sociohistórico y un método que evita la aditividad, logrando un score total de 4.",1171,83
878,"El paper aplica de manera integral el marco interseccional, analizando cómo clase, género y origen geográfico se entrelazan en las trayectorias educativas y laborales de mujeres en Chile (I=1, II=1). Además, contextualiza las experiencias de acoso y discriminación en un marco sociohistórico específico (III=1), utilizando un método cualitativo adecuado (IV=1).",1125,95
879,"El paper aborda la interseccionalidad de manera limitada, mencionando la incorporación de la perspectiva de género en acuerdos internacionales (I=0.5) y el rezago en América Latina (II=0.5), pero carece de un método que operacionalice las interacciones entre identidades (IV=0), resultando en un total de 1.5.",1026,88
880,"El paper presenta un enfoque crítico sobre las relaciones entre naturaleza y capital en la Patagonia, abordando el poder estructural de las prácticas de conservación (II=0.5) y mencionando el contexto regional (III=0.5), pero carece de un análisis interseccional sustantivo y un método que capture interacciones (I=0, IV=0).",1117,88
881,"El paper aborda la violencia de género en la Universidad de la República, considerando identidades entrelazadas y el poder estructural en los procesos de denuncia (I=0.5, II=0.5), pero carece de un método que operacionalice las interacciones de manera efectiva, lo que limita su análisis interseccional (IV=0).",1105,85
882,"El paper aborda la interseccionalidad al integrar conocimientos científicos y locales mapuche-pehuenche, aunque de manera limitada (I=0.5, II=0.5). El enfoque cualitativo y el muestreo intencional sugieren un intento de no tratar las identidades como aditivas (IV=0.5), pero carece de un análisis más profundo del poder estructural.",1029,96
883,"El paper aplica de manera robusta el marco interseccional, abordando identidades entrelazadas de mujeres indígenas y el poder estructural que perpetúa desigualdades (I=1, II=1). Además, contextualiza estas dinámicas en un marco sociohistórico específico y utiliza un método cualitativo que evita enfoques aditivos (III=1, IV=1), justificando así el score total.",1034,99
884,"El paper aplica de manera efectiva el marco interseccional al examinar cómo las identidades de género y la ciudadanía influyen en las estrategias empresariales de inmigrantes en Galicia (I=1, II=1). Además, utiliza un enfoque cualitativo robusto que considera el contexto sociohistórico y las dinámicas familiares (III=1, IV=1).",1092,87
885,"El paper aborda la interseccionalidad al integrar teorías feministas y del estado, aunque su análisis de identidades entrelazadas es limitado (I=0.5). Se destaca el poder estructural al examinar cómo las políticas refuerzan desigualdades de género (II=1), mientras que el contexto y el método son parcialmente efectivos (III=0.5, IV=0.5).",1069,100
886,"Falso positivo: el paper trata sobre un manuscrito de caballerías en la biblioteca de Felipe II, sin contenido interseccional ni análisis de cambio climático. No se abordan identidades entrelazadas, poder estructural, contexto sociohistórico ni un método que considere interacciones, resultando en un score Bowleg total de 0.",1004,84
887,"Falso positivo: el paper se centra en el análisis bioarqueológico de restos humanos en un contexto arqueológico, sin abordar aspectos interseccionales o climáticos. No se mencionan identidades entrelazadas, poder estructural, contexto sociohistórico ni un enfoque metodológico que considere interacciones entre grupos.",1340,79
888,"El paper presenta una investigación sobre la sensibilidad hacia la atención a la diversidad en la formación profesional, pero carece de un análisis sustantivo de identidades entrelazadas y poder estructural, limitando su enfoque interseccional. Solo menciona la necesidad de mejorar el contexto sin profundizar en él.",1050,78
889,"El paper aborda la interseccionalidad al mencionar cómo el cambio climático afecta desproporcionadamente a grupos vulnerables, como los pueblos indígenas, lo que justifica los scores parciales en identidades entrelazadas (I=0.5) y poder estructural (II=0.5). Sin embargo, carece de un método empírico claro (IV=0).",975,91
890,"El paper aplica de manera efectiva el marco interseccional al analizar cómo las identidades de género y etnicidad se entrelazan en las narrativas de mujeres Aymara, considerando el poder estructural y el contexto sociohistórico. Además, utiliza un método cualitativo que evita enfoques aditivos, lo que justifica su puntuación total de 4.",1111,91
891,"Falso positivo: el paper se centra en intervenciones de seguridad vial en Ecuador, sin abordar interseccionalidad ni el impacto de identidades entrelazadas. Aunque menciona el contexto ecuatoriano, carece de un análisis histórico y no considera desigualdades estructurales, resultando en un score Bowleg muy bajo.",1116,81
892,"El paper presenta un análisis conceptual de los movimientos 'pro-vida/pro-familia' en América Latina, pero carece de un enfoque interseccional sustantivo, ya que no aborda identidades entrelazadas (I=0) ni teoriza sobre el poder estructural de manera explícita (II=0.5), resultando en un total bajo de 1.0.",1084,96
893,"Falso positivo: el paper trata de arqueología andina, enfocándose en el análisis de microrrestos vegetales sin abordar interseccionalidad, poder estructural o contexto sociohistórico. No se identifican identidades entrelazadas ni se discuten interacciones, resultando en un score Bowleg total de 0.",1135,85
894,"El paper presenta un análisis de la industria pesquera en Iquique, considerando prácticas laborales y culturales en relación con clase y género (I=0.5). Sin embargo, carece de un enfoque metodológico que operacionalice las interacciones entre estas identidades y el contexto sociohistórico, resultando en un score bajo en el criterio IV.",1017,82
895,"El paper aplica interseccionalidad al examinar cómo masculinidades y raza influyen en la violencia de género, logrando un puntaje alto en identidades entrelazadas (I=1) y poder estructural (II=1). Sin embargo, carece de un contexto sociohistórico detallado, lo que limita su puntuación total (III=0.5).",1070,90
896,"El paper aplica de manera integral el marco interseccional al examinar cómo las identidades de género y las dinámicas económicas se entrelazan en la vida de mujeres comerciantes en un contexto trinacional. Utiliza un enfoque biográfico que permite captar la complejidad de sus experiencias, logrando así un score Bowleg total de 4.",1108,82
897,"Falso positivo: el paper analiza el programa de movilidad estudiantil Ciencia sin Fronteras en Brasil, sin abordar aspectos interseccionales ni climáticos. Carece de un análisis sobre identidades entrelazadas, poder estructural, contexto sociohistórico o un método que considere interacciones, resultando en un score Bowleg total de 0.",1037,84
898,"Falso positivo: el paper se centra en los vínculos afectivos de adolescentes institucionalizados en Chile, sin abordar interseccionalidad ni poder estructural. No se examinan identidades entrelazadas ni el contexto sociohistórico, y la metodología no considera interacciones entre factores, resultando en un score Bowleg total de 0.",1015,83
899,"El paper aborda la interseccionalidad de género al analizar materiales educativos digitales, aunque lo hace de manera limitada, reflejando identidades entrelazadas (I=0.5) y un contexto sociohistórico relevante (III=0.5). Sin embargo, carece de un análisis del poder estructural y un enfoque metodológico que integre las interacciones (II=0, IV=0).",1068,97
900,"El paper aborda la interseccionalidad al destacar la identidad como un elemento clave en las performances científicas (I=0.5) y menciona los daños históricos de procesos excluyentes (II=0.5). Sin embargo, carece de un diseño metodológico que capture interconexiones de manera efectiva (IV=0).",1159,82
901,"El paper aborda la interseccionalidad al mencionar poblaciones en riesgo, pero lo hace de manera superficial (I=0.5). Reconoce el poder estructural al señalar la exposición desigual a riesgos (II=0.5) y sugiere un enfoque transgeneracional, aunque carece de un método empírico claro (IV=0).",919,85
902,"El paper presenta un enfoque híbrido sobre políticas de bienestar, mencionando interseccionalidad y desigualdades de poder, pero su análisis es superficial y carece de un diseño empírico que operacionalice las interacciones entre identidades (IV=0). Esto limita su capacidad para abordar la complejidad del cambio climático y la justicia social.",914,83
903,"El paper aborda la interseccionalidad de manera parcial, mencionando demandas interseccionales y el impacto de la corrupción institucional (I=0.5, II=0.5), además de situar el contexto histórico tras el huracán María (III=0.5). Sin embargo, carece de un método que operacionalice las interacciones (IV=0).",1006,96
904,"El paper presenta un enfoque limitado en interseccionalidad, sin abordar identidades entrelazadas (I=0) y con un método que no captura interacciones (IV=0). Aunque reconoce desigualdades y derechos (II=0.5) y contextualiza la crisis de COVID-19 (III=0.5), su análisis es superficial, resultando en un total bajo.",1044,96
905,"El paper aborda la interseccionalidad al identificar grupos vulnerables afectados por el cambio climático y la pobreza (I=0.5), y examina cómo estos factores impactan los derechos humanos (II=0.5). Sin embargo, carece de un enfoque metodológico claro que operacionalice estas intersecciones (IV=0).",1003,84
906,"El paper aborda de manera integral la interseccionalidad al examinar cómo identidades entrelazadas como género y raza afectan la vulnerabilidad al cambio climático (I=1), analiza el poder estructural en la responsabilidad climática (II=1), y utiliza un enfoque contextualizado y no aditivo en su metodología (IV=1).",1254,85
907,"El paper aplica de manera efectiva el marco interseccional al integrar identidades entrelazadas y poder estructural en el contexto de un modelo de agro-forestería feminista. Además, contextualiza las respuestas climáticas en tradiciones culturales específicas y utiliza un enfoque metodológico que no trata las variables de forma aditiva, logrando así un score total de 4.",1301,89
908,"El paper aborda la interseccionalidad al considerar múltiples identidades en el análisis del cambio climático (I=1), pero su discusión sobre el poder estructural y el contexto sociohistórico es limitada (II=0.5, III=0.5). El enfoque no aditivo es presente, aunque no se operacionaliza completamente (IV=0.5).",1105,86
909,"El paper presenta un enfoque limitado en interseccionalidad, ya que no aborda identidades entrelazadas (I=0) y su análisis se centra en el poder estructural y el contexto del Mekong sin profundizar en desigualdades históricas (II=0.5, III=0.5). El método no operacionaliza interacciones entre variables (IV=0).",1124,94
910,"El paper presenta una exploración teórica sobre la identidad cultural de la Medicina Complementaria y Alternativa (CAM) en el contexto del Antropoceno, pero carece de un análisis interseccional sustantivo, ya que no aborda identidades entrelazadas ni poder estructural, lo que limita su puntuación total a 0.5.",1229,88
911,"El paper aplica de manera integral el marco interseccional, abordando identidades entrelazadas de género y raza en comunidades indígenas (I=1), analizando el poder estructural del colonialismo en la vulnerabilidad climática (II=1), y contextualizando las relaciones de género en un marco sociohistórico específico (III=1), además de utilizar un método no aditivo (IV=1).",1092,96
912,"El paper aborda identidades entrelazadas al mencionar cuestiones de raza, género y clase, aunque de manera superficial (I=0.5). Sin embargo, carece de un análisis profundo sobre el poder estructural y no presenta un diseño empírico que operacionalice las interacciones entre estas identidades (II=0, IV=0).",1037,82
913,"Falso positivo: el paper se centra en proyecciones de ventas de vehículos eléctricos y no aborda aspectos interseccionales ni climáticos de manera sustantiva. No se discuten identidades, poder estructural, contexto sociohistórico ni un método que capture interacciones, resultando en un score Bowleg de 0.",1185,82
914,"Falso positivo: el paper se centra en un software de evaluación de energía hidroeléctrica para comunidades remotas, sin abordar aspectos interseccionales o climáticos sustantivos. No se discuten identidades, poder estructural, contexto sociohistórico ni un método que considere interacciones, resultando en un score Bowleg total de 0.",936,87
915,"Falso positivo: el paper trata sobre la mejora de la fiabilidad y resiliencia de sistemas de señalización en entornos urbanos, sin contenido interseccional-climático sustantivo. No aborda identidades, poder estructural, contexto sociohistórico ni utiliza un método que considere interacciones entre variables.",1068,78
916,"Falso positivo: el paper trata sobre la ampliación y reconstrucción de una carretera en Toronto, sin contenido interseccional-climático sustantivo. No se aborda la interrelación de identidades, el poder estructural, ni se proporciona un contexto sociohistórico, lo que resulta en un score Bowleg total de 0.",1056,85
917,"El paper aborda la interseccionalidad al identificar construcciones raciales complejas (I=0.5) y analiza el poder estructural del racismo en los medios (II=1.0). Sin embargo, el contexto sociohistórico y el método no se desarrollan de manera suficiente, limitando su puntuación total a 2.5.",1044,85
918,"El paper aborda brechas de gobernanza en el contexto del cambio climático, pero carece de un análisis interseccional sustantivo, ya que no menciona identidades entrelazadas ni teoriza sobre el poder estructural (I=0, II=0.5). Además, el contexto sociohistórico es superficial y no se presenta un método que capture interacciones (III=0.5, IV=0).",1156,103
919,"El paper aborda la interseccionalidad de manera limitada, reconociendo que mujeres, niños y ancianos son los más afectados por desastres (I=0.5) y que estos eventos pueden exacerbar tensiones sociales y económicas (II=0.5). Sin embargo, carece de un análisis metodológico que explore las interconexiones de forma sustantiva (IV=0).",1457,95
920,"El paper aborda la interseccionalidad al examinar cómo el racismo institucional afecta la percepción de las víctimas de Katrina (I=0.5), y analiza el poder estructural en relación con el acceso a alimentos y el desarrollo urbano (II=1.0). Además, contextualiza históricamente estos eventos en Nueva Orleans (III=1.0).",1547,86
921,"El paper aborda la interseccionalidad de derechos de vivienda y justicia ambiental, destacando la movilización comunitaria tras Katrina (I=0.5, II=0.5, III=0.5). Sin embargo, carece de un método que operacionalice estas interacciones de manera efectiva, lo que limita su puntuación total (IV=0).",1002,86
922,"El paper aplica de manera integral el marco interseccional al examinar cómo las identidades de género, casta y clase se entrelazan en la vulnerabilidad de mujeres en Orissa ante desastres. Utiliza un enfoque cualitativo robusto que destaca el contexto sociohistórico y las dinámicas de poder, logrando un score total de 4.",1059,90
923,"Falso positivo: el paper trata sobre la gestión de señales de tráfico en áreas urbanas, sin contenido interseccional ni análisis del cambio climático. No aborda identidades entrelazadas, poder estructural, contexto sociohistórico ni utiliza un método que considere interacciones, resultando en un score Bowleg total de 0.",1200,83
924,"Falso positivo: el paper se centra en la estimación de dimensiones de embebido en series temporales caóticas de actividad solar, sin abordar aspectos interseccionales o climáticos. No se identifican identidades entrelazadas, poder estructural, contexto sociohistórico ni un método que considere interacciones, resultando en un score Bowleg de 0.",1140,92
925,"El paper presenta un análisis de la planificación de transmisión eléctrica, reconociendo fuerzas políticas y económicas (II=0.5) y el contexto de la industria eléctrica (III=0.5), pero carece de un enfoque interseccional sustantivo, ya que no aborda identidades entrelazadas ni un método que capture interacciones (I=0, IV=0).",1235,91
926,"Falso positivo: el paper se centra en la integración de modelos de simulación para la preparación ante desastres, sin abordar aspectos interseccionales o climáticos. No se discuten identidades, estructuras de poder, contexto sociohistórico ni métodos que consideren interacciones, resultando en un score Bowleg de 0.",1147,80
927,"El paper presenta un enfoque limitado en interseccionalidad, ya que no aborda identidades entrelazadas ni estructuras de poder, lo que resulta en un score bajo en esos criterios (I=0, II=0). Aunque menciona un contexto específico, carece de un análisis profundo y un método que capture interacciones (III=0.5, IV=0).",969,92
928,"El paper aborda la interseccionalidad de derechos indígenas y comunitarios en el contexto de la gobernanza forestal en Malasia (I=0.5), y reconoce la influencia de actores no estatales en la gestión ambiental (II=0.5). Sin embargo, carece de un enfoque metodológico que integre estas interacciones de manera efectiva (IV=0).",1087,89
929,"El paper aplica de manera efectiva el marco interseccional al analizar cómo raza, clase y género se entrelazan en el contexto de la pobreza tras el huracán Katrina (I=1, II=1, III=1). Sin embargo, el análisis de los medios sugiere un enfoque más aditivo que interseccional en la representación de las víctimas (IV=0.5).",1112,96
930,"Falso positivo: el paper trata sobre la construcción de un sistema de drenaje en Denver, sin contenido interseccional-climático sustantivo. No aborda identidades, poder estructural, contexto sociohistórico ni presenta un método que considere interacciones, resultando en un score Bowleg total de 0.",1232,80
931,"Falso positivo: el paper se centra en la interpolación de datos de niveles de agua, sin abordar aspectos interseccionales o climáticos. No se discuten identidades, poder estructural ni contexto sociohistórico, y el método utilizado es puramente técnico, lo que resulta en un score Bowleg de 0.",1396,81
932,"Falso positivo: el paper se centra en un modelo técnico de simulación de tráfico para evacuaciones, sin abordar aspectos interseccionales o climáticos. No se mencionan identidades, poder estructural, contexto sociohistórico ni un método que considere interacciones, resultando en un score Bowleg total de 0.",877,81
933,"Falso positivo: el paper aborda temas de sostenibilidad ambiental y cambio climático, pero carece de contenido interseccional-climático sustantivo. No se mencionan identidades entrelazadas, poder estructural, contexto sociohistórico ni un método que capture interacciones, resultando en un score Bowleg de 0.",973,84
934,"El paper aborda la interseccionalidad de manera limitada, reconociendo la articulación entre feminismo y movimiento estudiantil (I=0.5) y el contexto de movilizaciones en Valdivia (II=0.5), pero carece de un análisis profundo del poder estructural y no presenta un diseño metodológico claro (IV=0).",983,88
935,"El paper presenta un enfoque sobre el cuidado de personas mayores en el País Vasco, adoptando una perspectiva de economía feminista (II=0.5) y mencionando el contexto local (III=0.5), pero carece de un análisis de identidades interseccionales y de un método que capture interacciones entre grupos, resultando en un total bajo (1.0).",989,93
936,"El paper presenta un enfoque etnográfico sobre la nostalgia en comunidades migrantes, pero no aborda de manera sustantiva las identidades entrelazadas ni el poder estructural, lo que limita su análisis interseccional (I=0, II=0). Sin embargo, se reconoce un contexto sociohistórico y un método que sugiere interacciones no aditivas (III=0.5, IV=0.5).",1149,106
937,"El paper presenta un enfoque arqueológico y etnográfico sobre el cambio climático, pero carece de un análisis interseccional sustantivo, ya que no aborda identidades entrelazadas ni desigualdades estructurales (I=0, II=0). Solo se menciona el contexto de manera superficial (III=0.5), resultando en un score total bajo.",1284,95
938,"Falso positivo: el paper se centra en la arqueología de residuos cerámicos en el desierto de Atacama, sin abordar interseccionalidad ni cambio climático. Aunque menciona el contexto social, no integra identidades entrelazadas ni poder estructural, resultando en un score Bowleg muy bajo.",1077,81
939,"Falso positivo: el paper trata sobre análisis arqueológico en la Sierra de El Alto-Ancasti, sin contenido interseccional-climático sustantivo. Aunque menciona el contexto histórico, no aborda identidades entrelazadas ni poder estructural, resultando en un score Bowleg muy bajo.",1118,78
940,"Falso positivo: el paper se centra en la caracterización histórica y arqueológica del territorio en Buenos Aires, sin abordar interseccionalidad ni cambio climático. Aunque menciona un análisis histórico, carece de un enfoque en identidades entrelazadas y poder estructural, resultando en un bajo score Bowleg.",1024,80
941,"El paper aplica de manera integral el marco interseccional al examinar cómo las identidades de género y el poder estructural se entrelazan en el contexto del conflicto socioambiental en Quintero-Puchuncaví, utilizando un enfoque cualitativo que permite una comprensión profunda de las prácticas de resistencia de las mujeres.",1119,78
942,"Falso positivo: el paper trata de arqueología andina, enfocándose en la caracterización morfo-tecnológica de raspadores de vidrio sin abordar interseccionalidad ni cambio climático. No se discuten identidades entrelazadas, poder estructural, contexto sociohistórico ni se utiliza un método interseccional, resultando en un score Bowleg total de 0.",1028,95
943,"El paper presenta una perspectiva transnacional sobre la migración de mujeres por motivos conyugales, pero carece de un análisis profundo de identidades entrelazadas y poder estructural, lo que limita su puntuación en los criterios I y II. Solo se aborda parcialmente el contexto sociohistórico, resultando en un total bajo.",968,84
944,"El paper aborda la interseccionalidad al analizar narrativas sobre violencia de género y aborto en España, destacando cómo estas construcciones afectan el poder y la visibilidad (I=0.5, II=0.5). Sin embargo, carece de un método que operacionalice estas interacciones, lo que limita su puntuación total (IV=0).",999,89
945,"El paper aborda la interseccionalidad de género y migración, analizando cómo las mujeres extranjeras impactan en comunidades rurales en crisis (I=0.5, II=0.5). Sin embargo, el análisis es limitado y no profundiza en el poder estructural ni en un método que integre las identidades de manera robusta (III=0.5, IV=0.5).",1075,100
946,"El paper aborda la interseccionalidad de forma limitada, al explorar las conexiones entre feminismo y brujería (I=0.5), y cuestionar narrativas históricas (II=0.5), pero carece de un método que operacionalice estas interacciones de manera no aditiva (IV=0). Esto resulta en un total de 1.5.",999,89
947,"El paper aborda la participación juvenil en movimientos sociales, considerando identidades entrelazadas y dinámicas de poder, aunque de manera superficial (I=0.5, II=0.5). Sin embargo, carece de un análisis contextual robusto y no especifica métodos que integren interacciones, lo que limita su puntuación total (IV=0).",966,88
948,"Falso positivo: el paper se centra en un análisis histórico-político sobre un escándalo en Entre Ríos, sin abordar interseccionalidad ni cambio climático. Aunque menciona el contexto histórico, carece de un enfoque en identidades entrelazadas, poder estructural y un método que considere interacciones, resultando en un bajo score Bowleg.",1069,86
949,"El paper presenta un enfoque limitado en interseccionalidad, ya que no aborda identidades entrelazadas ni poder estructural (I=0, II=0). Aunque menciona el contexto ecuatoriano (III=0.5) y utiliza un método cualitativo (IV=0.5), carece de un análisis interaccional explícito, resultando en un total bajo.",1047,97
950,"Falso positivo: el paper trata de arqueología andina, enfocándose en iconografía y desplazamientos poblacionales sin contenido interseccional-climático sustantivo. No aborda identidades entrelazadas, poder estructural, contexto sociohistórico ni utiliza un método que considere interacciones entre variables, resultando en un score Bowleg total de 0.",998,90
951,"Falso positivo: el paper trata sobre arqueología andina, enfocándose en el análisis de restos arqueofaunales y prácticas de pastoreo prehispánico, sin abordar interseccionalidad ni cambio climático. La mención del contexto histórico es superficial y no se exploran identidades ni estructuras de poder, resultando en un bajo score Bowleg.",1035,88
952,"El paper aplica un enfoque interseccional sólido al analizar la representación de identidades indígenas y las opresiones de género y raza (I=1, II=1), aunque el contexto histórico se menciona de manera superficial (III=0.5) y el método crítico no logra evitar un enfoque aditivo (IV=0.5).",953,85
953,"El paper aplica de manera efectiva el marco interseccional al analizar cómo las identidades de género y clase se entrelazan en el contexto de una comunidad obrera, considerando dinámicas de poder estructural y un contexto sociohistórico específico, además de utilizar un método que integra diversas fuentes documentales.",1098,76
954,"El paper aborda la interseccionalidad de género en el trabajo de cuidado, analizando las dinámicas entre cuidadores hombres y mujeres (I=0.5) y el contexto de inseguridad laboral (II=0.5). Sin embargo, carece de un diseño metodológico que capture las interacciones entre estas identidades (IV=0).",987,87
955,"El paper presenta un análisis de las representaciones sobre evaluación educativa en contextos vulnerables, reconociendo identidades entrelazadas y poder estructural en la región fronteriza (I=0.5, II=0.5, III=0.5). Sin embargo, el enfoque metodológico no logra operacionalizar las interacciones de manera no aditiva (IV=0).",976,93
956,"El paper presenta una mención superficial de contexto sociohistórico, aludiendo a desigualdades económicas durante la pandemia (III=0.5), y utiliza un enfoque cualitativo- cuantitativo que no logra capturar interacciones entre grupos de manera efectiva (IV=0.5), resultando en un total Bowleg bajo.",1047,84
957,"El paper presenta un análisis limitado de la interseccionalidad, ya que no aborda identidades entrelazadas (I=0) y su método no captura interacciones (IV=0). Sin embargo, menciona estructuras de poder de manera superficial (II=0.5) y contextualiza el fenómeno de la Chilenización (III=0.5), resultando en un total bajo.",1001,97
958,"El paper aborda la interseccionalidad de manera limitada, reconociendo la vulnerabilidad social y psicológica en el contexto chileno (I=0.5, II=0.5), pero carece de un enfoque metodológico que operacionalice estas interacciones de forma robusta (IV=0). Esto resulta en un total de 1.5 en el score Bowleg.",1471,94
959,"El paper presenta una crítica a la geografía tradicional y propone un cambio epistemológico, pero carece de un análisis sustantivo de identidades entrelazadas (I=0), y aunque menciona relaciones de poder, no aborda mecanismos estructurales ni proporciona un contexto sociohistórico específico (II=0.5, III=0.5).",1105,87
960,"El paper aborda la interseccionalidad al describir cómo las mujeres aymaras negocian sus roles de género en contextos específicos (III=1), aunque el análisis de identidades y poder estructural es limitado (I=0.5, II=0.5). El enfoque metodológico regional sugiere interacciones, pero no las operacionaliza completamente (IV=0.5).",1050,93
961,"El paper presenta un enfoque interseccional limitado, abordando identidades entrelazadas y poder estructural en el contexto de la violencia de género (I=0.5, II=0.5). Sin embargo, el análisis es superficial y no profundiza en las interacciones complejas ni en el contexto sociohistórico específico, resultando en un score total de 2.0.",1080,96
962,"El artículo aplica el marco interseccional de manera integral, analizando cómo las identidades de clase, raza y género se entrelazan en el contexto brasileño (I=1), discutiendo el papel del Estado en perpetuar desigualdades (II=1), y contextualizando históricamente estas dinámicas (III=1), además de utilizar un método que evita la aditividad (IV=1).",1033,98
963,"El paper presenta una insuficiencia en el análisis interseccional, ya que no aborda identidades entrelazadas ni poder estructural, lo que limita su capacidad para explorar cómo las representaciones visuales del cuerpo femenino reflejan desigualdades sociales. Solo se menciona el contexto sociohistórico de manera superficial.",1034,80
964,"Falso positivo: el paper trata sobre ambientes acuáticos en arqueología, sin contenido interseccional-climático sustantivo. Aunque menciona contextos específicos de Argentina y Sudamérica, no aborda identidades entrelazadas ni poder estructural, resultando en un score Bowleg muy bajo.",1048,77
965,"El paper aborda la exclusión educativa desde una perspectiva interseccional, reconociendo experiencias de estudiantes y prácticas docentes en contextos de Chile y España (I=0.5, III=0.5). Sin embargo, carece de un método que operacionalice las interacciones entre identidades y estructuras de poder, lo que limita su análisis interseccional (IV=0).",977,91
966,"El paper aborda la interseccionalidad de género y empleo, mostrando cómo la pérdida del trabajo masculino afecta la dinámica familiar (I=0.5, II=0.5). Sin embargo, el análisis no profundiza en el contexto sociohistórico ni en las interacciones de poder de manera sustantiva, resultando en un score total moderado.",1514,88
967,"Falso positivo: el paper se centra en la escritura científica y las metodologías de investigación, sin abordar la interseccionalidad ni el cambio climático. No se mencionan identidades entrelazadas, poder estructural, contexto sociohistórico ni un método que considere interacciones entre grupos, resultando en un score Bowleg de 0.",1097,86
968,"El paper presenta un enfoque limitado en interseccionalidad, ya que no aborda identidades entrelazadas ni poder estructural (I=0, II=0). Sin embargo, menciona el contexto del volcán y su impacto en comunidades (III=0.5) y utiliza un método mixto sin un análisis interaccional claro (IV=0.5), resultando en un total de 1.0.",1206,100
969,"El paper aborda la historia de la educación femenina desde una perspectiva de género, identificando tensiones entre escolarización y alfabetización (I=0.5) y el impacto en los congresos CIHELA (III=0.5). Sin embargo, carece de un análisis del poder estructural y un enfoque metodológico que evite la aditividad.",1110,88
970,"El paper presenta un análisis de conflictos socioambientales en el Valle del Huasco, pero carece de un enfoque interseccional sustantivo. Aunque menciona el contexto sociohistórico, no aborda identidades entrelazadas ni poder estructural, y no se detalla un método que capture interacciones, resultando en un bajo score Bowleg.",965,89
