paper_id,bowleg_I,bowleg_I_evidence,bowleg_II,bowleg_II_evidence,bowleg_III,bowleg_III_evidence,bowleg_IV,bowleg_IV_evidence,bowleg_total,confidence,confidence_note,rsi_V,rsi_V_evidence,rsi_VI,rsi_VI_evidence,gate_pass,gate_evidence,integracion,integracion_nota,tipo_estudio,amenaza,lugar_estudio
3,0.0,No aplica: gate no superado.,0.0,No aplica: gate no superado.,0.0,No aplica: gate no superado.,0.0,No aplica: gate no superado.,0.0,medium,,0.0,No aplica: gate no superado.,0.0,No aplica: gate no superado.,False,"Llama interseccional a la vulnerabilidad sistémica que combina educación, ingreso e infraestructura; no articula entre sí ejes de diferenciación social como género o etnia.",0.0,No aplica: gate no superado.,empirico_cuantitativo,inundacion; nivel_mar_costas,Nigeria
4,0.5,Invoca 'intersectional structures' sin nombrar ejes ni analizar cómo se co-constituyen.,0.5,Alude a barreras de acceso e injusticias sistémicas sin teorizar mecanismos de poder concretos.,0.5,"Marco general para ciudades que subraya la contingencia relacional del espacio, sin contexto específico.",0.0,Ensayo conceptual sin operacionalización empírica.,1.5,low,,1.0,Marco crítico para una adaptación socialmente justa; pide ir más allá de la mera provisión de infraestructuras.,0.5,"Incluye la agencia como dimensión constitutiva del marco, sin documentarla.",True,"Su marco teoriza las estructuras interseccionales como dimensión constitutiva que condiciona el acceso de grupos vulnerables, aunque no nombra ejes.",0.5,"Las dimensiones se plantean en interacción, pero el componente interseccional queda apenas enunciado.",conceptual_teorico,cambio_climatico_general,Global
6,0.5,"Relaciona género con actividad económica y tenencia, pero el análisis compara sobre todo hombres y mujeres.",0.5,Marco de ecología política feminista interseccional; señala la división generizada del trabajo sin teorizar mecanismos estructurales.,0.5,"Situado en Kisumu Ndogo, Kibera (Nairobi), sin desarrollo histórico o político del asentamiento.",0.5,Entrevistas semiestructuradas en profundidad con comparación por género; sin muestreo ni codificación interseccional explícitos.,2.0,high,,0.5,"Ofrece insumos para 'gender-just adaptation policy and practice', sin desarrollar propuestas transformadoras.",1.0,Documenta estrategias de adaptación diferenciadas: medidas estructurales de hombres y respuestas de cuidado de mujeres.,True,"Muestra cómo medios de vida generizados, cuidados e inseguridad de tenencia 'intersect to shape climate vulnerability' en un asentamiento informal.",0.5,"Integración parcial: el marco conecta género, sustento y tenencia, pero el poder estructural queda poco desarrollado.",empirico_cualitativo,inundacion,Kenya
7,0.0,No aplica: gate no superado.,0.0,No aplica: gate no superado.,0.0,No aplica: gate no superado.,0.0,No aplica: gate no superado.,0.0,high,,0.0,No aplica: gate no superado.,0.0,No aplica: gate no superado.,False,Menciona la 'gender intersectionality' solo como vacío poco explorado; no articula ejes de diferenciación relacionados entre sí.,0.0,No aplica: gate no superado.,revision,cambio_climatico_general,Sub-Saharan Africa
8,0.0,No aplica: gate no superado.,0.0,No aplica: gate no superado.,0.0,No aplica: gate no superado.,0.0,No aplica: gate no superado.,0.0,high,,0.0,No aplica: gate no superado.,0.0,No aplica: gate no superado.,False,Propone 'adopting an intersectional lens to urban heat vulnerability' como vía futura; no articula ejes sociales relacionados.,0.0,No aplica: gate no superado.,revision,calor_extremo,Global
9,0.0,No aplica: no supera el gate.,0.0,No aplica: no supera el gate.,0.0,No aplica: no supera el gate.,0.0,No aplica: no supera el gate.,0.0,medium,,0.0,No aplica: no supera el gate.,0.0,No aplica: no supera el gate.,False,"'Intersectionality' designa el cruce entre discapacidad, cambio climático y rehabilitación; la raza se nombra pero no se relaciona con la discapacidad.",0.0,No aplica: no supera el gate.,revision,cambio_climatico_general; desastres_multiples,Global
10,0.0,No aplica: no supera el gate.,0.0,No aplica: no supera el gate.,0.0,No aplica: no supera el gate.,0.0,No aplica: no supera el gate.,0.0,high,,0.0,No aplica: no supera el gate.,0.0,No aplica: no supera el gate.,False,Análisis centrado solo en género; la interseccionalidad aparece únicamente como agenda futura para entender experiencias diversas de las mujeres.,0.0,No aplica: no supera el gate.,revision,cambio_climatico_general,Africa
13,0.5,"Desigualdades e identidades entrecruzadas que amplifican la vulnerabilidad femenina: lógica de amplificación, sin análisis de co-constitución.",0.5,"Marco feminista (ecofeminismo, teorías feministas de la vulnerabilidad) que nombra la desigualdad de género sin teorizar mecanismos estructurales.",0.5,"Contexto genérico: mujeres y niñas de países del Majority World, sin anclaje histórico o geográfico concreto.",0.0,Capítulo conceptual sin operacionalización empírica.,2.0,medium,,1.0,Orientado a la justicia climática: pide incluir a las mujeres en la gobernanza y estudiar a personas no binarias y trans.,1.0,Destaca el liderazgo de las mujeres y su efecto en políticas climáticas más eficaces y pacíficas.,True,"Afirma que desigualdades e identidades que se cruzan amplifican la vulnerabilidad climática de las mujeres, sobre todo en el Majority World.",0.5,"Vulnerabilidad, marco feminista y liderazgo se conectan, pero la interseccionalidad no estructura el análisis.",conceptual_teorico,cambio_climatico_general,Global
14,0.0,No aplica: no supera el gate.,0.0,No aplica: no supera el gate.,0.0,No aplica: no supera el gate.,0.0,No aplica: no supera el gate.,0.0,high,,0.0,No aplica: no supera el gate.,0.0,No aplica: no supera el gate.,False,"'Intersectional' alude a desafíos transversales; salud, trabajo, roles de género e identidad cultural se listan como impactos separados.",0.0,No aplica: no supera el gate.,empirico_mixto,ciclon_huracan_tormenta,Oman
15,0.5,"Centra una posición específica (mujeres jóvenes con discapacidad), pero presenta las intersecciones como agravantes, no como co-constitución.",0.5,Encuadre de derechos humanos y brechas de planificación; marco conductual (TRA/TPB) sin mecanismos estructurales teorizados.,0.5,Comunidad costera de Ghana afectada por inundación y erosión; contexto descrito de forma general.,0.5,"Entrevistas a diez mujeres jóvenes con discapacidad; subgrupo intencional, pero análisis Framework sin codificación interseccional.",2.0,high,,1.0,"Plantea la salud sexual y reproductiva como derecho humano y pide adaptación inclusiva, accesibilidad e inclusión en la planificación.",0.5,"Menciona 'improvised coping strategies' de las participantes, sin desarrollarlas.",True,"Las vulnerabilidades de mujeres jóvenes con discapacidad 'were exacerbated by the intersections of gender, disability, poverty, and coastal geography'.",0.5,"Integración parcial: la población interseccional ancla el análisis, pero el marco conductual no conecta poder estructural y contexto.",empirico_cualitativo,inundacion; nivel_mar_costas,Ghana
16,0.0,No aplica: no supera el gate.,0.0,No aplica: no supera el gate.,0.0,No aplica: no supera el gate.,0.0,No aplica: no supera el gate.,0.0,low,,0.0,No aplica: no supera el gate.,0.0,No aplica: no supera el gate.,False,"Usa la 'postcolonial intersectionality' como marco interpretativo, pero el análisis identifica lógicas discursivas, no ejes sociales relacionados entre sí.",0.0,No aplica: no supera el gate.,empirico_cualitativo,cambio_climatico_general,Europe
20,0.5,"Raza y género aparecen juntos como construcciones coloniales, pero no se analizan posiciones co-constituidas en los hallazgos.",1.0,"Teoriza epistemologías coloniales, legados históricos y barreras sistémicas que sostienen dinámicas de poder en la adaptación.",1.0,"Pequeños agricultores de uMkhanyakude, con legados coloniales sudafricanos y Ubuntu como sistema de conocimiento situado.",0.0,Análisis temático cualitativo sin muestreo ni codificación por posiciones interseccionales descritos.,2.0,medium,,1.0,Propone incorporar Ubuntu e interseccionalidad en políticas de sequía para transformar dinámicas de poder y desigualdad.,1.0,Documenta eficacia colectiva y Ubuntu como saber comunitario que desafía epistemologías coloniales.,True,Señala que la falta de perspectivas interseccionales 'reinforce colonial racial and gender constructs' en las redes de adaptación a la sequía.,0.5,"Integración parcial: poder colonial, contexto y agencia se conectan, pero las identidades entrelazadas no se analizan empíricamente.",empirico_cualitativo,sequia,South Africa
21,1.0,"Los arquetipos de riesgo por calor se interpretan como posiciones combinadas (p. ej., obreros de barrios urbanos de bajos ingresos).",0.0,"Atribuye el riesgo a exposición, demografía y creciente desigualdad, sin nombrar ni teorizar estructuras de poder.",0.5,"Diferencias relativas dentro de Austria, con escenarios hasta 2080; contexto socioespacial sin anclaje histórico-político.",1.0,Clustering georreferenciado de datos socioeconómicos y de exposición que operacionaliza la vulnerabilidad interseccional en arquetipos.,1.5,high,,0.5,"Los arquetipos pueden apoyar estrategias de adaptación 'effective and equitable', sin desarrollar orientación transformadora.",0.0,"Participan actores en entrevistas, pero los grupos en riesgo no aparecen como agentes.",True,"Arquetipos como 'elderly individuals whose vulnerability is compounded by low financial coping capacities' combinan edad, ingreso y ocupación.",0.5,"Integración parcial: identidades y método se articulan en los arquetipos, pero sin explicación estructural del riesgo.",empirico_mixto,calor_extremo,Austria
22,0.5,"Edad, ingreso y origen migrante se examinan como perfiles barriales paralelos, no como posiciones combinadas.",0.5,Marco de justicia de movilidad; nombra desigualdades sociales sin teorizar mecanismos estructurales.,0.5,"Red de Refugios Climáticos de Barcelona, cierres de agosto y meta municipal 2030; sin anclaje histórico.",0.0,Isócronas SIG y perfiles socioeconómicos por barrio; ingreso y origen migrante como indicadores separados.,1.0,high,,1.0,Advierte que la adaptación puede agravar disparidades y ofrece recomendaciones para acceso equitativo y evaluación justa.,0.0,"Residentes vulnerables tratados como población a servir, sin agencia documentada.",True,"Analiza el acceso de mayores de 65 años 'examining intersectional vulnerabilities, including income level and migrant background'.",0.5,"Integración parcial: justicia de movilidad y contexto conectados, pero ejes analizados en paralelo.",empirico_cuantitativo,calor_extremo,Spain
23,0.5,"Perfiles de vulnerabilidad superpuesta que 'amplify susceptibility', interpretados como acumulación más que como posiciones co-constituidas.",0.0,Describe factores de riesgo y disparidades espaciales sin nombrar estructuras de poder ni mecanismos.,0.5,Houston y la tormenta invernal Uri; contexto de evento y ciudad sin desarrollo histórico-político.,0.5,"Análisis de correspondencias múltiples y clustering generan perfiles descriptivos, sin modelar interacciones entre ejes.",1.0,medium,,1.0,"Propone comunicación multilingüe, centros de resiliencia comunitaria y participación de voces marginadas para reducir disparidades.",0.0,La participación aparece solo como recomendación; los sujetos no se documentan como agentes.,True,"Construye población sintética para evaluar 'intersecting social vulnerabilities at the individual level' (discapacidad, edad, ingreso, aislamiento lingüístico).",0.5,"Integración parcial: la tipología conecta ejes con exposición, pero sin explicación estructural.",empirico_cuantitativo,ciclon_huracan_tormenta,United States
24,0.5,"Las desventajas se describen como acumulativas entre grupos y niveles, sin analizar posiciones co-constituidas.",1.0,"Identifica racismo ambiental, legados coloniales, dependencia fiscal regional y barreras institucionales como mecanismos de inequidad.",1.0,"Financiamiento climático en el Atlántico canadiense, caso de Nueva Escocia, escala subnacional y legados coloniales.",0.0,"Entrevistas a financiadores, funcionarios y ONG más análisis documental; no operacionaliza intersecciones de ejes.",2.0,medium,,1.0,Concluye que el financiamiento equitativo exige enfoques participativos y orientados a la justicia centrados en los más vulnerables.,0.0,"Organizaciones de base y comunidades aparecen como desfavorecidas, sin agencia documentada.",True,Comunidades racializadas e indígenas y municipios pequeños 'face compounding disadvantages' ante barreras de acceso al financiamiento climático.,0.5,"Integración parcial: el poder estructural explica desventajas compuestas en contexto, pero sin método interseccional.",empirico_cualitativo,cambio_climatico_general,Canada
28,1.0,Indicadores combinados como 'Non-white Renters' se interpretan como posiciones sociales conjuntas frente a indicadores discretos.,0.0,"Habla de marginación social interseccional, pero no nombra ni teoriza racismo, mercado de vivienda u otras estructuras.",0.5,"California, con heterogeneidad espacial y efectos no uniformes; sin contexto histórico o político de la exposición.",1.0,Random forests geográficamente ponderados comparan indicadores cruzados con discretos y detectan umbrales no lineales.,1.0,high,,0.0,"Conclusiones metodológicas sobre modelado de indicadores, sin implicaciones de justicia desarrolladas.",0.0,"Poblaciones tratadas como indicadores de exposición, sin agencia.",True,"Construye indicadores interseccionales 'poverty-race, poverty-housing tenure, and race-housing tenure' para predecir exposición a inundaciones.",0.5,"Integración parcial: identidades y método se articulan, pero sin poder estructural, contexto ni justicia.",empirico_cuantitativo,inundacion,United States
29,0.0,No aplica: gate no superado.,0.0,No aplica: gate no superado.,0.0,No aplica: gate no superado.,0.0,No aplica: gate no superado.,0.0,medium,,0.0,No aplica: gate no superado.,0.0,No aplica: gate no superado.,False,La interseccionalidad aparece solo como resultado de aprendizaje estudiantil; no se articulan ejes de diferenciación social relacionados.,0.0,No aplica: gate no superado.,empirico_mixto,cambio_climatico_general,No especificado
30,0.0,No aplica: no supera el gate.,0.0,No aplica: no supera el gate.,0.0,No aplica: no supera el gate.,0.0,No aplica: no supera el gate.,0.0,medium,,0.0,No aplica: no supera el gate.,0.0,No aplica: no supera el gate.,False,Cruza identidad de género con capital social; 'intersectional' se aplica a un solo eje (diversidad de género) sin otras categorías sociales.,0.0,No aplica: no supera el gate.,revision,desastres_multiples,Global
31,1.0,"Posiciones combinadas (género-discapacidad, género-unión polígama) producen un continuo de riesgo, contra retratos homogéneos de las mujeres.",0.5,"Atribuye la vulnerabilidad a relaciones de poder generizadas e instituciones sociales, sin detallar mecanismos.",1.0,"Pastores hamer del distrito de South Omo, con instituciones como la poligamia; cuestiona narrativas homogeneizadoras.",1.0,"Encuesta a 384 hogares con índices de vulnerabilidad calculados para subgrupos cruzados, más regresión.",3.5,medium,,1.0,"Pide remover obstáculos institucionales que limitan la agencia, más allá de proteger a los más vulnerables.",1.0,Documenta prácticas adaptativas en todo el espectro de género y rechaza la dicotomía víctimas/salvadoras.,True,Mujeres con discapacidad y en uniones polígamas muestran que 'intersecting social positions produce a continuum of risk'.,1.0,"Integración lograda: instituciones generizadas explican el continuo de riesgo entre posiciones cruzadas, medido en su contexto.",empirico_mixto,cambio_climatico_general,Ethiopia
33,0.0,No aplica: no supera el gate.,0.0,No aplica: no supera el gate.,0.0,No aplica: no supera el gate.,0.0,No aplica: no supera el gate.,0.0,low,,0.0,No aplica: no supera el gate.,0.0,No aplica: no supera el gate.,False,Menciona 'intersectional oppression' como factor de vulnerabilidad climática sin articular qué categorías se cruzan ni cómo; descripción editorial del volumen.,0.0,No aplica: no supera el gate.,conceptual_teorico,cambio_climatico_general,No especificado
36,1.0,"Cruza género y educación e interpreta a las mujeres menos educadas como posición combinada, aunque el grueso compara sexos.",0.5,Señala roles domésticos generizados y violencia de género sin teorizar estructuras patriarcales ni mecanismos.,0.5,37 aldeas costeras de Bangladesh una semana después del ciclón Remal (2024); contexto de evento sin profundidad histórica.,1.0,Encuesta individual desagregada por sexo (n=2031) con clasificación cruzada género-educación en inseguridad alimentaria.,2.0,high,,0.5,"Aporta base empírica para respuesta y recuperación equitativas, sin desarrollar orientación transformadora.",0.0,"Hombres y mujeres aparecen como afectados por pérdidas de bienestar, sin agencia documentada.",True,'Intersectional analysis indicates that less educated women suffer higher food insecurity than men with comparable education levels'.,0.5,Integración parcial: el hallazgo interseccional queda como resultado puntual dentro de un análisis mayormente desagregado por sexo.,empirico_cuantitativo,ciclon_huracan_tormenta,Bangladesh
37,0.0,No aplica: gate no superado.,0.0,No aplica: gate no superado.,0.0,No aplica: gate no superado.,0.0,No aplica: gate no superado.,0.0,medium,,0.0,No aplica: gate no superado.,0.0,No aplica: gate no superado.,False,"Propone 'transparent intersectionality' en equipos de investigación; religión, etnia y disciplina se listan sin relacionarse como ejes.",0.0,No aplica: gate no superado.,conceptual_teorico,cambio_climatico_general,Indonesia; Australia
38,0.0,No aplica: no supera el gate.,0.0,No aplica: no supera el gate.,0.0,No aplica: no supera el gate.,0.0,No aplica: no supera el gate.,0.0,medium,,0.0,No aplica: no supera el gate.,0.0,No aplica: no supera el gate.,False,Los 'intersectional approaches' integran sostenibilidad ambiental y justicia social (cruce de campos); juventud y salud sexual se listan por separado.,0.0,No aplica: no supera el gate.,otro,cambio_climatico_general,East Africa
39,0.5,"Centra la posición de mujeres negras quilombolas, pero enuncia 'multiple forms of oppression' sin analizar su co-constitución.",1.0,"Vincula la crisis climática con sistemas patriarcales, colonialistas y racistas desde una psicología comunitaria decolonial.",0.5,"Comunidades tradicionales brasileñas y quilombolas nombradas, sin detalle histórico o territorial.",0.0,No describe método ni operacionalización empírica de las intersecciones.,2.0,medium,,1.0,"Orientada a justicia social y ambiental, con estrategias de resistencia y una ciencia más inclusiva.",1.0,"Soluciones comunitarias, saberes tradicionales, agroecología y cuidado colectivo como resistencia.",True,"Mujeres negras, indígenas, rurales y quilombolas enfrentan sistemas 'patriarchal, colonialist and racist' vinculados a la crisis climática.",0.5,"Integración parcial: poder, agencia y justicia se articulan, pero las identidades se enuncian sin análisis empírico.",conceptual_teorico,cambio_climatico_general,Brazil
40,0.0,No aplica: no supera el gate.,0.0,No aplica: no supera el gate.,0.0,No aplica: no supera el gate.,0.0,No aplica: no supera el gate.,0.0,medium,,0.0,No aplica: no supera el gate.,0.0,No aplica: no supera el gate.,False,Eje único (mujeres); la interseccionalidad se menciona solo como vacío en la investigación y las políticas climáticas.,0.0,No aplica: no supera el gate.,empirico_cualitativo,nivel_mar_costas,Indonesia
41,0.0,No aplica: no supera el gate.,0.0,No aplica: no supera el gate.,0.0,No aplica: no supera el gate.,0.0,No aplica: no supera el gate.,0.0,medium,,0.0,No aplica: no supera el gate.,0.0,No aplica: no supera el gate.,False,El cruce es entre ciclismo y cuidado materno; el marco 'intersectional environmentalist' no relaciona el género con otras categorías sociales.,0.0,No aplica: no supera el gate.,empirico_cualitativo,mitigacion_transicion,Canada
42,0.5,"Propone superar la visión unidimensional del individuo, pero no especifica ejes ni su co-constitución.",0.5,Nombra 'intersecting forms of structural discrimination' sin desarrollar mecanismos concretos.,0.0,"Planteamiento general sobre gestión del riesgo de inundación, sin contexto histórico ni geográfico.",0.0,"Discute cómo integrar la perspectiva en evaluaciones de vulnerabilidad, sin aplicación empírica.",1.0,medium,,0.5,"Plantea que el enfoque podría ayudar a mitigar desigualdades en la gestión del riesgo, sin desarrollarlo.",0.5,"Menciona estrategias de preparación y afrontamiento desigualmente distribuidas, sin desarrollar la agencia.",True,"Critica la visión unidimensional y teoriza formas entrelazadas de discriminación estructural en la vulnerabilidad social, objeto central del artículo.",0.5,"Vincula discriminación entrelazada, evaluación de vulnerabilidad y decisiones de gestión de forma programática.",conceptual_teorico,inundacion,Global
43,0.0,No aplica: no supera el gate.,0.0,No aplica: no supera el gate.,0.0,No aplica: no supera el gate.,0.0,No aplica: no supera el gate.,0.0,medium,,0.0,No aplica: no supera el gate.,0.0,No aplica: no supera el gate.,False,Vulnerabilidad analizada solo por género; la interseccionalidad aparece como vacío ('few studies') y agenda futura ('more intersectional research is needed').,0.0,No aplica: no supera el gate.,revision,cambio_climatico_general,Sub-Saharan Africa
44,0.5,"Identidades marginadas con riesgos agravados por el clima, sin analizar cómo se co-construyen las posiciones.",0.5,"Discriminación, falta de apoyo y 'structural inequalities' aumentan la vulnerabilidad, sin teorizar mecanismos.",0.5,"Reconoce el sesgo hacia estudios estadounidenses y pide ampliar el contexto, sin situar los hallazgos.",0.0,Revisión de alcance con categorización temática; no operacionaliza intersecciones.,1.0,medium,,1.0,"Propone políticas institucionales, redes de protección, vivienda, salud y trabajo social informado en trauma.",0.0,Estudiantes representados como víctimas de violencia; la resiliencia comunitaria aparece solo como meta.,True,"Población definida por diversidad sexogenérica y edad (estudiantes y adultos emergentes 2SLGBTQIA+), con la interseccionalidad como factor clave.",0.5,"Integración parcial: vincula identidades marginadas, estructuras y clima, sin articulación analítica profunda.",revision,cambio_climatico_general,Global
45,0.0,No aplica: gate no superado.,0.0,No aplica: gate no superado.,0.0,No aplica: gate no superado.,0.0,No aplica: gate no superado.,0.0,medium,,0.0,No aplica: gate no superado.,0.0,No aplica: gate no superado.,False,Análisis centrado en el género; lo interseccional enlaza finanzas climáticas y transversalización de género sin relacionar ejes de diferenciación.,0.0,No aplica: gate no superado.,conceptual_teorico,cambio_climatico_general,Africa
46,0.0,No aplica: no supera el gate.,0.0,No aplica: no supera el gate.,0.0,No aplica: no supera el gate.,0.0,No aplica: no supera el gate.,0.0,high,,0.0,No aplica: no supera el gate.,0.0,No aplica: no supera el gate.,False,"La interseccionalidad figura solo como meta del marco ('justice, equity, and intersectionality'), sin ejes ni relaciones entre categorías.",0.0,No aplica: no supera el gate.,conceptual_teorico,cambio_climatico_general; mitigacion_transicion,United States
47,1.0,Afirma que 'there is no pure racism or sexism': las relaciones de poder adquieren sentido unas en relación con otras.,1.0,"Analiza relaciones de poder en los dominios estructural, disciplinario, cultural e interpersonal.",0.5,"Pide contextualizar histórica y políticamente el análisis, pero el texto no se sitúa en ningún contexto concreto.",0.0,Texto teórico sin operacionalización empírica.,1.5,low,,0.5,"Enumera la justicia social entre las ideas centrales, sin desarrollarla en el fragmento disponible.",0.0,No aborda sujetos concretos ni su agencia.,True,"Sostiene que raza, clase, género, sexualidad y otras categorías 'constitute interlocking, mutually constructing or intersecting systems of power'.",0.5,"Integración parcial: articula poder, relacionalidad y contexto conceptualmente, sin aplicación al clima.",conceptual_teorico,cambio_climatico_general,No especificado
48,0.5,"Género y raza se nombran como intersección junto a tecnología y política, sin análisis de co-constitución.",0.5,"Nombra disparidades de poder Norte-Sur y desigualdades estructurales, sin detallar mecanismos en el abstract.",0.0,"Alcance global ('across the globe'), sin contexto específico identificable.",0.0,"Menciona metodologías interdisciplinarias, pero ninguna operacionalización de intersecciones.",1.5,medium,,1.0,Orientado a un enfoque de justicia climática y a resistir la injusticia estructural.,1.0,"Documenta respuestas, luchas y estrategias de resistencia de comunidades locales.",True,"Anuncia un foco en 'the intersectionality of gender, race, technology, and politics' ante desigualdades estructurales agravadas por el clima.",0.5,"Integración parcial: poder, resistencia y justicia se conectan, pero identidades y contexto quedan genéricos.",conceptual_teorico,cambio_climatico_general,Global
49,0.5,Refiere posiciones sociales entrecruzadas sin nombrar ejes ni mostrar su co-construcción.,0.0,"No nombra estructuras de poder; se centra en dimensiones sociales, emocionales y espaciales.",0.5,"Enfoque situado en la experiencia cotidiana y espacial, sin un contexto histórico-geográfico concreto.",1.0,"Mapas de relieve que combinan técnicas cualitativas, cuantitativas y SIG para captar posiciones que se cruzan.",1.0,medium,,0.0,Sin orientación explícita a la justicia o la transformación; objetivo de comprensión.,0.5,"Centra experiencias vividas y estrategias de adaptación, sin documentarlas.",True,Afirma que la metodología permite entender cómo posiciones sociales que se cruzan moldean vulnerabilidades y estrategias de adaptación.,0.5,"El método articula posiciones, emociones y espacio, pero sin poder estructural ni orientación crítica.",conceptual_teorico,cambio_climatico_general,No especificado
50,0.5,"Desigualdades confluentes con lógica de agravamiento; indígenas, migrantes, mujeres, niños y personas con discapacidad se enumeran por separado.",0.5,Examina deficiencias de los sistemas jurídicos y desigualdades sin teorizar mecanismos estructurales específicos.,0.0,Planteamiento global; los estudios de caso no se sitúan en el abstract.,0.0,Análisis jurídico-conceptual sin diseño empírico interseccional.,1.0,low,,1.0,"Recomienda políticas basadas en derechos humanos, protección institucional de migrantes climáticos y participación comunitaria.",0.5,"Menciona resiliencia comunitaria y abogacía legal en estudios de caso, sin detallarlas.",True,"Con lente interseccional analiza el efecto agravante de desigualdades sociales, culturales y económicas confluentes sobre el riesgo climático.",0.5,"Relaciona desigualdades confluentes, déficits legales y recomendaciones con un análisis interseccional poco desarrollado.",conceptual_teorico,cambio_climatico_general,Global
51,0.0,No aplica: no supera el gate.,0.0,No aplica: no supera el gate.,0.0,No aplica: no supera el gate.,0.0,No aplica: no supera el gate.,0.0,medium,,0.0,No aplica: no supera el gate.,0.0,No aplica: no supera el gate.,False,"'Intersectional issue' significa problema transversal; las disparidades socioeconómicas y raciales se mencionan en paralelo, sin relacionarse entre sí.",0.0,No aplica: no supera el gate.,conceptual_teorico,calor_extremo,United States
53,0.0,No aplica: no supera el gate.,0.0,No aplica: no supera el gate.,0.0,No aplica: no supera el gate.,0.0,No aplica: no supera el gate.,0.0,medium,,0.0,No aplica: no supera el gate.,0.0,No aplica: no supera el gate.,False,La interseccionalidad aparece como lente y como vacío de la literatura; no nombra ejes ni teoriza su cruce.,0.0,No aplica: no supera el gate.,conceptual_teorico,cambio_climatico_general,Global
54,1.0,Hogares asiáticos de ingreso bajo-medio y negros de ingreso alto duplican el aumento de riesgo dentro de su grupo de ingreso.,0.0,"Describe disparidades por ingreso y raza sin nombrar racismo, segregación ni otras estructuras.",0.5,Ciudad de Nueva York bajo proyecciones climáticas; contexto urbano sin desarrollo histórico-político.,1.0,"Métrica de apagones por optimización cruzada por ingreso y raza-etnicidad, con comparaciones dentro de estratos.",1.5,high,,0.5,"Busca 'inform efforts to promote energy justice', sin desarrollar propuestas transformadoras.",0.0,"Hogares tratados como unidades de riesgo, sin agencia.",True,"Revela disparidades de resiliencia energética 'shaped by intersectionality across income, race, and ethnicity' en Nueva York.",0.5,"Integración parcial: identidades cruzadas y método articulados, sin explicación estructural de las disparidades.",empirico_cuantitativo,desastres_multiples; cambio_climatico_general,United States
55,1.0,"Culpa reproductiva, cargas de cuidado y reactivación de trauma sexual muestran una posición específica género-enfermedad psiquiátrica.",0.5,"Identifica vías sociales e institucionales (atención interrumpida, aislamiento), sin nombrar estructuras como sexismo o capacitismo.",0.5,"Hospital psiquiátrico académico de Toronto, 2025; contexto institucional descrito brevemente.",1.0,Muestra intencional de mujeres con enfermedad psiquiátrica y análisis de libro de códigos con lente interseccional.,2.0,medium,,0.5,"Propone intervenciones sensibles al género e informadas por usuarias, sin marco de justicia desarrollado.",1.0,"Personas con experiencia vivida co-diseñan la guía, interpretan hallazgos y definen prioridades de intervención.",True,Mujeres con enfermedad psiquiátrica: examina cómo los impactos climáticos en salud mental 'intersect with gendered roles and responsibilities'.,0.5,"Integración parcial: posición interseccional, método y agencia se conectan; el poder estructural queda poco teorizado.",empirico_cualitativo,cambio_climatico_general,Canada
56,0.5,"Registra identidades combinadas en las demandas, pero el abstract describe su presencia más que su co-constitución.",0.5,"Examina tensiones con tribunales que desestiman experiencias interseccionales, sin teorizar estructuras de dominación.",0.5,Once casos en jurisdicciones no detalladas; contexto jurídico general.,0.5,Revisión cualitativa de casos y grupo focal con informantes clave; codificación de identidades sin análisis interaccional.,2.0,medium,,0.5,"Aporta a debates sobre justicia climática y legitimidad de la interseccionalidad en litigios, sin propuestas desarrolladas.",1.0,Documenta estrategias de demandantes: construcción de reclamos interseccionales y uso extensivo de evidencia científica.,True,"Analiza cómo demandantes construyen la interseccionalidad con identidades de edad, origen cultural y salud en once litigios climáticos.",0.5,"Integración parcial: agencia legal e identidades se conectan, pero con poco anclaje estructural y contextual.",empirico_cualitativo,cambio_climatico_general,Global
57,0.5,"Algunas posiciones combinadas (mujeres casadas, viudas), aunque la mayoría de diferencias se tratan por separado.",0.0,Describe factores como acceso y seguridad de tenencia de tierra sin teorizar estructuras de poder.,0.5,"Subdivisión de Baham, Camerún; contexto rural nombrado sin desarrollo histórico o político.",0.5,"Entrevistas de historia de vida comparando diferencias sociales (género, estado civil, años en la aldea).",1.5,high,,0.5,"Recomienda políticas sensibles a identidades que se cruzan, sin orientación transformadora desarrollada.",1.0,"Documenta estrategias: grupos de iniciativa común, diversificación de medios de vida y nuevas prácticas agrícolas.",True,La tenencia de tierra afecta más a mujeres casadas que a solteras o viudas: género y estado civil se combinan.,0.5,"Integración parcial: diferencias sociales, estrategias y contexto se describen sin marco estructural que los articule.",empirico_cualitativo,cambio_climatico_general,Cameroon
58,0.5,"Clase y casta se analizan juntas en el contraste entre aldeas, sin desarrollar su co-constitución.",0.5,Ecología política del poder y control del agua; nombra casta y clase sin teorizar mecanismos más allá de la trama.,0.5,"India rural representada en dos aldeas ficticias; contexto de ficción, no situado empíricamente.",0.0,Análisis textual del filme sin operacionalización de intersecciones.,1.0,low,,0.5,"Critica que el filme diluye su potencial como crítica climática interseccional, sin propuestas de transformación.",0.5,Reconoce la gestión sostenible de la aldea de casta baja y critica la escasa agencia femenina.,True,"El filme 'enacts the complex dynamics of how class, caste, and resource inequality subvert the social equity of water'.",0.5,"Integración parcial: poder, casta y clase se conectan en la lectura del filme, pero el vínculo climático es débil.",empirico_cualitativo,sequia,India
59,0.5,"Describe 'layered vulnerabilities' por edad, salud, ingreso, educación y vivienda, de forma acumulativa.",0.5,"Nombra marginación social y desventaja económica y barrial, sin teorizar racismo ni otros mecanismos estructurales.",0.0,Sintetiza estudios de 'diverse contexts' sin situar los hallazgos en historias o geografías específicas.,0.0,Revisión de alcance (Arksey y O'Malley) sin operacionalización de intersecciones.,1.0,medium,,1.0,"Propone preparación climática centrada en equidad, ética del cuidado, prácticas situadas y participación en decisiones ambientales.",0.5,"Incluye cómo responden a las emergencias, pero los hallazgos enfatizan vulnerabilidades e impactos.",True,Examina a personas mayores racializadas ante emergencias climáticas con una lente de justicia climática interseccional.,0.5,"Integración parcial: la lente interseccional ordena vulnerabilidades y propuestas, sin articular poder estructural y contexto.",revision,desastres_multiples,Global
60,0.5,Los ejes se presentan como entrelazados solo en la definición inicial; el argumento sobre afecto y deporte no los analiza.,0.5,"Alude a desigualdades estructurales, poscolonialidad y 'systemic change' sin teorizar mecanismos de poder.",0.0,"Pieza de perspectiva sobre el campo SDP en general, sin anclaje geográfico ni histórico.",0.0,Texto de perspectiva sin diseño empírico ni operacionalización de intersecciones.,1.0,medium,,1.0,Orientado explícitamente a la justicia climática y a soluciones 'transformative and equitable'; propone el SDP como vía de acción climática justa.,0.5,"Concibe a los participantes como potenciales agentes de acción y activismo climático, sin documentar su agencia.",True,"Nombra clase, raza, género y poscolonialidad como 'intersecting inequalities' que estructuran la vulnerabilidad climática, aunque en una sola frase contextual.",0.0,La mención interseccional queda yuxtapuesta: no se conecta con el argumento afectivo-pedagógico ni con la propuesta de justicia.,conceptual_teorico,cambio_climatico_general,Global
61,1.0,"Analiza narrativas sobre y de mujeres indígenas como posición específica, con derechos diferenciados propios, desde un enfoque interseccional.",0.5,"Crítica institucional: se las trata como beneficiarias de una política 'fragmented, disjointed', no como actoras; no teoriza colonialismo ni patriarcado.",1.0,"Situado en la gobernanza climática chilena y los instrumentos de la Ley Marco de Cambio Climático, con enfoque intercultural y multiescalar.",0.5,"Análisis documental y sociograma centrados en un grupo interseccional, sin describir codificación cruzada ni operación explícita de las intersecciones.",3.5,medium,,1.0,Crítica situada de su exclusión como actoras y reivindicación de sus derechos diferenciados en la gobernanza climática.,1.0,"Recoge autoconcepciones, visión y demandas propias de las mujeres indígenas, con lógicas de colaboración horizontal.",True,"Población definida por la intersección: mujeres indígenas, analizadas desde una perspectiva 'intercultural, intersectional, and multiscale'.",1.0,"Articula poder institucional, posición de las mujeres indígenas, contexto chileno y agencia en un contraste coherente entre narrativas institucionales y propias.",empirico_cualitativo,cambio_climatico_general,Chile
62,0.5,"Ejes afirmados como entrelazados en el concepto, pero los grupos (inmóviles, informales, subsistencia) se enumeran por separado y el género no se desarrolla.",1.0,"Mecanismos estructurales explícitos: 'structural dispossession', invisibilización de pérdidas laborales y exclusión epistémica, frente a narrativas tecnocráticas.",0.5,"Ejemplos de regiones de Türkiye propensas a desastres y vulnerables al clima, sin desarrollo histórico o político en el abstract.",0.0,Viewpoint conceptual sin diseño empírico ni operacionalización de intersecciones.,2.0,medium,,1.0,"Propone reencuadrar el empleo en el discurso climático como 'terrain of structural justice', más allá de la intervención económica.",0.5,"Menciona experiencias de 'marginality and resistance' y modos de subsistencia no mercantilizados, sin desarrollarlos.",True,"Define el desempleo climático como régimen de exclusión moldeado por 'intersecting inequalities of class, gender, (im)mobility, and epistemic legitimacy'.",0.5,"Desigualdades entrelazadas, despojo estructural y justicia se enlazan en el concepto, pero de forma programática y con un contexto solo ilustrativo.",conceptual_teorico,cambio_climatico_general; mitigacion_transicion,Turkey
63,0.5,Raza y clase solo caracterizan el contexto; los temas del análisis no examinan su co-construcción.,0.5,Alude a 'underlying structural inequities' y determinantes 'upstream' sin teorizar racismo ni mecanismos de desigualdad.,0.5,"Shreveport, Luisiana, comunidad negra y de bajos ingresos de la Costa del Golfo; sin historia ni política, y presentado como 'replicable model'.",0.0,Entrevistas y observación con trece organizaciones; el muestreo no se estructura por subgrupos interseccionales.,2.0,medium,,1.0,Recomienda redes de resiliencia gobernadas por la comunidad que integren la equidad y aborden inequidades estructurales.,1.0,"Documenta confianza, lazos culturales e infraestructura religiosa como activos de resiliencia, con un enfoque de co-diseño comunitario.",True,"Estudio guiado por Intersectionality en una región 'predominantly Black, low-income': raza y clase son identificables y conjuntas en la población.",0.5,"Contexto, activos comunitarios y equidad se articulan, pero el marco interseccional no se conecta con los hallazgos.",empirico_cualitativo,desastres_multiples; cambio_climatico_general,United States
64,0.0,No aplica: gate no superado.,0.0,No aplica: gate no superado.,0.0,No aplica: gate no superado.,0.0,No aplica: gate no superado.,0.0,low,,0.0,No aplica: gate no superado.,0.0,No aplica: gate no superado.,False,"Género y etnicidad figuran como 'other issues' vinculados al clima, junto a slow violence y dignidad humana, sin articularse entre sí.",0.0,No aplica: gate no superado.,empirico_cualitativo,cambio_climatico_general,South Asia
65,0.5,La interacción entre categorías aparece solo como laguna y agenda futura; la revisión no la analiza.,0.0,Enfoque socioecológico y factores económicos; no articula estructuras de poder como la casta o el patriarcado ni sus mecanismos.,0.5,"Uttarakhand, con larga historia de emigración y extremos climáticos crecientes; contexto breve.",0.0,Revisión temática de literatura 2000–2024 sin codificación interseccional propia.,1.0,medium,,0.5,"Pide intervenciones para la inmovilidad involuntaria y 'optimise' políticas de adaptación, sin marco de justicia.",1.0,"Sistematiza estrategias locales de adaptación, diversificación de medios de vida y la inmovilidad como posible forma de adaptación.",True,"Nombra casta, tribu, género y edad con 'intersectional influences' sobre la (in)movilidad, aunque solo como vacío de la literatura revisada.",0.0,"La dimensión interseccional queda como laguna aislada, sin articularse con el análisis de adaptación y (in)movilidad.",revision,cambio_climatico_general,India
66,0.0,No aplica: no supera el gate.,0.0,No aplica: no supera el gate.,0.0,No aplica: no supera el gate.,0.0,No aplica: no supera el gate.,0.0,medium,,0.0,No aplica: no supera el gate.,0.0,No aplica: no supera el gate.,False,Eje único (discapacidad intelectual y del desarrollo); 'intersectional climate vulnerability' es una etiqueta sin relación con otras categorías.,0.0,No aplica: no supera el gate.,empirico_cuantitativo,desastres_multiples,United States
67,0.5,Enumera inequidades por eje y las cruza como alianza de 'five intersecting movements'; no analiza posiciones co-construidas.,1.0,"Legados del colonialismo y el apartheid moldean desigualdades espaciales e infraestructurales; normas de género, discriminación racial y exclusión LGBTQ+.",1.0,"Ciudad del Cabo y sus viviendas de patio trasero (backyards), con historia colonial y del apartheid explícita.",0.5,"Co-producción participativa con activistas de cinco movimientos (entrevistas caminadas, grupos focales, talleres), sin análisis interaccional descrito.",3.5,medium,,1.0,"Herramientas para educación interseccional, alianzas e incidencia; implicaciones de práctica y política hacia justicia hídrica y transición justa.",1.0,Valida el conocimiento comunitario y la expresión creativa de activistas; amplía 'whose expertise counts'.,True,"Articula género, raza, sexualidad (LGBTQ+) y vivienda/tierra como inequidades que se cruzan en el acceso al agua, con enfoque interseccional explícito.",1.0,"Legados estructurales, inequidades cruzadas, método participativo y orientación a la justicia se articulan en un argumento coherente.",empirico_cualitativo,cambio_climatico_general,South Africa
945,1.0,"Analiza cómo las narrativas familiares co-construyen raza, género y heteronormatividad, desde teoría ecofeminista, poscolonial y queer.",1.0,"Examina 'dominant power relations', patriarcado heteronormativo y marcos poscoloniales reproducidos por las narrativas ecomaternalistas de la política climática.",0.5,Relatos afrofuturistas ambientados en Nigeria y Botsuana; contexto literario sin desarrollo sociohistórico en el abstract.,0.0,"Lectura teórica de tres relatos, sin operacionalización empírica de intersecciones.",2.5,medium,,1.0,"Busca desafiar, no reproducir, relaciones de poder dominantes; sostiene que la familia debe transformarse con el contexto climático.",0.5,"Valora los relatos afrofuturistas como discursos alternativos, sin documentar la agencia de sujetos concretos.",True,"Sitúa el ecomaternalismo en 'intersectional constructions of race, gender, heteronormativity, and nature' y analiza la familia patriarcal heteronormativa.",1.0,"La crítica interseccional del ecomaternalismo, las relaciones de poder y las contranarrativas afrofuturistas forman un argumento teórico coherente.",conceptual_teorico,cambio_climatico_general,Nigeria; Botswana
946,1.0,"Interpreta posiciones combinadas: el estado civil pesa en mujeres, no en hombres; divorciadas y viudas son las más vulnerables.",0.0,Vulnerabilidad 'intrinsic' medida con atributos del hogar; no nombra patriarcado ni mecanismos estructurales.,0.5,Noroeste de Etiopía y pequeños agricultores; contexto sin desarrollo histórico ni político.,1.0,Índice CAPCA y regresión logística que cruzan género y estado civil en una muestra sistemática aleatoria de 1602 encuestados.,1.5,high,,0.5,"Recomienda incluir a viudas y divorciadas en el diseño y la focalización de intervenciones, sin marco de justicia.",0.0,Agricultoras y agricultores aparecen solo como sujetos vulnerables; no se registra agencia ni estrategias.,True,Examina explícitamente las intersecciones de género y estado civil en la vulnerabilidad climática intrínseca de pequeños agricultores.,0.5,"Intersección y método están bien articulados en su contexto, pero sin explicación estructural de la vulnerabilidad diferencial.",empirico_cuantitativo,cambio_climatico_general,Ethiopia
948,0.0,No aplica: gate no superado.,0.0,No aplica: gate no superado.,0.0,No aplica: gate no superado.,0.0,No aplica: gate no superado.,0.0,medium,,0.0,No aplica: gate no superado.,0.0,No aplica: gate no superado.,False,"Relaciona discapacidad con opresión animal (especie), no con otro eje de diferenciación social humana; queda un solo eje.",0.0,No aplica: gate no superado.,conceptual_teorico,cambio_climatico_general; mitigacion_transicion,Global
950,1.0,"Muestra la simultaneidad de marginación y privilegio: representación inclusiva en discapacidad, edad y género que reafirma blanquitud, clase y Norte global.",0.5,"Señala estereotipos, prejuicio y la autoridad de 'the privileged few' en los medios, sin teorizar estructuras como racismo o capacitismo.",0.5,Cobertura de prensa sobre activismo climático en el Reino Unido; contexto sin desarrollo histórico o político.,0.5,"Análisis cualitativo de contenido sobre tres activistas con autismo, sin codificación cruzada explícita de los ejes.",2.0,medium,,0.5,"Destaca tensiones entre reforzar y desafiar el privilegio de quienes representan el activismo, sin desarrollar propuestas.",1.0,Los sujetos son activistas; analiza cómo la prensa enfatiza su agencia e influencia (keyword Agency).,True,"Relaciona la inclusión por discapacidad, edad y género con el refuerzo de la autoridad de activistas blancos, de clase media-alta y del Norte global.",0.5,"El hallazgo interseccional se conecta con las prácticas mediáticas, pero sin explicación estructural ni contexto desarrollado.",empirico_cualitativo,cambio_climatico_general,United Kingdom
951,0.0,No aplica: gate no superado.,0.0,No aplica: gate no superado.,0.0,No aplica: gate no superado.,0.0,No aplica: gate no superado.,0.0,high,,0.0,No aplica: gate no superado.,0.0,No aplica: gate no superado.,False,"Enumera indigeneidad, etnia, edad, género, sexualidad, discapacidad y clase por separado; las 'intersectional threats' son amenazas que se cruzan.",0.0,No aplica: gate no superado.,otro,cambio_climatico_general,Global
71,0.5,Atributos interseccionales y hogares multilocales median experiencias; el abstract no especifica ejes ni su co-construcción.,0.0,"Explica las decisiones por un nexo de crisis hídrica, económica y de valores, sin estructuras de poder.",1.0,"Comunidades amazigh del Alto Atlas, hogares multilocales y el concepto tamazirt que liga tierra y hogar.",0.5,"75 entrevistas y seis grupos; tipología de actores por atributos, sin análisis interaccional explícito.",2.0,medium,,0.5,"Aporta insumos para planificación y políticas de desarrollo rural, sin orientación explícita a la justicia.",1.0,"Documenta decisiones de movilidad, deseos de permanecer y el apego a la tierra como ancla de futuros.",True,"Sostiene que atributos interseccionales median las experiencias de los actores, ilustrado con una tipología, en comunidades rurales amazigh.",0.5,"Contexto y tipología se conectan con las decisiones, pero sin marco de poder que explique las intersecciones.",empirico_cualitativo,sequia,Morocco
72,0.0,No aplica: no supera el gate.,0.0,No aplica: no supera el gate.,0.0,No aplica: no supera el gate.,0.0,No aplica: no supera el gate.,0.0,low,,0.0,No aplica: no supera el gate.,0.0,No aplica: no supera el gate.,False,Califica la violencia climática de 'fundamentally intersectional and structural' sin nombrar ejes ni articular su cruce; 'intersection' también designa clima y violencia.,0.0,No aplica: no supera el gate.,revision,cambio_climatico_general,Global
73,0.5,"Centrado en género; incorpora desigualdades interseccionales con lógica de desventaja acumulada, sin analizar co-constitución.",1.0,Teoriza las desigualdades estructurales que producen vulnerabilidad de género y los procesos para desafiar relaciones desiguales.,0.5,"Traza la evolución de la política internacional de adaptación y reconoce contextos diversos, sin caso específico.",0.0,Marco conceptual y mapeo de literatura; la vía participativa propuesta no operacionaliza intersecciones.,2.0,low,,1.0,"Orientación transformadora: renegociar desigualdades estructurales de género vinculando investigación participativa, comunidad y política.",0.5,"La agencia aparece vía investigación participativa y compromiso comunitario, sin documentarse.",True,"Su marco Triple Loss explica cómo los impactos climáticos interactúan con desigualdades estructurales, corporales e interseccionales para producir desventaja acumulada.",0.5,Integra poder estructural y transformación; lo interseccional es un componente más del marco.,conceptual_teorico,cambio_climatico_general,Global
74,0.0,Gate no superado.,0.0,Gate no superado.,0.0,Gate no superado.,0.0,Gate no superado.,0.0,low,,0.0,Gate no superado.,0.0,Gate no superado.,False,"Relaciona infancia, Country y clima con familias yamatji y colonas, pero no articula ejes de diferenciación social como entrelazados.",0.0,Gate no superado.,empirico_cualitativo,cambio_climatico_general; inundacion,Australia
76,0.0,No aplica: no supera el gate.,0.0,No aplica: no supera el gate.,0.0,No aplica: no supera el gate.,0.0,No aplica: no supera el gate.,0.0,high,,0.0,No aplica: no supera el gate.,0.0,No aplica: no supera el gate.,False,"'Intersectionality' designa el cruce del cambio climático con temas adolescentes (ecoansiedad, sistemas de poder); los grupos afectados no se especifican.",0.0,No aplica: no supera el gate.,conceptual_teorico,cambio_climatico_general; desastres_multiples,United States
77,0.5,Discapacidad como eje central; marginación múltiple y Sur Global se mencionan sin analizar su co-construcción.,1.0,"Teoriza el capacitismo y la exclusión en investigación, política, recursos y activismo; crisis crónica sobre la que se superponen impactos.",0.5,"Referencia global y al Sur Global, y obligaciones estatales; sin contexto histórico-geográfico específico.",0.0,Capítulo conceptual sin operacionalización empírica.,2.0,medium,,1.0,"Orientado a justicia climática y derechos humanos; exige inclusión significativa, recursos y liderazgo de personas con discapacidad.",1.0,"Documenta liderazgo de personas con discapacidad en investigación, política y activismo, y valora el 'disabled wisdom'.",True,"Relaciona discapacidad con vivir en el Sur Global o estar 'multiply marginalized', y subraya la interseccionalidad.",0.5,"Capacitismo, justicia y liderazgo se articulan; la dimensión interseccional queda como énfasis final no integrado.",conceptual_teorico,cambio_climatico_general,Global
79,1.0,"'Age and gender norms converge in young masculinities'; posición específica de joven refugiado, no suma de ejes.",0.5,"Nombra órdenes de género y vulnerabilidades urbanas entrelazadas (económicas, sociopolíticas), sin teorizar mecanismos estructurales.",1.0,"Gulu, norte de Uganda, refugiados de Sudán del Sur, posconflicto; subraya la diversidad de experiencias en una ciudad africana.",1.0,Metodologías creativas con subgrupo interseccional intencional (jóvenes varones refugiados) y análisis de género interseccional.,3.5,high,,0.5,"Critica la invisibilidad de jóvenes refugiados en la gobernanza climática urbana, sin desarrollar propuestas de transformación.",1.0,"Muestra cómo negocian masculinidades, buscan educación y medios de vida, y sostienen esperanzas propias.",True,"Edad, género y condición de refugiado convergen en masculinidades jóvenes de refugiados sursudaneses; análisis de género interseccional.",1.0,"Edad, género y desplazamiento se analizan situados en Gulu, con vulnerabilidades entrelazadas y agencia, en un análisis coherente.",empirico_cualitativo,cambio_climatico_general,Uganda
80,0.0,No aplica: no supera el gate.,0.0,No aplica: no supera el gate.,0.0,No aplica: no supera el gate.,0.0,No aplica: no supera el gate.,0.0,medium,,0.0,No aplica: no supera el gate.,0.0,No aplica: no supera el gate.,False,Eje único (género del jefe de hogar) comparado entre países; 'intersectional perspective' es una etiqueta sin relación con otras categorías sociales.,0.0,No aplica: no supera el gate.,empirico_cuantitativo,mitigacion_transicion,European Union
81,0.5,Género como eje central; ruralidad y marginación se suman como agravantes sin analizar su co-construcción.,1.0,"Enfoques tecnocráticos y de mercado, liberalización y captura por élites excluyen a mujeres de base; marco ecofeminista crítico.",0.5,"Caso Bangladesh y Sur Global, con contexto nacional poco desarrollado en el abstract.",0.0,"Síntesis de literatura e informes de política, sin operacionalización empírica de intersecciones.",2.0,medium,,1.0,"Agenda transformadora con recomendaciones concretas: análisis interseccional, alianzas con organizaciones de base, mitad de fondos para mujeres.",0.5,"Reclama centrar la agencia y el liderazgo de las mujeres, pero no documenta sus estrategias.",True,Mujeres de comunidades rurales y marginadas enfrentan 'compounded risks'; propone análisis de género interseccional.,0.5,El poder estructural explica la exclusión de género y sustenta las recomendaciones; lo interseccional queda como agravante.,revision,cambio_climatico_general,Bangladesh
84,0.0,Gate no superado.,0.0,Gate no superado.,0.0,Gate no superado.,0.0,Gate no superado.,0.0,low,,0.0,Gate no superado.,0.0,Gate no superado.,False,"Vincula justicia lingüística y ambiental en la Escocia gaélica, pero no articula dos ejes de diferenciación social relacionados.",0.0,Gate no superado.,empirico_cualitativo,cambio_climatico_general,United Kingdom
86,0.5,"Enumera género, edad, situación económica y residencia como factores diferenciales, sin mostrar su co-construcción.",0.5,"Enfoque feminista que politiza el hogar y el trabajo doméstico, sin teorizar mecanismos estructurales.",0.5,"Situado en Cataluña (España) y en el espacio doméstico, sin anclaje histórico-político detallado.",0.5,Climate Relief Maps y grupos focales con 87 participantes; diferencias por ejes sin análisis interaccional explícito.,2.0,medium,,0.5,"Llama a politizar el hogar en investigación y política para avanzar la justicia climática, sin desarrollarlo.",1.0,El hogar como espacio de agencia mediante prácticas cotidianas de adaptación y mitigación.,True,"Experiencias climáticas domésticas moldeadas por género, edad, situación económica y lugar de residencia, desde una perspectiva interseccional.",0.5,"Ejes, emociones y agencia doméstica se conectan parcialmente; el poder estructural no articula el análisis.",empirico_cualitativo,cambio_climatico_general,Spain
87,0.0,Gate no superado.,0.0,Gate no superado.,0.0,Gate no superado.,0.0,Gate no superado.,0.0,low,,0.0,Gate no superado.,0.0,Gate no superado.,False,Enumera grupos vulnerables por separado; la métrica 'intersectional coverage' no se define ni articula ejes relacionados.,0.0,Gate no superado.,empirico_cuantitativo,desastres_multiples,No especificado
88,0.0,No aplica: no supera el gate.,0.0,No aplica: no supera el gate.,0.0,No aplica: no supera el gate.,0.0,No aplica: no supera el gate.,0.0,medium,,0.0,No aplica: no supera el gate.,0.0,No aplica: no supera el gate.,False,El abstract no nombra ejes de diferenciación; la interseccionalidad solo figura en las palabras clave y alude a 'vocabularies of oppression'.,0.0,No aplica: no supera el gate.,conceptual_teorico,cambio_climatico_general,United States
89,0.5,"Discapacidad entrelazada con discriminación interseccional, sin nombrar ni analizar los demás ejes.",1.0,Estructuras de violencia y prescindibilidad que invisibilizan; praxis feminista y anticolonial como marco crítico.,0.5,Investigación en Australia Occidental; el abstract no detalla el contexto histórico-político.,0.5,"Storytelling de experiencias vividas, sin muestreo ni análisis interseccional explícito.",2.0,low,,1.0,Busca contrarrestar estructuras de violencia y propone una preparación ante el calor inclusiva y transformadora.,1.0,Relatos (truth-telling) de las luchas corporales cotidianas de personas con discapacidad.,True,Presenta la experiencia del calor de personas con discapacidad como entrelazada con marginación sistémica y discriminación interseccional.,0.5,"Poder, experiencia encarnada y praxis se articulan, pero la dimensión interseccional queda poco desarrollada.",empirico_cualitativo,calor_extremo,Australia
91,0.5,"Género como eje central; la condición campesina rural es el contexto, sin analizar su co-construcción con el género.",1.0,"Relaciones de género en trabajo, autoridad y reconocimiento, gobernanza hídrica débil y abandono institucional reproducen desigualdades.",1.0,"Minifundios del sur de Irán, agotamiento de acuíferos y fallas de gobernanza; resiliencia 'locally grounded'.",0.5,"Diseño participativo, grupos focales segregados por género y entrevistas a mujeres expertas; estratificación de un solo eje.",2.5,medium,,1.0,"Propone políticas climáticas de género transformadoras que redistribuyan autoridad, recursos y apoyo institucional.",1.0,"Documenta estrategias de las mujeres: trabajo agrícola, gestión de recursos, diversificación de ingresos, cuidados y redes.",True,Mujeres de hogares campesinos minifundistas del Irán rural; resiliencia 'socially differentiated' leída con interseccionalidad y ecología política feminista.,0.5,"La paradoja de la resiliencia articula agencia y restricciones estructurales, pero la intersección de ejes queda poco integrada.",empirico_cualitativo,sequia; cambio_climatico_general,Iran
93,0.5,"Enumera género, edad, movilidad y capacidad económica como vulnerabilidades interseccionales, sin mostrar su co-construcción.",1.0,"Exposición estructurada por diseño patrimonial, refrigeración mercantilizada y abandono infraestructural; marco de justicia climática.",1.0,Núcleo patrimonial de Isfahán (UNESCO) en el Sur Global; cuestiona al turista doméstico como sujeto aislado del clima.,0.5,Entrevistas cualitativas analizadas por dimensiones de justicia; diferencias por ejes sin análisis interaccional explícito.,2.5,high,,1.0,Demandas de reparación sistémica (acceso garantizado a agua y sombra) y justicia restaurativa en la gobernanza patrimonial.,1.0,Documenta solidaridades informales ante vacíos de gobernanza y demandas articuladas por los participantes.,True,"Vulnerabilidades al calor 'intersectional', moldeadas por corporalidad de género, edad, movilidad y capacidad económica.",0.5,"La justicia climática articula estructura, contexto y agencia; los ejes interseccionales se enumeran sin integrarse al mecanismo.",empirico_cualitativo,calor_extremo,Iran
96,0.0,No aplica: no supera el gate.,0.0,No aplica: no supera el gate.,0.0,No aplica: no supera el gate.,0.0,No aplica: no supera el gate.,0.0,low,,0.0,No aplica: no supera el gate.,0.0,No aplica: no supera el gate.,False,El 'intersectional approach' se aplica a un solo eje (generaciones futuras); alude a vulnerabilidades diversas sin nombrar ni relacionar otras categorías.,0.0,No aplica: no supera el gate.,conceptual_teorico,cambio_climatico_general,Global
97,0.0,No aplica: no supera el gate.,0.0,No aplica: no supera el gate.,0.0,No aplica: no supera el gate.,0.0,No aplica: no supera el gate.,0.0,high,,0.0,No aplica: no supera el gate.,0.0,No aplica: no supera el gate.,False,La interseccionalidad aparece solo como vacío ('insufficient intersectional perspectives'); poblaciones vulnerables y países de bajos ingresos sin ejes relacionados.,0.0,No aplica: no supera el gate.,revision,cambio_climatico_general,Global
98,0.0,Gate no superado.,0.0,Gate no superado.,0.0,Gate no superado.,0.0,Gate no superado.,0.0,medium,,0.0,Gate no superado.,0.0,Gate no superado.,False,"Raza, origen o ingreso aparecen solo listados en la definición de la EPA; el análisis interseccional se propone como principio.",0.0,Gate no superado.,revision,cambio_climatico_general,Global
99,0.5,Los ejes se desagregan por separado; las vulnerabilidades superpuestas se nombran sin analizar su co-construcción.,0.5,"Nombra inequidades sistémicas, barreras estructurales y la exclusión de apátridas, sin teorizar mecanismos de poder.",0.0,"Marcos globales (UNDRR, humanitarios) y casos no especificados; sin contexto sociohistórico situado.",0.0,"Propone indicadores desagregados como variables paralelas, sin operacionalizar interacciones.",1.0,medium,,1.0,"Métricas centradas en la equidad, universalismo focalizado y recomendación de armonizar marcos para un enfoque justo.",0.0,"Las poblaciones marginadas aparecen como objeto de medición, sin agencia ni saberes propios.",True,"Propone métricas que capten 'overlapping vulnerabilities' con datos desagregados por sexo, edad, discapacidad e ingreso.",0.5,La justicia social articula el diagnóstico de exclusión y la propuesta de métricas; lo interseccional queda en desagregación.,empirico_cualitativo,desastres_multiples,Global
100,0.0,No aplica: no supera el gate.,0.0,No aplica: no supera el gate.,0.0,No aplica: no supera el gate.,0.0,No aplica: no supera el gate.,0.0,low,,0.0,No aplica: no supera el gate.,0.0,No aplica: no supera el gate.,False,"Las 'intersectional identities' de los jóvenes se vinculan a lazos intergeneracionales, campo y espacios online, no a ejes sociales relacionados entre sí.",0.0,No aplica: no supera el gate.,empirico_cualitativo,mitigacion_transicion,Bulgaria
101,1.0,SEM multigrupo interpreta rutas distintas para HSH y trabajadoras sexuales como posiciones combinadas; propone reducir el estigma interseccional.,1.0,"Mide estigma estructural, discriminación cotidiana y estigma por VIH, con rutas explícitas vía clima extremo e inseguridades.",0.5,"Clínica de poblaciones clave en Kampala (2024–2025), sin desarrollo del contexto político o histórico.",1.0,"Regresión estratificada y SEM multigrupo por población clave, con efectos indirectos diferenciados.",2.0,medium,,0.5,"Sugiere intervenciones adaptadas con reducción del estigma interseccional y apoyos económicos y ante desastres, sin desarrollarlas.",0.0,"Participantes representados como expuestos a estresores y estigma, sin agencia ni estrategias propias.",True,"Jóvenes HSH y trabajadoras sexuales con VIH: posiciones que combinan género, sexualidad, trabajo sexual, edad y estatus serológico.",0.5,"Las rutas integran estigma estructural, clima extremo y adherencia por grupo, con escaso contexto y lectura interseccional solo final.",empirico_cuantitativo,desastres_multiples,Uganda
102,0.0,No aplica: no supera el gate.,0.0,No aplica: no supera el gate.,0.0,No aplica: no supera el gate.,0.0,No aplica: no supera el gate.,0.0,high,,0.0,No aplica: no supera el gate.,0.0,No aplica: no supera el gate.,False,Eje único (discapacidad visual); la interseccionalidad aparece solo como vacío y como recomendación de investigación futura.,0.0,No aplica: no supera el gate.,revision,cambio_climatico_general; inundacion,Global South
103,1.0,"Aborda la posición específica de mujeres negras rurales mediante dinámicas interseccionales de género, clase y ruralidad.",1.0,"Pobreza estructural, patriarcado y acceso generizado a recursos, teorizados desde el feminismo africano y los medios de vida.",1.0,"KwaZulu-Natal rural, instituciones como los stokvels y agencia situada en contextos relacionales, comunales y ecológicos.",1.0,Diseño fenomenológico con 18 participantes seleccionadas intencionalmente del subgrupo interseccional y análisis temático.,4.0,high,,1.0,"Implicaciones de política: desarrollo rural sensible al género, apoyo a la adaptación y reconocimiento de instituciones económicas de mujeres.",1.0,"Documenta estrategias colectivas e individuales: stokvels, clubes de crédito, microempresas y captación de agua.",True,"Mujeres negras rurales de KwaZulu-Natal; destaca 'intersectional dynamics of gender, class, and rurality'.",1.0,"Patriarcado y pobreza explican las cargas de mujeres negras rurales, analizadas en su contexto y con su agencia, de forma articulada.",empirico_cualitativo,cambio_climatico_general,South Africa
104,0.0,Gate no superado.,0.0,Gate no superado.,0.0,Gate no superado.,0.0,Gate no superado.,0.0,high,,0.0,Gate no superado.,0.0,Gate no superado.,False,"Revisión bibliométrica de hogares con jefatura femenina; la interseccionalidad solo se cuenta como marco usado, sin articular ejes.",0.0,Gate no superado.,revision,cambio_climatico_general,Global
106,0.5,"Las intersecciones se tratan como factores que suman riesgo, sin mostrar cómo se co-construyen posiciones específicas.",0.5,"Señala vulnerabilidad desproporcionada y acceso obstaculizado frente a la población mayoritaria, sin teorizar mecanismos de dominación.",1.0,Humedales de Bangladesh como contexto singular; marco relacional basado en la tierra y enfoque decolonial situados.,0.5,"Entrevistas, encuestas y observación comparando minorías con población mayoritaria; sin análisis interaccional explícito.",2.0,medium,,0.5,"Aboga por gestión inclusiva de desastres y enfoques comunitarios para la equidad en salud, sin desarrollo.",1.0,Evalúa adaptaciones comunitarias emprendidas por las minorías y la eficacia de sus estrategias.,True,"Examina intersecciones de disparidades socioeconómicas, prácticas culturales e identidad religiosa en comunidades minoritarias ante inundaciones.",0.5,"Contexto situado y agencia comunitaria se conectan, pero las intersecciones no se articulan con el poder estructural.",empirico_mixto,inundacion,Bangladesh
107,0.5,"Los ejes entran como variables separadas (trans frente a hombres cis, discapacidad, urbano), sin posiciones combinadas.",0.5,"Enmarca en justicia climática y marginación queer, sin nombrar estructuras ni mecanismos que expliquen las disparidades.",0.5,Encuesta regional en Ohio (2024) con residencia urbana-rural; contexto superficial.,0.0,"Regresiones logísticas con ejes como variables paralelas, sin interacciones.",1.0,high,,0.5,Aporta a la justicia distributiva sin desarrollar recomendaciones ni orientación transformadora.,0.0,"Encuestados representados solo por su exposición y daños, sin agencia.",True,"En población queer, analiza exposición por identidad de género, orientación, raza, edad, ingreso, discapacidad y residencia.",0.5,"Ejes y exposición se vinculan descriptivamente dentro de un marco de justicia, con integración parcial.",empirico_cuantitativo,inundacion; calor_extremo,United States
109,0.5,Género y estatus de movilidad se analizan como dimensiones separadas; la indigeneidad no aparece en el abstract.,0.5,"Nombra desigualdad de género, poder de decisión y violencia de género, sin teorizar mecanismos estructurales.",0.5,"Bangladesh costero tras el ciclón Amphan (desde 2020), sin desarrollo sociohistórico.",0.5,Análisis temático de 102 personas diferenciando movilidad permanente y temporal; subgrupos descriptivos.,2.0,medium,,1.0,"Recomienda actividades generadoras de ingresos, formación específica, acceso al ingreso familiar e intervenciones contra la violencia de género.",0.5,"Recoge preferencias y necesidades expresadas por las mujeres, sin documentar estrategias o resistencias.",True,"Relaciona género y condición de movilidad (migrantes permanentes, temporales y no migrantes) tras el ciclón Amphan; mujeres indígenas en palabras clave.",0.5,"Género, movilidad y recomendaciones se conectan parcialmente, sin marco estructural que articule el análisis.",empirico_cualitativo,ciclon_huracan_tormenta; desastres_multiples,Bangladesh
111,1.0,Clasificación cruzada interpretada como posición combinada: 'intersectionalities amplify vulnerabilities' para mujeres rurales norteñas pobres.,0.5,"Señala acceso restringido de las mujeres a recursos, poder e información, sin teorizar estructuras ni mecanismos.",1.0,"Nigeria de ingreso medio-bajo, pobreza multidimensional y divisiones norte-sur y urbano-rural en ocho estados.",1.0,"Encuesta de 2023 con clasificación cruzada de género, región, residencia, educación, ocupación e ingreso.",2.0,medium,,0.5,"Recomienda focalización intencional de beneficiarios de fondos climáticos, sin orientación transformadora desarrollada.",0.0,"Las mujeres aparecen solo como vulnerables, sin agencia ni estrategias.",True,"La vulnerabilidad sube de 60,2% en mujeres a 90% en mujeres norteñas rurales, sin educación, agricultoras y de bajo ingreso.",0.5,"Clasificación cruzada y contexto nacional se conectan, pero sin poder estructural que explique la amplificación.",empirico_cuantitativo,cambio_climatico_general,Nigeria
112,0.0,No aplica: no supera el gate.,0.0,No aplica: no supera el gate.,0.0,No aplica: no supera el gate.,0.0,No aplica: no supera el gate.,0.0,medium,,0.0,No aplica: no supera el gate.,0.0,No aplica: no supera el gate.,False,"Eje único (género, incluida la diversidad de género); la interseccionalidad es componente de extracción y tema, sin relacionar categorías.",0.0,No aplica: no supera el gate.,revision,cambio_climatico_general,Global
114,0.0,No aplica: no supera el gate.,0.0,No aplica: no supera el gate.,0.0,No aplica: no supera el gate.,0.0,No aplica: no supera el gate.,0.0,high,,0.0,No aplica: no supera el gate.,0.0,No aplica: no supera el gate.,False,'Intersection of gender and climate finance' es un cruce de temas; la interseccionalidad solo aparece en una lista de temas del libro.,0.0,No aplica: no supera el gate.,conceptual_teorico,cambio_climatico_general,Africa
115,1.0,"Analiza la posición específica de mujeres migrantes recién llegadas, cuya vulnerabilidad surge de restricciones superpuestas.",0.5,"Dinámicas de poder y diferenciación social limitan acceso a información, ayuda institucional y apoyo, sin teorizar estructuras.",1.0,"Mongla, destino urbano creciente del Bangladesh costero; desplaza el análisis a destinos de movilidad interna.",0.5,Trabajo de campo cualitativo con lente interseccional; no detalla muestreo ni codificación cruzada.,2.5,medium,,0.5,"Aporta evidencia para políticas más equitativas hacia migrantes internos, sin desarrollarlas.",0.5,"Menciona cómo los migrantes navegan y responden a las amenazas, pero enfatiza sus restricciones.",True,"Género, estatus migratorio, edad, parentalidad y condición económica se intersectan; mujeres migrantes recién llegadas enfrentan restricciones superpuestas.",1.0,"Poder y acceso desigual explican la vulnerabilidad de mujeres migrantes recién llegadas en Mongla, de forma articulada.",empirico_cualitativo,cambio_climatico_general,Bangladesh
116,0.0,Gate no superado.,0.0,Gate no superado.,0.0,Gate no superado.,0.0,Gate no superado.,0.0,medium,,0.0,Gate no superado.,0.0,Gate no superado.,False,"Revisión centrada en diferencias entre hombres y mujeres; la interseccionalidad solo figura en palabras clave, sin otros ejes relacionados.",0.0,Gate no superado.,revision,cambio_climatico_general,Global
117,1.0,Clasificación cruzada interpretada como posiciones combinadas: las mujeres migrantes quedan por debajo de todos los demás grupos.,0.5,"Alude a desigualdades de género y competencia por recursos, sin teorizar estructuras ni mecanismos de poder.",1.0,Distrito fronterizo Tatale/Sanguli (norte de Ghana); reclama atender problemas específicos de localidades concretas.,1.0,Encuesta a 250 personas y 20 entrevistas comparando cuatro grupos de género por estatus migratorio.,2.0,low,,0.5,"Busca orientar intervenciones y promover la equidad de género, sin desarrollar propuestas.",0.0,"Los grupos aparecen por su acceso desigual a servicios, sin agencia ni estrategias.",True,El acceso a servicios ecosistémicos depende de género y estatus migratorio; compara mujeres y hombres migrantes y autóctonos.,0.5,"Posiciones combinadas y contexto local se conectan, pero sin explicación estructural de las desigualdades.",empirico_mixto,cambio_climatico_general,Ghana
118,0.5,"Género y migración se vinculan conceptualmente, pero entran como variables separadas en la regresión de Poisson.",0.5,"Menciona desigualdades sociales y estructurales que limitan la autoridad de decisión, sin teorizar mecanismos.",0.5,Minifundios del Nepal rural y división tradicional del trabajo por género; contexto poco historizado.,0.0,"Regresión de Poisson con migración, remesas y jefatura femenina como variables paralelas, sin interacciones.",1.5,medium,,0.5,"Aboga por políticas que reconozcan vulnerabilidades interseccionales y apoyen grupos de mujeres, sin desarrollo.",1.0,"Documenta el papel de las mujeres en grupos, selección de semillas y control orgánico de plagas para adoptar prácticas sostenibles.",True,Relaciona género y migración: la emigración masculina feminiza la agricultura y redefine la autoridad de las mujeres en las fincas.,0.5,"Género, migración y adopción se conectan, pero con ejes aditivos y sin poder estructural articulador.",empirico_cuantitativo,cambio_climatico_general,Nepal
120,0.0,No aplica: no supera el gate.,0.0,No aplica: no supera el gate.,0.0,No aplica: no supera el gate.,0.0,No aplica: no supera el gate.,0.0,medium,,0.0,No aplica: no supera el gate.,0.0,No aplica: no supera el gate.,False,"Eje único (género); critica el esencialismo de las 'vulnerable women' y recomienda un enfoque interseccional, sin relacionar el género con otras categorías.",0.0,No aplica: no supera el gate.,revision,cambio_climatico_general,Peru; Chile
121,0.0,No aplica: no supera el gate.,0.0,No aplica: no supera el gate.,0.0,No aplica: no supera el gate.,0.0,No aplica: no supera el gate.,0.0,low,,0.0,No aplica: no supera el gate.,0.0,No aplica: no supera el gate.,False,"Invoca una 'gendered intersectional perspective', pero analiza solo género; la migración aparece como proceso, no como eje relacionado con el género.",0.0,No aplica: no supera el gate.,revision,cambio_climatico_general,Oceania
122,0.5,"Raza, etnia y estatus socioeconómico se enumeran como agravantes; el análisis central es la brecha de género.",0.5,"Analiza marcos institucionales y barreras de acceso para grupos marginados, sin teorizar mecanismos estructurales.",0.5,"Kenia, Senegal y Sudáfrica elegidos por su diversidad subregional; contexto a nivel de indicadores.",0.0,"Estadística descriptiva de indicadores nacionales (WDI), sin desagregación interseccional ni interacciones.",1.0,medium,,1.0,Propone estrategias para un acceso equitativo: bonos verdes y finanzas digitales que amplíen la participación de las mujeres.,0.0,"Las mujeres aparecen como grupo con barreras de acceso, sin agencia documentada.",True,"Examina factores interseccionales (raza, etnia, estatus socioeconómico) que agravan la vulnerabilidad junto al género en el acceso a finanzas climáticas.",0.5,"Marcos institucionales, brechas y estrategias se conectan; lo interseccional queda enumerado sin integrarse.",empirico_mixto,cambio_climatico_general,Kenya; Senegal; South Africa
123,1.0,"Muestra que el género opera junto con tenencia de tierra, riqueza y estatus de liderazgo, no de forma aislada.",1.0,Ecología política feminista interseccional; critica el tokenismo que cuenta inscripciones sin atacar causas estructurales de la desigualdad.,0.5,"Datos cualitativos de Ghana, sin mayor detalle del contexto local en el abstract.",0.5,Datos cualitativos con lente interseccional; no detalla muestreo ni codificación cruzada.,2.5,medium,,1.0,Propone soluciones de género transformadoras que aborden relaciones de poder interseccionales en todas las etapas del proyecto.,0.0,"Los participantes aparecen condicionados por el poder, sin estrategias ni resistencias documentadas.",True,"La participación en soluciones basadas en la naturaleza depende de poderes interseccionales (tenencia, riqueza, liderazgo) 'rather than gender alone'.",1.0,Las relaciones de poder interseccionales explican la participación desigual y fundamentan la crítica y las propuestas.,empirico_cualitativo,mitigacion_transicion; cambio_climatico_general,Ghana
124,0.5,"Relaciona género y sexualidad al criticar el binarismo heteropatriarcal, sin analizar posiciones interseccionales concretas.",1.0,"Identifica causas estructurales, dinámicas de poder patriarcales y jerarquías de conocimiento tecnocrático en las políticas.",1.0,Diez políticas climáticas indonesias (2010–2022) y reclamo de enfoques interseccionales contextualmente situados.,0.5,"Análisis feminista interseccional de documentos de política, sin codificación cruzada explícita.",2.0,medium,,1.0,"Aboga por redistribuir poder de decisión, fortalecer liderazgo comunitario y una adaptación transformadora y justa.",0.5,"Reconoce el liderazgo histórico de las mujeres y critica que las políticas lo ignoren, sin documentarlo empíricamente.",True,"Critica marcos binarios y heteronormativos que marginan identidades diversas, relacionando género y sexualidad en clave heteropatriarcal.",0.5,"Poder, contexto y justicia se articulan en la crítica; la dimensión interseccional queda más programática que analítica.",empirico_cualitativo,cambio_climatico_general,Indonesia
125,0.5,"Relaciona género con pobreza y tenencia insegura como fuerzas combinadas, sin analizar su co-construcción en posiciones específicas.",1.0,"Fuerzas generizadas, espaciales e institucionales definen quién se mueve; respuestas institucionales fragmentadas y ciegas al género.",1.0,"Cuatro asentamientos informales de Accra (Agbogbloshie, Chorkor, Glefe, Odawna); cuestiona la movilidad como adaptación racional.",0.5,Métodos feministas participativos con grupos focales segregados por género y entrevistas clave; estratificación de un solo eje.,2.5,high,,1.0,"Propone repensar la gobernanza climática urbana desde abajo, con ética feminista y conocimiento local.",1.0,"Documenta trabajo cotidiano de adaptación: cargar niños en inundaciones, elevar pertenencias y redes de cuidado mutuo.",True,"Mujeres de asentamientos informales; la inmovilidad se moldea por pobreza, roles de cuidado y tenencia insegura.",0.5,"Estructura, contexto y agencia se articulan; la intersección de ejes queda poco desarrollada.",empirico_cualitativo,inundacion; cambio_climatico_general,Ghana
126,0.0,No aplica: no supera el gate.,0.0,No aplica: no supera el gate.,0.0,No aplica: no supera el gate.,0.0,No aplica: no supera el gate.,0.0,medium,,0.0,No aplica: no supera el gate.,0.0,No aplica: no supera el gate.,False,"Temas listados por separado (género, migración, saberes indígenas); la interseccionalidad aparece como etiqueta, vacío ('limited operationalization') y agenda futura.",0.0,No aplica: no supera el gate.,revision,cambio_climatico_general,Himalayan region
127,0.5,El género es el eje central; tenencia e informalidad se relacionan con él sin analizar posiciones co-construidas.,1.0,"Barreras estructurales de gobernanza: adaptación ciega al género, tenencia insegura, trabajo informal infravalorado y débil rendición de cuentas.",0.5,"Ghana y Bangladesh como contextos ilustrativos, sin desarrollo sociohistórico.",0.0,"Revisión integrativa y análisis de contenido de literatura y políticas, sin operacionalización empírica de intersecciones.",1.0,medium,,0.5,"Marco de derechos y esbozo de implicaciones de política para la equidad de género, sin desarrollarlas en el abstract.",0.0,"Reconoce el papel de las mujeres en los sistemas alimentarios, pero no su agencia ni estrategias.",True,Mujeres rurales del Sur Global; relaciona género con tenencia de tierra e informalidad económica en un marco interseccional.,0.5,Barreras estructurales y marginación de mujeres rurales se conectan; lo interseccional queda como marco declarado.,revision,cambio_climatico_general,Ghana; Bangladesh
128,0.5,"El género es el eje central; informalidad, desplazamiento y tenencia se suman como desigualdades previas sin co-construcción.",1.0,"El clima como multiplicador estructural de desigualdades en tierra, protección laboral y decisión; fallas de gobernanza tras la descentralización.",1.0,"Síntesis entre provincias (Punjab, Sindh, Khyber Pakhtunkhwa, Balochistán, Gilgit-Baltistán, Azad Cachemira) con implementación desigual.",0.0,"Revisión cualitativa secundaria de literatura, informes y políticas, sin operacionalización empírica de intersecciones.",2.0,medium,,1.0,"Propone vincular recuperación de desastres, protección laboral informal y empleos verdes con rendición de cuentas provincial exigible.",0.0,"Las mujeres aparecen por sus riesgos y exclusiones, sin agencia ni estrategias documentadas.",True,"Relaciona género con trabajo informal, cuidados no remunerados y desplazamiento climático; guiado por interseccionalidad y ecología política feminista.",0.5,"Estructura, contexto provincial y propuestas se articulan; lo interseccional se reduce a desigualdades que se suman.",revision,cambio_climatico_general,Pakistan
129,0.5,"Invoca la posición de mujeres indígenas, pero describe sobre todo roles de género y cita la edad por separado.",0.5,"Menciona inequidades de género y sociales arraigadas y un marco poscolonial, sin teorizar mecanismos estructurales.",0.5,"Altiplano norte de Bolivia nombrado, sin detalle sociohistórico en el abstract.",0.0,Capítulo argumentativo sin método empírico descrito.,1.0,medium,,0.0,Busca ampliar la comprensión; no plantea orientación a la justicia ni recomendaciones.,1.0,Destaca la resiliencia y agencia de mujeres indígenas que reconfiguran dinámicas de género en la migración.,True,Mujeres indígenas del Altiplano (género e indigeneidad); la inmovilidad afecta desproporcionadamente a mujeres y personas mayores.,0.5,"Marcos interseccional y poscolonial se anuncian, pero género, indigeneidad y edad quedan yuxtapuestos.",conceptual_teorico,cambio_climatico_general,Bolivia
130,0.5,"Mujeres, hogares dalit y emigración masculina se analizan por separado; no examina posiciones combinadas como mujeres dalit.",1.0,"Desastres socialmente producidos: exclusión dalit de tierra, riego y ayuda; feminización agrícola sin autoridad de decisión.",1.0,"Distrito de Bajhang, registros hidroclimáticos 1983–2024 y mapeo socioespacial situado en el Himalaya menor.",0.5,Métodos mixtos con mapeo socioespacial de 284 participantes; diferencias por eje sin análisis interaccional.,2.0,high,,1.0,Examina implicaciones para la adaptación equitativa y sostiene que la adaptación transformadora debe abordar desigualdades interseccionales.,0.0,"Participantes representados por pérdidas y ansiedad, sin estrategias ni agencia documentadas.",True,"Analiza cómo género, casta y emigración masculina moldean la vulnerabilidad diferenciada ante crecidas y deslizamientos.",0.5,"Poder estructural, contexto y amenazas se articulan; los ejes quedan paralelos, sin integración interseccional plena.",empirico_mixto,inundacion; desastres_multiples,Nepal
131,0.5,"Analiza el género dentro de comunidades indígenas; interactúa con confianza y lugar, no con otros ejes sociales.",0.0,"Explica la recuperación por confianza y capital social, sin nombrar estructuras de poder.",0.5,Comunidades rurales iTaukei tras el ciclón Winston (2016); contexto sociohistórico poco desarrollado.,0.5,Encuesta y regresión logística con efectos de la confianza para mujeres; la interacción no cruza ejes sociales.,1.0,medium,,0.5,"Recomienda fortalecer confianza, cohesión y gobernanza inclusiva para una resiliencia equitativa, sin desarrollo.",0.5,"Recoge la confianza de las mujeres en su capacidad de recuperarse, sin documentar estrategias.",True,Mujeres iTaukei (indígenas fiyianas) tras el ciclón Winston; análisis de género interseccional con confianza y lugar.,0.5,"Género, confianza y lugar se conectan en el modelo, sin poder estructural ni lectura interseccional plena.",empirico_cuantitativo,ciclon_huracan_tormenta,Fiji
132,1.0,"Las mujeres kaivartta sufren marginación compuesta por normas de casta, movilidad limitada y débil apoyo institucional, a diferencia de las mising.",1.0,"Patriarcado, normas de casta, marginación espacial y apoyo institucional desigual explican resiliencias diferenciadas.",1.0,"Majuli, mayor isla fluvial del mundo en el Brahmaputra (Assam), con declive de medios de vida tradicionales.",1.0,Diseño cualitativo comparativo entre dos subgrupos interseccionales: mujeres de casta marginada y de comunidad tribal.,3.5,high,,0.5,"Señala la urgencia de políticas de género culturalmente situadas para la gobernanza de desastres, sin desarrollarlas.",1.0,"Documenta estrategias adaptativas de las mujeres, flexibilidad cultural, apoyo político y conocimiento ecológico tradicional.",True,"Compara mujeres kaivartta (casta marginada) y mising (tribu): género, casta y etnicidad tribal ante inundaciones y erosión.",1.0,"Casta, tribu y género se analizan con estructuras de poder, método comparativo y contexto fluvial en un análisis articulado.",empirico_cualitativo,inundacion,India
134,0.5,"Desagrega a las mujeres por clase, religión, edad y otros grupos, pero sin analizar posiciones co-construidas.",0.5,"Doble carga productiva y de cuidados invisibilizada, sin teorizar estructuras ni mecanismos de poder.",0.5,"Ecosistema haor de Netrokona, Bangladesh, con variación estacional; contexto social poco desarrollado.",0.0,"Probit con educación, religión, ingreso y tamaño de finca como determinantes separados; subgrupos sin interacciones.",1.5,medium,,1.0,"Recomienda reconocer el trabajo no remunerado, tecnologías que ahorren trabajo y estrategias de resiliencia climática.",0.5,Describe cómo las mujeres simultanean tareas y hacen concesiones; agencia marginal.,True,"La pobreza de tiempo margina a mujeres de distintos grupos: clase, tamaño de finca, religión, educación, edad y estructura familiar.",0.5,"Género, subgrupos y clima se conectan de forma descriptiva, con integración parcial.",empirico_mixto,inundacion; cambio_climatico_general,Bangladesh
135,0.5,"Nombra género, raza y clase como consideraciones interseccionales, pero los hallazgos tratan a las mujeres en general.",1.0,"Políticas ciegas al género agravan cargas de cuidado, movilidad restringida y acceso desigual; marco feminista crítico.",0.5,"Revisión global que advierte contra supuestos occidentalocéntricos, sin contexto específico.",0.0,Revisión sistemática sin operacionalización empírica de intersecciones.,2.0,medium,,1.0,"Propone enfoques feministas transformadores: presupuestos con perspectiva de género, infraestructura inclusiva y gobernanza participativa.",0.5,"Menciona participación y compromiso comunitario como vías, sin documentar agencia de los sujetos.",True,"Marco interseccional con consideraciones de género, raza y clase para políticas de resiliencia urbana sensibles al género.",0.5,"Estructuras, justicia y propuestas se articulan; la interseccionalidad queda más enunciada que integrada.",revision,cambio_climatico_general; desastres_multiples,Global
136,0.0,No aplica: gate no superado.,0.0,No aplica: gate no superado.,0.0,No aplica: gate no superado.,0.0,No aplica: gate no superado.,0.0,medium,,0.0,No aplica: gate no superado.,0.0,No aplica: gate no superado.,False,"Libro centrado en el género; interseccionalidad y colonialismo figuran como temas enumerados, sin articular ejes de diferenciación relacionados entre sí.",0.0,No aplica: gate no superado.,conceptual_teorico,cambio_climatico_general,Global
137,0.0,No aplica: gate no superado.,0.0,No aplica: gate no superado.,0.0,No aplica: gate no superado.,0.0,No aplica: gate no superado.,0.0,medium,,0.0,No aplica: gate no superado.,0.0,No aplica: gate no superado.,False,"Capítulo de síntesis que lista temas (desigualdad, género, migración climática) por separado; lo interseccional solo aparece como línea de investigación futura.",0.0,No aplica: gate no superado.,otro,cambio_climatico_general,Global; India; Bhutan
138,0.5,"Enumera identidades que se intersectan como objeto, pero no analiza su co-construcción; los resultados son bibliométricos.",0.5,"Señala problemas sistémicos (exclusión económica, inequidades tecnológicas, puntos ciegos de política) sin teorizar mecanismos.",0.5,Contexto continental: África emite poco pero sufre impactos desproporcionados; sin anclaje histórico o local específico.,0.0,Análisis bibliométrico 2014–2024 y reflexión conceptual; no operacionaliza intersecciones.,1.0,medium,,0.5,"Pide oportunidades más inclusivas en renovables y agricultura climáticamente inteligente, sin desarrollar propuestas.",0.0,"Sin referencia a agencia, estrategias o saberes de los sujetos.",True,"Plantea que identidades que se intersectan (género, ingreso, etnia, ubicación geográfica) afectan la vulnerabilidad climática y el acceso a la transición verde.",0.5,"Argumento coherente (injusticia climática africana, vacío interseccional, exclusión sistémica), pero con elementos apenas conectados.",revision,cambio_climatico_general; mitigacion_transicion,Africa
139,0.5,"Raza e ingreso se tratan como dimensiones que se cruzan, pero jerarquizadas (raza más saliente), sin analizar su co-constitución.",1.0,"Analiza cómo los bonos verdes, como instrumento financiero, materializan adaptación que ignora injusticias racializadas de distribución del agua; marco de justicia climática.",1.0,"Casos situados (agua potable en Ciudad del Cabo, aguas residuales en San Francisco) y exige atender cada contexto local.",0.5,"Estudio de casos cualitativo que identifica dimensiones salientes de vulnerabilidad, sin diseño que capte interacciones entre ellas.",2.0,medium,,1.0,"Concluye con un enfoque interseccional de justicia climática (distribución, procedimiento, reconocimiento) para la financiación de adaptación.",0.0,"No documenta agencia, resistencia ni estrategias de las comunidades afectadas.",True,"La vulnerabilidad climática racializada aparece junto a otras dimensiones que se intersectan, como el ingreso, en el acceso al agua.",0.5,"El mecanismo financiero explica injusticias situadas, pero la dimensión interseccional queda poco desarrollada frente a la racial.",empirico_cualitativo,cambio_climatico_general,South Africa; United States
143,0.5,"Enumera ejes y habla de vulnerabilidades que se intersectan, pero no analiza cómo se co-construyen; el foco es jurídico-probatorio.",0.5,"Identifica barreras institucionales (desestimaciones procesales) que limitan los reclamos interseccionales, sin teorizar estructuras de opresión.",0.5,"Contexto transnacional de litigios climáticos en fase inicial, sin detalle histórico o geográfico de los casos.",0.5,"Clasifica casos según dimensiones interseccionales (60%) y analiza seis, sin análisis interaccional de los ejes.",1.5,medium,,0.5,"Vincula el litigio con desigualdades en salud, pero solo pide más investigación sobre el valor normativo de la evidencia.",0.5,Considera el uso estratégico de evidencia por los demandantes; la agencia jurídica se trata marginalmente.,True,"Analiza reclamos de salud con dimensiones interseccionales (género, raza, etnia, indigeneidad, edad) y la evidencia sobre vulnerabilidades que se intersectan.",0.5,"Pregunta coherente sobre reclamos interseccionales en tribunales, pero ejes, poder y contexto se conectan parcialmente.",empirico_cualitativo,cambio_climatico_general,Global
144,0.5,"Define la interacción de posiciones sociales, pero los resultados describen determinantes por separado (edad, sexo/género).",0.5,"Nombra sistemas de poder entrelazados y distingue determinantes estructurales e intermedios, sin teorizar mecanismos.",0.5,"Región europea de la OMS en conjunto; contexto amplio, sin anclaje histórico-político específico.",0.5,"Mapea determinantes y desagregación por subgrupos en las revisiones incluidas; solo describe, sin síntesis interaccional.",1.0,high,,0.5,"Pide estudiar si las desigualdades son modificables mediante políticas, sin desarrollar propuestas de transformación.",0.0,Las poblaciones aparecen solo como afectadas por el calor; sin agencia.,True,Adopta una lente interseccional (sistemas de poder entrelazados) para mapear la carga de múltiples determinantes de desigualdad ante el calor.,0.5,"La lente interseccional estructura el mapeo y la crítica al campo, pero la integración con contexto y poder es parcial.",revision,calor_extremo,Europe
146,0.0,No aplica: no supera el gate.,0.0,No aplica: no supera el gate.,0.0,No aplica: no supera el gate.,0.0,No aplica: no supera el gate.,0.0,medium,,0.0,No aplica: no supera el gate.,0.0,No aplica: no supera el gate.,False,"'Intersectional groups' equivale a grupos vulnerables; personas mayores, con discapacidad y equilibrio de género se tratan por separado.",0.0,No aplica: no supera el gate.,empirico_cualitativo,ciclon_huracan_tormenta,Bangladesh
147,0.5,"El género es el eje central; edad y discapacidad se suman como factores que agravan, de forma aditiva.",1.0,"Normas y dinámicas de poder de género restringen decisiones, control de activos, voz y acceso a cadenas de valor; marco transformador de género.",0.5,Sistemas agroalimentarios de países de ingreso bajo y medio en conjunto; contexto amplio y poco situado.,0.0,Revisión sistemática de 82 artículos con marco analítico propio; no operacionaliza intersecciones.,2.0,high,,1.0,"Recomienda enfoques transformadores de género, incorporar la interseccionalidad, involucrar a los hombres y reformas agrarias con intención de género.",1.0,Documenta agencia femenina: acción colectiva y redes sociales permiten ascender a trayectorias de resiliencia más altas.,True,Analiza cómo normas de género e interseccionalidad influyen en la resiliencia; edad y discapacidad agravan las restricciones que enfrentan las mujeres.,0.5,"Integra poder de género, agencia y trayectorias de resiliencia, pero los ejes interseccionales quedan periféricos.",revision,cambio_climatico_general,Low- and middle-income countries
148,0.5,"Invoca desigualdades entrecruzadas, pero analiza sobre todo cómo el género estructura experiencias y decisiones.",1.0,"Relaciones de poder de género; gobernanza y normas median el acceso a derechos, recursos y protección.",0.5,"Casos de contextos vulnerables del Sur Global, no especificados en el abstract.",0.0,"Análisis comparativo de instrumentos de política, sin diseño que capte intersecciones.",2.0,medium,,1.0,Gestión del riesgo transformadora y recomendaciones para integrar equidad e interseccionalidad en las políticas.,1.0,Centra la agencia y las decisiones de movilidad de las mujeres como estrategia de adaptación.,True,Sostiene que el acceso a la movilidad está moldeado por relaciones de poder de género y desigualdades que se entrecruzan.,0.5,"Gobernanza, agencia y recomendaciones se conectan; la interseccionalidad queda subordinada al género.",empirico_cualitativo,cambio_climatico_general; desastres_multiples,Global South
149,0.0,No aplica: no supera el gate.,0.0,No aplica: no supera el gate.,0.0,No aplica: no supera el gate.,0.0,No aplica: no supera el gate.,0.0,high,,0.0,No aplica: no supera el gate.,0.0,No aplica: no supera el gate.,False,'Intersectionality and decolonisation' es uno de cinco temas transversales del volumen; no se nombran ni relacionan ejes sociales.,0.0,No aplica: no supera el gate.,otro,cambio_climatico_general,Global
150,0.5,"El género es el eje central; la racialización del trabajo invisible se afirma, pero su co-construcción con el género apenas se desarrolla.",1.0,"Identifica mecanismos de borrado del trabajo, inclusión simbólica y rasgos sistémicos de la colaboración, desde un marco feminista crítico.",0.5,"Casos en Jamaica, Panamá, Colombia y Brasil con trabajo de campo, pero subraya mecanismos comunes y transferibles más que especificidad situada.",0.5,"Entrevistas, relatos y conversatorios con mujeres diversas (académicas, financiadoras, indígenas), sin análisis cruzado de posiciones.",2.0,medium,,1.0,Propone un marco accionable para auditar colaboraciones y cambios estructurales y procedimentales que reconozcan y retribuyan ese trabajo.,1.0,"Documenta mediación, cuidado, incidencia y resistencia organizada por lideresas comunitarias frente a la violencia.",True,El trabajo invisible de las mujeres se describe como racializado y espacialmente situado; participan mujeres indígenas.,0.5,"Poder, trabajo invisible, agencia y transformación se articulan bien, pero la dimensión racial-interseccional queda subordinada al género.",empirico_cualitativo,cambio_climatico_general,Jamaica; Panama; Colombia; Brazil
151,0.0,No aplica: no supera el gate.,0.0,No aplica: no supera el gate.,0.0,No aplica: no supera el gate.,0.0,No aplica: no supera el gate.,0.0,high,,0.0,No aplica: no supera el gate.,0.0,No aplica: no supera el gate.,False,'Intersection of migration and climate change' es un cruce de temas; las perspectivas interseccionales solo se reivindican en la conclusión.,0.0,No aplica: no supera el gate.,empirico_cualitativo,cambio_climatico_general,No especificado
152,1.0,"Centra el análisis en la posición específica de mujeres dalit madhesi, examinando cómo casta, etnia y género configuran conjuntamente su situación.",0.5,"Nombra desigualdades arraigadas de casta, género y etnia y el papel del Estado, sin teorizar mecanismos en el abstract.",1.0,"Tarai oriental de Nepal, inundación del Koshi de 2008 y estructura social de castas: contexto histórico-geográfico específico.",1.0,Trabajo de campo cualitativo centrado deliberadamente en un subgrupo interseccional (mujeres dalit madhesi).,2.5,medium,,0.5,"Pregunta por el papel estatal en la recuperación y la privación socioeconómica, sin desarrollar orientación transformadora.",1.0,"Estudia explícitamente las estrategias y respuestas adaptativas de las mujeres, no solo su vulnerabilidad.",True,"Aplica una lente interseccional a mujeres dalit madhesi: casta, etnia y género moldean medios de vida y respuestas adaptativas.",0.5,"Diseño coherente (estructura social, posición, evento, método), pero el abstract no presenta hallazgos que muestren la articulación.",empirico_cualitativo,inundacion,Nepal
153,0.0,No aplica: gate no superado.,0.0,No aplica: gate no superado.,0.0,No aplica: gate no superado.,0.0,No aplica: gate no superado.,0.0,medium,,0.0,No aplica: gate no superado.,0.0,No aplica: gate no superado.,False,"Se centra en la posición socioeconómica y ocupacional de trabajadores rurales; la violencia de género aparece como consecuencia, no como eje relacionado.",0.0,No aplica: gate no superado.,conceptual_teorico,calor_extremo,India
158,0.5,"Edad y género se combinan en algunos riesgos, pero SSR, educación y género se tratan como dominios paralelos.",0.5,"Presenta el clima como disruptor sistémico que amplifica desigualdades estructurales, sin marco crítico sobre estructuras de opresión.",0.5,"Tres países de África austral y evidencia 'context-specific', sin detalle histórico-político.",0.0,"Revisión de literatura y políticas, talleres con jóvenes activistas y entrevistas a expertos; no operacionaliza intersecciones.",1.5,low,,1.0,"Exige respuestas coordinadas y transformadoras de género, y participación juvenil como obligación de derechos.",0.5,"Reconoce la participación juvenil como condición de la acción climática, sin documentar estrategias propias de los jóvenes.",True,"Juventud y género se articulan en riesgos como matrimonio precoz y embarazo adolescente, junto con desigualdades socioeconómicas.",0.5,"Argumento coherente de impactos acumulativos, pero la articulación entre ejes sociales es parcial.",empirico_cualitativo,cambio_climatico_general,Malawi; Mozambique; Zambia
159,0.5,Las vulnerabilidades derivan de la discapacidad y la desigualdad de género las agrava; enfoque más acumulativo que co-constitutivo.,0.5,"Nombra marginación socioeconómica, desigualdad de género y exclusión de la planificación y de NDC/NAP, sin teorizar mecanismos.",0.5,Seis países de África oriental sin especificar; contexto regional general.,1.0,"Muestreo intencional de mujeres con discapacidad (subgrupo interseccional) e informantes clave, con análisis temático.",2.0,high,,1.0,"Pide políticas de adaptación transformadoras de género e inclusivas de la discapacidad, y enfoques de justicia para la discapacidad.",1.0,"Documenta resiliencia mediante redes comunitarias, diversificación de medios de vida y prácticas adaptativas en el hogar.",True,"Mujeres con discapacidad: género y discapacidad, junto con marginación socioeconómica, configuran vulnerabilidades que se intersectan ante el cambio climático.",0.5,"Barreras, exclusión política, estrategias y recomendaciones se conectan, pero sin articular cómo género y discapacidad se co-producen.",empirico_cualitativo,cambio_climatico_general; desastres_multiples,Eastern Africa
160,1.0,Interpreta posiciones combinadas (mujeres de derecha con mayor educación y grado social) como perfiles específicos de opinión climática.,0.0,Explica la opinión por factores sociodemográficos individuales; no articula estructuras de poder ni mecanismos.,0.5,"Encuesta nacional representativa del Reino Unido, sin contexto histórico-político desarrollado.",1.0,Pruebas formales de interacción entre orientación política y factores sociodemográficos (n = 3.033).,1.0,high,,0.0,Solo sugiere comunicación dirigida a subgrupos de derecha; sin orientación a justicia o a desigualdades.,0.0,Los encuestados son unidades de opinión; no se aborda agencia ni resistencia.,True,"Pruebas de interacción entre orientación política, género, educación y grado social; destaca a mujeres de derecha con alta educación.",0.5,"Método e intersecciones se articulan bien, pero sin poder estructural ni contexto que los expliquen.",empirico_cuantitativo,cambio_climatico_general,United Kingdom
161,1.0,"Trata la posición de niña adolescente como específica: matrimonio infantil, embarazos y cargas domésticas surgen de la combinación de género y edad.",0.5,"Señala que el clima amplifica desigualdades de género existentes, sin teorizar estructuras ni mecanismos de poder.",0.5,"Dos comunidades agrarias de Kilifi (Ganze y Magarini), sin desarrollo histórico o político del contexto.",1.0,Grupos focales solo con adolescentes mujeres de 14 a 17 años: muestreo intencional de un subgrupo interseccional.,2.0,high,,0.5,"Pide intervenciones focalizadas de salud, educación y recursos, sin orientación transformadora de las desigualdades.",0.0,"Las niñas aparecen solo como afectadas por privaciones, riesgos y violencia; sin agencia documentada.",True,Adolescentes mujeres de 14 a 17 años: género y edad se analizan como marginaciones que se intersectan ante estresores climáticos.,0.5,"Posición interseccional, método y contexto se conectan, pero poder y agencia quedan ausentes o débiles.",empirico_cualitativo,cambio_climatico_general; sequia; inundacion,Kenya
162,0.5,"Las desigualdades estructurales agravan los efectos sobre AGYW; tratamiento acumulativo, centrado en el género, sin analizar co-construcción.",0.5,"Nombra discriminación de género, pobreza y exclusión de la planificación adaptativa, sin teorizar mecanismos.",0.5,"África subsahariana en conjunto, 2000–2025; contexto regional amplio.",0.0,Revisión temática de literatura; no operacionaliza intersecciones.,1.0,high,,1.0,Enmarca la vulnerabilidad como asunto de derechos humanos y exige estrategias climáticas inclusivas y sensibles al género.,0.0,AGYW descritas como excluidas y afectadas; sin referencia a su agencia.,True,"Adolescentes y mujeres jóvenes: edad y género, con pobreza y discriminación de género como desigualdades que agravan el impacto de la sequía.",0.5,"El modelo conceptual vincula sequía, desigualdades y derechos, pero la integración interseccional es parcial.",revision,sequia,Sub-Saharan Africa
163,0.0,No aplica: no supera el gate.,0.0,No aplica: no supera el gate.,0.0,No aplica: no supera el gate.,0.0,No aplica: no supera el gate.,0.0,low,,0.0,No aplica: no supera el gate.,0.0,No aplica: no supera el gate.,False,"Reflexiona sobre el uso del enfoque interseccional en el activismo juvenil, pero el abstract no nombra ejes ni teoriza cómo se cruzan.",0.0,No aplica: no supera el gate.,conceptual_teorico,cambio_climatico_general,No especificado
164,0.0,No aplica: gate no superado.,0.0,No aplica: gate no superado.,0.0,No aplica: gate no superado.,0.0,No aplica: gate no superado.,0.0,medium,,0.0,No aplica: gate no superado.,0.0,No aplica: gate no superado.,False,"Juventud y pueblos aborígenes se presentan como dos grupos excluidos en paralelo, sin articular edad e indigeneidad entre sí.",0.0,No aplica: gate no superado.,conceptual_teorico,cambio_climatico_general; otro,Australia
166,1.0,"Analiza negociaciones de indigeneidad y género en la reconstrucción, mostrando cómo las categorías se entrelazan y reconfiguran la identidad.",0.5,"Señala desigualdades previas y acceso limitado a ayuda, alimentos y materiales, con mirada decolonial pero sin teorizar mecanismos estructurales.",1.0,Diez meses de trabajo de campo en la costa de Leyte con una comunidad indígena marítima específica y sus casas palafíticas.,1.0,Etnografía prolongada con análisis interseccional centrado en mujeres indígenas sama badjao.,3.0,medium,,0.5,"Perspectiva decolonial crítica, pero sin recomendaciones ni orientación explícita a la transformación.",0.5,"La reconstrucción de casas palafíticas muestra adaptación y negociación identitaria, aunque la agencia se trata de forma breve.",True,"Examina cómo indigeneidad, religión y género se intersectan en la recuperación posterior a un tifón de mujeres sama badjao.",1.0,"Categorías entrelazadas, desigualdad previa, recuperación y reconstrucción identitaria se articulan en un análisis situado coherente.",empirico_cualitativo,ciclon_huracan_tormenta,Philippines
167,1.0,"Identidades entrecruzadas moldean pertenencia y ciudadanía, cuestionando que el despojo afecte uniformemente a las comunidades.",1.0,"Poder sociopolítico en el control del agua, relaciones Estado-sociedad, desalojos y planes de renaturalización del río.",1.0,"Llanuras del Yamuna en Delhi, crecida récord de julio de 2023 y más de 27.000 desplazados.",0.5,"Entrevistas, datos secundarios y notas etnográficas; no explicita muestreo ni codificación interseccional.",3.5,high,,1.0,Justicia ambiental: propone una gestión del agua interseccional que incorpore las voces de agricultores marginados.,1.0,Documenta el conocimiento informal con que los agricultores se adaptan a las inundaciones.,True,"Muestra que categorías sociales de poder que se cruzan moldean pertenencia, ciudadanía y experiencias desiguales entre agricultores desplazados.",1.0,"El poder sociopolítico explica las diferencias interseccionales, situadas en Delhi y vinculadas a justicia y agencia.",empirico_cualitativo,inundacion,India
168,1.0,"Identifica experiencias únicas de personas LGBTQIA+ racializadas, no reducibles a las de defensores LGBTQIA+ o de justicia ambiental.",0.5,"Menciona discriminación, violencia, sinhogarismo y sesgos en planificación y respuesta, sin teorizar estructuras de opresión.",0.5,"Región del Atlántico Medio de Estados Unidos, sin detalle histórico o político.",1.0,"Entrevistas intencionales a personas LGBTQIA+ racializadas y a dos grupos de defensores, comparando solapamientos entre ellos.",2.0,high,,0.5,"Enmarcado en justicia climática; advierte que las identidades superpuestas se pasan por alto, sin desarrollar propuestas.",0.0,Se describen experiencias y preocupaciones; no se documentan estrategias propias de las personas entrevistadas.,True,Personas LGBTQIA+ racializadas: sexualidad/identidad de género y raza se analizan como identidades superpuestas ante desastres.,0.5,"Posición interseccional y método se articulan, pero poder, contexto y praxis quedan poco conectados.",empirico_cualitativo,cambio_climatico_general; desastres_multiples,United States
169,1.0,"Analiza cómo edad y género, entrelazados, configuran la interacción de estas juventudes con los espacios políticos de adaptación.",1.0,"Exclusión sistémica, tokenismo y planificación tecnocrática que ignora precariedades de vivienda y economía reproducen vulnerabilidad y maladaptación.",0.5,"Gobernanza climática local de Tāmaki Makaurau Auckland tras eventos extremos, con escaso desarrollo histórico-político.",1.0,"Grupos focales, entrevistas y fotovoz con mujeres jóvenes y juventudes de género diverso: muestreo intencional interseccional.",3.5,high,,1.0,Propone pasar de la consulta simbólica a una adaptación transformadora basada en una política del cuidado.,1.0,"Documenta alto compromiso cívico, desde presentaciones al consejo municipal hasta redes activistas.",True,Examina cómo subjetividades interseccionales de edad y género moldean la participación de mujeres jóvenes y juventudes de género diverso.,1.0,"Posiciones de edad y género, exclusión procedimental, maladaptación y propuesta transformadora se articulan en un argumento coherente.",empirico_cualitativo,cambio_climatico_general; desastres_multiples,New Zealand
170,0.0,No aplica: no supera el gate.,0.0,No aplica: no supera el gate.,0.0,No aplica: no supera el gate.,0.0,No aplica: no supera el gate.,0.0,low,,0.0,No aplica: no supera el gate.,0.0,No aplica: no supera el gate.,False,Etiqueta 'intersectional vulnerabilities' sobre un solo eje (género); los aspectos de la identidad femenina no se relacionan con otras categorías.,0.0,No aplica: no supera el gate.,empirico_cualitativo,otro,Pakistan
171,0.5,Vulnerabilidades entrecruzadas de mujeres tratadas como solapamientos espaciales; no se especifica la co-constitución de ejes.,0.5,"Desigualdades socioespaciales y exclusión en la planificación, sin teorizar mecanismos estructurales.",0.5,"Viena, con larga trayectoria de transversalización de género; contexto poco desarrollado y generalización global.",0.5,"Métodos mixtos: análisis socioespacial de vulnerabilidades solapadas y entrevistas, sin análisis interaccional explícito.",1.5,low,,1.0,Crítica situada en clave de justicia espacial y climática: los espacios verdes para mujeres vulnerables no se priorizan.,0.0,Las mujeres aparecen como población vulnerable; no se aborda su agencia.,True,"Analiza las vulnerabilidades interseccionales de las mujeres y mapea zonas con alta concentración de vulnerabilidades entrecruzadas, aunque no nombra otros ejes.",0.5,"Conecta vulnerabilidades solapadas, distribución espacial y políticas, sin explicación estructural de las intersecciones.",empirico_mixto,calor_extremo,Austria
172,1.0,Compara grupos cruzados (personas trans con discapacidad frente a no binarias sin discapacidad) como posiciones combinadas con riesgos propios.,1.0,"Políticas discriminatorias, pobreza y miedo a discriminación o violencia explican barreras de acceso; marco de estrés de minorías y justicia climática interseccional.",0.5,"Ohio, otoño de 2024; alude a regiones con políticas de género restrictivas, pero sin desarrollar el contexto.",1.0,Regresión logística de Firth con clasificación cruzada de identidad de género y discapacidad (n = 198).,3.0,high,,1.0,Recomienda garantizar la atención de afirmación de género en desastres y políticas de adaptación más equitativas.,0.0,Los participantes aparecen solo como expuestos a riesgos; no se aborda su agencia.,True,Examina cómo identidad de género y discapacidad se intersectan para configurar la vulnerabilidad ante inundaciones y calor extremo.,1.0,"La marginación estructural explica la vulnerabilidad de posiciones cruzadas, medida con el método y traducida en políticas.",empirico_cuantitativo,inundacion; calor_extremo,United States
173,0.5,"Educación, crédito, ingresos y tamaño del hogar entran como predictores separados dentro de una muestra femenina; no se analizan posiciones combinadas.",0.5,"Nombra restricciones institucionales (crédito, extensión forestal, información climática, mercados) sin teorizar estructuras de poder.",0.5,Provincia de Limpopo y hogares rurales dependientes de PFNM; contexto descrito de forma general.,0.0,"Modelo de selección de Heckman con variables en paralelo, sin interacciones (regla común para cuantitativos).",1.0,high,,0.5,"Pide intervenciones sensibles al género y al contexto para la capacidad adaptativa, sin marco de justicia.",0.5,"Modela las decisiones de adaptación de las mujeres, reconociendo su respuesta activa, sin documentar estrategias propias.",True,Hogares encabezados por mujeres dependientes de productos forestales: género y factores socioeconómicos se examinan conjuntamente desde una perspectiva interseccional.,0.5,La perspectiva interseccional declarada se conecta solo en parte con un modelo de determinantes estándar.,empirico_cuantitativo,cambio_climatico_general,South Africa
174,0.5,"Enumera subgrupos con vulnerabilidades interseccionales (niñas, desplazados, rurales) sin analizar cómo se co-construyen.",0.5,"Nombra desigualdades estructurales, injusticia climática y brechas de implementación de políticas, sin teorizar mecanismos.",0.5,"Sitúa a Zimbabue en su arquitectura normativa y en comparación regional, con detalle limitado en el abstract.",0.0,Capítulo introductorio de síntesis; no operacionaliza intersecciones.,1.5,medium,,1.0,Exige respuestas políticas transformadoras y justicia frente a desigualdades estructurales desde un enfoque de derechos.,0.5,"Cuestiona la visión de la niñez como víctima pasiva y la presenta como agente, sin documentar sus estrategias.",True,"Niñez cruzada con género y desplazamiento: identifica vulnerabilidades interseccionales de niñas, niños desplazados y población rural.",0.5,"Marco de derechos, injusticia climática y agencia se conectan, pero lo interseccional queda como enumeración.",conceptual_teorico,cambio_climatico_general,Zimbabwe
179,0.0,No aplica: no supera el gate.,0.0,No aplica: no supera el gate.,0.0,No aplica: no supera el gate.,0.0,No aplica: no supera el gate.,0.0,high,,0.0,No aplica: no supera el gate.,0.0,No aplica: no supera el gate.,False,"La interseccionalidad solo figura en las palabras clave; el abstract trata inclusión, equidad y justicia sin nombrar ni relacionar ejes.",0.0,No aplica: no supera el gate.,revision,cambio_climatico_general,Global
180,0.0,No aplica: gate no superado.,0.0,No aplica: gate no superado.,0.0,No aplica: gate no superado.,0.0,No aplica: gate no superado.,0.0,medium,,0.0,No aplica: gate no superado.,0.0,No aplica: gate no superado.,False,Mujeres y niñez se tratan como grupos titulares de derechos en paralelo; género y generación no se articulan entre sí.,0.0,No aplica: gate no superado.,conceptual_teorico,mitigacion_transicion; cambio_climatico_general,Kenya
181,0.0,No aplica: no supera el gate.,0.0,No aplica: no supera el gate.,0.0,No aplica: no supera el gate.,0.0,No aplica: no supera el gate.,0.0,low,,0.0,No aplica: no supera el gate.,0.0,No aplica: no supera el gate.,False,"Perspectiva interseccional declarada, pero centrada en género; las 'multiple layers of vulnerability' no especifican ni relacionan otras categorías.",0.0,No aplica: no supera el gate.,conceptual_teorico,cambio_climatico_general,Latin America
183,0.0,No aplica: no supera el gate.,0.0,No aplica: no supera el gate.,0.0,No aplica: no supera el gate.,0.0,No aplica: no supera el gate.,0.0,low,,0.0,No aplica: no supera el gate.,0.0,No aplica: no supera el gate.,False,"Menciona la 'intersectionality of these impacts' y su desigual distribución intracomunitaria, sin nombrar ejes ni teorizar cómo se cruzan.",0.0,No aplica: no supera el gate.,revision,nivel_mar_costas; inundacion,Global
184,1.0,"Muestra cómo ser mujer dentro de comunidades vedda restringe movilidad y acceso a saberes indígenas: posición específica, no suma de ejes.",1.0,"Ingresos limitados, apoyo estatal insuficiente, restricciones de género y desigualdades estructurales limitan la adaptación y generan límites a los medios de vida.",1.0,"Cuatro comunidades vedda de Sri Lanka, con sus medios de vida y saberes tradicionales; reclama políticas específicas al contexto.",1.0,"Entrevistas y diarios de campo con mujeres vedda, con enfoque interseccional y comunitario: muestreo de un subgrupo interseccional.",4.0,high,,1.0,"Pide políticas de adaptación sensibles al género, situadas y basadas en saberes indígenas que aborden desigualdades estructurales.",1.0,"Documenta estrategias de afrontamiento, adaptación colectiva y acciones transformadoras de las propias mujeres.",True,"Mujeres indígenas vedda: indigeneidad y género, junto con barreras económicas e institucionales, configuran su adaptación climática.",1.0,"Barreras estructurales explican los límites adaptativos de las mujeres indígenas, estudiados con el método en su contexto y con sus estrategias.",empirico_cualitativo,cambio_climatico_general; sequia; calor_extremo,Sri Lanka
187,0.0,No aplica: gate no superado.,0.0,No aplica: gate no superado.,0.0,No aplica: gate no superado.,0.0,No aplica: gate no superado.,0.0,high,,0.0,No aplica: gate no superado.,0.0,No aplica: gate no superado.,False,"Bibliometría que cuenta publicaciones, temas y redes; lo interseccional solo aparece como marco ausente en el campo.",0.0,No aplica: gate no superado.,revision,cambio_climatico_general,Global
188,0.5,"Relaciona género, clase y migración como crisis interconectadas, sin analizar posiciones sociales co-constituidas.",0.5,"Nombra poder y representación con marcos feministas y poscoloniales; encuadre, visibilidad y silencio como mecanismos apenas desarrollados.",0.0,Perspectiva global sin contextos específicos en el abstract.,0.0,Libro teórico-analítico; no operacionaliza intersecciones empíricamente.,1.0,low,,0.5,"Propone alfabetización mediática ética y comunicación responsable de crisis, sin orientación transformadora desarrollada.",0.5,"Menciona respuestas de base (grassroots) a las crisis, de forma marginal.",True,"Presenta desigualdad de género, precariedad económica y migración como crisis interconectadas analizadas con un marco interseccional.",0.5,"Anuncia un marco integrado, pero el abstract promocional solo enumera sus componentes.",conceptual_teorico,cambio_climatico_general,Global
191,0.5,"Estructuras de desigualdad superpuestas y realidades vividas, sin analizar la co-constitución de ejes concretos.",1.0,"Feminismo decolonial latinoamericano: cuestiona la mirada occidental y quién, cómo y dónde se produce conocimiento.",1.0,Piloto en barrios y museos de Quito; subraya la especificidad latinoamericana frente al origen estadounidense del concepto.,1.0,"Metodología interseccional basada en corporeidad, slow scholarship, diseño multisituado y enfoque artístico participativo.",3.5,medium,,1.0,"Recomienda prácticas a investigadores, activistas y personas en riesgo; pedagogía crítica del lugar.",1.0,"Reconoce que la interseccionalidad ya estaba en las realidades de los participantes, que moldean la comprensión del riesgo.",True,Teoriza la interseccionalidad como metodología que opera a escala individual y colectiva a través de estructuras de desigualdad superpuestas.,1.0,Los elementos metodológicos se articulan explícitamente en un marco interseccional situado y decolonial.,conceptual_teorico,desastres_multiples,Ecuador
193,0.5,"La interseccionalidad opera en coaliciones entre desigualdades de género y socioeconómicas, sin analizar posiciones co-constituidas.",1.0,Desigualdades internas entre bases y ONG reproducen enfoques tecnocráticos que ocultan la crítica sistémica de fuerzas hegemónicas opresivas.,1.0,Semiperiferia postsocialista con larga historia de escepticismo climático y agravios despolitizados; atiende explícitamente a factores espaciotemporales.,0.5,"Investigación-acción feminista en niveles individual, organizativo y social, sin operacionalizar interacciones entre ejes.",3.5,medium,,1.0,Investigación-acción orientada a coaliciones por la justicia climática y a influir en el debate y la acción pública.,1.0,Documenta experimentos de interseccionalidad política y construcción de coaliciones por movimientos de base.,True,Articula desigualdades de género y agravios socioeconómicos en la construcción de coaliciones interseccionales del movimiento climático checo.,1.0,"Contexto postsocialista, poder organizativo e invisibilización de mujeres y grupos marginados se articulan en un análisis coherente.",empirico_cualitativo,cambio_climatico_general,Czech Republic
194,0.5,"La relación entre clase e indigeneidad se plantea como desigualdad entre grupos, no como posiciones co-constituidas.",0.5,"Critica el poder clasista y la apropiación de saberes indígenas, sin teorizar sus mecanismos estructurales.",0.5,"Casos de yoga y neochamanismo en redes religiosas globales, con contexto histórico general.",0.0,"Análisis crítico de dos casos, sin operacionalización de intersecciones.",1.0,low,,0.5,"Examen crítico de contradicciones tecnológicas y de clase, sin propuestas de justicia desarrolladas.",0.0,"Los pueblos indígenas aparecen como fuente de saberes apropiados, sin agencia propia.",True,Relaciona clase e indigeneidad: los desequilibrios de poder clasistas de movimientos esotéricos frente a los saberes indígenas que dicen representar.,0.5,"Crítica coherente de la discrepancia interseccional, pero con elementos poco desarrollados.",conceptual_teorico,cambio_climatico_general,Global
195,1.0,"Sostiene que la vulnerabilidad no es solo aditiva sino estructuralmente incrustada, siguiendo la noción de multiple jeopardy del feminismo negro.",1.0,"Capitalismo racial, gobernanza depredadora, marginación espacial y legados imperiales producen el riesgo ecológico; teoría feminista negra.",1.0,"Comunidades ribereñas de Cap-Haïtien, inestabilidad política y legados imperiales: contexto histórico-político específico.",1.0,"Etnografía y narrativas de mujeres haitianas de comunidades ribereñas, centrada en un subgrupo interseccional.",4.0,high,,1.0,Crítica situada que exige metodologías y epistemologías atentas a la conciencia política de las más afectadas.,1.0,"Las narrativas de las mujeres aportan crítica política y saberes propios, no solo experiencias de daño.",True,"Analiza a mujeres haitianas de comunidades ribereñas desde el feminismo negro: raza, género, clase y marginación espacial entrelazadas.",1.0,"Estructuras entrelazadas explican el riesgo que viven mujeres concretas, analizado etnográficamente en su contexto histórico.",empirico_cualitativo,inundacion; ciclon_huracan_tormenta,Haiti
196,0.5,"Varios factores coinciden en la mayoría de personas; se tratan como solapamiento, no como posiciones co-constituidas.",0.5,"Alude a la construcción social de la vulnerabilidad y a condiciones de vida y trabajo, sin nombrar estructuras de poder.",0.5,Caso de Viena en 2023; contexto urbano descrito de forma general.,0.5,"Entrevistas y grupos focales; identifica factores coincidentes por persona, sin análisis interaccional.",2.0,low,,0.5,"Reconocer vulnerabilidades múltiples mejoraría respuestas orientadas a la equidad, sin desarrollarlo.",1.0,"Documenta estrategias de afrontamiento: ajustar rutinas, usar soluciones basadas en la naturaleza y sortear barreras infraestructurales.",True,"Analiza el solapamiento intra e interpersonal de múltiples vulnerabilidades: contexto individual, condiciones de vida y trabajo, factores sociales y espaciales.",0.5,"Vincula vulnerabilidades solapadas con estrategias, sin una explicación estructural que las articule.",empirico_cualitativo,calor_extremo,Austria
198,0.0,No aplica: no supera el gate.,0.0,No aplica: no supera el gate.,0.0,No aplica: no supera el gate.,0.0,No aplica: no supera el gate.,0.0,low,,0.0,No aplica: no supera el gate.,0.0,No aplica: no supera el gate.,False,Eje único (mujeres); interseccionalidad y feminismo decolonial como lentes; el Sur Global intensifica el impacto sin articularse como eje.,0.0,No aplica: no supera el gate.,conceptual_teorico,cambio_climatico_general,Africa; South Asia; Latin America
199,0.0,No aplica: no supera el gate.,0.0,No aplica: no supera el gate.,0.0,No aplica: no supera el gate.,0.0,No aplica: no supera el gate.,0.0,medium,,0.0,No aplica: no supera el gate.,0.0,No aplica: no supera el gate.,False,"El enfoque interseccional examina dimensiones sociales y ecológicas; la integración de género se extiende a otros grupos secuencialmente, sin entrelazarlos.",0.0,No aplica: no supera el gate.,empirico_cualitativo,mitigacion_transicion; cambio_climatico_general,Sweden
200,0.5,"Nombra género e indigeneidad como intersección, pero el análisis trata a las mujeres en general, sin la dimensión indígena.",0.0,Se centra en la representación y el papel de las mujeres; no teoriza estructuras de poder ni mecanismos.,0.5,"Oceanía del Sur Global y dependencia costera (80% de la población), sin contexto histórico-político específico.",0.0,Capítulo conceptual sin operacionalización de intersecciones.,1.0,low,,0.5,"Pide políticas sensibles al género y mayor representación femenina en gobernanza, sin desarrollar una orientación de justicia.",1.0,Destaca la incidencia de las mujeres por enfoques inclusivos y su liderazgo en el sector marítimo y la economía informal.,True,Anuncia examinar la interseccionalidad de género e indigeneidad en la gobernanza marítima y climática de Oceanía.,0.0,"Sectores (ambiente, marítimo, economía informal, gobernanza) se yuxtaponen sin un análisis interseccional articulado.",conceptual_teorico,cambio_climatico_general,Oceania
201,1.0,"Centra la posición de mujeres jóvenes y juventudes de género diverso, cuya marginación combina edad, identidad de género y etnicidad.",1.0,"Discursos neoliberales de resiliencia individual, exclusiones estructurales y marcos coloniales explican injusticias procedimentales y de reconocimiento.",1.0,"Gobernanza de adaptación en Auckland tras desastres recientes, con referencia a mātauranga Māori y marcos coloniales.",1.0,Investigación cualitativa participativa con un grupo interseccional definido (mujeres jóvenes y juventudes de género diverso).,4.0,high,,1.0,Propone enfoques transformadores que redistribuyan el poder de decisión y cogobernanza basada en saberes māori.,1.0,Las participantes cuestionan narrativas neoliberales y abogan por cambios sistémicos y gobernanza comunitaria.,True,"Mujeres jóvenes y juventudes de género diverso: edad, identidad de género y etnicidad se vinculan con exclusiones estructurales en la gobernanza climática.",1.0,"Posición interseccional, estructuras neoliberales y coloniales, contexto y propuestas se articulan en un análisis coherente.",empirico_cualitativo,cambio_climatico_general; desastres_multiples,New Zealand
202,0.0,No aplica: no supera el gate.,0.0,No aplica: no supera el gate.,0.0,No aplica: no supera el gate.,0.0,No aplica: no supera el gate.,0.0,medium,,0.0,No aplica: no supera el gate.,0.0,No aplica: no supera el gate.,False,El 'intersectional approach' es una práctica de defensa atribuida a los participantes; no se relacionan ejes de diferenciación social.,0.0,No aplica: no supera el gate.,empirico_cualitativo,cambio_climatico_general,Global
204,0.5,"Enumera casta, género, predio, discapacidad y migración; la interseccionalidad se propone como meta, sin analizar la co-construcción de los ejes.",0.5,"Nombra condiciones estructurales y el sesgo productivista de las políticas, sin teorizar mecanismos de casta o patriarcado.",0.5,"Situado en 14 políticas indias y en la diversidad agroecológica y sociocultural del país, sin profundidad histórica.",0.5,"Marco de 16 factores con análisis textual cuantitativo y codificación temática; detecta tratamiento de eje único, sin codificación cruzada.",1.5,medium,,1.0,Crítica de política que exige superar categorías de eje único para lograr una adaptación equitativa para todos los agricultores.,0.0,Los agricultores aparecen como destinatarios de políticas; no se documenta su agencia ni sus estrategias.,True,"Critica las categorías de eje único (tamaño del predio, casta, género) y plantea condiciones sociales y estructurales entrecruzadas que moldean la capacidad adaptativa.",0.5,"La crítica al eje único enlaza con la propuesta interseccional, pero sin mecanismos estructurales ni un método que opere los cruces.",empirico_mixto,cambio_climatico_general,India
207,0.5,"Clase y estatus migratorio se combinan en 'low-income immigrants', sin analizar cómo se co-construyen.",1.0,"Mecanismos explícitos: Ley Rotterdam, valores inmobiliarios y desplazamiento asociado a estrategias de adaptación que aumentan la inseguridad residencial.",1.0,"Ley Rotterdam vigente desde 2006 en cinco barrios de Rotterdam Sur; examina historia, demografía, retos climáticos y políticas locales.",0.5,"Evaluación documental de historia, demografía y políticas; subgrupo descriptivo de inmigrantes de bajos ingresos, sin análisis interaccional.",2.0,medium,,1.0,Examen crítico de desigualdad y justicia social en las estrategias de adaptación climática y las políticas urbanas.,0.0,Los residentes aparecen como afectados por las políticas; no se menciona agencia ni resistencia.,True,"Articula bajos ingresos y condición inmigrante: la Ley Rotterdam restringe a recién llegados pobres, situados en barrios que se hunden y expuestos al clima.",0.5,"La política estructural explica la ubicación de inmigrantes pobres en su contexto, pero el eje interseccional y el método son tenues.",empirico_cualitativo,cambio_climatico_general; otro,Netherlands
209,0.0,No aplica: no supera el gate.,0.0,No aplica: no supera el gate.,0.0,No aplica: no supera el gate.,0.0,No aplica: no supera el gate.,0.0,medium,,0.0,No aplica: no supera el gate.,0.0,No aplica: no supera el gate.,False,"La interseccionalidad se enumera entre los fundamentos del índice (justicia ambiental, vulnerabilidad social, colonialismo de asentamiento), sin relacionar ejes.",0.0,No aplica: no supera el gate.,revision,inundacion,United States
210,0.5,"Las diferencias intragénero emergen como limitación del kit; se identifican, pero no se analiza cómo se co-construyen con el género.",0.5,Principio de poder y participación y dinámicas grupales; nombra el poder sin teorizar estructuras como patriarcado o régimen de tenencia.,1.0,"Tres subbarrios informales de Dar es Salaam; el contexto local expuso vacíos de la guía global, reconociendo su no universalidad.",0.5,"Grupos desagregados por género, observación sistemática y 174 cuestionarios; las diferencias intragénero se registran sin diseño interseccional.",2.0,high,,1.0,Orientado al codiseño equitativo: ofrece guía metodológica para kits flexibles y locales que superen el binario de género.,0.5,"Participantes como codiseñadores cuyas prioridades influyen en la adaptación; agencia vista desde la participación, no como estrategia propia.",True,"Diferencias intragénero por tenencia, discapacidad y educación moldearon la participación; propone superar el binario de género hacia vulnerabilidades entrecruzadas.",0.5,"El hallazgo intragénero conecta contexto y método con la propuesta, pero el poder estructural queda poco articulado.",empirico_mixto,cambio_climatico_general,Tanzania
211,0.0,No aplica: gate no superado.,0.0,No aplica: gate no superado.,0.0,No aplica: gate no superado.,0.0,No aplica: gate no superado.,0.0,high,,0.0,No aplica: gate no superado.,0.0,No aplica: gate no superado.,False,Solo señala que los mapeos no incorporan vulnerabilidades interseccionales; no articula ejes de diferenciación social relacionados entre sí.,0.0,No aplica: gate no superado.,empirico_mixto,calor_extremo,Spain
212,0.0,No aplica: no supera el gate.,0.0,No aplica: no supera el gate.,0.0,No aplica: no supera el gate.,0.0,No aplica: no supera el gate.,0.0,low,,0.0,No aplica: no supera el gate.,0.0,No aplica: no supera el gate.,False,"Las 'intersectional and structural dimensions' remiten a gobernanza, tenencia, protección social y saberes indígenas, no a ejes sociales relacionados entre sí.",0.0,No aplica: no supera el gate.,empirico_cualitativo,cambio_climatico_general; sequia,Southern Africa
214,0.0,No aplica: no supera el gate.,0.0,No aplica: no supera el gate.,0.0,No aplica: no supera el gate.,0.0,No aplica: no supera el gate.,0.0,medium,,0.0,No aplica: no supera el gate.,0.0,No aplica: no supera el gate.,False,Abordar 'intersecting social categories' aparece solo como dirección futura; explotación colonial y desigualdades socioeconómicas se mencionan por separado.,0.0,No aplica: no supera el gate.,revision,cambio_climatico_general,Global
215,0.5,"Género, maternidad y desventaja socioeconómica se señalan como transversales, sin analizar su co-construcción.",0.0,Las barreras se describen como necesidades físicas y de acceso a salud; no teoriza estructuras ni mecanismos de poder.,0.5,"Contexto australiano de emergencias y humo de incendios forestales, tratado de forma general.",0.0,Revisión narrativa que no operacionaliza intersecciones.,0.5,medium,,0.5,"Pide planificación y recursos específicos para las necesidades de las mujeres, sin desarrollar una orientación de justicia.",0.5,Menciona de forma marginal su papel como respondientes de emergencia y trabajadoras esenciales.,True,Plantea la maternidad como estatus interseccional y la violencia doméstica y la desventaja socioeconómica como cuestiones transversales para embarazadas y madres recientes.,0.0,Lista de experiencias y necesidades; el estatus interseccional se añade al final sin articular los elementos.,revision,desastres_multiples; incendio_forestal,Australia
216,0.5,"Nombra desigualdades de género y socioeconómicas, pero en paralelo, sin analizar su co-constitución.",0.5,Señala desigualdades estructurales del sistema educativo sin teorizar mecanismos de poder.,1.0,Distingue escuelas inundables del Volta y escuelas con sequía del norte de Ghana; modelo explícitamente sensible al contexto.,0.0,Síntesis conceptual sin operacionalización empírica.,2.0,low,,1.0,"Propone liderazgo ético, módulos formativos y respuestas diferenciadas para una escuela inclusiva y climáticamente responsiva.",0.5,Docentes y líderes como agentes de cambio; la agencia de estudiantes y comunidades apenas aparece.,True,Integra la teoría interseccional en un modelo sobre desigualdades de género y socioeconómicas que el clima intensifica en la escuela ghanesa.,0.5,"El modelo multinivel conecta pedagogía, liderazgo y contexto, pero la intersección de ejes no se desarrolla.",conceptual_teorico,cambio_climatico_general; inundacion; sequia,Ghana
217,1.0,El objeto es la posición específica de estudiantes LGBTQ+ apalaches y cómo esa intersección configura su comprensión del clima.,0.5,"Atribuye la vulnerabilidad a la marginación por orientación sexual e identidad de género, sin teorizar mecanismos estructurales.",0.5,Situado en universidades públicas de la Apalachia rural; referencia al lugar sin detalle histórico-político.,1.0,Muestreo intencional de un subgrupo interseccional: 28 entrevistas y dos grupos focales con estudiantes LGBTQ+ apalaches.,2.0,medium,,0.5,"Pide ampliar las narrativas climáticas e incorporar marcos identitarios, sin desarrollar una orientación de justicia.",0.5,Los estudiantes negocian su identidad y se posicionan en conversaciones sobre soluciones; agencia mencionada de forma limitada.,True,Explora la intersección de identidades queer y apalaches y cómo esa intersección moldea las percepciones sobre el cambio climático.,0.5,"Objeto y diseño interseccionales coherentes, pero sin anclaje estructural ni contextual profundo.",empirico_cualitativo,cambio_climatico_general,United States
219,0.0,No aplica: gate no superado.,0.0,No aplica: gate no superado.,0.0,No aplica: gate no superado.,0.0,No aplica: gate no superado.,0.0,low,,0.0,No aplica: gate no superado.,0.0,No aplica: gate no superado.,False,"La moderación cruza raza-etnia con región geográfica, que opera como exposición física; no hay un segundo eje de diferenciación social articulado.",0.0,No aplica: gate no superado.,empirico_cuantitativo,incendio_forestal; sequia; nivel_mar_costas; ciclon_huracan_tormenta; calor_extremo,United States
220,1.0,Analiza cómo racialización y vejez se co-construyen en trayectorias desiguales de envejecimiento saludable tras el desastre.,1.0,"Racismo ambiental, exclusión territorial racializada y fallas de gobernanza: la inundación como riesgo socialmente producido.",1.0,Historia de invasiones y no legalización de territorios quilombolas; inundaciones de 2024 en el sur de Brasil.,1.0,"Trabajo de campo cualitativo centrado en mayores quilombolas: testimonios domésticos, observación comunitaria y evaluación de respuestas gubernamentales.",4.0,high,,1.0,"Propone gobernanza ambiental centrada en la equidad, enfoques de derechos y reducción del riesgo inclusiva.",1.0,"Documenta resiliencia basada en saberes tradicionales, redes de solidaridad y agencia colectiva; mayores como actores clave.",True,Articula raza y edad en el envejecimiento racializado de personas mayores quilombolas afectadas por las inundaciones de 2024.,1.0,"El racismo ambiental explica el envejecimiento racializado, estudiado con muestreo situado y vinculado a propuestas de justicia.",empirico_cualitativo,inundacion,Brazil
222,0.0,No aplica: no supera el gate.,0.0,No aplica: no supera el gate.,0.0,No aplica: no supera el gate.,0.0,No aplica: no supera el gate.,0.0,low,,0.0,No aplica: no supera el gate.,0.0,No aplica: no supera el gate.,False,La co-constitución analizada es entre género y temporalidad estacional; no relaciona el género con otro eje de diferenciación social.,0.0,No aplica: no supera el gate.,empirico_cualitativo,inundacion,Ghana
226,0.0,No aplica: no supera el gate.,0.0,No aplica: no supera el gate.,0.0,No aplica: no supera el gate.,0.0,No aplica: no supera el gate.,0.0,high,,0.0,No aplica: no supera el gate.,0.0,No aplica: no supera el gate.,False,Las 'intersectionally differentiated conditions' aparecen solo como ausencia en la literatura; no se nombran ni relacionan ejes.,0.0,No aplica: no supera el gate.,conceptual_teorico,mitigacion_transicion,Europe; United Kingdom
229,0.0,No aplica: no supera el gate.,0.0,No aplica: no supera el gate.,0.0,No aplica: no supera el gate.,0.0,No aplica: no supera el gate.,0.0,medium,,0.0,No aplica: no supera el gate.,0.0,No aplica: no supera el gate.,False,Propone lentes 'intersectional and interdisciplinary' para el trabajo social macro; habla de comunidades marginadas sin nombrar ni relacionar ejes.,0.0,No aplica: no supera el gate.,conceptual_teorico,cambio_climatico_general,Global
230,0.0,No aplica: no supera el gate.,0.0,No aplica: no supera el gate.,0.0,No aplica: no supera el gate.,0.0,No aplica: no supera el gate.,0.0,low,,0.0,No aplica: no supera el gate.,0.0,No aplica: no supera el gate.,False,Comunidades del Sur Global y pueblos indígenas se enumeran; 'intersectional equity' es una etiqueta sin relación explícita entre categorías.,0.0,No aplica: no supera el gate.,conceptual_teorico,cambio_climatico_general,Australia; Kenya; Brazil; India
231,0.0,No aplica: no supera el gate.,0.0,No aplica: no supera el gate.,0.0,No aplica: no supera el gate.,0.0,No aplica: no supera el gate.,0.0,low,,0.0,No aplica: no supera el gate.,0.0,No aplica: no supera el gate.,False,"'Intersectional inequalities' aparece en una frase de riesgo, sin nombrar ejes ni teorizar su cruce.",0.0,No aplica: no supera el gate.,conceptual_teorico,mitigacion_transicion,Australia; Germany
232,0.0,No aplica: gate no superado.,0.0,No aplica: gate no superado.,0.0,No aplica: gate no superado.,0.0,No aplica: gate no superado.,0.0,low,,0.0,No aplica: gate no superado.,0.0,No aplica: gate no superado.,False,"Lista desigualdades por género, discapacidad, orientación sexual y edad y prioriza cuestiones de género y pobreza como agenda, sin tratarlas analíticamente.",0.0,No aplica: gate no superado.,empirico_mixto,cambio_climatico_general,Global
234,0.0,No aplica: gate no superado.,0.0,No aplica: gate no superado.,0.0,No aplica: gate no superado.,0.0,No aplica: gate no superado.,0.0,medium,,0.0,No aplica: gate no superado.,0.0,No aplica: gate no superado.,False,"La síntesis es de vulnerabilidad de género; personas LGBTQ+, mayores y con discapacidad aparecen solo como poblaciones subrepresentadas en la literatura.",0.0,No aplica: gate no superado.,revision,desastres_multiples; cambio_climatico_general,Global
235,1.0,Clasificación cruzada género × jefatura del hogar interpretada como posiciones combinadas: vulnerabilidades específicas de agricultoras en hogares con jefatura femenina.,0.5,Marco feminista e interseccional; identifica restricciones financieras y de derechos de propiedad sin teorizar mecanismos patriarcales.,0.5,"Situado en el sudeste de Nigeria; pide políticas sensibles al contexto, sin detalle histórico-político.",1.0,"Regresiones logísticas que comparan subgrupos género × tipo de hogar (n = 480), complementadas con grupos focales y entrevistas.",2.0,medium,,0.5,"Recomienda políticas matizadas y sensibles al contexto, sin desarrollar una orientación de justicia.",0.0,Los agricultores aparecen como sujetos de restricciones; no se documenta agencia ni estrategias propias.,True,Analiza cómo el género se cruza con la estructura del hogar: agricultoras en hogares con jefatura femenina frente a hogares con jefatura masculina.,0.5,"El método opera la intersección y desafía supuestos de ventaja masculina, pero sin anclaje estructural ni contextual.",empirico_mixto,cambio_climatico_general,Nigeria
237,1.0,"Núcleo analítico explícito: el género se cruza con clase, casta y ruralidad y produce pobreza feminizada, no una suma de desventajas.",1.0,"Economía política interseccional: exclusión de tierra, crédito y empleo formal como impulsores estructurales de la pobreza feminizada.",0.5,"Referencia general al Sur Global rural y a la casta, sin un caso situado.",0.0,Capítulo analítico sin operacionalización empírica de las intersecciones.,2.0,low,,1.0,"Propone estrategias transformadoras: gobernanza sensible al género, derechos a la tierra y diversificación de medios de vida.",0.0,"Las mujeres aparecen como afectadas por la crisis agraria, sin agencia ni resistencia documentadas.",True,"Analiza cómo el género se cruza con clase, casta y marginalidad rural para profundizar la vulnerabilidad económica de las mujeres rurales.",0.5,"El poder estructural explica la posición interseccional, pero sin contexto situado ni método que la opere.",conceptual_teorico,cambio_climatico_general,Global South
238,1.0,"Rechaza tratar a las mujeres como grupo homogéneo y especifica cómo clase, edad y estado civil configuran posiciones distintas ante el calor.",0.5,"Perspectiva ecofeminista interseccional y ausencia de apoyo institucional, sin mecanismos estructurales explícitos.",0.5,"Distrito de Beitbridge, sur de Zimbabue; dimensiones espaciales mencionadas, sin detalle histórico-político.",1.0,"Entrevistas en profundidad, informantes clave y grupos focales que comparan mujeres más vulnerables y mejor posicionadas.",3.5,high,,1.0,"Recomienda políticas de adaptación equitativas y sensibles al género e inversión en agua, energía y medios de vida resilientes.",1.0,Centra la agencia e innovación de las mujeres rurales y sus estrategias de afrontamiento del calor.,True,"Las experiencias de calor extremo de mujeres rurales se configuran por formas entrecruzadas de marginalidad: clase, edad, ubicación geográfica y estado civil.",1.0,"La marginalidad entrecruzada explica experiencias y estrategias diferenciadas, analizadas cualitativamente y conectadas con propuestas de política.",empirico_cualitativo,calor_extremo,Zimbabwe
242,1.0,"Presenta la posición indígena como específica: racializada, política (soberanía) y territorial, no reducible al enfoque centrado en poblaciones negras e hispanas.",0.5,"Nombra discriminación racial, reconocimiento federal y descolonización, sin teorizar mecanismos estructurales en el resumen.",0.5,"Contexto estadounidense con detalle político-legal (reconocimiento tribal federal y estatal), pero geografía urbana genérica.",0.0,Capítulo conceptual sin operacionalización empírica.,2.0,medium,,1.0,Orientado a un enfoque 'reparative and transformative' de planificación y a la justicia en reubicación y gentrificación climática.,0.5,"Menciona que los pueblos indígenas buscan descolonización y reconocimiento, sin documentar estrategias concretas.",True,"Articula raza, estatus socioeconómico, soberanía política e indigeneidad: 'Indigenous Peoples are both racialized and defined politically by their sovereignty'.",0.5,"Argumento coherente entre identidad indígena, racismo y justicia climática urbana, pero esquemático y sin análisis empírico.",conceptual_teorico,cambio_climatico_general,United States
243,0.0,No aplica: no supera el gate.,0.0,No aplica: no supera el gate.,0.0,No aplica: no supera el gate.,0.0,No aplica: no supera el gate.,0.0,medium,,0.0,No aplica: no supera el gate.,0.0,No aplica: no supera el gate.,False,"Enumera mujeres, niñas y 'intersectionally marginalised groups' por separado; el análisis se centra en necesidades de género sin relacionar ejes.",0.0,No aplica: no supera el gate.,conceptual_teorico,desastres_multiples,Global
244,0.5,"Nombra género y raza como ejes del enfoque interseccional, pero en paralelo ('as well as'), sin analizar su co-construcción.",0.5,Ecología política y crítica de categorías migratorias estatales; nombra desigualdades racializadas y de género sin teorizar mecanismos.,0.0,"Argumento epistemológico general, sin situarse en lugar, historia o política específicas.",0.0,Artículo teórico sin operacionalización empírica.,1.0,medium,,0.5,"Señala las 'epistemological and political stakes' de las categorías migratorias, sin desarrollar una orientación transformadora.",0.0,No aborda la agencia ni la resistencia de las personas migrantes.,True,"Vincula género, racialización y estatus migratorio al proponer 'intersectional approaches to migration' en el estudio de la migración climática.",0.5,"Propone articular ecología política con enfoques interseccionales de migración, pero solo como puente conceptual.",conceptual_teorico,cambio_climatico_general,Global
247,0.5,"Mujeres y personas con discapacidad se comparan por separado con pruebas independientes, sin posiciones combinadas.",0.5,"Identifica 'structural inequities', captura de élites e interferencia política, sin teorizar patriarcado ni capacitismo.",1.0,"Situado en las upazilas de Koira y Shyamnagar, con dinámicas locales de gobernanza; reconoce límites de cobertura geográfica.",0.0,Ejes como variables separadas en pruebas bivariadas; el componente cualitativo no describe muestreo interseccional.,2.0,high,,1.0,"Recomienda rendición de cuentas, reducir la captura de élites e integrar marcos sensibles a género y discapacidad, con enfoque de justicia.",0.5,"Recoge percepciones críticas de la comunidad y propone enfoques participativos, sin documentar estrategias propias.",True,"Examina dimensiones interseccionales de la vulnerabilidad (género, discapacidad e ingreso) en la adaptación climática liderada por ONG.",0.5,"Vincula vulnerabilidad, gobernanza y equidad, pero los ejes se analizan en paralelo y no se integran.",empirico_mixto,cambio_climatico_general; nivel_mar_costas,Bangladesh
248,0.0,No aplica: no supera el gate.,0.0,No aplica: no supera el gate.,0.0,No aplica: no supera el gate.,0.0,No aplica: no supera el gate.,0.0,low,,0.0,No aplica: no supera el gate.,0.0,No aplica: no supera el gate.,False,"Grupos vulnerables listados por separado (trabajadores al aire libre, mayores, indígenas, visitantes); 'intersectional vulnerabilities' sin articular cruces.",0.0,No aplica: no supera el gate.,revision,calor_extremo,United States; Canada; Australia
250,0.5,"Afirma vulnerabilidades cruzadas de género, etnia y clase, pero resume impactos en mujeres y niños sin analizar su co-construcción.",1.0,"Desplazamiento como proceso estructural: conflicto etnicizado, despojo de tierras, desarrollo extractivo, violencia estructural y 'Development Paradox'.",1.0,"Situado en Etiopía (2018-2024): conflicto etnicizado, desarrollo extractivo, fragmentación institucional y marginación histórica.",0.0,Revisión sistemática que cuantifica impulsores; no operacionaliza intersecciones.,2.0,high,,1.0,"Propone una gobernanza integrada, interseccional y basada en derechos, dirigida a las causas estructurales.",0.0,Las poblaciones desplazadas aparecen atrapadas; no se aborda su agencia.,True,"Los resultados dependen de 'intersecting gender, ethnic, class, and geographic vulnerabilities', dentro de un marco feminista interseccional.",0.5,"El marco sindémico articula poder estructural y contexto, pero lo interseccional queda como capa de resultados, no como eje analítico.",revision,cambio_climatico_general,Ethiopia
251,0.0,No aplica: no supera el gate.,0.0,No aplica: no supera el gate.,0.0,No aplica: no supera el gate.,0.0,No aplica: no supera el gate.,0.0,medium,,0.0,No aplica: no supera el gate.,0.0,No aplica: no supera el gate.,False,"'Intersectional impacts and responsibilities' es una mención de contexto; el capítulo trata ética multiespecie, sin ejes sociales relacionados.",0.0,No aplica: no supera el gate.,conceptual_teorico,desastres_multiples; cambio_climatico_general,Global
252,0.0,No aplica: no supera el gate.,0.0,No aplica: no supera el gate.,0.0,No aplica: no supera el gate.,0.0,No aplica: no supera el gate.,0.0,medium,,0.0,No aplica: no supera el gate.,0.0,No aplica: no supera el gate.,False,"La 'intersectionality of risk, loss, and action' es un tema transversal ligado al colonialismo; no se nombran ni relacionan ejes sociales.",0.0,No aplica: no supera el gate.,otro,cambio_climatico_general,Global
253,1.0,Analiza la etnicización de la categoría juventud: edad y etnicidad se co-construyen como posición política.,1.0,"El Estado nigeriano moviliza, margina y securitiza a la juventud; critica la gobernanza extractiva dependiente de combustibles fósiles.",1.0,"Largo trabajo de campo en el Delta del Níger, con precariedad económica, crisis climática y futuros post-petróleo.",0.5,"Trabajo de campo prolongado centrado en juventud etnicizada, sin describir muestreo ni análisis interseccional explícito.",2.5,medium,,1.0,Propone transitar de la gobernanza extractiva hacia la participación juvenil en renovables y el desarrollo localizado.,0.5,Presenta a la juventud como posible catalizadora del cambio; agencia más prospectiva que documentada.,True,Relaciona edad y etnicidad: analiza cómo 'the category of youth becomes ethnicized' en un contexto de precariedad y transición energética.,0.5,"Juventud etnicizada y poder estatal se articulan, pero la propuesta tecnológica final se desconecta de lo étnico.",empirico_cualitativo,mitigacion_transicion,Nigeria
254,0.0,No evaluado: gate no superado.,0.0,No evaluado: gate no superado.,0.0,No evaluado: gate no superado.,0.0,No evaluado: gate no superado.,0.0,medium,,0.0,No evaluado: gate no superado.,0.0,No evaluado: gate no superado.,False,"Menciona grupos beneficiados (bajos ingresos, estudiantes, mayores) por separado; lo interseccional aparece solo como vacío de investigación.",0.0,No evaluado: gate no superado.,revision,mitigacion_transicion,Global
256,0.5,"Combina género y clase como 'intersectional vulnerabilities', pero los trata como perspectivas sumadas, sin analizar co-construcción.",0.5,"Nombra discriminación sistémica y desigualdades de género y socioeconómicas; los mecanismos descritos son canales económicos, no estructurales.",0.0,"Planteamiento global sin contexto geográfico, histórico ni político específico.",0.0,Capítulo conceptual sin operacionalización empírica.,1.0,medium,,1.0,"Aboga por políticas sensibles al género, planificación inclusiva y financiamiento climático orientados a la equidad y la justicia social.",0.5,Menciona a las mujeres como 'active agents of change' sin documentar estrategias.,True,Articula género y nivel socioeconómico: las mujeres de comunidades marginadas y de bajos ingresos soportan cargas climáticas desproporcionadas.,0.5,Cadena argumental clima-economía-género coherente pero genérica; ejes y estructuras se yuxtaponen.,conceptual_teorico,cambio_climatico_general,Global
259,0.5,Raza (racismo ambiental) y género (ecofeminismo) se abordan con lentes sucesivas; la co-construcción se sugiere sin desarrollarse.,1.0,"Racismo ambiental, zona de sacrificio, violencia lenta y políticas de desechabilidad como mecanismos de explotación histórica.",1.0,"Situado en el Sur estadounidense antes y después del huracán Katrina, con la explotación histórica de Bois Sauvage.",0.0,Análisis literario sin operacionalización empírica de intersecciones.,2.0,medium,,1.0,Crítica situada de la injusticia ambiental y social en torno a Katrina.,1.0,Enfatiza la resiliencia y la agencia de Esch frente al abandono y la deshumanización.,True,"Analiza a Esch como joven mujer afroamericana en la intersección de racismo ambiental, deshumanización y políticas de desechabilidad.",0.5,"La zona de sacrificio conecta estructura y experiencia de Esch, pero la lente de género se añade más que integrarse.",conceptual_teorico,ciclon_huracan_tormenta,United States
260,1.0,Analiza cómo las posiciones racializadas e inmigrantes estructuran la carga de cuidado frente a los miembros blancos.,1.0,"Relaciones de poder colonial, privilegio blanco y reproducción de desigualdades a través del trabajo de cuidado.",0.5,"Situado en un movimiento juvenil por la justicia climática, sin geografía ni historia especificadas.",0.5,"Entrevistas a organizadores juveniles; contrasta miembros racializados o inmigrantes y blancos, sin muestreo interseccional descrito.",3.5,high,,1.0,Propone redistribuir el trabajo de cuidado y entender la justicia climática como proceso relacional y político.,1.0,"Los organizadores construyen bienes comunes, solidaridad y subjetividades políticas mediante prácticas de cuidado.",True,"El cuidado se moldea por raza, género, estatus migratorio y colonialidad; miembros racializados e inmigrantes cargan más trabajo emocional.",1.0,El poder colonial y racial explica la distribución desigual del cuidado y fundamenta la propuesta de redistribución.,empirico_cualitativo,cambio_climatico_general,No especificado
261,1.0,Las personas con identidades marginadas combinadas perciben el riesgo de forma distinta; supera el análisis de un solo eje.,0.0,No teoriza estructuras de opresión; la marginación se trata como atributo sociodemográfico.,0.5,Encuesta nacional estadounidense de 2023; contexto nacional sin profundidad histórica ni política.,1.0,"Tras predictores separados, aplica un análisis interseccional de identidades combinadas; la especificación no se detalla en el resumen.",1.5,medium,,0.5,"Recomienda comunicación y políticas climáticas con lente interseccional, sin desarrollar una orientación transformadora.",0.0,"Los sujetos aparecen como perfiles de percepción, sin agencia.",True,"Analiza identidades marginadas múltiples (raza, género, nivel socioeconómico) y su efecto combinado en la percepción del riesgo climático.",0.5,"Método interseccional aplicado en un contexto nacional, pero sin explicación estructural de los patrones.",empirico_cuantitativo,cambio_climatico_general,United States
263,0.5,Examina si las políticas reconocen identidades entrecruzadas frente a categorías homogéneas; no analiza ejes concretos.,0.5,"Política discursiva de la marginación y discurso laboral, sin nombrar estructuras de poder específicas.",0.5,"Planes de distintas regiones europeas, no especificadas en el abstract.",0.5,"Análisis de discurso con lente interseccional que tipifica representaciones, sin operar intersecciones en sujetos.",1.5,medium,,0.5,Critica las políticas de transición justa sin desarrollar propuestas transformadoras.,0.5,Señala que los grupos marginados carecen de agencia para moldear esos discursos.,True,Contrasta discursos de categorías homogéneas con uno que reconoce identidades entrecruzadas de comunidades marginadas en planes de transición justa.,0.5,"La tipología conecta representación y poder discursivo, con integración parcial del contexto.",empirico_cualitativo,mitigacion_transicion,Europe
264,0.5,Mujeres y jóvenes se tratan como grupos paralelos; los subgrupos de mujeres por educación e ingreso no se analizan como co-construidos.,0.0,Describe impactos y cambios de roles sin teorizar estructuras de poder.,0.0,Sintetiza estudios de 'diverse settings' sin contexto geográfico ni histórico específico.,0.0,Revisión sistemática sin operacionalización de intersecciones.,0.5,medium,,0.5,"Propone educación y concienciación para empoderar a los grupos vulnerables, sin desarrollar una dimensión de justicia.",0.5,"Menciona estrategias de adaptación (agroforestería, agricultura climáticamente inteligente) que influyen en decisiones de mujeres y jóvenes.",True,"Relaciona género con educación e ingreso (mujeres sin educación, económicamente débiles y embarazadas) y considera también a la juventud.",0.0,"Enumera impactos, estrategias y recomendaciones sin articularlos analíticamente.",revision,cambio_climatico_general,Global
266,0.5,"Critica la homogeneización de las mujeres e invoca identidades entrecruzadas, pero analiza integración de género.",0.5,"Mecanismos institucionales (estrategias, recursos, niveles de gobernanza) sin teorizar estructuras de poder.",0.5,Compara Indonesia y Filipinas por niveles de gobernanza; reivindica contextos locales sin detallarlos.,0.0,"Análisis de 115 políticas sobre integración de género, sin diseño que capte intersecciones.",1.5,low,,1.0,"Recomienda reforzar la implementación local, incorporar perspectivas interseccionales y coordinar niveles para una adaptación inclusiva.",0.5,Reconoce los papeles esenciales de las mujeres en la pesca y critica su encuadre como beneficiarias.,True,"Halla que las políticas presentan a las mujeres como homogéneamente vulnerables, ignorando identidades entrecruzadas y contextos locales.",0.5,Crítica de políticas y recomendaciones conectadas; la interseccionalidad es hallazgo más que análisis.,empirico_cualitativo,cambio_climatico_general,Indonesia; Philippines
267,0.5,"Critica la conceptualización homogénea de 'women', pero el análisis se centra en el género y la clase opera como contexto.",1.0,"Barreras sistémicas de género, lock-ins de adaptación y desarrollo, y maladaptación producida por la implementación de políticas.",1.0,"Caso de Daca, asentamientos de bajos ingresos y políticas de adaptación del Sur Global; reconoce procesos pluralistas.",0.5,"Encuestas, grupos focales y entrevistas con mujeres de bajos ingresos, sin análisis interaccional explícito.",2.0,medium,,1.0,Pide un cambio de paradigma en la conceptualización de las mujeres en el discurso de la política de adaptación.,0.0,"Las mujeres aparecen atrapadas por los lock-ins, sin agencia documentada.",True,Población con género y clase implícitos: mujeres de asentamientos urbanos de bajos ingresos en Daca.,0.5,"El análisis sistémico conecta política, contexto y vulnerabilidad de género, pero la clase no se integra como eje.",empirico_mixto,cambio_climatico_general,Bangladesh
268,0.0,No aplica: no supera el gate.,0.0,No aplica: no supera el gate.,0.0,No aplica: no supera el gate.,0.0,No aplica: no supera el gate.,0.0,medium,,0.0,No aplica: no supera el gate.,0.0,No aplica: no supera el gate.,False,'Intersect' une valores universalistas y experiencias situadas; los grupos sociales no se especifican y lo interseccional queda como agenda futura.,0.0,No aplica: no supera el gate.,empirico_cualitativo,cambio_climatico_general; desastres_multiples,Tanzania; Palestine; Nepal; Bangladesh
269,0.0,No aplica: no supera el gate.,0.0,No aplica: no supera el gate.,0.0,No aplica: no supera el gate.,0.0,No aplica: no supera el gate.,0.0,high,,0.0,No aplica: no supera el gate.,0.0,No aplica: no supera el gate.,False,'Intersectional collaboration' significa colaboración interdisciplinar entre investigadores de trayectorias diversas; no hay ejes de diferenciación social.,0.0,No aplica: no supera el gate.,empirico_cuantitativo,cambio_climatico_general,Global
270,0.5,"Género, casta y clase aparecen como variables contribuyentes junto a otras, sin analizar su co-construcción con la edad.",0.0,Atribuye la agencia limitada a la visión cíclica del mundo y al estigma social; no teoriza estructuras.,1.0,"Niños de aldeas de Kumaon, Uttarakhand, en un ecosistema himalayo frágil; propone un currículo contextual.",0.5,"Entrevistas semiestructuradas con análisis temático; diferencias por género, casta y clase sin diseño interseccional explícito.",2.0,medium,,0.5,"Recomienda una educación ambiental arraigada en las realidades infantiles, sin vincularla con desigualdades.",1.0,Trata a los niños como 'active stakeholders' y distingue agencia ambiental planificada y limitada.,True,"Incorpora la edad a la indagación interseccional junto con clase, casta y género en la agencia climática infantil.",0.5,"Contexto y agencia se articulan, pero los ejes sociales quedan como factores sueltos.",empirico_cualitativo,cambio_climatico_general,India
273,0.5,"Desigualdades entrecruzadas como origen de la vulnerabilidad, sin especificar ejes ni su co-constitución.",0.5,"Violencia directa y estructural, exclusión política, agravios históricos y mala gobernanza, nombrados sin mecanismos detallados.",0.5,"Editorial de alcance amplio con contribuciones de Asia, África y otras regiones, sin contexto específico.",0.0,"Introducción editorial y marco conceptual, sin operacionalización empírica.",1.5,low,,1.0,Enfoque explícito de justicia; la resiliencia se define como transformar sistemas para reducir riesgo y desigualdad y fortalecer la paz.,0.5,"Critica que el encuadre de multiplicador de amenazas ignore la agencia comunitaria, sin documentarla.",True,"Su marco define la vulnerabilidad como socialmente producida mediante desigualdades que se entrecruzan, sin nombrar ejes.",0.5,"Marco integrado de violencia, vulnerabilidad, justicia y resiliencia; la interseccionalidad ocupa un lugar menor.",conceptual_teorico,cambio_climatico_general,Global
274,0.0,No aplica: gate no superado.,0.0,No aplica: gate no superado.,0.0,No aplica: gate no superado.,0.0,No aplica: gate no superado.,0.0,low,,0.0,No aplica: gate no superado.,0.0,No aplica: gate no superado.,False,"Menciona 'intersectional marginalization', pero trata a los moken como un único colectivo; movilidad, identidad y marginalidad no son ejes relacionados.",0.0,No aplica: gate no superado.,empirico_cualitativo,cambio_climatico_general,Thailand
277,0.5,"Estudia mujeres con discapacidad, pero enmarca el hallazgo como 'double discrimination due to gender and disability', lógica acumulativa.",0.5,"Nombra discriminación, violencia sexual y de género y barreras de acceso a servicios, sin teorizar mecanismos estructurales.",0.5,"Palungtar y Marsyangdi (Nepal), afectados por inundaciones, deslizamientos y sismos; contexto sin historia ni política.",1.0,"Muestreo intencional de mujeres con discapacidad en municipios rurales afectados: entrevistas en profundidad, grupos focales e informantes clave.",1.5,medium,,0.5,Recomienda servicios accesibles y reducir barreras; orientación práctica sin un marco de justicia desarrollado.,0.0,Las mujeres aparecen como víctimas de discriminación y violencia; el empoderamiento se propone desde fuera.,True,"Articula género, discapacidad y pobreza en interacción: 'intersecting effect of gender, disability and disaster' en mujeres rurales con discapacidad.",0.5,"Vincula género y discapacidad con la vulnerabilidad en desastres, pero poder estructural y contexto quedan poco conectados.",empirico_cualitativo,inundacion; desastres_multiples,Nepal
278,1.0,Interpreta los resultados como identidades interseccionales: diferencias partidistas consistentes en latines y blancos; efectos de género y raza inconsistentes.,0.0,Solo constata que el cambio climático afecta desproporcionadamente a comunidades de color; no teoriza racismo ni otras estructuras.,0.5,"Estados Unidos, encuestas CMPS 2020 y Climate Change in the American Mind 2008–2022; contexto nacional sin anclaje histórico-político.",1.0,Desagrega dentro de cada grupo racial por género y partidismo (clasificación cruzada) en dos encuestas.,1.0,medium,,0.0,Estudio descriptivo de actitudes; no desarrolla implicaciones de justicia climática ni propuestas transformadoras.,0.0,"Los sujetos aparecen como encuestados con opiniones; no se documentan estrategias, resistencias ni saberes.",True,"Examina 'intersectional identities within racial groups by partisanship and gender': cruza raza y género, además del partidismo, en actitudes climáticas.",0.5,"Método e identidades cruzadas se articulan, pero sin poder estructural ni orientación crítica que los explique.",empirico_cuantitativo,cambio_climatico_general,United States
279,1.0,Enfoque de 'intersectional subjectivities': género y riqueza se entrelazan en cómo los pastores se definen y participan en la diversificación.,0.5,Ecología política feminista y procesos de diferenciación social; nombra normas de género y desigualdad sin detallar mecanismos estructurales.,1.0,"Maasái del sur de Kenia, tres actividades de diversificación, estacionalidad; destaca 'localized understandings of what being adaptive means' y el papel del lugar.",0.5,Fotovoz y entrevistas cualitativas con pastores socialmente diferenciados; no describe muestreo ni codificación interseccional explícitos.,3.0,high,,0.5,Busca que la planificación adaptativa responda a ambiciones locales 'without deepening social inequalities'; implicación de justicia poco desarrollada.,1.0,"Documenta prácticas cotidianas, autodefinición emprendedora y comprensiones locales de la adaptación mediante fotovoz participativa.",True,Analiza 'intersecting gendered norms and wealth differences' en la diferenciación social de pastores maasái ante la adaptación.,1.0,"Subjetividades interseccionales, lugar y método participativo se articulan para explicar trayectorias diferenciadas de diversificación.",empirico_cualitativo,cambio_climatico_general,Kenya
280,0.0,No aplica: gate no superado.,0.0,No aplica: gate no superado.,0.0,No aplica: gate no superado.,0.0,No aplica: gate no superado.,0.0,low,,0.0,No aplica: gate no superado.,0.0,No aplica: gate no superado.,False,"Enumera grupos vulnerables por separado (monoparentales, cuidadores, indocumentados, minorías religiosas) sin relacionar ejes; 'intersectional' solo aparece como aspiración final.",0.0,No aplica: gate no superado.,revision,inundacion,High-income countries
281,0.5,Los ejes se presentan como líneas paralelas de estratificación; solo la carga de las mujeres de grupos marginados sugiere una posición entrelazada.,1.0,"Mecanismos explícitos: exclusión institucional, acceso desigual a extensión y mercados, 'histories of marginalisation and unequal entitlements'; adaptación como proceso político.",1.0,"Tehri Garhwal (Uttarakhand), diez aldeas en dos zonas agroecológicas; 'resilience is not a universal state' sino fruto de historias de marginación.",0.5,"Datos cualitativos de diez aldeas que comparan hogares dominantes y marginados y a las mujeres, sin diseño interseccional explícito.",2.5,high,,1.0,Pide gobernanza climática inclusiva y estrategias 'ecologically and socially just'; lectura crítica de la adaptación.,1.0,"Pone en primer plano las experiencias de agricultores marginados, el conocimiento ecológico local y sus respuestas adaptativas.",True,"Adaptación estratificada por género, grupo social y clase; 'women, particularly from marginalised backgrounds' relaciona género con marginación social.",0.5,"Poder estructural, contexto y agencia se articulan, pero los ejes se analizan mayormente en paralelo.",empirico_cualitativo,cambio_climatico_general,India
282,1.0,"Centra la posición específica de jornaleras mexicanas y mexicoamericanas, donde género, raza, clase y ciudadanía se entrelazan en la exclusión espacial.",1.0,"Segregación residencial y fronteras legales, municipales y geográficas que 'operate together as mechanisms of exclusion'; desigualdades estructurales espacializadas.",1.0,Comunidades no incorporadas del Valle de San Joaquín; la delimitación municipal se conceptualiza como 'internal borderlands'.,1.0,35 entrevistas en profundidad con métodos cualitativos feministas a un subgrupo definido interseccionalmente.,3.0,low,,0.5,"Señala implicaciones para vivienda, salud y justicia ambiental sin desarrollar propuestas transformadoras.",0.0,Las trabajadoras aparecen como sujetas de exclusión; el resumen no documenta estrategias ni resistencias.,True,"Analiza 'intersecting inequalities based on gender, race, class, and citizenship' en mujeres jornaleras mexicanas y mexicoamericanas.",1.0,"Fronteras estructurales, posición interseccional y territorio se articulan en un argumento coherente sobre vulnerabilidades superpuestas.",empirico_cualitativo,cambio_climatico_general,United States
283,0.0,No aplica: no supera el gate.,0.0,No aplica: no supera el gate.,0.0,No aplica: no supera el gate.,0.0,No aplica: no supera el gate.,0.0,medium,,0.0,No aplica: no supera el gate.,0.0,No aplica: no supera el gate.,False,'Intersectional compassionate pedagogy' es una etiqueta pedagógica; saberes indígenas y contextos jerárquicos se mencionan sin relacionar ejes sociales.,0.0,No aplica: no supera el gate.,empirico_cualitativo,cambio_climatico_general,No especificado
284,0.5,Clase y masculinidad se vinculan de pasada ('particularly among men'); el análisis se centra en la experiencia de clase.,0.5,Critica un diseño de política limitado a compensación y recualificación; nombra la clase sin teorizar mecanismos estructurales de poder.,1.0,"Cierre de las centrales de Sines y Pego (Portugal, 2021), unos 450 trabajadores y consecuencias políticas en ambos territorios.",0.5,13 entrevistas semiestructuradas con trabajadores; el género emerge en el análisis sin muestreo ni codificación interseccional.,2.0,medium,,1.0,Una transición justa 'cannot be reduced to compensation and retraining schemes'; debe atender quién es visto y quién decide.,0.5,"Recoge voces obreras y un resentimiento con consecuencias políticas, pero sobre todo como afectados por duelo y agotamiento.",True,'Intersectional understanding of class experience': la pérdida de estatus afecta sobre todo a hombres cuya identidad se ligaba al trabajo industrial.,0.5,Articula experiencia de clase y crítica de la gobernanza; la dimensión de género queda lateral.,empirico_cualitativo,mitigacion_transicion,Portugal
285,1.0,Clasificación cruzada casta×género interpretada como posición: mujeres de castas registradas con riesgo alto o muy alto en más de diez barrios.,0.5,"Menciona 'socio-institutional disparities' y barrios socialmente marginados, sin teorizar casteísmo, patriarcado ni mecanismos de marginación.",0.5,"Siliguri, ciudad del piedemonte himalayo, análisis por barrio 2003–2023; contexto geográfico sin historia ni política urbana.",1.0,Indicadores de exposición desagregados y cruzados por casta y género integrados en un modelo espacial de riesgo.,2.0,medium,,0.5,"Herramienta de apoyo a decisiones para una planificación 'equity-oriented' y el ODS 11.7, sin crítica de justicia desarrollada.",0.0,La población aparece solo como expuesta al riesgo; no hay agencia ni saberes.,True,Cuantifica la exposición con indicadores desagregados por casta y género y reporta el riesgo de 'Scheduled Caste women'.,0.5,"Integra técnicamente peligro, exposición interseccional y capacidad adaptativa, pero sin explicación estructural.",empirico_cuantitativo,calor_extremo; cambio_climatico_general,India
286,0.0,No aplica: gate no superado.,0.0,No aplica: gate no superado.,0.0,No aplica: gate no superado.,0.0,No aplica: gate no superado.,0.0,medium,,0.0,No aplica: gate no superado.,0.0,No aplica: gate no superado.,False,"Enumera ingreso, raza, género, edad y estatus migratorio como factores que 'further condition vulnerability', sin relacionarlos; pide investigación interseccional futura.",0.0,No aplica: gate no superado.,revision,calor_extremo,Global
288,0.5,"Las intersecciones de casta, género e historia colonial se señalan como hallazgo, sin analizar cómo se co-constituyen.",1.0,"Lente decolonial: discursos climáticos tecnocráticos y universalizantes privilegian perspectivas urbanas, de élite y estatales; historias coloniales.",1.0,"Inscribe las narrativas en contextos sociohistóricos, culturales y políticos de la India rural y critica los enfoques universalizantes.",0.5,"Análisis en profundidad de artículos, fotoensayos e historias orales de PARI; no explicita una codificación interseccional.",2.5,medium,,1.0,Orientación decolonial explícita: examina cómo PARI desafía marcos dominantes y contribuye a esfuerzos de descolonización.,1.0,"Documenta experiencias rurales e indígenas, conocimiento ecológico tradicional y estrategias locales de resiliencia.",True,"Destaca 'intersections of colonial histories, caste, gender, and livelihoods' en narrativas climáticas de comunidades rurales e indígenas.",0.5,"La crítica decolonial articula poder, contexto y saberes locales, pero las intersecciones solo se señalan, sin integrarse al análisis.",empirico_cualitativo,cambio_climatico_general,India
289,0.0,No se puntúa: gate no superado.,0.0,No se puntúa: gate no superado.,0.0,No se puntúa: gate no superado.,0.0,No se puntúa: gate no superado.,0.0,low,,0.0,No se puntúa: gate no superado.,0.0,No se puntúa: gate no superado.,False,"Solo agenda: propone indagar impulsores 'intersectional, systemic, and structural' de la vulnerabilidad; no nombra ni relaciona categorías sociales.",0.0,No se puntúa: gate no superado.,conceptual_teorico,cambio_climatico_general,Global
290,0.0,No se puntúa: gate no superado.,0.0,No se puntúa: gate no superado.,0.0,No se puntúa: gate no superado.,0.0,No se puntúa: gate no superado.,0.0,medium,,0.0,No se puntúa: gate no superado.,0.0,No se puntúa: gate no superado.,False,"Pide 'intersectional approaches' y describe impulsores superpuestos de múltiples dimensiones, pero no nombra ni relaciona ejes de diferenciación social.",0.0,No se puntúa: gate no superado.,conceptual_teorico,cambio_climatico_general,Global North
291,0.0,No se puntúa: gate no superado.,0.0,No se puntúa: gate no superado.,0.0,No se puntúa: gate no superado.,0.0,No se puntúa: gate no superado.,0.0,medium,,0.0,No se puntúa: gate no superado.,0.0,No se puntúa: gate no superado.,False,"Entrevistas a personas con 'different vulnerabilities'; género e interseccionalidad solo en keywords, sin ejes nombrados ni relacionados en el abstract.",0.0,No se puntúa: gate no superado.,empirico_cualitativo,desastres_multiples,Europe
298,0.0,No se puntúa: gate no superado.,0.0,No se puntúa: gate no superado.,0.0,No se puntúa: gate no superado.,0.0,No se puntúa: gate no superado.,0.0,medium,,0.0,No se puntúa: gate no superado.,0.0,No se puntúa: gate no superado.,False,"Eje único (mujeres/género); 'intersecting vulnerabilities' y 'embed intersectionality' funcionan como etiqueta o recomendación, sin otra categoría social relacionada.",0.0,No se puntúa: gate no superado.,empirico_cualitativo,cambio_climatico_general,South Africa
299,0.0,No aplica: gate no superado.,0.0,No aplica: gate no superado.,0.0,No aplica: gate no superado.,0.0,No aplica: gate no superado.,0.0,medium,,0.0,No aplica: gate no superado.,0.0,No aplica: gate no superado.,False,"Análisis centrado en el género (patriarcado, tenencia, extensión); 'intersectional praxis' solo aparece en las recomendaciones, sin un segundo eje articulado.",0.0,No aplica: gate no superado.,empirico_cualitativo,cambio_climatico_general,Zimbabwe
300,1.0,"Las histerectomías entre cortadoras de caña muestran cómo régimen laboral, género y marginación se entrelazan en una posición específica.",1.0,'Exploitative labour regimes and harsh conditions intersect' y fuerzan decisiones coaccionadas sobre la salud reproductiva.,1.0,Región propensa a sequías de Marathwada y migración estacional para el corte de caña; fenómeno localizado de histerectomías.,1.0,Entrevistas semiestructuradas a 19 mujeres casadas de hogares jornaleros migrantes: muestreo intencional de un subgrupo interseccional.,3.5,medium,,0.5,"Expone coerción y explotación con enfoque de justicia climática (keywords), sin desarrollar propuestas ni recomendaciones.",0.5,"Examina cómo las mujeres negocian el cuidado, aunque sus decisiones aparecen fuertemente coaccionadas.",True,"Lente interseccional sobre género, casta, estatus económico y vulnerabilidad climática en mujeres jornaleras migrantes de Marathwada.",1.0,"Régimen laboral, posición interseccional y contexto de sequía se articulan para explicar las histerectomías coaccionadas.",empirico_mixto,sequia,India
301,0.0,No se puntúa: gate no superado.,0.0,No se puntúa: gate no superado.,0.0,No se puntúa: gate no superado.,0.0,No se puntúa: gate no superado.,0.0,medium,,0.0,No se puntúa: gate no superado.,0.0,No se puntúa: gate no superado.,False,"Adopta un 'gender lens'; cultura y género aparecen como especificidades del bienestar, no como ejes de diferenciación relacionados entre sí.",0.0,No se puntúa: gate no superado.,revision,calor_extremo,Africa; Asia; Oceania
302,0.5,Los marcadores sociales 'attach vulnerabilities' de forma acumulativa; no analiza cómo se co-construyen.,0.5,"Cuestiona críticamente la categoría de 'desastres naturales' y nombra la opresión, sin teorizar mecanismos estructurales.",0.5,Parte del caso reciente de Rio Grande do Sul (Brasil) sin desarrollar su historia ni su política.,0.0,Artículo de opinión sin operacionalización empírica.,1.0,medium,,1.0,Reflexiona sobre políticas de cuidado y reclama políticas de salud sensibles y culturalmente localizadas; desnaturaliza el desastre.,0.0,"Las mujeres aparecen expuestas a violencia de género y vulnerabilidad, sin agencia documentada.",True,"'Gender, ethnicity/skin color, and nationality' se articulan como marcadores que producen vulnerabilidad en mujeres desplazadas por desastres climáticos.",0.5,Perspectiva interseccional y propuesta de cuidado se conectan parcialmente; falta un análisis empírico que las integre.,conceptual_teorico,desastres_multiples,Brazil
304,0.0,No se puntúa: gate no superado.,0.0,No se puntúa: gate no superado.,0.0,No se puntúa: gate no superado.,0.0,No se puntúa: gate no superado.,0.0,medium,,0.0,No se puntúa: gate no superado.,0.0,No se puntúa: gate no superado.,False,Lente 'intersectional positive psychology' aplicada solo a mujeres; las 'layered social and structural conditions' no se especifican como categorías sociales.,0.0,No se puntúa: gate no superado.,conceptual_teorico,cambio_climatico_general,Global South
305,0.0,No se puntúa: gate no superado.,0.0,No se puntúa: gate no superado.,0.0,No se puntúa: gate no superado.,0.0,No se puntúa: gate no superado.,0.0,medium,,0.0,No se puntúa: gate no superado.,0.0,No se puntúa: gate no superado.,False,"Las mujeres enfrentan 'intersectional vulnerabilities intensified by climate change, mechanization, and social exclusion': etiqueta sobre género con factores no categoriales.",0.0,No se puntúa: gate no superado.,revision,cambio_climatico_general,India
307,0.0,No se puntúa: gate no superado.,0.0,No se puntúa: gate no superado.,0.0,No se puntúa: gate no superado.,0.0,No se puntúa: gate no superado.,0.0,high,,0.0,No se puntúa: gate no superado.,0.0,No se puntúa: gate no superado.,False,"Único eje generacional (Gen Z); 'intersectional' describe la militancia de las autoras e 'intersections' une imaginación, reflexión y acción.",0.0,No se puntúa: gate no superado.,conceptual_teorico,cambio_climatico_general,Global
308,0.0,No se puntúa: gate no superado.,0.0,No se puntúa: gate no superado.,0.0,No se puntúa: gate no superado.,0.0,No se puntúa: gate no superado.,0.0,medium,,0.0,No se puntúa: gate no superado.,0.0,No se puntúa: gate no superado.,False,'Intersecting issues' refiere a temas; 'women and other marginalised groups' lista grupos; el análisis se centra solo en género y masculinidades.,0.0,No se puntúa: gate no superado.,empirico_cualitativo,cambio_climatico_general,Global
309,0.0,No se puntúa: gate no superado.,0.0,No se puntúa: gate no superado.,0.0,No se puntúa: gate no superado.,0.0,No se puntúa: gate no superado.,0.0,low,,0.0,No se puntúa: gate no superado.,0.0,No se puntúa: gate no superado.,False,'Intersectional realities' e 'impact of identities' sin especificar categorías ni su cruce; el único eje explícito es la juventud.,0.0,No se puntúa: gate no superado.,empirico_cualitativo,cambio_climatico_general,Canada
310,0.5,"Edad y raza aparecen relacionadas, pero pide 'more intersectional approaches'; no analiza su co-constitución.",0.5,Nombra 'enduring barriers often relating to racialised identities' sin teorizar mecanismos estructurales.,0.5,Once organizaciones del Reino Unido; contexto nacional descrito de forma superficial.,0.5,Experiencias de jóvenes y facilitadores de las organizaciones; examina a los grupos minorizados de forma descriptiva.,2.0,low,,1.0,"Aboga por reconocer la acción ambiental juvenil 'through social and environmental justice', con enfoques inclusivos y justicia climática global.",1.0,"Documenta prácticas de cuidado, activismo implícito y acción colectiva de los jóvenes.",True,Juventud y racialización: analiza grupos minorizados en la acción climática juvenil y barreras 'often relating to racialised identities'.,0.5,"Ética del cuidado, justicia y agencia juvenil se conectan; la dimensión racial queda como hallazgo lateral.",empirico_cualitativo,cambio_climatico_general,United Kingdom
311,1.0,Examina cómo la escasez 'intersects with axes of marginalization and oppression' en la posición específica de mujeres racializadas de bajos ingresos.,1.0,"Marginación histórica y persistente, gobernanza tecnocrática y métricas abstractas de eficiencia como mecanismos; marco de ecología política feminista.",1.0,"Sequía urbana de Ciudad del Cabo 2015–2018, townships periféricos y marginación histórica; análisis en cuatro escalas situadas.",1.0,"Diseño multiescalar (cuerpo, hogar, comunidad, ciudad) centrado en un subgrupo interseccional; el resumen no detalla técnicas de recogida.",4.0,medium,,1.0,"Propone incluir a residentes de bajos ingresos en las decisiones, reconocer prácticas informales e invertir en infraestructura acorde a realidades vividas.",1.0,Documenta cómo las mujeres 'navigated severe water scarcity' y reconoce sus prácticas informales de agua.,True,"Estudia a 'low-income women of color' de los townships: clase, género y raza como ejes entrelazados ante la escasez de agua.",1.0,"Posición interseccional, marginación histórica, escalas y propuestas de gobernanza forman un análisis coherente.",empirico_cualitativo,sequia,South Africa
312,0.0,No se puntúa: gate no superado.,0.0,No se puntúa: gate no superado.,0.0,No se puntúa: gate no superado.,0.0,No se puntúa: gate no superado.,0.0,low,,0.0,No se puntúa: gate no superado.,0.0,No se puntúa: gate no superado.,False,Analiza un solo eje (indígena-blanco); las 'intersecting oppressions' aparecen solo en una frase de vacío bibliográfico y meta de los movimientos.,0.0,No se puntúa: gate no superado.,empirico_cualitativo,mitigacion_transicion,United States
313,0.0,No aplica: gate no superado.,0.0,No aplica: gate no superado.,0.0,No aplica: gate no superado.,0.0,No aplica: gate no superado.,0.0,low,,0.0,No aplica: gate no superado.,0.0,No aplica: gate no superado.,False,"La intersección analizada es entre sofocos internos y calor externo; género y edad solo están implícitos en la población, sin relacionarse analíticamente.",0.0,No aplica: gate no superado.,empirico_cualitativo,calor_extremo,Israel
314,0.0,No se puntúa: gate no superado.,0.0,No se puntúa: gate no superado.,0.0,No se puntúa: gate no superado.,0.0,No se puntúa: gate no superado.,0.0,medium,,0.0,No se puntúa: gate no superado.,0.0,No se puntúa: gate no superado.,False,"La interseccionalidad figura como factor que moldea las visiones juveniles, sin nombrar ni relacionar categorías; eje único: juventud.",0.0,No se puntúa: gate no superado.,empirico_cualitativo,cambio_climatico_general,Canada
316,0.0,No se puntúa: gate no superado.,0.0,No se puntúa: gate no superado.,0.0,No se puntúa: gate no superado.,0.0,No se puntúa: gate no superado.,0.0,high,,0.0,No se puntúa: gate no superado.,0.0,No se puntúa: gate no superado.,False,Solo menciona la 'intersectional rage' de Audre Lorde como recurso; no aparecen ejes de diferenciación social ni su relación.,0.0,No se puntúa: gate no superado.,conceptual_teorico,cambio_climatico_general,No especificado
317,0.5,Habla de 'more overlapping sources of stress and marginalization': lógica acumulativa; los grupos se listan por separado.,0.5,"Nombra 'long-standing injustices' y menos recursos, sin teorizar estructuras ni mecanismos.",0.5,Costa Oeste de Estados Unidos tras grandes incendios forestales; contexto poco desarrollado.,0.5,Entrevistas a 13 gestores de casos con teoría fundamentada; subgrupos descritos sin análisis interaccional ni voz directa de las familias.,2.0,medium,,0.5,"Implicaciones para la práctica: priorizar fortalezas familiares y atender injusticias de larga data, sin desarrollo crítico.",1.0,"Documenta cómo los padres movilizan su capacidad parental para asegurar seguridad, pertenencia, rutinas y conexiones.",True,"Familias indígenas, LGBTQ, inmigrantes y de bajos ingresos; 'multiply marginalized' articula ejes superpuestos de marginación ante incendios.",0.5,"Marginación múltiple y resiliencia parental se conectan, pero sin explicación estructural ni contexto situado.",empirico_cualitativo,incendio_forestal,United States
318,1.0,"Centra la posición de los hogares encabezados por mujeres, donde género y clase se entrelazan con la injusticia ambiental.",1.0,"Violencia estructural, precariedad económica y 'systemic failures'; marco de justicia social y perspectiva ecosocial feminista.",0.5,Inundaciones recurrentes 2022–2024 en KwaZulu-Natal y Eastern Cape; contexto nombrado sin historia ni análisis político.,1.0,Entrevistas en profundidad a 18 sobrevivientes jefas de hogar: muestreo intencional de un subgrupo interseccional.,3.5,high,,1.0,Aboga por una praxis de trabajo social feminista y ecojusta y por una reducción del riesgo sensible al género.,1.0,"Las participantes fueron 'first responders, organisers, and caregivers' ante la ausencia estatal; estrategias de resiliencia.",True,"Analiza 'how gender, class, and environmental injustice intersect' en hogares encabezados por mujeres de zonas rurales y asentamientos informales.",1.0,"Posición género-clase, violencia estructural, agencia y propuesta de justicia se articulan de forma coherente.",empirico_cualitativo,inundacion,South Africa
320,1.0,Centra la posición específica de mujeres dalit rurales y cómo la crisis climática profundiza desigualdades de género y casta.,0.5,Nombra la discriminación por género y casta sin teorizar mecanismos estructurales.,0.5,"Cuatro comunidades dalit rurales del suroeste de Bangladesh, muy expuestas al cambio climático; sin historia ni política.",1.0,16 entrevistas en profundidad y 4 grupos focales con mujeres dalit: muestreo intencional de un subgrupo interseccional.,1.5,medium,,0.0,Descriptivo de experiencias de salud; no plantea implicaciones de justicia ni propuestas.,0.0,"Las mujeres narran dolencias y angustia; no se documentan estrategias, resistencias ni saberes.",True,Mujeres dalit pobres: 'the intersection of gender- and caste-based discrimination' se profundiza con los impactos climáticos.,0.5,"Posición interseccional e impactos climáticos se conectan, pero sin estructura teorizada ni dimensión crítica.",empirico_cualitativo,cambio_climatico_general; calor_extremo,Bangladesh
327,0.0,No se puntúa: gate no superado.,0.0,No se puntúa: gate no superado.,0.0,No se puntúa: gate no superado.,0.0,No se puntúa: gate no superado.,0.0,medium,,0.0,No se puntúa: gate no superado.,0.0,No se puntúa: gate no superado.,False,"'Intersectional vulnerabilities ... experienced by women and girls': etiqueta sobre el eje de género; la intersección declarada es clima–VBG, no entre categorías.",0.0,No se puntúa: gate no superado.,empirico_cualitativo,cambio_climatico_general,Uganda
328,0.5,"Concibe identidades a través de múltiples ejes e impactos interseccionales, pero como agenda; no analiza co-construcciones concretas.",0.5,"Señala que intervenciones climáticas aumentan desigualdades y la necesidad de epistemologías plurales, sin teorizar estructuras.",0.0,Revisión global sin anclaje histórico ni geográfico.,0.0,"Revisión que propone métodos participativos interseccionales, sin operacionalización empírica propia.",1.5,medium,,1.0,"Métodos para 'co-produce climate justice', considerados cruciales para la justicia epistémica y climática.",1.0,"Centra la coproducción de conocimiento, la participación ciudadana y la narración basada en la experiencia de las personas.",True,"Nombra ejes (género, raza/etnia, clase, edad, capacidad, sexualidad, ciudadanía) cuyas identidades conjuntas determinan cómo afecta el cambio climático.",0.5,"Articula brechas interseccionales, métodos participativos y justicia, pero sin un análisis situado que los integre.",revision,cambio_climatico_general,Global
329,0.0,No se puntúa: gate no superado.,0.0,No se puntúa: gate no superado.,0.0,No se puntúa: gate no superado.,0.0,No se puntúa: gate no superado.,0.0,high,,0.0,No se puntúa: gate no superado.,0.0,No se puntúa: gate no superado.,False,La interseccionalidad aparece solo como vacío pendiente ('exploring intersectionality'); no hay ejes de diferenciación social.,0.0,No se puntúa: gate no superado.,revision,cambio_climatico_general,Africa
330,0.0,No se puntúa: gate no superado.,0.0,No se puntúa: gate no superado.,0.0,No se puntúa: gate no superado.,0.0,No se puntúa: gate no superado.,0.0,medium,,0.0,No se puntúa: gate no superado.,0.0,No se puntúa: gate no superado.,False,"Revisa literatura sobre interseccionalidad y adaptación, pero no nombra ni relaciona ejes; solo alude a 'identity-based vulnerability' y agenda teórica.",0.0,No se puntúa: gate no superado.,revision,cambio_climatico_general,Global
332,0.0,No se puntúa: gate no superado.,0.0,No se puntúa: gate no superado.,0.0,No se puntúa: gate no superado.,0.0,No se puntúa: gate no superado.,0.0,medium,,0.0,No se puntúa: gate no superado.,0.0,No se puntúa: gate no superado.,False,Aplica la interseccionalidad como lente para exponer lógicas institucionales tecnocráticas; no menciona ni relaciona categorías de diferenciación social.,0.0,No se puntúa: gate no superado.,empirico_cualitativo,mitigacion_transicion,Sweden
334,0.0,No se puntúa: gate no superado.,0.0,No se puntúa: gate no superado.,0.0,No se puntúa: gate no superado.,0.0,No se puntúa: gate no superado.,0.0,high,,0.0,No se puntúa: gate no superado.,0.0,No se puntúa: gate no superado.,False,"El 'intersectional analysis' cruza poder, salud y cambio ambiental; los grupos de 'lower power' no se desagregan por categorías sociales.",0.0,No se puntúa: gate no superado.,conceptual_teorico,cambio_climatico_general,Global
335,0.0,No aplica: gate no superado.,0.0,No aplica: gate no superado.,0.0,No aplica: gate no superado.,0.0,No aplica: gate no superado.,0.0,medium,,0.0,No aplica: gate no superado.,0.0,No aplica: gate no superado.,False,"La interseccionalidad es un valor de las activistas; género y edad describen la población, pero no se articulan como ejes relacionados.",0.0,No aplica: gate no superado.,empirico_cualitativo,cambio_climatico_general,Global
336,0.0,No se puntúa: gate no superado.,0.0,No se puntúa: gate no superado.,0.0,No se puntúa: gate no superado.,0.0,No se puntúa: gate no superado.,0.0,medium,,0.0,No se puntúa: gate no superado.,0.0,No se puntúa: gate no superado.,False,"El 'Intersectional Framework' del título no se desarrolla; solo menciona 'vulnerable groups' y brecha socioeconómica, sin ejes relacionados.",0.0,No se puntúa: gate no superado.,conceptual_teorico,desastres_multiples,Indonesia
339,0.0,No se puntúa: gate no superado.,0.0,No se puntúa: gate no superado.,0.0,No se puntúa: gate no superado.,0.0,No se puntúa: gate no superado.,0.0,high,,0.0,No se puntúa: gate no superado.,0.0,No se puntúa: gate no superado.,False,"Eje único (edad/edadismo); el 'intersectional lens' se refiere a colaboración intergeneracional, sin relacionar otra categoría social.",0.0,No se puntúa: gate no superado.,conceptual_teorico,cambio_climatico_general,India
340,0.5,"Género, raza y especie se nombran como jerarquías conjuntas, pero las críticas (varones, Sur Global, especies) se enumeran por separado.",1.0,Critica capitalismo y globalización económica que 'prioritize Global North interests'; propone reparaciones por deuda ecológica.,0.5,"Alude a 'historical and contemporary case studies' y a la brecha Norte-Sur, sin situar un contexto concreto.",0.0,Libro conceptual; no describe un método que operacionalice intersecciones.,1.5,medium,,1.0,"Propone justicia climática multiespecie, tipificar el ecocidio como crimen internacional y alternativas al capitalismo.",0.0,"No aborda agencia, resistencia ni saberes de los sujetos afectados.",True,"Analiza cómo 'gender, race, and species hierarchies shape experiences of and responses to the climate emergency' desde un marco interseccional.",0.5,"La crítica estructural se enlaza con la propuesta de justicia, pero los ejes sociales no se articulan entre sí.",conceptual_teorico,cambio_climatico_general,Global
346,0.5,"Género y edad aparecen como 'social categories' enumeradas, sin mostrar cómo se co-construyen.",0.5,"Examina si las desigualdades '(re)create power and exclusion' en el movimiento, sin nombrar estructuras concretas.",0.5,"Sitúa el caso en Fridays For Future Austria desde 2018, con contexto sociopolítico limitado.",0.5,"Métodos mixtos con tres lentes interseccionales, sin describir análisis de interacciones entre categorías.",2.0,medium,,0.5,"Evalúa inclusión y diversidad en un movimiento por la justicia climática, sin desarrollar propuestas transformadoras.",1.0,"Analiza el encuadre, la motivación y la estrategia de inclusión de las propias personas activistas.",True,Analiza con marcos interseccionales cómo categorías sociales como género y edad configuran el movimiento y el encuadre de sus activistas.,0.5,"Los tres lentes conectan categorías, poder y activismo, pero de forma más programática que analítica.",empirico_mixto,cambio_climatico_general,Austria
348,0.0,No se evalúa: gate no superado.,0.0,No se evalúa: gate no superado.,0.0,No se evalúa: gate no superado.,0.0,No se evalúa: gate no superado.,0.0,low,,0.0,No se evalúa: gate no superado.,0.0,No se evalúa: gate no superado.,False,"Declara 'an intersectional approach', pero solo trabaja subalternidad indígena y relación humano/no humano, sin dos ejes sociales relacionados.",0.0,No se evalúa: gate no superado.,conceptual_teorico,cambio_climatico_general,India
349,0.5,La desventaja interseccional se cita como antecedente de otros sociólogos; el análisis se centra en raza y migración.,1.0,Marco antirracista: la narrativa de migración climática 'further marginalization' del Sur Global y limita el acceso a recursos urbanos.,0.5,"Reasentamiento en Norteamérica y proyecto de huerto de tres años, sin mayor anclaje histórico o político.",0.5,"Diseño participativo co-creado con jóvenes recién llegados de color, sin análisis explícito de intersecciones.",2.0,medium,,1.0,Busca 'dis/orient' la literatura normativa y adopta una praxis antirracista en el huerto comunitario.,1.0,"Documenta el trabajo participativo, corporal y discursivo con que los jóvenes restablecen vínculos con la tierra.",True,"Sitúa a jóvenes refugiados racializados como 'intersectionally disadvantaged', relacionando raza, estatus migratorio y edad.",0.5,"Crítica antirracista, método y agencia se conectan, pero la dimensión interseccional queda como antecedente.",empirico_cualitativo,cambio_climatico_general,North America
350,0.0,No se puntúa: gate no superado.,0.0,No se puntúa: gate no superado.,0.0,No se puntúa: gate no superado.,0.0,No se puntúa: gate no superado.,0.0,medium,,0.0,No se puntúa: gate no superado.,0.0,No se puntúa: gate no superado.,False,Enumera 'communities of color and vulnerable populations' y pide un 'intersectional approach'; raza y clase no se relacionan entre sí.,0.0,No se puntúa: gate no superado.,conceptual_teorico,mitigacion_transicion,No especificado
351,1.0,"'overlapping identities including age, marital status, and religion magnifying vulnerability' dentro de la experiencia de género.",0.5,"Invoca 'intersecting systems of power and oppression' y la violencia de género, sin teorizar mecanismos concretos.",1.0,Comunidades costeras de Khulna afectadas por ciclones; reconoce que los impactos varían entre comunidades y busca soluciones locales.,1.0,"Análisis temático con lente interseccional que reporta impactos diferenciados por edad, estado civil y religión superpuestos al género.",2.5,high,,1.0,Ofrece 'actionable recommendations' para la justicia climática y la equidad de género en salud sexual y reproductiva.,0.5,"Las participantes identifican soluciones, pero la agencia aparece de forma marginal frente a la vulnerabilidad.",True,"Explora cómo las identidades entrecruzadas de mujeres y niñas (edad, estado civil, religión) moldean su vulnerabilidad climática.",0.5,"Marco, diseño, hallazgos y recomendaciones se enlazan, aunque el poder estructural queda genérico.",empirico_cualitativo,ciclon_huracan_tormenta; cambio_climatico_general,Bangladesh
353,0.0,No se puntúa: gate no superado.,0.0,No se puntúa: gate no superado.,0.0,No se puntúa: gate no superado.,0.0,No se puntúa: gate no superado.,0.0,high,,0.0,No se puntúa: gate no superado.,0.0,No se puntúa: gate no superado.,False,'Addressing intersectionality' es un ítem más en una lista de elementos de equidad distributiva; no hay ejes sociales relacionados.,0.0,No se puntúa: gate no superado.,conceptual_teorico,cambio_climatico_general,Global
354,1.0,Interpreta la clasificación cruzada raza-sexo como posición combinada: las mujeres blancas presentan el mayor riesgo suicida.,0.0,Enfoque epidemiológico; no alude a estructuras de poder ni a mecanismos sociales.,0.5,"Carolina del Norte, 2008–2021; contexto geográfico sin anclaje sociohistórico.",1.0,"Modelos de Poisson mixtos con análisis interseccional por raza, sexo, etnia y subtipo de TDAH.",1.0,high,,0.0,"Recomienda intervenciones clínicas focalizadas y resiliencia climática en salud pediátrica, sin dimensión de justicia.",0.0,"Los jóvenes aparecen solo como visitas a urgencias, sin agencia.",True,"Los 'intersectional models' estiman cómo varía el riesgo por raza, sexo y etnia; las mujeres blancas muestran el mayor riesgo suicida.",0.5,"Método e identidades combinadas se articulan, pero el hallazgo no se explica con poder ni contexto.",empirico_cuantitativo,calor_extremo,United States
355,0.0,No se puntúa: gate no superado.,0.0,No se puntúa: gate no superado.,0.0,No se puntúa: gate no superado.,0.0,No se puntúa: gate no superado.,0.0,medium,,0.0,No se puntúa: gate no superado.,0.0,No se puntúa: gate no superado.,False,"'Intersecting gender norms, limited access to resources...' cruza género con factores no categoriales; la 'intersection of gender and disaster' es temática.",0.0,No se puntúa: gate no superado.,empirico_mixto,inundacion,Turkey
356,0.5,"Combina sistemas coloniales y neoliberales, pero no analiza cómo se co-construyen las posiciones de edad, nación y clase.",0.5,"Nombra la colonización y las políticas neoliberales como estructuras, sin detallar sus mecanismos.",0.5,"Contexto palestino bajo colonización y economía de resistencia, descrito brevemente.",0.0,No describe método ni operacionaliza intersecciones.,2.0,low,,1.0,"Enmarca las cooperativas en la resistencia anticolonial, el poder comunitario y la soberanía alimentaria.",1.0,Presenta a los jóvenes como 'actors of change' con saberes agroecológicos y redes de apoyo.,True,"Cruza medidas coloniales y políticas neoliberales sobre jóvenes palestinos: colonialidad, clase y edad aparecen como sistemas combinados.",0.5,"Estructuras, contexto y agencia se enlazan, pero el análisis de posiciones entrelazadas es débil.",empirico_cualitativo,cambio_climatico_general; sequia,Palestine
360,0.0,No se evalúa: gate no superado.,0.0,No se evalúa: gate no superado.,0.0,No se evalúa: gate no superado.,0.0,No se evalúa: gate no superado.,0.0,medium,,0.0,No se evalúa: gate no superado.,0.0,No se evalúa: gate no superado.,False,"Propone enfoques 'intersectional, decolonial' en una lista, pero solo trabaja la edad (niñez y juventud) sin relacionarla con otros ejes.",0.0,No se evalúa: gate no superado.,revision,inundacion,Global
362,0.0,No se puntúa: gate no superado.,0.0,No se puntúa: gate no superado.,0.0,No se puntúa: gate no superado.,0.0,No se puntúa: gate no superado.,0.0,low,,0.0,No se puntúa: gate no superado.,0.0,No se puntúa: gate no superado.,False,"'Intersectional injustices' se atribuye a otra literatura; el eje trabajado es indígena/colonial, sin relacionarlo con otra categoría social.",0.0,No se puntúa: gate no superado.,conceptual_teorico,mitigacion_transicion,Brazil
363,1.0,Muestra cómo género y responsabilidades económicas y de cuidado se combinan para impedir el descanso y agravar los riesgos del embarazo.,1.0,"Inequidades estructurales, carga laboral, infraestructura sanitaria deficiente y respuesta política limitada explican la vulnerabilidad.",1.0,"Provincia de Sindh, trabajo agrícola y doméstico, sistema de salud local; reconoce efectos diferenciados entre mujeres.",0.5,"Análisis de un informe, revisión y etnografía previa; describe subgrupos sin análisis interaccional explícito.",3.0,medium,,1.0,Enmarca la salud materna en la justicia climática y exige intervenciones urgentes sobre determinantes sociales y ambientales.,0.0,Las mujeres aparecen solo como vulnerables; no se documenta agencia.,True,"El calor 'intersects with other structured social identities and roles': género, posición económica y roles de cuidado y trabajo agrícola.",1.0,"Las inequidades estructurales explican posiciones entrelazadas que, en su contexto, moldean la vulnerabilidad al calor.",conceptual_teorico,calor_extremo,Pakistan
364,0.0,No se puntúa: gate no superado.,0.0,No se puntúa: gate no superado.,0.0,No se puntúa: gate no superado.,0.0,No se puntúa: gate no superado.,0.0,high,,0.0,No se puntúa: gate no superado.,0.0,No se puntúa: gate no superado.,False,Anuncio de congreso; interseccionalidad solo en keywords y enfoque 'intersectoral'; habla de 'groups experiencing disadvantages' sin ejes.,0.0,No se puntúa: gate no superado.,otro,cambio_climatico_general,Europe
366,0.0,No se puntúa: gate no superado.,0.0,No se puntúa: gate no superado.,0.0,No se puntúa: gate no superado.,0.0,No se puntúa: gate no superado.,0.0,medium,,0.0,No se puntúa: gate no superado.,0.0,No se puntúa: gate no superado.,False,"Las 'intersectional narratives' conectan la justicia climática con luchas comunitarias; son cruces temáticos, no entre categorías sociales.",0.0,No se puntúa: gate no superado.,conceptual_teorico,cambio_climatico_general,South Africa
367,0.0,No se evalúa: gate no superado.,0.0,No se evalúa: gate no superado.,0.0,No se evalúa: gate no superado.,0.0,No se evalúa: gate no superado.,0.0,medium,,0.0,No se evalúa: gate no superado.,0.0,No se evalúa: gate no superado.,False,"Invoca 'intersectional systems of oppression' y prácticas racializadas, pero solo menciona 'men and women' sin relacionar género y raza.",0.0,No se evalúa: gate no superado.,empirico_cuantitativo,cambio_climatico_general,Nigeria
369,0.5,"Género y territorio se contrastan como contextos rurales y urbanos, sin analizar cómo se co-construyen.",0.0,"Solo alude a 'pre-existing inequalities'; el foco está en estrategias individuales de afrontamiento, sin estructuras.",0.5,"Zona centro-sur de Chile y contraste rural-urbano, con contexto superficial.",0.5,Muestra intencional de estudiantes universitarias rurales y urbanas; comparación descriptiva sin análisis interaccional.,1.5,medium,,0.5,"Recomienda integrar el enfoque de género interseccional en la gestión del riesgo, sin desarrollarlo.",1.0,"Documenta 'active agency': confrontación directa, búsqueda de apoyo social y lazos comunitarios en la emergencia.",True,"Analiza desde una perspectiva interseccional 'how gender and territory influence their responses', comparando mujeres rurales y urbanas.",0.5,"Territorio y agencia se vinculan, pero sin explicación estructural de las desigualdades.",empirico_cualitativo,desastres_multiples,Chile
371,1.0,"Muestra una exclusión específica de mujeres de comunidades rurales de minorías étnicas, producida por el cruce de género, etnia, clase y localidad.",1.0,"Gobernanza urbana estatal, sistemas rurales patriarcales, subrepresentación decisoria y normas de género como restricciones estructurales.",1.0,"Compara comunidades urbanas, rurales y rurales de minorías en China y atiende el 'intersectional impact of regional contexts'.",1.0,"Diseño cualitativo en cuatro comunidades elegidas por localidad y etnicidad, que opera las intersecciones.",4.0,high,,1.0,Formula recomendaciones para una gobernanza del riesgo más inclusiva y vías de empoderamiento.,1.0,"Documenta cuidados, redes informales, habilidades comunicativas y prácticas culturales de las mujeres en preparación y recuperación.",True,"'Intersectionality elucidates how ethnicity, socioeconomic status, and locality intersect with gender to deepen exclusion'.",1.0,"Las restricciones estructurales explican la exclusión interseccional según contexto, y se contrastan con la agencia femenina.",empirico_cualitativo,desastres_multiples,China
373,0.0,No se puntúa: gate no superado.,0.0,No se puntúa: gate no superado.,0.0,No se puntúa: gate no superado.,0.0,No se puntúa: gate no superado.,0.0,medium,,0.0,No se puntúa: gate no superado.,0.0,No se puntúa: gate no superado.,False,"'Intersectional risks of heat exposure, homelessness, and methamphetamine use' combina riesgos; correlatos en regresión separados, sin cruce de categorías sociales.",0.0,No se puntúa: gate no superado.,empirico_cuantitativo,calor_extremo,United States
374,1.0,"Interpreta las interacciones como posiciones combinadas: hombres solteros, hombres casados y mujeres casadas difieren entre sí.",0.0,No vincula las diferencias con estructuras de poder ni con mecanismos sociales.,0.5,Feligreses cristianos de Nigeria en el Sur Global; contexto religioso descrito superficialmente.,1.0,Análisis multivariado con interacciones género × estado civil sobre cuatro variables latentes.,1.5,high,,0.0,"Resultados descriptivos, sin implicaciones de justicia ni propuestas transformadoras.",0.5,"Mide la acción climática de los feligreses como variable, sin documentar estrategias propias.",True,Encuentra 'significant interactions between gender and marital status' y concluye sobre 'the intersectionality of gender and marital status'.,0.5,"Método e identidades combinadas se articulan, pero sin explicación estructural ni contextual.",empirico_cuantitativo,cambio_climatico_general,Nigeria
375,0.0,No se puntúa: gate no superado.,0.0,No se puntúa: gate no superado.,0.0,No se puntúa: gate no superado.,0.0,No se puntúa: gate no superado.,0.0,low,,0.0,No se puntúa: gate no superado.,0.0,No se puntúa: gate no superado.,False,"Afirma que 'different dimensions of identity' determinan impactos desiguales, sin relacionarlas entre sí; el resto trata uso del suelo y planificación.",0.0,No se puntúa: gate no superado.,conceptual_teorico,cambio_climatico_general; mitigacion_transicion,Global
376,0.5,"Clase y raza se nombran juntas en el título, pero el abstract no muestra cómo se co-construyen.",1.0,"Critica extractivismo, explotación corporativa, negligencia estatal y el impacto del capitalismo; 'state and corporate violence'.",0.5,"Se centra en el caso Bumbeș contra Rumanía, sin describir su contexto histórico o político.",0.0,Análisis de un caso jurídico; no describe método que opere intersecciones.,2.0,low,,1.0,Orientado a la justicia climática y al 'systemic change' frente a estructuras opresivas.,1.0,Destaca 'diverse grassroots resistance efforts' y el activismo de base que desafía estructuras opresivas.,True,El título relaciona 'class and racial privilege and marginalisation' y el caso se analiza con una lente de justicia climática interseccional.,0.5,"Crítica estructural y resistencia se enlazan, pero la intersección de clase y raza no se desarrolla.",conceptual_teorico,cambio_climatico_general,Romania
377,1.0,"La diversificación beneficia a mujeres con tierra, crédito o escuela, pero empuja a las pobres en activos a trabajo precario.",1.0,'Everyday rules that allocate recognition and authority'; los grupos de ahorro 'reproduce class and marital hierarchies'.,1.0,"Condado de Kajiado, tres sitios ecológicamente distintos, pastoralismo ante sequía; explica por qué la capacidad adaptativa varía.",1.0,"Seis grupos focales en tres sitios; resultados condicionales por activos, edad y estado civil que operan las intersecciones.",4.0,high,,1.0,"Identifica palancas de política en apoyo laboral, diseño de garantías y gobernanza de grupos para pasar del afrontamiento a la adaptación.",1.0,"Documenta saberes ecológicos de mayores, diversificación de medios de vida y grupos colectivos de ahorro.",True,"Aplica una lente interseccional a mujeres pastoralistas y muestra cómo edad, activos, escolaridad y estado civil diferencian su capacidad adaptativa.",1.0,"La capacidad relacional integra reglas de poder, posiciones entrelazadas, contexto y estrategias en un argumento coherente.",empirico_cualitativo,sequia,Kenya
379,0.0,No se puntúa: gate no superado.,0.0,No se puntúa: gate no superado.,0.0,No se puntúa: gate no superado.,0.0,No se puntúa: gate no superado.,0.0,high,,0.0,No se puntúa: gate no superado.,0.0,No se puntúa: gate no superado.,False,Solo menciona muestreo de máxima variación para captar respuestas 'diverse and intersectional'; no nombra ni relaciona ejes sociales.,0.0,No se puntúa: gate no superado.,empirico_cualitativo,cambio_climatico_general,Ghana
380,0.0,No se puntúa: gate no superado.,0.0,No se puntúa: gate no superado.,0.0,No se puntúa: gate no superado.,0.0,No se puntúa: gate no superado.,0.0,medium,,0.0,No se puntúa: gate no superado.,0.0,No se puntúa: gate no superado.,False,"Las 'multiple intersectionalities' cruzan dimensiones social, económica, geográfica e infraestructural de vulnerabilidad, no ejes de diferenciación social.",0.0,No se puntúa: gate no superado.,revision,cambio_climatico_general,Global
381,0.5,"Género y limitaciones socioeconómicas se presentan como causas paralelas de vulnerabilidad, sin co-constitución.",0.5,"Nombra discriminación de género y acceso restringido a recursos y decisiones, sin teorizar mecanismos estructurales.",0.0,Generaliza sobre 'women in the Global South' sin situar contextos específicos.,0.0,"Revisión integradora de literatura, sin operacionalización de intersecciones.",1.0,medium,,1.0,"Propone una estrategia multinivel: políticas sensibles al género, liderazgo femenino y desmontar barreras culturales.",0.5,Menciona el liderazgo y la participación comunitaria de las mujeres de forma marginal.,True,"Se centra en 'the intersections of gender inequality, socioeconomic limitations, and climate vulnerability' de mujeres del Sur Global.",0.5,"Desigualdades, vulnerabilidad y recomendaciones se encadenan de forma básica, sin contexto ni método.",revision,cambio_climatico_general,Global South
382,0.0,No se puntúa: gate no superado.,0.0,No se puntúa: gate no superado.,0.0,No se puntúa: gate no superado.,0.0,No se puntúa: gate no superado.,0.0,medium,,0.0,No se puntúa: gate no superado.,0.0,No se puntúa: gate no superado.,False,Comunidades 'marginalised and low-income' e 'intersectional adaptation praxis' como encuadre; clase y espacio no se relacionan con otras categorías.,0.0,No se puntúa: gate no superado.,revision,calor_extremo,Global
384,0.5,"Género, raza y generación se enumeran como opresiones entrecruzadas, sin mostrar cómo se co-construyen.",0.5,"Examina críticamente la noción de vulnerabilidad y las 'institutional barriers' del litigio, sin teorizar mecanismos.",0.5,"Casos del Sur Global con 'unique socio-ecological and political challenges', descritos en forma general.",0.0,Volumen jurídico-conceptual; no operacionaliza intersecciones.,2.0,medium,,1.0,Evalúa límites e innovaciones del litigio 'in pursuit of intersectional climate justice'.,1.0,"Analiza el litigio impulsado por personas del Sur Global, sus estrategias y argumentos jurídicos novedosos.",True,"Aborda implicaciones 'intergenerational, gender, racial' para personas del Sur Global que enfrentan 'intersecting forms of oppression and marginalisation'.",0.5,"Opresiones entrecruzadas y justicia se conectan a través del litigio, pero los ejes no se analizan.",conceptual_teorico,cambio_climatico_general,Global South
385,0.5,"Clase, indigeneidad y género se listan como fuerzas entrecruzadas, sin analizar su co-constitución.",1.0,"Exclusiones 'embedded in how knowledge, technologies, and resources are produced and distributed' y jerarquías geopolíticas.",0.5,"Agricultura sudafricana y su dualismo comercial-campesino, sin detalle histórico.",0.0,Artículo de opinión basado en experiencia profesional; sin método empírico.,2.0,medium,,1.0,Propone un enfoque africano e interseccional que integre adaptación y justicia para agricultores marginados.,0.5,"Reclama incluir saberes indígenas y conocimiento de campo, sin documentar la agencia de los agricultores.",True,"Presenta como 'intersecting forces' la brecha comercial-pequeños productores, la erasión de saberes indígenas y las disparidades de género.",0.5,"La exclusión estructural se vincula con la propuesta de justicia, pero los ejes quedan listados.",conceptual_teorico,cambio_climatico_general,South Africa
386,0.5,"Enumera grupos marginados y plantea el análisis interseccional como propuesta, sin desarrollar la co-constitución.",0.5,"Atribuye el conflicto a 'structural, intersecting causes' y examina las omisiones de la JEP, sin teorizar mecanismos.",1.0,"Conflicto armado colombiano, construcción de paz y Jurisdicción Especial para la Paz; reconoce 'the situatedness' de los grupos.",0.0,Análisis institucional y conceptual; no operacionaliza intersecciones.,1.5,medium,,1.0,Perspectiva feminista y de construcción de paz; critica cómo la JEP ignora la dimensión climática de la violencia de género.,0.0,Los grupos aparecen como vulnerables; no se documenta agencia ni resistencia.,True,"Nombra comunidades indígenas y afrodescendientes, campesinado, mujeres, LGBTQIA+ y niñez, y propone analizar 'interlocking forms of oppression'.",0.5,"Contexto y crítica institucional se enlazan, pero el análisis interseccional queda como propuesta.",conceptual_teorico,cambio_climatico_general,Colombia
391,0.5,"Las subjetividades interseccionales se tratan como procesuales, pero solo se explicita el género junto a la condición pastoralista.",1.0,"Ecología política feminista: pérdida de acceso y control de la tierra, políticas del conocimiento y procesos 'systemic and deliberate'.",0.5,"Casos de pastoralistas afectados por la conservación en Kenia e India, sin mayor detalle contextual.",0.0,El abstract no describe un diseño que opere intersecciones.,2.0,low,,1.0,Critica la adaptación vertical como maladaptativa y señala oportunidades 'to counter marginalisation'.,0.5,"Menciona 'possibilities to challenge existing, gendered subjectivities', sin documentar estrategias concretas.",True,Analiza 'shifting intersectional subjectivities' y 'gendered subjectivities' de comunidades pastoralistas despojadas por la conservación: género y posición pastoralista.,0.5,"El poder explica el cambio de subjetividades en contexto, pero los ejes y el método quedan implícitos.",empirico_cualitativo,cambio_climatico_general,Kenya; India
392,0.5,"Los ejes se enumeran como características demográficas separadas, sin analizar su co-constitución.",0.0,"Trata los ejes como factores de riesgo individuales, sin teorizar estructuras de poder.",0.5,"Aotearoa Nueva Zelanda con presiones regionales costeras, rurales y metropolitanas, sin anclaje histórico o político.",0.0,Revisión de alcance; no operacionaliza intersecciones.,0.5,medium,,0.5,"Pide respuestas que atiendan los factores de riesgo subyacentes para proteger a poblaciones vulnerables, sin desarrollarlo.",0.0,Las poblaciones aparecen solo como vulnerables.,True,"Identifica etnicidad, edad, género, discapacidad y privación socioeconómica como factores de vulnerabilidad y los llama 'intersectional risk factors'.",0.0,"Factores, regiones y recomendaciones se yuxtaponen sin articulación analítica.",revision,cambio_climatico_general; calor_extremo; inundacion,New Zealand
394,0.5,"Nombra las intersecciones de discapacidad con género, raza y estatus LGBTQ+, sin mostrar posiciones combinadas concretas.",0.5,"Critica vacíos de los discursos y marcos dominantes de reducción del riesgo, sin teorizar mecanismos estructurales.",0.0,"Análisis general, sin situar contextos históricos o geográficos específicos.",0.0,Capítulo conceptual; no operacionaliza intersecciones.,1.0,medium,,1.0,"Deriva implicaciones para una reducción del riesgo inclusiva en alimentación, asistencia, desplazamiento y representación en decisiones.",0.5,"Propone centrar las experiencias de personas con discapacidad como fuente de conocimiento, sin documentar agencia.",True,"Explora 'the intersections of disability with other marginalized identities': género, raza o etnicidad y estatus LGBTQ+.",0.5,"Intersecciones y propuestas se conectan, pero sin contexto ni explicación estructural.",conceptual_teorico,cambio_climatico_general; desastres_multiples,Global
395,0.5,Identidades que se cruzan citadas entre otros factores; no precisa qué ejes ni cómo se co-construyen.,0.5,Comunidades 'marginalized and disempowered' y silenciamiento socializado; nombra la marginación sin teorizar mecanismos estructurales.,0.5,"Comunidades remotas, rurales y pequeñas de Canadá; énfasis en el lugar, con contexto sociohistórico poco desarrollado.",0.0,27 participantes diversos y análisis de redes temáticas; sin muestreo ni codificación por subgrupos interseccionales.,1.0,low,,0.5,Recomienda apoyar el afrontamiento colectivo con procesos situados e interseccionales; implicaciones de justicia poco desarrolladas.,0.5,Menciona consecuencias para la acción y el afrontamiento colectivo; agencia apenas desarrollada.,True,Hallazgo propio: 'the influence of intersecting identities' moldea las emociones climáticas; teoriza identidades que se cruzan sin nombrarlas (regla 3c).,0.5,"Lugar, marginación e identidades se vinculan a las emociones, pero la dimensión interseccional queda en una mención.",empirico_cualitativo,cambio_climatico_general,Canada
396,0.5,"La intersección edad-migración enmarca el estudio, pero los hallazgos se explican por factores psicosociales, sin co-constitución.",0.0,No alude a estructuras de poder; enfoque psicosocial y de curso de vida.,0.5,Inmigrantes de la ex URSS llegados a Israel en los años noventa; contexto sociopolítico no desarrollado.,0.5,Entrevistas y grupos focales con 28 inmigrantes mayores; subgrupo interseccional sin análisis interaccional reportado.,1.5,medium,,0.5,"Señala la necesidad de 'tailored support' para inmigrantes mayores, sin dimensión de justicia desarrollada.",1.0,Documenta 'strategies for acclimating and finding comfort' en el nuevo entorno climático.,True,Atribuye la vulnerabilidad a 'the intersection of advanced age and immigrant status' y usa un enfoque interseccional.,0.5,"El marco interseccional y las estrategias se conectan, sin explicación estructural.",empirico_cualitativo,cambio_climatico_general,Israel
397,0.0,No se evalúa: gate no superado.,0.0,No se evalúa: gate no superado.,0.0,No se evalúa: gate no superado.,0.0,No se evalúa: gate no superado.,0.0,medium,,0.0,No se evalúa: gate no superado.,0.0,No se evalúa: gate no superado.,False,"Menciona 'gender and ethnic inequalities' en Brasil como contexto, pero el análisis y la herramienta usan solo una lente de género.",0.0,No se evalúa: gate no superado.,conceptual_teorico,desastres_multiples,Brazil
398,0.5,"Sostiene que las vulnerabilidades se cruzan, pero no identifica ejes concretos ni analiza su co-construcción.",0.5,Critica la inequidad estructural del clima y la negativa institucional del TEDH; no teoriza sistemas de opresión específicos.,0.5,"Situado en el Convenio Europeo y la jurisprudencia climática del TEDH; contexto jurídico, sin historia ni geografía detalladas.",0.0,Trabajo jurídico-conceptual sin operacionalización empírica.,1.0,low,,1.0,Crítica explícita al umbral de condición de víctima y propuesta de repensar la vulnerabilidad en clave de justicia climática.,0.0,Los sujetos aparecen como víctimas potenciales; no se documenta agencia ni el litigio como resistencia.,True,"Teoriza 'intersecting vulnerabilities and inequalities' que moldean cómo grupos e individuos viven el clima; argumento central, sin nombrar categorías (regla 3c).",0.5,"La vulnerabilidad interseccional se conecta con la crítica jurídica, pero sin ejes concretos ni contexto social que la sostengan.",conceptual_teorico,cambio_climatico_general,Europe
401,0.0,No se puntúa: gate no superado.,0.0,No se puntúa: gate no superado.,0.0,No se puntúa: gate no superado.,0.0,No se puntúa: gate no superado.,0.0,medium,,0.0,No se puntúa: gate no superado.,0.0,No se puntúa: gate no superado.,False,"Lente de 'intersectionality and care' sobre mujeres; la intersección analizada es entre extremos climáticos, no entre categorías sociales.",0.0,No se puntúa: gate no superado.,empirico_cualitativo,sequia; inundacion; calor_extremo,India
404,0.0,No se evalúa: gate no superado.,0.0,No se evalúa: gate no superado.,0.0,No se evalúa: gate no superado.,0.0,No se evalúa: gate no superado.,0.0,medium,,0.0,No se evalúa: gate no superado.,0.0,No se evalúa: gate no superado.,False,"Destaca la interseccionalidad y enumera grupos LGBTQ+, con discapacidad o desplazados como agenda futura, sin relacionar ejes entre sí.",0.0,No se evalúa: gate no superado.,conceptual_teorico,cambio_climatico_general,Global South
405,0.0,No se puntúa: gate no superado.,0.0,No se puntúa: gate no superado.,0.0,No se puntúa: gate no superado.,0.0,No se puntúa: gate no superado.,0.0,high,,0.0,No se puntúa: gate no superado.,0.0,No se puntúa: gate no superado.,False,"Editorial: 'intersecting issues' alude a crisis entrelazadas; menciona 'diverse peoples, First Peoples' sin relacionar categorías sociales.",0.0,No se puntúa: gate no superado.,otro,cambio_climatico_general,Global
406,0.5,"Género y raza se nombran como factores entrecruzados, sin analizar cómo se co-construyen.",0.5,"Mapea estrategias estatales de justificación y la influencia de dinámicas geopolíticas, sin teorizar estructuras de dominación.",0.5,"Compara prácticas generales y específicas de contexto en el marco de la UE, con detalle limitado.",0.5,"Metodología participativa que incluye voces feministas y marginadas, sin análisis interaccional de categorías.",2.0,medium,,1.0,Propone fortalecer el papel de la UE en justificaciones de derechos humanos transparentes y sensibles al género.,0.5,"Incluye a la sociedad civil en la coproducción de conocimiento, sin documentar sus estrategias propias.",True,"Reconoce que los impactos climáticos y las narrativas de derechos 'are shaped by gender, race, and other intersecting factors'.",0.5,"La interseccionalidad se integra en el método participativo, pero no articula poder ni contexto.",empirico_mixto,cambio_climatico_general,Europe
411,0.0,No se puntúa: gate no superado.,0.0,No se puntúa: gate no superado.,0.0,No se puntúa: gate no superado.,0.0,No se puntúa: gate no superado.,0.0,high,,0.0,No se puntúa: gate no superado.,0.0,No se puntúa: gate no superado.,False,'Intersectional threat' califica la amenaza climática a la salud materna; solo trabaja el eje de género (mujeres gestantes).,0.0,No se puntúa: gate no superado.,conceptual_teorico,cambio_climatico_general,Sub-Saharan Africa
412,0.0,No se puntúa: gate no superado.,0.0,No se puntúa: gate no superado.,0.0,No se puntúa: gate no superado.,0.0,No se puntúa: gate no superado.,0.0,medium,,0.0,No se puntúa: gate no superado.,0.0,No se puntúa: gate no superado.,False,'Intersectional data feminism' y enfoque no binario se aplican solo al género; no se nombra ni relaciona otro eje.,0.0,No se puntúa: gate no superado.,conceptual_teorico,cambio_climatico_general; desastres_multiples,Global
415,0.0,No se puntúa: gate no superado.,0.0,No se puntúa: gate no superado.,0.0,No se puntúa: gate no superado.,0.0,No se puntúa: gate no superado.,0.0,low,,0.0,No se puntúa: gate no superado.,0.0,No se puntúa: gate no superado.,False,"La 'intersection of disability, conflict, and natural disasters' cruza un eje con crisis; el desplazamiento aparece como escenario, no como categoría.",0.0,No se puntúa: gate no superado.,conceptual_teorico,desastres_multiples,Global
416,1.0,Rechaza el enfoque aditivo: 'not sufficient to merely include disability as an add-on'; introduce la noción de 'lazy intersectionality'.,1.0,Critica el modelo médico/caritativo y las 'dynamics of power and knowledge' que definen quién es incluido como actor.,0.5,"Ejemplos de políticas de RRD 'in various contexts', sin situarlos en historia o geografía específicas.",0.0,"Capítulo conceptual, sin diseño empírico que opere las intersecciones.",2.0,medium,,1.0,"Propone un análisis interseccional desde la discapacidad para medidas de RRD 'available, accessible, and safe for all'.",0.5,La agencia aparece solo al discutir quién participa como stakeholder; no documenta estrategias propias.,True,"Articula discapacidad con otros ejes (género, edad, migración): 'the ways in which disability intersects with other axes of identity'.",0.5,"Poder, intersecciones y propuesta se conectan conceptualmente, pero sin contexto situado ni operacionalización empírica.",conceptual_teorico,desastres_multiples,Global
418,0.0,No se puntúa: gate no superado.,0.0,No se puntúa: gate no superado.,0.0,No se puntúa: gate no superado.,0.0,No se puntúa: gate no superado.,0.0,medium,,0.0,No se puntúa: gate no superado.,0.0,No se puntúa: gate no superado.,False,"Las 'intersectional alliances' son una crítica externa; las líneas de conflicto (edad, afectación global, élite) se presentan por separado.",0.0,No se puntúa: gate no superado.,empirico_cualitativo,cambio_climatico_general,Global
419,0.0,Gate no superado.,0.0,Gate no superado.,0.0,Gate no superado.,0.0,Gate no superado.,0.0,high,,0.0,Gate no superado.,0.0,Gate no superado.,False,"Describe género, ingreso del país, G7 y vulnerabilidad climática en porcentajes paralelos; la interseccionalidad solo aparece en la recomendación final.",0.0,Gate no superado; integración no evaluable.,empirico_cuantitativo,cambio_climatico_general,Global
420,1.0,Conceptualiza la vulnerabilidad 'as an embodiment of intersectional injustices and a positionality' de migrantes racializados y precarizados.,1.0,"Mecanismos explícitos: precariedad laboral y habitacional y acceso limitado a refugios, 'driven by neoliberal urbanism trends and systemic racism'.",1.0,"Situado en El Raval (Barcelona), barrios marginalizados y márgenes socioespaciales, con lectura de la posicionalidad migrante.",1.0,Fotografía participativa y entrevistas en profundidad con migrantes de países del 'majority world' en barrios marginalizados.,4.0,high,,1.0,Propone redefinir la adaptación justa incorporando saberes y prácticas cotidianas de residentes marginalizados; marco de justicia térmica.,1.0,Documenta 'radical adaptations': espacios autoorganizados y redes de solidaridad y resistencia.,True,"Relaciona estatus migratorio, racismo sistémico y precariedad laboral y habitacional como 'intersecting drivers of vulnerability'.",1.0,"Neoliberalismo urbano y racismo explican la posicionalidad interseccional, estudiada con métodos participativos en un barrio concreto y ligada a adaptaciones radicales.",empirico_cualitativo,calor_extremo,Spain
421,0.5,"Casta, clase, raza, religión e indigeneidad describen a los participantes, pero el análisis se centra en afectos multiespecie, no en su co-construcción.",0.5,"Cuestiona las macronarrativas de conservación y vulnerabilidad y nombra la racialización y la casta, sin teorizar mecanismos estructurales.",1.0,"Sundarbans, delta Ganges-Brahmaputra-Meghna, común transfronterizo India-Bangladesh; enfoque 'place-based' con categorías afectivas locales (lobh, bhaya, srodhya, biswas).",1.0,"Etnografía multisituada, 34 entrevistas y grupos focales con subgrupos interseccionales seleccionados: dalits, adivasis y musulmanes empobrecidos.",2.0,medium,,0.5,"Propone una 'intersectional multispecies justice' como aporte teórico, sin desarrollar orientación transformadora ni recomendaciones.",0.5,"Recupera historias subalternas y relaciones de respeto y confianza con el tigre, sin documentar explícitamente estrategias o resistencias.",True,"Participantes definidos por ejes entrelazados: 'impoverished and racialised low-caste Hindus', Adivasis y musulmanes habitantes del bosque.",0.5,"Contexto y muestreo situados se conectan con la justicia multiespecie, pero ejes y poder no se integran en la explicación.",empirico_cualitativo,cambio_climatico_general,India; Bangladesh
422,0.5,"Los ejes aparecen como procesos que se cruzan (vivienda, movilidad, etnicidad, nivel del mar), sin analizar posiciones co-construidas.",0.5,"Nombra actores del desarrollo urbano político y económico y desigualdades socioespaciales multidimensionales, sin teorizar mecanismos.",0.5,"Lagos: escasez de vivienda, fricciones étnicas y subida del nivel del mar, descritos brevemente.",0.5,Mapeo colaborativo con desplazados y tipologías de vivienda descriptivas; la lente interseccional se plantea como tarea futura.,1.5,low,,0.5,Preocupación ética por proteger a desplazados frente a actores del desarrollo urbano; propone soluciones prototípicas sin desarrollo político.,0.5,"Reconoce prácticas de vivienda, arraigo y 'ephemeral place-making' de los desplazados, de forma marginal.",True,Relaciona desplazamiento interno y etnicidad: 'demographic movements entangled with ethnic frictions' entre los procesos que producen desigualdad para desplazados.,0.5,Reflexión metodológica que conecta procesos y desigualdades de forma parcial; la integración interseccional queda anunciada.,empirico_cualitativo,nivel_mar_costas,Nigeria
423,0.5,"Menciona la interacción entre ejes, pero los hallazgos listan factores socioreligiosos, culturales, de género y conductuales por separado.",0.5,"Nombra clases socioeconómicas y factores institucionales, junto a factores culturales y conductuales, sin teorizar mecanismos estructurales.",0.5,"Distritos frágiles de Bannu y D I Khan (Pakistán), sin desarrollo histórico o político.",0.5,"Teoría fundamentada con narrativas de desplazados, mujeres, pequeños productores, arrendatarios sin tierra y jornaleros, como categorías separadas.",2.0,medium,,0.5,"Enfoque de justicia social declarado; recomienda incorporar narrativas comunitarias a políticas de adaptación, sin desarrollar transformación de desigualdades.",1.0,"Documenta estrategias: diversificación no agrícola, redes sociales y comunitarias, crédito informal.",True,"Relaciona clase, género y religión: 'the interplay between socio economic classes, religion, social networks, and gender dynamics'.",0.5,"Enfoque interseccional y estrategias se conectan en un marco interpretativo, pero los factores se yuxtaponen como lista.",empirico_cualitativo,cambio_climatico_general,Pakistan
424,0.0,No se puntúa: gate no superado.,0.0,No se puntúa: gate no superado.,0.0,No se puntúa: gate no superado.,0.0,No se puntúa: gate no superado.,0.0,high,,0.0,No se puntúa: gate no superado.,0.0,No se puntúa: gate no superado.,False,"Pide relatos 'intersectionally diverse' y enumera perspectivas críticas (feminista, racial, queer); no relaciona categorías sociales.",0.0,No se puntúa: gate no superado.,conceptual_teorico,cambio_climatico_general,Global
425,0.5,"El género es el eje central; oficio pesquero y posición Norte-Sur aparecen implícitos, sin análisis explícito de co-construcción.",1.0,"Impactos que 'shape, and are shaped by, the complex power dynamics of existing systems of inequality and oppression'; crítica al enfoque eurocéntrico.",1.0,Caso Asmania et al. v Holcim: isla de Pari (Indonesia) y encaje en el derecho civil suizo.,0.0,Perspectiva de practicante sin diseño empírico que opere intersecciones.,3.0,medium,,1.0,Sostiene que involucrar a las mujeres en el litigio cataliza una 'intersectional transformative climate action'; enfoque de pérdidas y daños.,1.0,Describe cómo las mujeres de Pari respondieron colectivamente a la crisis y cómo sus demandas orientaron el caso.,True,Articula género con posición de pescadoras de una isla indonesia frente al derecho suizo y el enfoque eurocéntrico del litigio.,1.0,"Poder, contexto del caso, respuesta colectiva de las mujeres y propuesta de litigio se articulan en un argumento coherente.",conceptual_teorico,cambio_climatico_general,Indonesia; Switzerland
426,0.5,"Grupos enumerados (personas sin hogar, con discapacidad) y 'intersectional disenfranchisement', sin analizar posiciones co-construidas específicas.",1.0,"Lógica de 'structures of violence', discurso neoliberal de resiliencia y contexto colono blanco; precariedad que exacerba el racismo.",1.0,"Perth (Australia Occidental), contexto colono blanco donde tolerar el calor es 'badge of honour'.",0.5,"Entrevistas semiestructuradas y grupos focales con personas sin hogar y con discapacidad, sin diseño interaccional explícito.",3.0,high,,1.0,Mapeo contrahegemónico del calor como crítica al sujeto resiliente neoliberal; busca ampliar planes de acción y refugios climáticos.,0.5,"Menciona 'resilience-in-the-making' y 'better weathering', pero los sujetos aparecen sobre todo inmovilizados y deshumanizados.",True,"Relaciona precariedad habitacional y energética, racismo y discapacidad: 'housing and energy precarity exacerbate entrenched racism'; 'intersectional disenfranchisement'.",1.0,"Estructuras de violencia explican la inseguridad térmica encarnada en posiciones de exclusión interseccional, estudiadas en Perth y convertidas en crítica política.",empirico_cualitativo,calor_extremo,Australia
427,0.0,No se puntúa: gate no superado.,0.0,No se puntúa: gate no superado.,0.0,No se puntúa: gate no superado.,0.0,No se puntúa: gate no superado.,0.0,high,,0.0,No se puntúa: gate no superado.,0.0,No se puntúa: gate no superado.,False,Interseccionalidad solo en keywords; menciona 'marginalized communities' sin ejes de diferenciación ni su relación.,0.0,No se puntúa: gate no superado.,empirico_mixto,cambio_climatico_general,United States
429,0.5,"Afirma que las emociones se viven de forma interseccional en la migración generizada, sin analizar cómo se co-construyen los ejes.",0.5,"Señala que la migración puede mantener 'underlying structural inequalities' y precariedad, sin teorizar mecanismos.",0.5,"Trabajo de campo en tierras bajas del Pacífico guatemalteco y noroeste nicaragüense, mencionado sin detalle.",0.0,Nota de perspectiva; se apoya en trabajo de campo sin describir un diseño que opere intersecciones.,1.0,medium,,0.0,"Propósito analítico (incluir emociones en la investigación), sin orientación explícita a la justicia o la transformación.",0.5,"Reconoce aspiración y toma de decisiones migratorias como parte de estrategias de sustento, sin documentarlas.",True,Relaciona género y migración laboral en hogares rurales campesinos: 'This migration is gendered'; emociones 'experienced intersectionally'.,0.5,"Emoción, género e interseccionalidad se conectan en una propuesta analítica, sin integrar poder ni contexto.",conceptual_teorico,cambio_climatico_general,Guatemala; Nicaragua
430,0.0,No se puntúa: gate no superado.,0.0,No se puntúa: gate no superado.,0.0,No se puntúa: gate no superado.,0.0,No se puntúa: gate no superado.,0.0,low,,0.0,No se puntúa: gate no superado.,0.0,No se puntúa: gate no superado.,False,'Intersecting inequalities' se atribuye a los jóvenes como un solo grupo; el análisis se centra en el sesgo de edad.,0.0,No se puntúa: gate no superado.,revision,cambio_climatico_general,Global
431,0.0,Gate no superado.,0.0,Gate no superado.,0.0,Gate no superado.,0.0,Gate no superado.,0.0,high,,0.0,Gate no superado.,0.0,Gate no superado.,False,Estratifica por raza/etnia y por experiencia de discriminación por separado; 'intersectional equity issues' solo aparece en la conclusión.,0.0,Gate no superado; integración no evaluable.,empirico_cuantitativo,calor_extremo; cambio_climatico_general,United States
432,0.0,No se puntúa: gate no superado.,0.0,No se puntúa: gate no superado.,0.0,No se puntúa: gate no superado.,0.0,No se puntúa: gate no superado.,0.0,medium,,0.0,No se puntúa: gate no superado.,0.0,No se puntúa: gate no superado.,False,Pide perspectiva 'intersectional and especially gender-sensitive' y menciona aparte a comunidades indígenas; género e indigeneidad no se relacionan.,0.0,No se puntúa: gate no superado.,conceptual_teorico,cambio_climatico_general,Mexico; Bangladesh; Pacific Islands
435,1.0,Centra una posición específica (personas BIPOC con discapacidad) donde racismo ambiental y capacitismo se entrelazan y agravan vulnerabilidades.,1.0,Mecanismos estructurales explícitos: 'redlining and poor infrastructure in BIPOC communities' que agravan riesgos de salud climáticos.,0.5,"Referencia al redlining y a comunidades BIPOC, sin lugar ni historia específicos desarrollados.",0.0,Capítulo conceptual sin operacionalización empírica.,2.0,medium,,1.0,Aboga por un marco de justicia climática que centre a BIPOCeD para una adaptación equitativa.,0.5,"Reconoce 'lived experiences and embodied knowledge' de BIPOCeD como base normativa, sin documentar estrategias.",True,Articula raza y discapacidad en la categoría BIPOCeD: 'the intersection of environmental racism and ableism'.,0.5,"Racismo, capacitismo y justicia se articulan conceptualmente, pero sin contexto situado ni método que complete el análisis.",conceptual_teorico,cambio_climatico_general; desastres_multiples,United States
436,0.0,No se puntúa: gate no superado.,0.0,No se puntúa: gate no superado.,0.0,No se puntúa: gate no superado.,0.0,No se puntúa: gate no superado.,0.0,medium,,0.0,No se puntúa: gate no superado.,0.0,No se puntúa: gate no superado.,False,"'Addressing intersectional inequalities' es una recomendación; los grupos ('marginalized communities, underrepresented stakeholders') se enumeran sin relacionarse.",0.0,No se puntúa: gate no superado.,conceptual_teorico,mitigacion_transicion,Global
438,0.5,"Examina 'multiple dimensions' de la vulnerabilidad, pero el análisis enfatiza estrategias de género; la raza queda en la muestra.",0.5,"Adopta la ecología política feminista sin explicitar estructuras ni mecanismos (apartheid, racismo, patriarcado) en el abstract.",0.5,"Localidades de Durban (KwaZulu-Natal) e inundaciones; reconoce la naturaleza 'context-specific' de las respuestas, sin detalle histórico.",1.0,Entrevistas semiestructuradas y grupos focales con mujeres negras locales: muestreo intencional de un subgrupo interseccional.,2.0,medium,,1.0,Propone un enfoque 'bottom-up' que priorice estrategias de las mujeres para soluciones 'more equitable'.,1.0,"Estrategias basadas en «women's situated knowledge, cultural practices, and agency».",True,Población definida por género y raza ('local Black women') bajo un marco de interseccionalidad y ecología política feminista.,0.5,"Muestra, agencia y propuesta se conectan, pero la interseccionalidad no se integra con un análisis explícito del poder.",empirico_cualitativo,inundacion; cambio_climatico_general,South Africa
439,0.5,"Raza, género y sexualidad se enlazan vía ecofeminismo negro, pero el abstract los enumera como opresiones sin analizar su co-construcción.",1.0,"Interroga la autoridad epistemológica de normas cristianas occidentales e historias institucionales 'steeped in racial oppression, gender inequality'.",0.5,"Instituciones jesuitas tras Laudato Si' (2015), contexto institucional-histórico sin geografía concreta.",0.0,"Ensayo con un curso propio como caso, sin diseño empírico.",2.0,medium,,1.0,"Orientado a 'recognition, repair, and environmental justice' y a superar estrategias de sostenibilidad superficiales.",0.5,"Reconoce el saber ecofeminista negro y el compromiso encarnado, sin documentar agencia de sujetos concretos.",True,El ecofeminismo negro articula raza y género; plantea justicia 'racial and gender' y 'deeply intersectional work' de reparación.,0.5,"Crítica estructural y propuesta pedagógica se conectan, pero sin contexto situado ni método que integren el análisis.",conceptual_teorico,cambio_climatico_general,No especificado
440,0.0,Gate no superado.,0.0,Gate no superado.,0.0,Gate no superado.,0.0,Gate no superado.,0.0,low,,0.0,Gate no superado.,0.0,Gate no superado.,False,"La intersección es entre ocupación, limpieza étnica, ecocidio y cambio climático; solo hay un eje social (pueblo palestino).",0.0,Gate no superado; integración no evaluable.,conceptual_teorico,cambio_climatico_general,Palestine
443,0.0,No se puntúa: gate no superado.,0.0,No se puntúa: gate no superado.,0.0,No se puntúa: gate no superado.,0.0,No se puntúa: gate no superado.,0.0,medium,,0.0,No se puntúa: gate no superado.,0.0,No se puntúa: gate no superado.,False,"Eje único (discapacidad), 'framed through climate justice and intersectionality'; los retos socioeconómicos explican vulnerabilidad, no forman categoría relacionada.",0.0,No se puntúa: gate no superado.,empirico_cualitativo,cambio_climatico_general,Ghana
446,0.5,"Enumera factores interseccionales que suman riesgos ('compounded'), sin analizar posiciones co-construidas.",0.0,Habla de disparidades y vulnerabilidades sin nombrar estructuras de poder ni mecanismos.,0.0,Generaliza a países de ingresos bajos y medios y zonas desatendidas de países ricos.,0.0,Perspectiva sin diseño empírico.,0.5,medium,,0.5,"Busca 'equitable recovery' mediante herramientas de IA culturalmente adaptadas, sin desarrollar la dimensión de justicia.",0.5,"Propone 'co-designing AI tools with at-risk populations', reconocimiento marginal de agencia.",True,"Nombra ejes relacionados: 'compounded risks due to intersectional factors such as gender, socioeconomic status, rural residence, and cultural identity'.",0.0,Los factores interseccionales se mencionan al inicio y la propuesta tecnológica se yuxtapone sin articulación analítica.,conceptual_teorico,desastres_multiples; cambio_climatico_general,Global
448,0.0,No se puntúa: gate no superado.,0.0,No se puntúa: gate no superado.,0.0,No se puntúa: gate no superado.,0.0,No se puntúa: gate no superado.,0.0,low,,0.0,No se puntúa: gate no superado.,0.0,No se puntúa: gate no superado.,False,Marco 'intersectional' aplicado a mujeres; 'structural inequalities' sin especificar y 'other marginalized populations' listadas aparte; ubicación geográfica como contexto.,0.0,No se puntúa: gate no superado.,conceptual_teorico,cambio_climatico_general,Global
450,0.5,"Los ejes sitúan a los sujetos en posiciones '(dis)advantageous', pero el abstract no muestra cómo se co-construyen.",1.0,Una 'sophisticated infrastructure' de exportación laboral produce 'ideal migrants' dóciles; migración feminizada en cuidados.,1.0,"Larga historia filipina de emigración, feminización reciente en salud y trabajo doméstico, supertifón Haiyan como punto de inflexión.",1.0,"Muestreo intencional de enfermeras y enfermeros filipinos migrantes y retornados: subgrupos definidos por género, etnicidad y estatus migratorio.",3.5,medium,,0.5,"Ofrece recomendaciones para la reintegración de retornados, sin enmarcarlas explícitamente en justicia o transformación.",1.0,Documenta 'strategies of resistance and adaptation' y la agencia de las enfermeras ante expectativas de migrante ideal.,True,"Enfoque interseccional sobre 'gender, race, ethnicity, and other social divisions' que sitúan a enfermeras y enfermeros migrantes y retornados.",1.0,"La infraestructura migratoria explica posiciones de género y etnicidad, estudiadas en subgrupos y conectadas con estrategias de resistencia y retorno.",empirico_cualitativo,ciclon_huracan_tormenta,Philippines
451,0.0,No se puntúa: gate no superado.,0.0,No se puntúa: gate no superado.,0.0,No se puntúa: gate no superado.,0.0,No se puntúa: gate no superado.,0.0,high,,0.0,No se puntúa: gate no superado.,0.0,No se puntúa: gate no superado.,False,"Capítulo de cierre que invoca 'human rights and intersectionality' como perspectiva necesaria, sin nombrar ni relacionar ejes sociales.",0.0,No se puntúa: gate no superado.,otro,cambio_climatico_general,Global
453,0.5,"Los hilos de marginación se nombran como entrelazados, sin analizar cómo se co-construyen en posiciones concretas.",0.5,"Tensión entre desarrollo y política de marginación de casta y comunal, nombrada sin teorizar mecanismos.",1.0,"Comunidad koraga en Karnataka rural y hunza en Gilgit-Baltistán, contextos distintos con trayectorias de marginación y aislamiento.",0.5,Etnografía con dos comunidades indígenas; muestreo por comunidad sin diseño que opere intersecciones.,2.0,medium,,0.5,Busca herramientas pedagógicas y co-mentoría con socios; la justicia se sugiere sin desarrollarse.,1.0,"Documenta saberes musicales y performativos como 'commentary on, and sometimes creative intervention/remediation'.",True,"Marginación de casta, comunal y política como 'intertwining threads' en comunidades indígenas (koraga, hunza), desde una interseccionalidad ambiental.",0.5,"Contexto y agencia cultural se conectan, pero los ejes y el poder quedan esbozados.",empirico_cualitativo,cambio_climatico_general,India; Pakistan
454,0.0,Gate no superado.,0.0,Gate no superado.,0.0,Gate no superado.,0.0,Gate no superado.,0.0,high,,0.0,Gate no superado.,0.0,Gate no superado.,False,Compara participantes por origen racial; la raza es el único eje y las 'intersectional needs' solo aparecen en las conclusiones.,0.0,Gate no superado; integración no evaluable.,empirico_mixto,cambio_climatico_general,No especificado
455,0.0,No se puntúa: gate no superado.,0.0,No se puntúa: gate no superado.,0.0,No se puntúa: gate no superado.,0.0,No se puntúa: gate no superado.,0.0,low,,0.0,No se puntúa: gate no superado.,0.0,No se puntúa: gate no superado.,False,Análisis de redes 'intersectional' sobre 'actors' identities' sin especificar qué identidades ni su cruce; pueden ser institucionales.,0.0,No se puntúa: gate no superado.,empirico_cuantitativo,desastres_multiples,Dominica
456,0.5,"Los temas analizan impactos de género; la indigeneidad aparece en la muestra y en recomendaciones, sin análisis de co-construcción.",0.5,"Nombra 'systemic barriers', roles tradicionales de género y falta de voz, sin teorizar estructuras ni mecanismos.",0.5,"Costa norte, Amazonía y Andes centrales y sur del Perú, con desafíos climáticos distintos; sin historia política.",1.0,48 entrevistas caminando con muestreo intencional y bola de nieve de mujeres rurales e indígenas de varias regiones.,2.0,high,,1.0,"Centra 'gender equity and social justice'; recomendaciones concretas de representación, preparación ante desastres y saberes indígenas.",1.0,"Documenta comprensión local de los cambios, participación en gobernanza y respuestas comunitarias de las mujeres.",True,"Población definida por género, ruralidad e indigeneidad: 'rural and Indigenous Peruvian women'.",0.5,"Diseño, agencia y recomendaciones se conectan, pero la interseccionalidad no se articula con un análisis estructural del poder.",empirico_cualitativo,cambio_climatico_general,Peru
457,0.5,"Las desigualdades entran como factores separados (salud, situación financiera, vivir solo), sin interpretar posiciones combinadas.",0.0,"Enumera factores de vulnerabilidad y conductas (aire acondicionado, actividad física) sin teorizar estructuras de poder.",0.5,"Varsovia y Madrid comparadas, con datos locales pero sin contexto histórico o político.",0.0,Regresión OLS y análisis epidemiológico con variables separadas; grupos focales sin diseño interseccional explícito.,0.5,medium,,0.0,Conclusiones metodológicas sobre combinar datos; sin orientación a justicia o transformación.,0.0,Experiencias de calor descritas sin agencia ni estrategias de los mayores.,True,"Estudia 'how intersecting inequalities generate vulnerabilities' en mayores, relacionando edad, sexo/género, nivel socioeconómico, aislamiento y salud.",0.5,"Métodos y contextos se combinan para identificar paradojas de vulnerabilidad, pero sin articular poder ni justicia.",empirico_mixto,calor_extremo,Poland; Spain
458,0.0,Gate no superado.,0.0,Gate no superado.,0.0,Gate no superado.,0.0,Gate no superado.,0.0,low,,0.0,Gate no superado.,0.0,Gate no superado.,False,"Las 'intersectional categories of sacrifice' son tipos de daño superpuestos (extracción, contaminación, explotación laboral, clima), no ejes sociales relacionados.",0.0,Gate no superado; integración no evaluable.,conceptual_teorico,cambio_climatico_general; otro,United States
462,0.5,"Define la interseccionalidad en abstracto, pero el análisis desarrollado se centra en diferencias entre mujeres y hombres.",0.5,"Nombra 'the patriarchal nature of communities' y su influencia en los medios de vida, sin teorizar mecanismos; marco en parte individualizante.",0.0,Planteamiento general sin contexto geográfico ni histórico.,0.0,Capítulo conceptual sin operacionalización empírica.,1.0,medium,,0.5,"Menciona la inclusión social en la resiliencia y responder a necesidades diversas, sin desarrollar orientación transformadora.",0.5,"Reconoce conceptualmente 'different forms of agency, capacities and knowledge' de mujeres y hombres, sin documentarlas.",True,"Nombra ejes que se cruzan: 'gender, age, disability, class and ethnicity, intersect to shape individual identities'.",0.5,"Interseccionalidad, agencia y patriarcado aparecen conectados de forma general, sin un análisis que los articule en un caso.",conceptual_teorico,desastres_multiples; cambio_climatico_general,No especificado
463,0.5,La intersección destacada es entre exclusión de personas de género y sexualidad diversos y amenazas urbanas; la co-construcción de ejes no se detalla.,1.0,"Injusticias de vivienda y sustento 'driven... by the messy, everyday workings of gendered power' y discriminación cotidiana.",0.5,"Kampala (Uganda), 2021–2023, sin desarrollo del contexto político o histórico.",0.5,"Entrevistas en profundidad con personas de género y sexualidad diversos, sin diseño que opere otras intersecciones.",1.5,medium,,0.5,"Enmarca como injusticia ambiental agravada por el cambio climático, sin recomendaciones o praxis desarrolladas.",0.0,Los sujetos aparecen como excluidos y vulnerables; no se mencionan estrategias o resistencias.,True,"Población definida por diversidad de género y sexual, cruzada con injusticias de vivienda y medios de vida.",0.5,"Poder de género, exclusión y amenazas climáticas se conectan, pero con contexto y método poco desarrollados.",empirico_cualitativo,cambio_climatico_general; desastres_multiples,Uganda
465,0.0,Gate no superado.,0.0,Gate no superado.,0.0,Gate no superado.,0.0,Gate no superado.,0.0,high,,0.0,Gate no superado.,0.0,Gate no superado.,False,Compara conocimientos solo por género (pruebas t y chi-cuadrado); 'intersectional vulnerabilities' aparece únicamente en las recomendaciones.,0.0,Gate no superado; integración no evaluable.,empirico_cuantitativo,desastres_multiples,Bangladesh
466,0.5,Constata que solo 4 de 19 estudios analizan más de una categoría; no desarrolla la co-construcción de ejes.,0.5,"Nombra 'systemic gender disparities' y barreras de recursos, sin teorizar mecanismos estructurales.",0.5,"Contexto regional (África subsahariana), superficial.",0.0,"Revisión sistemática; no operacionaliza intersecciones, aunque señala la carencia de evidencia interseccional.",1.0,medium,,0.5,"Recomienda políticas inclusivas de género e investigación participativa, sin desarrollar orientación a la justicia.",0.0,Las mujeres aparecen como constreñidas por barreras; no se menciona su agencia.,True,Relaciona género con escasez de activos y exclusión social: 'compounded barriers faced by women who are constrained by asset scarcity'.,0.5,Diagnóstico de la brecha interseccional y recomendaciones se conectan de forma parcial.,revision,cambio_climatico_general,Sub-Saharan Africa
467,0.5,"Edad y educación se tratan como factores que influyen en la participación, de forma aditiva.",0.5,Marcos Gender Box y ecología política feminista; nombra 'structural inequalities' sin teorizar mecanismos.,0.5,"Dos comunidades forestales del sureste del estado Kachin (Myanmar), zona afectada por conflicto, descritas brevemente.",0.5,"Entrevistas a hogares, grupos focales e informantes clave con comparación por género, sin análisis interaccional.",2.0,medium,,1.0,Pide gobernanza forestal y climática inclusiva 'that addresses structural inequalities' y reformas sensibles al género.,1.0,"Documenta el compromiso activo de las mujeres en agroforestería, conservación y adaptación, y su saber ecológico.",True,Relaciona género con edad y educación: 'Intersectional factors such as age and education significantly influenced participation'.,0.5,"Agencia, barreras y recomendaciones se conectan, pero los factores interseccionales quedan como variables sueltas.",empirico_mixto,cambio_climatico_general,Myanmar
471,0.5,"Reclama analizar género junto a clase y casta, pero la revisión constata la carencia sin desarrollar la co-construcción.",0.5,"Nombra relaciones de género, casta y clase y barreras de crédito, sin teorizar mecanismos estructurales.",0.5,"India y Asia meridional, 'highly diverse' en sistemas socioculturales; reclama contextualización interseccional sin desarrollarla.",0.0,Revisión que critica la ausencia de diseños interseccionales; no operacionaliza intersecciones propias.,1.0,medium,,1.0,Pide una 'equity focussed transformation of national and regional policy frameworks' y apoyo en crédito y liderazgo.,0.0,Las poblaciones aparecen como destinatarias de apoyo; no se menciona su agencia.,True,"Relaciona género con clase y casta: pide 'an intersectional analysis of climate smart agriculture, including class, and caste'.",0.5,"Diagnóstico de la carencia interseccional y propuesta transformadora se conectan, pero sin análisis situado de las intersecciones.",revision,cambio_climatico_general,India; South Asia
472,0.0,No se puntúa: gate no superado.,0.0,No se puntúa: gate no superado.,0.0,No se puntúa: gate no superado.,0.0,No se puntúa: gate no superado.,0.0,high,,0.0,No se puntúa: gate no superado.,0.0,No se puntúa: gate no superado.,False,"Eje único (género, métodos GIC y GIA); la 'intersectional mobility justice' aparece como ausencia en los planes.",0.0,No se puntúa: gate no superado.,empirico_cualitativo,mitigacion_transicion; cambio_climatico_general,United Kingdom; Germany
473,0.5,"Los ejes se enumeran como desafíos acumulados ('even harder'), sin mostrar cómo se co-construyen en la posición de las mujeres mal pahariya.",1.0,"Normas 'hetero-patriarchal' que les niegan decisión y derechos de propiedad sobre la tierra; causas raíz sociales, políticas y económicas.",1.0,"Mujeres mal pahariya de Jharkhand, regiones carboníferas orientales, cultivo itinerante y secano.",1.0,"Etnografía, entrevistas y grupos focales con mujeres mal pahariya: muestreo intencional de un subgrupo interseccional.",3.5,high,,1.0,"Adaptación transformadora de género: derechos a la tierra, semillas resilientes y abordaje de causas raíz de la desigualdad.",0.5,Liderazgo y decisión económica surgen como cobeneficios de intervenciones de ONG; agencia reconocida de forma secundaria.,True,"Mujeres tribales con 'compound intersectional challenges due to gender, caste, ethnicity, illiteracy, poverty, and language'.",1.0,"Heteropatriarcado y contexto tribal explican la posición de las mujeres, estudiada etnográficamente y vinculada a medidas transformadoras.",empirico_cualitativo,sequia; inundacion; cambio_climatico_general,India
474,1.0,"Los determinantes difieren por género (tamaño de finca en hombres; propiedad y asociaciones en mujeres), interpretado desde una perspectiva interseccional.",0.0,"Atribuye la adaptación a características sociales, económicas y de finca, sin teorizar estructuras de poder.",0.5,"Seis comunidades rurales de tierras secas del norte de Ghana, con estrategias indígenas, sin contexto histórico-político.",1.0,"Regresión logística con efectos diferenciados por género (moderación), más 12 grupos focales.",2.0,medium,,0.5,"Orienta a planes de adaptación sensibles al género y fortalecimiento de grupos, sin marco de justicia.",1.0,"Documenta soluciones indígenas: abono orgánico, cosecha de agua de lluvia, consultas espirituales.",True,"Relaciona género con edad, educación y riqueza, y con pertenencia a grupos: 'age, education, and wealth status influence gender responses'.",0.5,"Interacción género-factores y estrategias indígenas se conectan, pero sin explicación estructural que las articule.",empirico_mixto,cambio_climatico_general,Ghana
475,0.5,"Violencia sexual contra mujeres y, 'additionally', impactos en minorías raciales y bajos ingresos: ejes tratados por separado.",0.5,"Sitúa las vulnerabilidades en 'broader patterns of structural inequality' y marcos mediáticos, sin teorizar mecanismos.",0.5,"Inundaciones de mayo de 2024 en Rio Grande do Sul y Porto Alegre, con datos del IBGE; poco contexto histórico.",0.5,"Análisis cualitativo de noticias y redes sociales con grupos descritos, sin análisis interaccional.",1.5,medium,,1.0,Aboga por RRD interseccional e informada por el feminismo y recomendaciones de equidad de género y racial.,0.0,Las mujeres aparecen como víctimas de acoso y violencia; no se registra agencia.,True,"Nombra género, raza e ingreso y pide reconocer 'the interplay of these vulnerabilities'; título: 'Intersecting inequalities'.",0.5,"Teoría feminista interseccional y análisis mediático se conectan, pero los ejes no se articulan en la explicación.",empirico_cualitativo,inundacion,Brazil
479,0.0,No aplica: gate no superado.,0.0,No aplica: gate no superado.,0.0,No aplica: gate no superado.,0.0,No aplica: gate no superado.,0.0,high,,0.0,No aplica: gate no superado.,0.0,No aplica: gate no superado.,False,"Bibliometría sobre ecoansiedad; lo interseccional solo aparece como vacío de la literatura, sin articular ejes de diferenciación social.",0.0,No aplica: gate no superado.,revision,cambio_climatico_general,Global
482,0.0,No se puntúa: gate no superado.,0.0,No se puntúa: gate no superado.,0.0,No se puntúa: gate no superado.,0.0,No se puntúa: gate no superado.,0.0,high,,0.0,No se puntúa: gate no superado.,0.0,No se puntúa: gate no superado.,False,Las 'intersections' son entre hidrógeno verde e igualdad de género; la interseccionalidad se invoca en el marco sin otro eje.,0.0,No se puntúa: gate no superado.,conceptual_teorico,mitigacion_transicion,Africa; Kenya
483,0.0,No se puntúa: gate no superado.,0.0,No se puntúa: gate no superado.,0.0,No se puntúa: gate no superado.,0.0,No se puntúa: gate no superado.,0.0,medium,,0.0,No se puntúa: gate no superado.,0.0,No se puntúa: gate no superado.,False,Pide una 'intersectionally differentiated view on social inequalities' como principio de agenda; no nombra ni relaciona categorías.,0.0,No se puntúa: gate no superado.,conceptual_teorico,cambio_climatico_general,Global
484,0.0,No aplica: gate no superado.,0.0,No aplica: gate no superado.,0.0,No aplica: gate no superado.,0.0,No aplica: gate no superado.,0.0,high,,0.0,No aplica: gate no superado.,0.0,No aplica: gate no superado.,False,"Enumera por separado grupos (bajos ingresos, mayores, gestantes, trabajadores al aire libre); lo interseccional solo aparece como vacío de la evidencia.",0.0,No aplica: gate no superado.,revision,desastres_multiples,No especificado
485,0.0,No aplica: gate no superado.,0.0,No aplica: gate no superado.,0.0,No aplica: gate no superado.,0.0,No aplica: gate no superado.,0.0,high,,0.0,No aplica: gate no superado.,0.0,No aplica: gate no superado.,False,"Se centra en la condición de sinhogarismo; raza, género y edad solo aparecen como agenda futura para un lente interseccional.",0.0,No aplica: gate no superado.,revision,calor_extremo,High-income countries
486,0.0,No se puntúa: gate no superado.,0.0,No se puntúa: gate no superado.,0.0,No se puntúa: gate no superado.,0.0,No se puntúa: gate no superado.,0.0,high,,0.0,No se puntúa: gate no superado.,0.0,No se puntúa: gate no superado.,False,Editorial breve; interseccionalidad solo en keywords; no aparecen ejes de diferenciación social.,0.0,No se puntúa: gate no superado.,otro,cambio_climatico_general,No especificado
487,0.0,No se puntúa: gate no superado.,0.0,No se puntúa: gate no superado.,0.0,No se puntúa: gate no superado.,0.0,No se puntúa: gate no superado.,0.0,medium,,0.0,No se puntúa: gate no superado.,0.0,No se puntúa: gate no superado.,False,Centrado en patriarcado verde y mujeres ('particularly in the Global South'); 'intersectional and decolonial approaches' solo como llamado.,0.0,No se puntúa: gate no superado.,revision,cambio_climatico_general; mitigacion_transicion,Global; Bolivia; New Zealand
489,0.5,"Centra la posición LGBTQ+ con discapacidad, pero afirma vulnerabilidades 'unique and compounded' sin mostrar cómo se co-construyen.",0.5,"Nombra 'societal discrimination' y barreras económicas sin teorizar estructuras (heteronormatividad, capacitismo) ni mecanismos.",0.0,Sin anclaje geográfico ni histórico; planteamiento general sobre calentamiento global y clima extremo.,0.0,Capítulo conceptual sin operacionalización empírica.,1.0,medium,,0.5,"Pide investigación inclusiva, incidencia política y recursos específicos, sin desarrollar una orientación transformadora.",0.0,"Los sujetos aparecen como vulnerables; la resiliencia es meta de política, no agencia documentada.",True,Relaciona diversidad sexual y de género con discapacidad: 'compounded vulnerabilities due to their intersecting identities' ante impactos climáticos.,0.5,"Vincula identidades entrelazadas, discriminación y vulnerabilidad climática en un argumento coherente pero poco desarrollado.",conceptual_teorico,cambio_climatico_general,No especificado
490,1.0,"Interpreta la mayor caída anticonceptiva en mujeres pobres, de minorías étnicas y menos educadas como 'intersectional vulnerabilities'.",0.5,"Mecanismos de oferta y demanda (ingresos, migración, violencia de pareja) sin marco crítico sobre estructuras de poder.",0.5,"Vietnam y zonas propensas a sequía, sin desarrollo histórico o político.",1.0,"Análisis de heterogeneidad (moderación) del efecto de la sequía según pobreza, etnicidad y educación en la muestra femenina.",2.0,high,,0.5,Recomienda salud reproductiva resiliente al clima y más acceso anticonceptivo; justicia reproductiva mencionada sin desarrollar.,0.0,Mujeres representadas como afectadas por los choques; sin estrategias ni agencia.,True,"Muestra que el efecto de las sequías en anticoncepción es mayor en mujeres pobres, de minorías étnicas y con menor educación.",0.5,"Intersecciones y mecanismos conectados con recomendaciones, pero sin un marco de poder estructural que los explique.",empirico_cuantitativo,sequia,Vietnam
491,0.0,No se puntúa: gate no superado.,0.0,No se puntúa: gate no superado.,0.0,No se puntúa: gate no superado.,0.0,No se puntúa: gate no superado.,0.0,medium,,0.0,No se puntúa: gate no superado.,0.0,No se puntúa: gate no superado.,False,"La 'intersectionality of gender-mediated vulnerability, empowerment, and gender disparities' cruza constructos de un solo eje (género), no categorías.",0.0,No se puntúa: gate no superado.,empirico_cuantitativo,cambio_climatico_general,India
492,1.0,Lee la moderación por género de edad y educación como posiciones combinadas de género y nivel socioeconómico.,0.5,"Nombra normas patriarcales, dinámicas de poder e inequidades sistémicas sin teorizar mecanismos; marco psicológico (PMT).",0.5,Dos localidades urbanas de Pakistán; contexto poco desarrollado.,1.0,"SEM multigrupo por género que estima interacciones de género con edad, educación y percepciones.",2.0,medium,,1.0,Recomienda políticas 'gender-responsive and transformative' y abordar dinámicas de poder e inequidades sistémicas.,0.5,Menciona invertir en las estrategias cotidianas de adaptación de las mujeres e iniciativas comunitarias.,True,"Relaciona género con edad y educación: estas solo predicen la intención adaptativa de los hombres, no la de las mujeres.",0.5,"Patriarcado y factores socioeconómicos explican patrones de género, pero el marco psicológico individual domina el análisis.",empirico_cuantitativo,cambio_climatico_general,Pakistan
493,1.0,"Perspectiva feminista dalit: quién acarrea agua, de dónde y en qué condiciones reproduce exclusiones de casta y género.",1.0,"Estratificación social, sanción religiosa, control patriarcal y prácticas estatales coloniales como mecanismos de violencia estructural.",1.0,"Uttar Pradesh y Bundelkhand, con análisis histórico, religioso y político de la gobernanza rural del agua.",0.0,Análisis histórico-conceptual sin diseño empírico que opere intersecciones.,3.0,medium,,1.0,Propone superar las intervenciones WASH tecnocráticas hacia marcos de justicia social y rendición de cuentas.,0.5,"Valora perspectivas feministas dalit y experiencias vividas, pero no documenta resistencias ni estrategias.",True,"Articula casta, clase y género en el acceso al agua, con las mujeres dalit como posición específica.",1.0,"Poder de casta-patriarcado explica la posición de mujeres dalit, situada en Bundelkhand y amplificada por el cambio climático.",conceptual_teorico,cambio_climatico_general; sequia,India
495,0.0,No se puntúa: gate no superado.,0.0,No se puntúa: gate no superado.,0.0,No se puntúa: gate no superado.,0.0,No se puntúa: gate no superado.,0.0,low,,0.0,No se puntúa: gate no superado.,0.0,No se puntúa: gate no superado.,False,"Lista 'race, gender and sexuality' como tema de diversidad entre desplazados; no articula su entrelazamiento con el desplazamiento.",0.0,No se puntúa: gate no superado.,conceptual_teorico,desastres_multiples,Ukraine; Iraq; Ethiopia; Nigeria; Colombia; Honduras
496,0.0,No aplica: gate no superado.,0.0,No aplica: gate no superado.,0.0,No aplica: gate no superado.,0.0,No aplica: gate no superado.,0.0,medium,,0.0,No aplica: gate no superado.,0.0,No aplica: gate no superado.,False,"Enfoque de género (feminismos, petro-masculinidades); reclama un feminismo interseccional sin articular un segundo eje de diferenciación social.",0.0,No aplica: gate no superado.,conceptual_teorico,cambio_climatico_general,Global; Europe; United States
498,0.5,"Identidad de género y sexualidad aparecen entrelazadas ('navigating identities'), pero el abstract no muestra cómo se co-construyen.",0.5,Tema 'how power defines access and agency': nombra el poder sin especificar estructuras ni mecanismos.,0.5,"Dominica y el Caribe; destaca lugar, escala y tiempo, pero sin detalle histórico o político en el abstract.",0.5,Declara un análisis interseccional de experiencias vividas sin describir muestreo ni codificación.,2.0,low,,0.5,Orientado a redes de gobernanza del riesgo inclusivas; sin recomendaciones desarrolladas en el abstract.,1.0,"La agencia es un eje de resultados y destaca las 'needs, and capacities of GSM'.",True,"Análisis interseccional de minorías de género y sexuales en la gobernanza del riesgo, con el tema 'navigating identities'.",0.5,"Temas enumerados (identidades, victimización, lugar, poder-agencia) sin mostrar su articulación.",empirico_cualitativo,desastres_multiples,Dominica; Caribbean
500,0.0,No se puntúa: gate no superado.,0.0,No se puntúa: gate no superado.,0.0,No se puntúa: gate no superado.,0.0,No se puntúa: gate no superado.,0.0,high,,0.0,No se puntúa: gate no superado.,0.0,No se puntúa: gate no superado.,False,"Eje único (niñez y juventud); 'intersectional, complex needs' es etiqueta sin otra categoría relacionada.",0.0,No se puntúa: gate no superado.,revision,cambio_climatico_general,Global
501,0.5,"La intersección de la discapacidad con otros factores de marginación aparece solo en la discusión, sin analizarse.",0.5,Critica designaciones de discapacidad y el modelo físico frente al social; barreras institucionales sin teorizar el capacitismo como estructura.,0.5,"Caso del programa MVP de Massachusetts; contexto de política específico, sin desarrollo sociohistórico.",0.0,"Entrevistas, revisión documental y participación en un grupo de trabajo; sin muestreo ni análisis por subgrupos interseccionales.",1.0,medium,,1.0,Propone que los marcos de justicia ambiental incorporen un enfoque de derechos para las personas con discapacidad.,0.0,Las personas con discapacidad aparecen excluidas por barreras; no se documenta su agencia ni resistencia.,True,En la discusión teoriza 'the intersection of disabilities with other factors of marginalization' como causa de la omisión (regla 3c).,0.5,"La crítica de planificación se conecta con la intersección señalada, pero esta queda periférica respecto del análisis.",empirico_cualitativo,cambio_climatico_general,United States
502,0.5,"Nombra varios ejes y su efecto compuesto como pauta de análisis, pero no examina cómo se co-construyen.",0.0,Se centra en actores e interacciones de gobernanza; no teoriza estructuras de poder ni mecanismos de opresión.,0.5,"Bangladesh, planes nacionales concretos (NAPA, NAP, BCCSAP) y zonas costeras; contexto poco desarrollado.",0.0,Análisis de contenido con clústeres de palabras clave; no opera intersecciones.,1.0,medium,,0.5,Señala implicaciones para la buena gobernanza sin desarrollar propuestas de justicia.,0.0,Sin referencia a agencia o estrategias de las poblaciones costeras.,True,"Evalúa si las políticas abordan cómo género, discapacidad, edad, etnia y geografía se combinan en una 'compound vulnerability'.",0.5,"Aplica la lente interseccional a documentos nacionales, pero sin conectar poder, método y contexto.",empirico_cualitativo,cambio_climatico_general,Bangladesh
503,0.5,"Indigeneidad y género figuran en la misma obra, pero como temas enumerados, sin mostrar su co-construcción.",0.5,"Nombra daño ambiental 'often colonially induced' y la injusticia climática, sin teorizar mecanismos.",0.5,Cuenca del lago Chad y África subsahariana; contexto apenas descrito en la sinopsis.,0.0,Descripción editorial sin método que opere intersecciones.,2.0,low,,1.0,Justicia climática indígena como eje del libro y contribución a políticas de adaptación.,1.0,"Destaca saberes y métodos indígenas para mitigación, gestión de recursos y soberanía alimentaria.",True,Declara 'intersectional approaches to climate justice' y examina impactos de género del cambio climático entre pueblos indígenas.,0.5,"Justicia, saberes indígenas y género se yuxtaponen como temas del volumen, con integración parcial.",conceptual_teorico,cambio_climatico_general,Lake Chad Basin
504,0.5,Analiza sobre todo el género; su cruce con la condición de pequeño agricultor e indigeneidad queda implícito.,1.0,"'Structural aspects of gender, shaped by social and cultural norms and institutions' agravan la sequía; crítica a adaptación apolítica.",0.5,"Distrito de uMkhanyakude (KwaZulu-Natal); pide medidas contextualizadas, sin detalle histórico-político.",0.5,Encuesta descriptiva y análisis temático reflexivo; sin muestreo ni codificación interseccional explícitos.,2.0,medium,,1.0,"Aboga por adaptación equitativa, no simplista ni apolítica, y por integrar saberes indígenas en políticas.",1.0,"Los agricultores usan activamente saberes indígenas para adaptarse, desafiando enfoques eurocéntricos.",True,Ecología política feminista interseccional sobre experiencias de género de la sequía entre pequeños agricultores que usan saberes indígenas.,0.5,"Estructuras de género, saberes y políticas se conectan, pero la intersección entre ejes es tenue.",empirico_mixto,sequia,South Africa
505,0.5,"Posición de mujeres indígenas centrada y opresiones entrelazadas nombradas, sin analizar cómo se co-construyen.",0.5,"Lente antirracista y decolonial, 'systemic injustices', sin explicitar mecanismos estructurales.",0.5,Oeste de Canadá y vínculo con la tierra; contexto histórico-político poco detallado.,0.0,Reflexión sin diseño empírico que opere intersecciones.,2.0,medium,,1.0,Llama a desafiar injusticias sistémicas y a soluciones centradas en autodeterminación indígena.,1.0,"Documenta liderazgo, estrategias innovadoras y saberes territoriales de mujeres indígenas.",True,Centra a mujeres indígenas y sus 'intersecting oppressions' desde marcos decoloniales y antirracistas.,0.5,"Opresiones, liderazgo y justicia se conectan en la reflexión, sin mecanismos ni contexto que los articulen plenamente.",conceptual_teorico,cambio_climatico_general,Canada
506,0.0,No se puntúa: gate no superado.,0.0,No se puntúa: gate no superado.,0.0,No se puntúa: gate no superado.,0.0,No se puntúa: gate no superado.,0.0,high,,0.0,No se puntúa: gate no superado.,0.0,No se puntúa: gate no superado.,False,'Addressing intersectional vulnerabilities' figura solo como recomendación final; no hay ejes sociales nombrados ni relacionados.,0.0,No se puntúa: gate no superado.,revision,desastres_multiples,Southern Africa
507,0.5,Educación y edad se tratan como variables separadas de capital humano; el género solo aparece en recomendaciones.,0.5,Nombra disparidades socioeconómicas y un marco de 'social reproduction' sin teorizar mecanismos de poder.,0.5,"Distrito de Torghar, norte de Pakistán, región montañosa marginada; contexto poco desarrollado.",0.0,Regresión y SEM con ejes como variables separadas; sin interacciones entre posiciones sociales.,1.0,low,,0.5,"Propone protección social sensible al género e 'intersectional', sin desarrollar una orientación a la justicia.",0.5,"Registra la adopción de prácticas climáticamente inteligentes y propone integrar saberes indígenas, de forma marginal.",True,"Analiza educación del hogar y edad del agricultor como factores de adaptación y seguridad alimentaria, aunque por separado.",0.0,"Los ejes sociales quedan yuxtapuestos a factores infraestructurales, sin articulación interseccional.",empirico_cuantitativo,cambio_climatico_general,Pakistan
510,1.0,Marco interseccional que examina cómo factores económicos se cruzan con el género y pide ir 'beyond binary comparisons'.,1.0,"Valores patriarcales que sostienen violencia de género, propiedad desigual de la tierra y trabajo doméstico; pobreza e infraestructura.",1.0,Caso sudafricano; vulnerabilidad 'entwined with historical and socioeconomic factors' y enfoques específicos al contexto.,1.0,Codifica 52 estudios con un marco de riesgo interseccional que registra qué factores se cruzan con el género.,3.5,medium,,1.0,"Recomienda RRD sensible al género, inclusión económica de mujeres y desmantelar valores patriarcales.",0.5,"Menciona esfuerzos comunitarios y mujeres que superan adversidades por sus hijos, sin centrar la agencia.",True,"Ingresos y medios de vida 'most frequently intersected with gender to affect climate vulnerability', seguidos de la educación.",1.0,"El marco articula intersecciones de género y economía, patriarcado, contexto sudafricano y respuestas de adaptación.",revision,cambio_climatico_general; sequia; inundacion,South Africa
511,0.0,No aplica: gate no superado.,0.0,No aplica: gate no superado.,0.0,No aplica: gate no superado.,0.0,No aplica: gate no superado.,0.0,medium,,0.0,No aplica: gate no superado.,0.0,No aplica: gate no superado.,False,"Usa IBPA, pero integra salud, ambiente, género y saberes tradicionales como ámbitos de política, sin relacionar ejes de diferenciación.",0.0,No aplica: gate no superado.,empirico_cualitativo,cambio_climatico_general,Fiji; Solomon Islands; Vanuatu
512,0.0,No se puntúa: gate no superado.,0.0,No se puntúa: gate no superado.,0.0,No se puntúa: gate no superado.,0.0,No se puntúa: gate no superado.,0.0,medium,,0.0,No se puntúa: gate no superado.,0.0,No se puntúa: gate no superado.,False,"Combina educación intercultural e interseccionalidad con el Antropoceno, pero no nombra ni relaciona ejes de diferenciación social.",0.0,No se puntúa: gate no superado.,empirico_cualitativo,cambio_climatico_general,Norway
513,0.0,No aplica: gate no superado.,0.0,No aplica: gate no superado.,0.0,No aplica: gate no superado.,0.0,No aplica: gate no superado.,0.0,high,,0.0,No aplica: gate no superado.,0.0,No aplica: gate no superado.,False,Único eje generacional (jóvenes y generaciones futuras); las teorías de la interseccionalidad se mencionan sin relacionar la edad con otros ejes.,0.0,No aplica: gate no superado.,conceptual_teorico,cambio_climatico_general,Global
514,0.5,Raza y nivel socioeconómico se analizan como factores separados; no se interpretan posiciones combinadas.,0.5,"Habla de hogares 'racially minoritized' y barreras financieras, pero explica la brecha por lazos familiares, sin teorizar racismo estructural.",0.5,Escala nacional de Estados Unidos con datos de condado; sin anclaje histórico o político.,0.0,"Nivel socioeconómico como variable separada o de control; los lazos familiares, como mediador.",1.0,medium,,0.5,Menciona políticas equitativas de recuperación y reasentamiento climático sin desarrollarlas.,0.0,"Los hogares aparecen como unidades de decisión migratoria, sin agencia ni estrategias documentadas.",True,Relaciona raza y nivel socioeconómico en la emigración tras desastres: la brecha racial persiste 'regardless of socioeconomic status'.,0.5,"Conecta raza, recursos y redes familiares con la política, pero sin marco estructural que los articule.",empirico_cuantitativo,desastres_multiples,United States
515,0.5,"Muestra capas superpuestas de desventaja, pero el abstract no nombra los ejes ni cómo se co-construyen.",1.0,"Deficiencias estructurales en vivienda, transporte y energía sostienen poder desigual entre privilegio y desventaja urbana; marco crítico.",0.5,Compara Perth y Delhi y critica las categorías genéricas de 'vulnerable groups'; poco detalle histórico-político en el abstract.,0.5,Entrevistas y grupos focales con poblaciones diversamente situadas; sin análisis interaccional explícito.,2.0,medium,,1.0,"Pide visibilizar el sufrimiento térmico interseccional y planes co-creados, culturalmente sensibles y multiescalares.",0.5,Registra 'some subversive adaptive action'; la agencia aparece de forma marginal.,True,Objeto del estudio: 'intersecting inequalities and their structural drivers among diversely situated at-risk populations'; capas superpuestas de desventaja (regla 3c).,0.5,"Los impulsores estructurales explican las desigualdades cruzadas, pero los ejes sin nombrar limitan la articulación.",empirico_cualitativo,calor_extremo,Australia; India
516,1.0,Trata las opresiones como vinculadas ('oppressions are linked') e identidades superpuestas moldeadas por estructuras de poder.,1.0,Estructuras de poder y escalas de poder (macro a micro) en un marco de justicia ambiental y climática.,0.0,Sin anclaje geográfico ni histórico concreto; casos de estudio no situados en el abstract.,0.0,Capítulo conceptual sin operacionalización empírica.,2.0,medium,,1.0,La justicia exige centrar a los más marginados; concluye alentando la acción climática interseccional.,1.0,Capacidades de resistencia y casos de acción climática de resistencia como eje del capítulo.,True,"Articula raza, clase, género, indigeneidad, capacidad y nacionalidad que 'intersect to shape resistance to injustice'.",0.5,"Identidades, poder y resistencia se articulan conceptualmente, pero sin contexto ni método que los aterricen.",conceptual_teorico,cambio_climatico_general,No especificado
519,0.5,"Género y raza aparecen como sesgos paralelos de la IA, sin analizar su co-construcción.",0.5,"Explica la reproducción del sesgo (falta de diversidad laboral, etiquetado, bucles de retroalimentación) sin teorizar estructuras de opresión.",0.5,"Tres proyectos concretos (ONU, daños sísmicos, HungerMap del PMA) sin contexto sociohistórico de sus poblaciones.",0.0,Capítulo analítico sin diseño empírico que opere intersecciones.,1.0,low,,0.5,"Cuestiona las promesas tecnosolucionistas, sin desarrollar propuestas de justicia.",0.0,Las poblaciones afectadas no aparecen como agentes.,True,Adopta 'an intersectional gender and race approach' para evaluar la inteligencia artificial en desastres.,0.5,"Relaciona sesgos de género y raza con mecanismos técnicos, con integración parcial y sin contexto.",conceptual_teorico,desastres_multiples,Global
520,0.0,No se puntúa: gate no superado.,0.0,No se puntúa: gate no superado.,0.0,No se puntúa: gate no superado.,0.0,No se puntúa: gate no superado.,0.0,medium,,0.0,No se puntúa: gate no superado.,0.0,No se puntúa: gate no superado.,False,"Los estratos 'intersectional' combinan rasgos regionales (temperatura, vivienda antigua, acceso a urgencias), no ejes de diferenciación social de personas.",0.0,No se puntúa: gate no superado.,empirico_cuantitativo,calor_extremo,South Korea
521,1.0,Interpreta posiciones combinadas (grupos sociales bajos con jefatura femenina o masculina) y niveles inter e intracategoriales.,0.5,"Nombra jerarquías sociales y acceso desigual a tecnología y finanzas, sin marco crítico sobre casta o patriarcado.",0.5,"Distrito de Almora (Uttarakhand, Himalaya indio); contexto socioeconómico apenas descrito.",1.0,"Muestreo estratificado, grupos sociales por clústeres y probit multivariado cruzados con el género del hogar.",2.0,medium,,0.5,Aporta a la planificación y políticas de adaptación sin desarrollar una orientación a la justicia.,1.0,"Documenta estrategias de adaptación sociales, ecosistémicas, tecnológicas e institucionales de los hogares.",True,"Cruza el género de la jefatura del hogar con grupos sociales definidos por casta, ingreso y educación.",0.5,"Posiciones combinadas y acceso a recursos explican las estrategias, pero sin teorización estructural que las articule.",empirico_cuantitativo,cambio_climatico_general,India
522,0.5,"Los resultados presentan cada eje por separado (tareas y tierra de mujeres, hogares con jefatura femenina, lejanía).",1.0,"Normas patriarcales, abandono infraestructural y pobreza 'intersect to entrench systemic exclusion'; tenencia desigual de la tierra.",0.5,"Chikombedzi (Chiredzi, Zimbabue), enclave marginado; sin contexto histórico-político y con pretensión de modelos escalables.",0.5,"Diseño mixto convergente con comparación descriptiva por jefatura de hogar, sin análisis interaccional.",2.0,medium,,1.0,"Propone políticas interseccionales, justicia espacial, gobernanza participativa y reforma de la tenencia de la tierra.",0.5,"Dice centrar las voces marginadas, pero no documenta estrategias ni resistencias.",True,"Cruza género, geografía y pobreza: 'how these axes compound disaster vulnerability' en comunidades agrarias.",0.5,"Afirma la intersección de estructuras, pero los resultados por eje separado limitan la articulación.",empirico_mixto,desastres_multiples; inundacion,Zimbabwe
523,0.0,No se puntúa: gate no superado.,0.0,No se puntúa: gate no superado.,0.0,No se puntúa: gate no superado.,0.0,No se puntúa: gate no superado.,0.0,medium,,0.0,No se puntúa: gate no superado.,0.0,No se puntúa: gate no superado.,False,Presenta la interseccionalidad como vacío en Suecia y potencial futuro ('call for more empirical studies'); no relaciona categorías concretas.,0.0,No se puntúa: gate no superado.,revision,cambio_climatico_general,Sweden
524,0.5,"Centra a mujeres negras, pero describe 'compounded effects' acumulativos sin analizar cómo se co-construyen los ejes.",0.5,"Nombra desigualdades de género, raza y clase y 'discrimination at a societal level'; mecanismos próximos (estrés económico, aislamiento).",0.0,Síntesis global sin situar los hallazgos en contextos históricos o geográficos concretos.,0.5,"Revisión sistemática con una subpregunta sobre mujeres negras, sin síntesis interaccional.",1.0,low,,1.0,"Recomienda políticas antirracistas y de equidad, redes de protección y mejores métodos de recogida de datos.",0.0,Mujeres y niñas representadas como víctimas; sin agencia documentada.,True,"Explora las 'intersectional vulnerabilities of Black women', con efectos compuestos de raza, clase y género.",0.5,"Conecta vulnerabilidad interseccional y recomendaciones, sin contexto ni método que la articulen.",revision,desastres_multiples,Global
525,0.0,No se puntúa: gate no superado.,0.0,No se puntúa: gate no superado.,0.0,No se puntúa: gate no superado.,0.0,No se puntúa: gate no superado.,0.0,medium,,0.0,No se puntúa: gate no superado.,0.0,No se puntúa: gate no superado.,False,Analiza la interseccionalidad como concepto jurídico y sus aplicaciones; el abstract no nombra ni relaciona categorías sociales.,0.0,No se puntúa: gate no superado.,conceptual_teorico,cambio_climatico_general,No especificado
526,0.5,Jóvenes y comunidades indígenas se describen como vulnerables por separado; la posición combinada se suma sin analizarse.,0.0,"Explica el riesgo por factores comunes de ingreso al sistema penal, sin teorizar colonialismo ni racismo.",0.5,"Australia y jóvenes indígenas, sin desarrollo histórico o político.",0.0,Revisión que infiere conexiones a partir de la literatura; sin diseño empírico.,1.0,low,,0.5,Pide investigación para prevenir el contacto con el sistema penal de jóvenes afectados por desastres.,0.0,Jóvenes representados solo como población en riesgo.,True,Foco en 'young Indigenous people': edad e indigeneidad identificables en la población expuesta a desastres ambientales.,0.5,"Encadena vulnerabilidad, desastres y riesgo penal en un argumento inferencial, sin poder estructural.",revision,desastres_multiples,Australia
527,0.5,"Ingreso, educación y diversidad racial como factores de área; la interacción ingreso-educación no configura posiciones combinadas.",0.0,"Sin referencia a estructuras de poder; enfoque de determinantes técnicos, económicos y de política.",0.5,"Escala nacional de Estados Unidos por tractos censales, con contraste rural-urbano; sin anclaje histórico.",0.0,"Regresiones con interacciones entre factores, no interpretadas como posiciones sociales combinadas.",0.5,low,,0.5,"Recomendaciones para facilitar la adopción en comunidades 'underserved and diverse', sin desarrollar justicia energética.",0.0,Las comunidades aparecen solo como tasas de adopción.,True,"Analiza nivel socioeconómico (ingreso, educación) y diversidad racial como predictores de la adopción solar, aunque por separado.",0.0,Cinco dimensiones yuxtapuestas; los ejes sociales no se articulan con poder ni contexto.,empirico_cuantitativo,mitigacion_transicion,United States
533,0.5,"La interacción de ejes se enuncia como definición del marco, sin analizar cómo se co-construyen.",0.5,Nombra la desigualdad Norte-Sur y 'entrenched inequalities' sin teorizar mecanismos estructurales.,0.5,"Sur Global con referencias a Brasil, India y Sudáfrica; distingue vulnerabilidad universal y particularizada sin detallar contextos.",0.0,Capítulo introductorio sin diseño empírico.,1.0,medium,,1.0,Evalúa el litigio como mecanismo plausible pero insuficiente frente a la injusticia climática y las desigualdades.,0.0,Sin referencia a la agencia de comunidades o litigantes.,True,"Define que género, raza, etnia, orientación sexual, identidad de género y discapacidad 'interact to inform and influence climate injustice'.",0.5,"Vincula vulnerabilidad, interseccionalidad y litigio en un marco conceptual, sin desarrollo empírico ni contextual.",conceptual_teorico,cambio_climatico_general,Global South; Brazil; India; South Africa
534,0.0,No se puntúa: gate no superado.,0.0,No se puntúa: gate no superado.,0.0,No se puntúa: gate no superado.,0.0,No se puntúa: gate no superado.,0.0,medium,,0.0,No se puntúa: gate no superado.,0.0,No se puntúa: gate no superado.,False,"Cruza etnicidad con desigualdad percibida y resiliencia; efectos separados ('regardless of ethnicity'), un solo eje social.",0.0,No se puntúa: gate no superado.,empirico_cuantitativo,cambio_climatico_general; otro,Malaysia
536,0.0,No se puntúa: gate no superado.,0.0,No se puntúa: gate no superado.,0.0,No se puntúa: gate no superado.,0.0,No se puntúa: gate no superado.,0.0,low,,0.0,No se puntúa: gate no superado.,0.0,No se puntúa: gate no superado.,False,"Que el género sea 'relational, dynamic, and intersectional' solo se plantea como punto de partida para investigación futura; síntesis binaria.",0.0,No se puntúa: gate no superado.,revision,cambio_climatico_general,Global
537,0.0,No se puntúa: gate no superado.,0.0,No se puntúa: gate no superado.,0.0,No se puntúa: gate no superado.,0.0,No se puntúa: gate no superado.,0.0,high,,0.0,No se puntúa: gate no superado.,0.0,No se puntúa: gate no superado.,False,'Without intersectional approaches' describe ausencias en planes; 'historically marginalized groups' sin categorías relacionadas.,0.0,No se puntúa: gate no superado.,empirico_cualitativo,cambio_climatico_general,Netherlands; United Kingdom; Canada; France; United States
539,0.0,No se puntúa: gate no superado.,0.0,No se puntúa: gate no superado.,0.0,No se puntúa: gate no superado.,0.0,No se puntúa: gate no superado.,0.0,high,,0.0,No se puntúa: gate no superado.,0.0,No se puntúa: gate no superado.,False,"Menciona 'difference, intersectionality, and cooperation' y enumera mujeres y niños por separado; no relaciona categorías.",0.0,No se puntúa: gate no superado.,conceptual_teorico,cambio_climatico_general,Global
540,0.0,No se puntúa: gate no superado.,0.0,No se puntúa: gate no superado.,0.0,No se puntúa: gate no superado.,0.0,No se puntúa: gate no superado.,0.0,high,,0.0,No se puntúa: gate no superado.,0.0,No se puntúa: gate no superado.,False,"Las 'intersections between gender, climate change and energy transition' son temáticas; la interseccionalidad es una palanca propuesta.",0.0,No se puntúa: gate no superado.,conceptual_teorico,mitigacion_transicion; cambio_climatico_general,Global
542,0.5,"La posición combinada se aborda mediante regímenes de derechos paralelos (indígenas e infancia), sin analizar su co-construcción.",1.0,"Critica marcos legales (CRC, Noruega) que reducen la participación a consultas simbólicas; lente postpaternalista frente al adultocentrismo.",1.0,Transición verde noruega y protestas de Fosen; cuestiona marcos universales de derechos del niño para pueblos indígenas.,0.0,"Análisis jurídico con casos, sin diseño empírico que opere intersecciones.",2.0,low,,1.0,Pide reformas legales e institucionales para una participación significativa y la justicia intergeneracional.,1.0,Destaca la 'transformative agency of Sámi youth' y el reconocimiento de jóvenes como agentes activos.,True,"Centra a niñez y juventud sámi: indigeneidad y edad identificables en la población, cruzando derechos indígenas y de la infancia.",0.5,"Poder legal-adultocéntrico, contexto noruego y agencia se articulan, pero la intersección misma queda poco desarrollada.",conceptual_teorico,mitigacion_transicion,Norway
544,0.5,"Señala la interacción del género con factores socioeconómicos y culturales como balance metodológico, sin analizar su co-construcción.",0.5,Menciona 'complex gender and power relations' sin teorizar mecanismos estructurales.,0.5,"Contexto regional amplio (Asia del Sur, 2000–2024), sin anclaje histórico-político específico.",0.0,"Revisión sistemática: clasifica los enfoques de los estudios, pero no operacionaliza intersecciones con datos propios.",1.0,medium,,0.5,"Recomienda el enfoque interseccional para mejorar la planificación e implementación de políticas, sin desarrollar una orientación a la justicia.",0.5,"Revisa estrategias y prácticas de adaptación, lo que alude a la agencia solo de forma marginal.",True,Articula el género con factores socioeconómicos y culturales que lo intersecan y critica que los datos desagregados omitan diferencias intra-género.,0.5,"Integración parcial: el argumento metodológico conecta género y otros factores, pero los elementos quedan en recomendación.",revision,cambio_climatico_general,South Asia
545,1.0,"Muestra cómo casta, identidad regional y condición migrante se combinan y median vulnerabilidades que se desplazan con la migración.",1.0,"Opresión de casta, desarrollo desigual y privatización del saneamiento como mecanismos de incorporación económica adversa.",1.0,"Situado en la región de origen en India central y en el saneamiento privatizado de Tiruppur, con historia de opresión de casta.",1.0,"Aplica un marco interseccional a un grupo definido interseccionalmente (migrantes de casta oprimida, sin tierra), trazando injusticias translocales.",3.5,medium,,1.0,Sostiene que eliminar las 'migrating injustices' es crucial para una adaptación transformadora y la justicia climática urbana.,0.5,"La migración se presenta como estrategia de adaptación, pero se enfatiza la capacidad mermada de impugnar injusticias.",True,Casta e identidad regional se combinan con la precariedad climática y económica para dirigir la migración hacia trabajos precarios e injustos.,1.0,"La opresión de casta y el desarrollo desigual explican las posiciones entrelazadas, analizadas translocalmente en su contexto.",empirico_cualitativo,sequia,India
547,0.5,"Usa identidades interseccionales simuladas, pero el abstract no especifica ejes ni analiza su co-construcción.",0.5,Señala sesgos sociales heredados de los datos y encuadres deficitarios; no teoriza estructuras de opresión.,0.0,Problemas climáticos 'localized' genéricos; sin contexto sociohistórico situado.,0.5,Variación de identidades interseccionales en las consignas y análisis de contenido; sin análisis interaccional explícito.,1.0,low,,0.5,"Sugiere cuestionar supuestos de la IA y promover educación climática inclusiva, sin desarrollar.",0.0,No hay sujetos ni agencia documentada; se analizan salidas de un LLM.,True,El diseño simula 'intersectional identities' en las consignas al modelo y evalúa si omite aspectos identitarios (regla 3c).,0.5,"Identidades simuladas, crítica de sesgos y marco de justicia climática interseccional se conectan parcialmente.",empirico_cualitativo,cambio_climatico_general,No especificado
548,0.5,"Declara un análisis interseccional, pero los hallazgos se reportan por eje (discapacidad, mujeres, progenitores) sin mostrar co-construcción.",0.5,"Nombra 'layered structural inequity' y la fallida respuesta al desastre, sin teorizar mecanismos específicos.",1.0,"Puerto Rico tras los huracanes Irma y María (2017), su diáspora y la prolongada respuesta estadounidense al desastre.",0.5,"Entrevistas en profundidad, análisis de prensa y fotografía; subgrupos descritos sin análisis interaccional explícito.",2.0,medium,,0.5,"Epistemología de futuros afrodiaspóricos y análisis feminista, sin propuestas de justicia desarrolladas en el abstract.",0.5,"Estudia cómo las personas 'navigate' el sistema alimentario, aunque los hallazgos enfatizan desafíos y vulnerabilidades.",True,"Analiza cómo género, raza, discapacidad e ingreso, junto con una inequidad estructural estratificada, moldean el acceso a alimentos tras los huracanes.",0.5,"Integración parcial: contexto y marco interseccional articulados, pero los ejes se presentan en paralelo en los hallazgos.",empirico_cualitativo,ciclon_huracan_tormenta,Puerto Rico
549,0.5,"Género y clase se analizan conjuntamente como relaciones sociopolíticas, pero sin mostrar cómo se co-constituyen.",1.0,"La adaptación, enredada con la agenda neoliberal y el Estado, reproduce normas heteronormativas y capitalistas.",1.0,"Delta de los Sundarbans (Bangladesh), desarrollo neoliberal y carácter paradójico del Estado; trabajo de campo 2019–2024.",0.5,"Entrevistas, grupos de discusión, observación participante y fotovoz, sin muestreo ni codificación interseccional explícitos.",2.0,medium,,1.0,Busca transformar relaciones sociopolíticas desde perspectivas feminista y de justicia; explora posibilidades de transición justa.,0.5,"Menciona la (re)negociación de género y clase y usa fotovoz, pero la agencia no se documenta en detalle.",True,"Examina cómo las intervenciones de adaptación desafían y refuerzan a la vez relaciones de género y clase, desde una perspectiva feminista interseccional.",0.5,"El poder estructural explica los cambios de género y clase en su contexto, pero la intersección misma queda poco desarrollada.",empirico_cualitativo,cambio_climatico_general,Bangladesh
552,0.0,No evaluado: gate no superado.,0.0,No evaluado: gate no superado.,0.0,No evaluado: gate no superado.,0.0,No evaluado: gate no superado.,0.0,high,,0.0,No evaluado: gate no superado.,0.0,No evaluado: gate no superado.,False,Menciona la interseccionalidad solo como tema de la investigación en justicia climática; no articula ejes de diferenciación social relacionados entre sí.,0.0,No evaluado: gate no superado.,conceptual_teorico,cambio_climatico_general,Global
553,0.0,No evaluado: gate no superado.,0.0,No evaluado: gate no superado.,0.0,No evaluado: gate no superado.,0.0,No evaluado: gate no superado.,0.0,medium,,0.0,No evaluado: gate no superado.,0.0,No evaluado: gate no superado.,False,"Invoca enfoques interseccionales como principio de la coalición, pero solo trata género y salud reproductiva, sin relacionar dos o más ejes.",0.0,No evaluado: gate no superado.,conceptual_teorico,cambio_climatico_general,Global
554,0.5,"Nombra raza, clase y género como supremacías conjuntas, sin analizar cómo se co-construyen posiciones específicas.",1.0,"Supremacía blanca, capitalismo, patriarcado y colonización como causas raíz del cambio climático, en un marco crítico.",0.5,"Referencias a la colonización y al racismo en el medio rural, sin anclaje histórico-geográfico detallado.",0.0,Capítulo conceptual con tres diálogos ilustrativos; no hay diseño empírico que opere intersecciones.,2.0,medium,,1.0,"Llama a la acción colectiva, a desafiar narrativas climáticas y a centrar voces marginadas.",1.0,Diálogos con fundadores de la comunidad 'We Are Black Fish' y otros actores que aportan saberes e iniciativas propias.,True,"Relaciona supremacía blanca, capitalista y patriarcal como sistemas conjuntos que impulsan el cambio climático, con una lente interseccional de opresión y privilegio.",0.5,"Crítica estructural y voces marginadas se conectan mediante la lente interseccional, pero sin un análisis que las articule.",conceptual_teorico,cambio_climatico_general,No especificado
555,0.5,"Raza y juventud definen conjuntamente a los participantes, pero el abstract no analiza su co-construcción.",0.5,"'Racially minoritized' alude a procesos estructurales de racialización, sin teorizar mecanismos de poder.",0.5,"Ontario y el sistema educativo canadiense en 2023, con un contexto descrito de forma superficial.",0.5,"Muestreo intencional de 15 jóvenes racializados con entrevistas narrativas y líneas de vida, sin análisis interaccional.",2.0,medium,,1.0,"Llama a integrar pedagogías de justicia climática en la educación canadiense, informadas por activistas racializados.",1.0,"Documenta empoderamiento, liderazgo y acción comunitaria de los jóvenes activistas.",True,"Estudia a jóvenes negros, indígenas y de color, cuya posición combina raza y edad, desde el ambientalismo interseccional.",0.5,"Agencia y justicia bien conectadas, pero la intersección raza-edad y el poder estructural quedan poco desarrollados.",empirico_cualitativo,cambio_climatico_general,Canada
556,0.0,No se puntúa: gate no superado.,0.0,No se puntúa: gate no superado.,0.0,No se puntúa: gate no superado.,0.0,No se puntúa: gate no superado.,0.0,medium,,0.0,No se puntúa: gate no superado.,0.0,No se puntúa: gate no superado.,False,"Lentes de 'intersectionality and ecofeminism', pero solo compara mujeres y hombres profesionales; no relaciona otro eje.",0.0,No se puntúa: gate no superado.,empirico_cualitativo,cambio_climatico_general,France
557,0.0,No evaluado: gate no superado.,0.0,No evaluado: gate no superado.,0.0,No evaluado: gate no superado.,0.0,No evaluado: gate no superado.,0.0,medium,,0.0,No evaluado: gate no superado.,0.0,No evaluado: gate no superado.,False,"Trata a las minorías sexuales y de género como un colectivo único, cruzado con contextos legales nacionales, sin relacionar ejes de diferenciación entre sí.",0.0,No evaluado: gate no superado.,empirico_cuantitativo,inundacion,Global
560,0.5,"Género y colonialidad se articulan como estructuras conjuntas, sin analizar cómo se co-construyen posiciones específicas.",1.0,"Los marcos científicos y de política dominantes refuerzan estructuras coloniales y patriarcales, silenciando narrativas y perpetuando desigualdades.",0.5,"Alude a políticas internacionales y nacionales y a enfoques 'place-based', sin contexto histórico-geográfico detallado.",0.0,Editorial de número especial; no hay diseño empírico propio que opere intersecciones.,2.0,medium,,1.0,"Agenda de investigación y acción orientada a la adaptación transformadora, el pluralismo y la emancipación.",1.0,"Destaca experiencias, prácticas y saberes cotidianos como base de una adaptación transformadora desde abajo.",True,Propone una crítica feminista interseccional y decolonial que muestra cómo los marcos dominantes refuerzan a la vez estructuras coloniales y patriarcales.,0.5,"El marco feminista-decolonial conecta poder, saberes y justicia, pero como síntesis de contribuciones, no como análisis integrado.",otro,cambio_climatico_general,Global
564,0.0,No se puntúa: gate no superado.,0.0,No se puntúa: gate no superado.,0.0,No se puntúa: gate no superado.,0.0,No se puntúa: gate no superado.,0.0,high,,0.0,No se puntúa: gate no superado.,0.0,No se puntúa: gate no superado.,False,'More intersectional social movement organising' es una aspiración del activismo; no hay ejes sociales nombrados ni relacionados.,0.0,No se puntúa: gate no superado.,empirico_cualitativo,cambio_climatico_general,New Zealand
569,0.0,No aplica: no supera el gate.,0.0,No aplica: no supera el gate.,0.0,No aplica: no supera el gate.,0.0,No aplica: no supera el gate.,0.0,medium,,0.0,No aplica: no supera el gate.,0.0,No aplica: no supera el gate.,False,Menciona 'intersectional disadvantages' sin nombrar ni relacionar ejes; padres e hijos y ruralidad no se articulan como categorías entrelazadas.,0.0,No aplica: no supera el gate.,empirico_cualitativo,incendio_forestal,Australia
570,0.0,No evaluado: gate no superado.,0.0,No evaluado: gate no superado.,0.0,No evaluado: gate no superado.,0.0,No evaluado: gate no superado.,0.0,low,,0.0,No evaluado: gate no superado.,0.0,No evaluado: gate no superado.,False,"Declara un enfoque feminista interseccional y de justicia reproductiva, pero solo articula el eje de género/reproducción; el racismo figura únicamente como palabra clave.",0.0,No evaluado: gate no superado.,conceptual_teorico,cambio_climatico_general,Global
572,0.5,"Género, discapacidad, fronteras y colonialidad se yuxtaponen en la lente analítica, sin mostrar su co-construcción.",1.0,Critica como violenta la configuración hegemónica de fronteras y Estado de bienestar; lo global impone fronteras que impiden la comunicación local.,0.0,"Argumento sobre gobernanza global y 'lo local' en abstracto, sin contexto histórico o geográfico específico.",0.0,Capítulo conceptual sin diseño empírico.,1.5,medium,,1.0,Propone enfoques decoloniales y soluciones climáticas creativas para un futuro equitativo que centre a los más marginados.,0.5,"Reivindica las necesidades y saberes de los más marginados y principios elaborados por activistas, sin documentar su agencia.",True,"Articula una lente feminista interseccional con los principios de justicia de la discapacidad, las fronteras y la decolonización para criticar la gobernanza climática.",0.5,"La crítica estructural y la propuesta normativa se conectan, pero los ejes permanecen yuxtapuestos.",conceptual_teorico,cambio_climatico_general,Global
573,1.0,"Los perfiles se interpretan como configuraciones combinadas de raza/etnia, clase y género que revelan una 'intersectional complexity' oculta por los índices.",0.0,Describe características demográficas de vulnerabilidad sin teorizar estructuras de poder como racismo o patriarcado.,0.5,"Estados Unidos, con mapeo de las geografías de los perfiles, pero sin contexto histórico-político.",1.0,"Clasificación jerárquica sobre componentes principales que identifica perfiles de vulnerabilidad combinada (clasificación cruzada), no variables paralelas.",1.5,high,,0.5,"Señala que las tipologías pueden orientar una adaptación equitativa a inundaciones, sin desarrollar la dimensión de justicia.",0.0,"La población aparece solo como perfiles de vulnerabilidad y exposición, sin agencia.",True,"Los perfiles combinan etnia hispana, aislamiento lingüístico y baja escolaridad, o población negra, pobreza y hogares con jefatura femenina, ante inundaciones.",0.5,"Método e intersecciones están bien articulados, pero sin explicación estructural ni contexto que los integre.",empirico_cuantitativo,inundacion,United States
574,0.0,No evaluado: gate no superado.,0.0,No evaluado: gate no superado.,0.0,No evaluado: gate no superado.,0.0,No evaluado: gate no superado.,0.0,high,,0.0,No evaluado: gate no superado.,0.0,No evaluado: gate no superado.,False,"Analiza la respuesta del movimiento climático a BLM (eje racial) y pide investigar la interseccionalidad, sin articular dos o más ejes relacionados.",0.0,No evaluado: gate no superado.,empirico_mixto,cambio_climatico_general,United Kingdom; Germany; Italy
576,0.0,No aplica: no supera el gate.,0.0,No aplica: no supera el gate.,0.0,No aplica: no supera el gate.,0.0,No aplica: no supera el gate.,0.0,medium,,0.0,No aplica: no supera el gate.,0.0,No aplica: no supera el gate.,False,Alude a 'intersectional vulnerabilities' en América Latina sin nombrar ni relacionar ejes; las desigualdades socioeconómicas son contexto regional.,0.0,No aplica: no supera el gate.,revision,cambio_climatico_general,Latin America; Chile
580,0.0,No evaluado: gate no superado.,0.0,No evaluado: gate no superado.,0.0,No evaluado: gate no superado.,0.0,No evaluado: gate no superado.,0.0,low,,0.0,No evaluado: gate no superado.,0.0,No evaluado: gate no superado.,False,"Menciona 'intersectional approaches' de sentido ambiguo; pobreza, lejanía y saber indígena no se articulan como ejes de diferenciación relacionados.",0.0,No evaluado: gate no superado.,conceptual_teorico,cambio_climatico_general,Sub-Saharan Africa
581,1.0,"Interpreta los perfiles como grupos sociodemográficos interseccionales (p. ej., mujeres blancas, educadas, de izquierda), no como categorías independientes.",0.0,"Explica el compromiso por creencias y actitudes individuales, sin teorizar estructuras de poder.",0.5,"Compara Australia, Nueva Zelanda y Estados Unidos, sin contexto histórico o político desarrollado.",1.0,"El análisis de perfiles latentes capta configuraciones sociodemográficas combinadas y relaciones no monótonas, frente a la regresión lineal.",1.5,medium,,0.0,"Las implicaciones se orientan a campañas proambientales estratégicas, sin dimensión de justicia ni transformación de desigualdades.",0.5,"Mide creencias y conductas ambientales, incluido un perfil activista, pero sin atender a la agencia de grupos oprimidos.",True,"Los perfiles latentes asocian el compromiso ambiental con combinaciones de género, raza, edad, educación, ideología e inmigración, frente a grupos independientes.",0.5,"Método e intersecciones se articulan, pero sin poder estructural ni contexto que expliquen los perfiles.",empirico_cuantitativo,cambio_climatico_general,Australia; New Zealand; United States
582,0.0,No evaluado: gate no superado.,0.0,No evaluado: gate no superado.,0.0,No evaluado: gate no superado.,0.0,No evaluado: gate no superado.,0.0,low,,0.0,No evaluado: gate no superado.,0.0,No evaluado: gate no superado.,False,"Su 'intersectional' es espacial y temporal; raza (desarrollo racializado) y datos socioeconómicos aparecen por separado, sin relacionarse como ejes.",0.0,No evaluado: gate no superado.,empirico_cuantitativo,inundacion,United States
586,0.0,No evaluado: gate no superado.,0.0,No evaluado: gate no superado.,0.0,No evaluado: gate no superado.,0.0,No evaluado: gate no superado.,0.0,high,,0.0,No evaluado: gate no superado.,0.0,No evaluado: gate no superado.,False,Menciona la interseccionalidad solo como rasgo del feminismo de cuarta ola; no articula ejes de diferenciación social relacionados entre sí.,0.0,No evaluado: gate no superado.,conceptual_teorico,cambio_climatico_general,Global
587,0.0,No aplica: no supera el gate.,0.0,No aplica: no supera el gate.,0.0,No aplica: no supera el gate.,0.0,No aplica: no supera el gate.,0.0,low,,0.0,No aplica: no supera el gate.,0.0,No aplica: no supera el gate.,False,"Aplica un Intersectionality-Based Policy Analysis y menciona colonialidad, pero el abstract no nombra ni relaciona ejes de diferenciación social.",0.0,No aplica: no supera el gate.,empirico_cualitativo,cambio_climatico_general,Australia
588,0.5,"Género, edad e ingreso inciden por separado en la percepción; se etiqueta como injusticia interseccional sin analizar posiciones combinadas.",0.0,"Señala injusticia ambiental en áreas empobrecidas, sin nombrar ni teorizar estructuras de poder.",0.5,"Elvas y Faro, con diferencias entre áreas urbanas, pero sin contexto histórico o político.",0.0,"Regresiones logísticas ordenadas con género, edad e ingreso como variables separadas, sin interacciones.",1.0,medium,,0.5,Enuncia implicaciones para la justicia ambiental e interseccional sin desarrollarlas.,0.0,Los habitantes solo valoran servicios y perjuicios ecosistémicos; no se documenta agencia.,True,"Género, edad e ingreso afectan la relevancia percibida de los servicios ecosistémicos, lo que el estudio interpreta como injusticia interseccional.",0.5,Integración parcial: la etiqueta de justicia interseccional se añade a hallazgos obtenidos con variables separadas.,empirico_cuantitativo,cambio_climatico_general; calor_extremo,Portugal
590,1.0,"Patriarcado, etnicidad, analfabetismo y neocolonialismo se superponen y producen experiencias diferenciadas del riesgo climático.",1.0,"Matriz de dominación; desigualdades históricas en tierra, educación y decisiones, jerarquías poligámicas e inversión extranjera en anacardo y madera.",1.0,"Koraso (Berekum), aldea inundable de la Ghana poscolonial, con legados coloniales y desigualdades históricamente arraigadas.",1.0,"49 entrevistas en profundidad con agricultoras, analizadas con la matriz de dominación para captar estructuras superpuestas.",4.0,high,,1.0,Contribuye explícitamente a la justicia climática interseccional al revelar sistemas de dominación coloniales y contemporáneos.,1.0,Las mujeres ejercen agencia mediante la diversificación de medios de vida y la migración laboral.,True,"Analiza cómo legados coloniales, identidades sociales y posiciones se intersecan en la vulnerabilidad climática de mujeres agricultoras ghanesas.",1.0,"Estructuras coloniales y patriarcales explican las posiciones entrelazadas, analizadas con entrevistas situadas en su contexto.",empirico_cualitativo,cambio_climatico_general; inundacion,Ghana
593,0.5,"La intersección edad-discapacidad define a la población, pero las 'intersecting identities' solo se mencionan en la introducción.",0.5,"Identifica brechas sistémicas en políticas y protocolos escolares, sin teorizar el capacitismo ni otros mecanismos estructurales.",0.5,"California y una escuela secundaria local en el contexto pospandemia, descritos de forma superficial.",0.0,Entrevistas al personal docente codificadas en Atlas.ti; no hay muestreo ni codificación interseccional.,1.0,low,,1.0,Formula recomendaciones de política para un panorama educativo más equitativo para estudiantes con necesidades funcionales.,0.0,El alumnado aparece como objeto de protección; la agencia citada es la del personal docente.,True,Se centra en niñas y niños con discapacidad (edad y discapacidad) y enmarca el riesgo de desastres en personas con 'intersecting identities'.,0.5,"Brechas institucionales y recomendaciones se conectan, pero la dimensión interseccional queda solo enunciada.",empirico_cualitativo,desastres_multiples,United States
594,0.0,No evaluado: gate no superado.,0.0,No evaluado: gate no superado.,0.0,No evaluado: gate no superado.,0.0,No evaluado: gate no superado.,0.0,medium,,0.0,No evaluado: gate no superado.,0.0,No evaluado: gate no superado.,False,"Invoca el énfasis feminista en la interseccionalidad, pero solo trata el eje de género (mujeres y niñas), sin relacionarlo con otros ejes.",0.0,No evaluado: gate no superado.,conceptual_teorico,cambio_climatico_general,Global
596,0.5,"Busca diferencias dentro de los grupos, pero los hallazgos se reportan por grupo (viudez, discapacidad, desocupación) sin posiciones combinadas.",0.5,"Parte de la matriz de dominación y del modelo presión-liberación, sin detallar mecanismos estructurales en el caso.",0.5,"Condado de Siaya (Kenia) y contextos en desarrollo, sin anclaje histórico-político desarrollado.",0.5,"Marco cuantitativo-categórico de evaluación interseccional; en el caso, subgrupos descritos sin análisis interaccional explícito.",1.5,medium,,0.5,"Orientado a intervenciones de desarrollo equitativas e inclusión financiera en la transición, sin desarrollar la dimensión de justicia.",0.5,"Recoge las prioridades expresadas por los propios grupos, lo que alude marginalmente a su conocimiento de sus necesidades.",True,"Operacionaliza la matriz de dominación de Collins para evaluar necesidades entre y dentro de grupos vulnerables (viudez, discapacidad, desocupación).",0.5,"Marco teórico y método se conectan, pero los hallazgos por grupo no integran poder ni contexto.",empirico_cuantitativo,mitigacion_transicion; cambio_climatico_general,Kenya
597,0.5,Los ejes se sintetizan por separado; la interseccionalidad aparece solo en la conclusión.,0.0,Habla de desventaja y desigualdad social sin nombrar ni teorizar estructuras de poder.,0.5,"Reconoce que las desigualdades dependen del contexto, pero sin situar hallazgos en historias o lugares concretos.",0.0,Revisión sistemática que describe grupos por separado; no opera intersecciones.,1.0,medium,,0.5,"Pide considerar las desigualdades en planes de calor-salud y políticas de adaptación, sin desarrollarlo.",0.0,"Los grupos aparecen como más expuestos y con menor capacidad adaptativa, sin agencia.",True,"Sintetiza desigualdades por nivel socioeconómico, edad, raza/etnia, género e inmigración y concluye que son multidimensionales e interseccionales.",0.5,Integración parcial: la síntesis por ejes y la conclusión interseccional se conectan débilmente.,revision,calor_extremo,Global
600,1.0,Distingue posiciones situadas: mujeres aborígenes como líderes y mujeres colonas invisibilizadas en la narrativa colonial de trabajar la tierra.,1.0,La violencia lenta de la sequía queda oculta por la priorización discursiva de lo urbano y la narrativa colonial.,1.0,"Suroeste de Queensland, regiones declaradas en sequía, historia de la sequía y construcciones externas de 'lo rural'.",1.0,27 entrevistas relacionales en 3 años con mujeres aborígenes y colonas: muestreo intencional de posiciones interseccionales.,4.0,medium,,1.0,Resiste la invisibilidad de la violencia lenta y busca reconocimiento para las mujeres rurales en la adaptación climática.,1.0,Centra a las mujeres aborígenes como líderes y reconoce los relatos y saberes de las mujeres.,True,Combina interseccionalidad y violencia lenta para analizar a mujeres aborígenes y de familias colonas en regiones rurales en sequía.,1.0,"Violencia lenta, interseccionalidad y entrevistas relacionales se articulan en un análisis situado del reconocimiento.",empirico_cualitativo,sequia,Australia
601,0.0,No aplica: no supera el gate.,0.0,No aplica: no supera el gate.,0.0,No aplica: no supera el gate.,0.0,No aplica: no supera el gate.,0.0,medium,,0.0,No aplica: no supera el gate.,0.0,No aplica: no supera el gate.,False,Cita la teoría de la interseccionalidad y lista 'women and marginalized groups in the Global South' sin relacionar ejes entre sí.,0.0,No aplica: no supera el gate.,conceptual_teorico,cambio_climatico_general; mitigacion_transicion,Global
602,0.0,No aplica: no supera el gate.,0.0,No aplica: no supera el gate.,0.0,No aplica: no supera el gate.,0.0,No aplica: no supera el gate.,0.0,high,,0.0,No aplica: no supera el gate.,0.0,No aplica: no supera el gate.,False,Las 'intersectional perspectives' son un enfoque que adoptan las ciudades; no se nombran ni relacionan ejes de diferenciación social.,0.0,No aplica: no supera el gate.,empirico_cualitativo,cambio_climatico_general,Spain; Germany
609,0.0,No aplica: no supera el gate.,0.0,No aplica: no supera el gate.,0.0,No aplica: no supera el gate.,0.0,No aplica: no supera el gate.,0.0,high,,0.0,No aplica: no supera el gate.,0.0,No aplica: no supera el gate.,False,La interseccionalidad es un tema de conversación en el aula; no se nombran ni relacionan ejes de diferenciación social.,0.0,No aplica: no supera el gate.,conceptual_teorico,cambio_climatico_general,United States
610,1.0,"La masculinidad blanca se analiza como posición específica de raza y género, no como suma de categorías.",1.0,Normas industriales y narrativas colonialistas y estructuras de poder que privilegian la masculinidad blanca sostienen el solucionismo neoliberal.,0.5,"Ecodocumental angloestadounidense de las dos últimas décadas, con contexto industrial pero sin mayor anclaje histórico-geográfico.",0.5,"Lecturas cercanas, análisis formal e industrial de varios filmes, sin describir cómo el diseño opera las intersecciones.",2.5,medium,,1.0,Desafía la estructura socioeconómica del discurso ecodocumental y ofrece vías para prácticas futuras.,0.0,No documenta agencia ni resistencia de sujetos marginados; el foco es el arquetipo dominante.,True,Analiza la masculinidad blanca y la 'raced and gendered hierarchy' que estructuran el arquetipo Tech Dude de los ecodocumentales.,1.0,"El poder colonialista y la masculinidad blanca explican el arquetipo, analizado con métodos textuales en su contexto industrial.",empirico_cualitativo,cambio_climatico_general,United States; United Kingdom
611,0.5,"Género y colonialidad se nombran juntos, sin analizar cómo se co-construyen posiciones específicas.",0.5,"Nombra la colonialidad climática y condiciones estructurales que agravan la violencia de género, sin teorizar mecanismos.",0.5,"Reflexiona sobre una década de investigación en 'various contexts', sin situarlos histórica ni geográficamente.",0.0,"Capítulo conceptual; propone investigación-acción participativa digital, pero no la aplica para operar intersecciones.",1.5,low,,1.0,"Propone orientaciones más sensibles al poder, responsables y reflexivas para un futuro más equitativo y sostenible.",0.5,La investigación participativa y los 'multiple centres of power' aluden marginalmente a la agencia.,True,"Un enfoque feminista decolonial relaciona desigualdad de género, violencia sexual y de género y colonialidad climática como condiciones estructurales entrelazadas.",0.5,"Integración parcial: el enfoque decolonial feminista enlaza poder y justicia, pero sin análisis empírico situado.",conceptual_teorico,cambio_climatico_general,Global
612,0.5,"Posición específica (mujeres dalit maithili), pero el análisis enfatiza pobreza y género; no explicita cómo casta y género se co-construyen.",0.5,"Nombra pobreza, migración laboral masculina y exclusión de la toma de decisiones, sin teorizar casta o patriarcado como mecanismos.",1.0,"Provincia de Madhesh, mujeres dalit maithili, migración laboral internacional y exclusión política en un mundo globalizado.",1.0,19 entrevistas semiestructuradas centradas intencionalmente en un subgrupo interseccional (mujeres dalit maithili).,2.0,medium,,0.5,"Señala su ausencia de la conversación política y la toma de decisiones, sin desarrollar propuestas transformadoras.",0.5,"La migración aparece como estrategia de afrontamiento y se privilegian las voces de las mujeres, aunque predominan como vulnerables.",True,"Enfoque interseccional centrado en mujeres dalit maithili: relaciona género, casta y pobreza en la (in)movilidad ante el clima.",0.5,"Conecta pobreza, género y migración climática en un argumento, pero la casta queda como descriptor más que como eje analítico.",empirico_cualitativo,cambio_climatico_general,Nepal
613,0.5,"Alude a identidades superpuestas de mujeres marginadas y adolescentes, pero el análisis temático se centra en el género.",0.5,"Menciona desigualdades estructurales, barreras sanitarias, falta de apoyo institucional y estigma cultural, sin teorizar mecanismos.",1.0,"Unión de Gabura (Shyamnagar, Satkhira) con mapeo de zonas salinas, exposición a ciclones y escasez de agua.",0.5,"Muestreo intencional por edad, ocupación y exposición; entrevistas a mujeres, informantes y hombres, sin análisis interaccional explícito.",1.5,medium,,0.5,"Adopta el marco de justicia climática y visibiliza una dimensión omitida, sin recomendaciones transformadoras desarrolladas.",0.0,"Las mujeres aparecen como afectadas (infecciones, vergüenza, aislamiento); no se documentan estrategias propias.",True,"Invoca identidades sociales superpuestas (género, edad, marginación) y desigualdades estructurales en la carga menstrual climática de mujeres y niñas.",0.5,Interseccionalidad y justicia climática se invocan sobre todo en la conclusión; los hallazgos temáticos se articulan poco con ese marco.,empirico_cualitativo,cambio_climatico_general; nivel_mar_costas; ciclon_huracan_tormenta,Bangladesh
616,0.0,No aplica: no supera el gate.,0.0,No aplica: no supera el gate.,0.0,No aplica: no supera el gate.,0.0,No aplica: no supera el gate.,0.0,high,,0.0,No aplica: no supera el gate.,0.0,No aplica: no supera el gate.,False,Solo menciona 'intersectional State obligations' en la opinión consultiva; no nombra ni relaciona ejes de diferenciación social.,0.0,No aplica: no supera el gate.,conceptual_teorico,cambio_climatico_general,Latin America
617,0.5,"Eje central género; mujeres rurales y desplazadas aparecen como subgrupos más expuestos, sin análisis de co-constitución.",0.5,"Nombra desigualdades de género y roles de cuidado; mecanismos económicos (escasez, competencia) sin teorizar patriarcado u otras estructuras.",0.5,"Contexto regional amplio (África subsahariana), sin historia ni política específicas de países o comunidades.",0.0,Síntesis de literatura sin método que opere intersecciones.,1.0,low,,1.0,"Recomienda mecanismos de respuesta, adaptación sensible al género y colaboración intersectorial por justicia climática e igualdad de género.",0.0,"Mujeres presentadas como víctimas susceptibles; el empoderamiento es meta de política, no agencia documentada.",True,Relaciona género con desplazamiento: mujeres en campos de refugiados expuestas a explotación; también mujeres rurales cuidadoras. Articulación mínima.,0.5,"Conecta estrés climático, desigualdad de género y violencia de forma coherente; los subgrupos interseccionales quedan yuxtapuestos.",revision,cambio_climatico_general; sequia; inundacion,Sub-Saharan Africa
618,0.5,"Enumera género, etnicidad y clase como factores conjuntos, sin analizar cómo se co-construyen en el caso estudiado.",1.0,"Barreras estructurales (corrupción, inseguridad jurídica, exclusión social) y poder enraizado en legados coloniales y políticas neoliberales.",1.0,"Expansión palmera en Indonesia en la última década, legados coloniales, derechos consuetudinarios, licencias, FPIC e ISPO.",0.0,"Observación y estudio documental con lógica institucional; el diseño no operacionaliza intersecciones de género, etnicidad y clase.",2.0,medium,,1.0,"Recomienda políticas participativas, reconocimiento de derechos consuetudinarios, licencias transparentes y FPIC para una gobernanza inclusiva.",0.5,"Examina cómo responden las comunidades rurales y las actitudes de pequeños productores, sin documentar resistencias o saberes propios.",True,"Señala cómo género, etnicidad y clase moldean acceso a recursos, vulnerabilidad y resiliencia, dentro de un marco interseccional y ecocolonial.",0.5,"Integra ecocolonialismo, ecología política e interseccionalidad en lo teórico, pero los ejes sociales no se conectan con el análisis institucional.",empirico_cualitativo,cambio_climatico_general,Indonesia
621,0.0,No aplica: no supera el gate.,0.0,No aplica: no supera el gate.,0.0,No aplica: no supera el gate.,0.0,No aplica: no supera el gate.,0.0,medium,,0.0,No aplica: no supera el gate.,0.0,No aplica: no supera el gate.,False,"Declara inspirarse en teoría feminista e interseccional, pero no nombra ni relaciona ejes; solo pregunta quién resulta más marginado.",0.0,No aplica: no supera el gate.,conceptual_teorico,cambio_climatico_general,No especificado
623,0.5,"Sitúa a las mujeres sionistas en el cruce género-religión, pero trata los factores como variables conectadas, sin análisis co-constitutivo.",0.5,"Nombra la dimensión de género de los impactos y la subordinación a decisiones masculinas, atribuida a creencias socioculturales, sin teorizar mecanismos.",1.0,"Distrito rural de Chivi (Masvingo), medios de vida agrícolas, migración masculina a países vecinos e iglesias sionistas.",1.0,"Diseño narrativo con entrevistas en profundidad y grupos focales a mujeres de la iglesia sionista, subgrupo definido por género y religión.",2.0,medium,,0.5,"Propone iniciativas a los liderazgos eclesiales, incluida la presencia de mujeres en cargos, sin desarrollar una crítica de justicia.",1.0,"Documenta respuestas a alertas tempranas, estrategias alternativas de medios de vida y colaboraciones con organizaciones.",True,Relaciona género y pertenencia religiosa: las creencias de las iglesias independientes socializan a las mujeres para depender de decisiones masculinas.,0.5,"Los marcos interseccional y de Moser enmarcan el estudio, pero los hallazgos temáticos se presentan sin articular género y religión.",empirico_cualitativo,cambio_climatico_general; sequia; inundacion,Zimbabwe
627,0.5,"Menciona intersecciones de edad, género y riqueza en la experiencia de la movilidad, sin analizar cómo se co-construyen.",0.5,"Critica el sesgo sedentarista del desarrollo pastoral y las múltiples movilidades del capital, sin teorizar mecanismos de dominación por ejes.",1.0,"Pastores rabari del oeste de India, inscritos en su propia historia y política, con escalas temporales, espaciales y sociales detalladas.",0.5,"Diferencia experiencias por miembros del hogar y comunidad, pero el resumen no describe un método que opere las intersecciones.",2.0,medium,,1.0,Cuestiona el sesgo sedentarista de las políticas pastorales y abre vías de acción para asegurar medios de vida (justicia espacial).,1.0,"Los pastores planifican, organizan y aprovechan oportunidades mediante movimientos flexibles; la movilidad aparece como capacidad adaptativa.",True,"Los movimientos se viven de forma diferenciada según intersecciones de edad, género y riqueza dentro de hogares y comunidad rabari.",0.5,"Movilidad, contexto y agencia se integran bien, pero la dimensión interseccional queda como hallazgo lateral no articulado con el resto.",empirico_cualitativo,cambio_climatico_general,India
628,0.5,"Estudia cruces entre 'socio-demographic identities' y capitales, pero no nombra los ejes ni muestra su co-constitución.",0.0,"Describe capacidades desiguales sin nombrar estructuras de poder ni mecanismos (patriarcado, clase, colonialismo).",0.5,"Situado en el distrito de Talensi (Ghana), atento a 'complex local realities', sin detalle histórico-político.",0.5,Muestra aleatoria de 130 y seis grupos focales; estadística inferencial y narrativa; no consta modelado de interacciones.,1.0,medium,,0.5,Aboga por enfoques interseccionales para no desatender necesidades; implicaciones de justicia apenas desarrolladas.,0.5,"Reconoce esfuerzos de adaptación de los agricultores, apoyados o limitados por sus recursos; agencia marginal.",True,"Analiza cómo identidades sociodemográficas de los agricultores se cruzan con sus capitales de medios de vida, generando capacidades adaptativas desiguales.",0.5,"Identidades, recursos y contexto se conectan en torno a la capacidad adaptativa, sin anclaje estructural.",empirico_mixto,cambio_climatico_general,Ghana
630,1.0,"Identifica posiciones combinadas, como jóvenes solteros y mujeres según posición de esposa, cuya capacidad adaptativa se reduce especialmente.",1.0,"División sexual del trabajo, relaciones de poder intrahogar, trabajo reproductivo y causas estructurales de vulnerabilidad desde la ecología política feminista.",1.0,"Comunidades pesqueras reasentadas en Saint Louis, Senegal, ante erosión costera; análisis contextualmente situado y llamado a enfoques específicos.",1.0,"Métodos mixtos (encuesta n=115, grupos focales, mapeo participativo) con análisis cruzado por grupos sociales interseccionales.",3.5,high,,1.0,Denuncia la maladaptación por mala gestión y pide reasentamientos que reconozcan tradiciones de medios de vida y vulnerabilidades interseccionales.,0.5,"La agencia aparece sobre todo como limitada; el mapeo participativo recoge saberes, pero no se documentan estrategias propias.",True,"Análisis interseccional por grupos definidos por género, edad, estado civil, posición de esposa y estatus del hogar en comunidades reasentadas.",1.0,La ecología política feminista explica cómo la división de género del trabajo y el reasentamiento producen vulnerabilidades interseccionales situadas.,empirico_mixto,nivel_mar_costas,Senegal
633,0.0,No aplica: no supera el gate.,0.0,No aplica: no supera el gate.,0.0,No aplica: no supera el gate.,0.0,No aplica: no supera el gate.,0.0,high,,0.0,No aplica: no supera el gate.,0.0,No aplica: no supera el gate.,False,"Ensayo visual sobre vulnerabilidad material compartida; la interseccionalidad figura solo en keywords, sin ejes de diferenciación relacionados.",0.0,No aplica: no supera el gate.,conceptual_teorico,ciclon_huracan_tormenta,United States
634,0.0,No aplica: no supera el gate.,0.0,No aplica: no supera el gate.,0.0,No aplica: no supera el gate.,0.0,No aplica: no supera el gate.,0.0,high,,0.0,No aplica: no supera el gate.,0.0,No aplica: no supera el gate.,False,"Invoca principios de justicia climática 'critical and intersectional' y la inclusión de grupos marginados, sin nombrar ni relacionar ejes.",0.0,No aplica: no supera el gate.,conceptual_teorico,cambio_climatico_general,No especificado
635,0.5,"Pide atender experiencias diversas de jóvenes y la discriminación de jóvenes racializados, como propuesta programática sin análisis de co-construcción.",1.0,"Formas estructurales de discriminación entrecruzadas, extractivismo verde con efectos necropolíticos en poscolonias y colonialidad del conocimiento.",0.5,"Referencias amplias a Sur y Norte globales, poscolonias y regiones expuestas, sin anclaje histórico o geográfico específico.",0.0,Trabajo conceptual basado en literatura; no hay operacionalización empírica de las intersecciones.,2.0,medium,,1.0,"Propone seis áreas transformadoras: financiamiento climático, resistencia al extractivismo verde, coproducción de conocimiento y presencia legislativa juvenil.",1.0,"La agencia juvenil y el activismo son el eje del argumento, incluida la resistencia al extractivismo verde.",True,Relaciona edad y raza: formas estructurales de discriminación interseccionales que limitan la agencia de jóvenes racializados del Sur y Norte globales.,0.5,"La interseccionalidad es una de seis áreas yuxtapuestas; se conecta con poder y agencia, pero sin un análisis articulado.",conceptual_teorico,cambio_climatico_general; mitigacion_transicion,Global
636,0.0,No aplica: no supera el gate.,0.0,No aplica: no supera el gate.,0.0,No aplica: no supera el gate.,0.0,No aplica: no supera el gate.,0.0,high,,0.0,No aplica: no supera el gate.,0.0,No aplica: no supera el gate.,False,"Critica lógicas coloniales y menciona 'intersectional aspects' de prácticas ante el calor, sin nombrar ni relacionar ejes de diferenciación social.",0.0,No aplica: no supera el gate.,revision,calor_extremo,Global
637,0.5,"Cruza ingreso con otras dimensiones, pero los hallazgos presentan grupos separados (inquilinos, travellers, personas con discapacidad) sin analizar su co-construcción.",0.5,"Señala que el diseño de políticas y la modelización económica invisibilizan a ciertos grupos, sin teorizar sistemas de opresión.",1.0,"Impuesto al carbono irlandés, reciclaje progresivo de ingresos en los cinco deciles inferiores y comunidad traveller como grupo situado.",0.5,21 entrevistas a informantes clave para identificar vulnerabilidades no captadas; subgrupos descriptivos sin análisis interaccional.,2.0,medium,,1.0,Propone políticas de carbono informadas por análisis interseccional para transiciones más equitativas y orienta a responsables políticos.,0.0,Los grupos aparecen como vulnerables o no reconocidos; no se documentan estrategias ni saberes propios.,True,"Examina cómo edad, discapacidad, etnicidad, geografía, género y tenencia de vivienda se superponen en la pobreza energética de hogares de bajos ingresos.",0.5,"El lente interseccional conecta con la crítica al diseño del impuesto, pero los grupos se tratan como categorías yuxtapuestas.",empirico_cualitativo,mitigacion_transicion,Ireland
639,0.5,"La endogamia y la relación intercasta sugieren co-construcción casta-género, pero el análisis se centra en trauma y memoria, no en la intersección.",0.5,"Nombra discriminación de casta y género y costumbres como endogamia y matrimonio infantil, sin teorizar mecanismos estructurales.",0.5,"Uttarakhand (Garhwal) y la inundación de Kedarnath de 2013, mediados por la ficción fílmica, con contexto poco desarrollado.",0.0,Análisis textual de un film; no hay diseño empírico que operacionalice intersecciones.,1.0,low,,0.0,"Enfoque interpretativo del trauma y la memoria, sin orientación explícita a la justicia o la transformación.",0.0,"Los personajes aparecen como sufrientes (exilio, locura, suicidio, pérdida del hogar), sin agencia o resistencia.",True,Analiza el nexo casta-género: el protagonista es exiliado por una relación intercasta con una mujer dalit; discriminaciones de casta y género.,0.5,"Vincula casta, género y migración forzada con el trauma, pero la inundación queda yuxtapuesta a las contestaciones sociales.",conceptual_teorico,inundacion,India
640,0.5,"Defiende una lectura no aditiva ('intersecting systems of power') a nivel conceptual, sin analizar ejes concretos co-construidos.",0.5,"Centra 'systems of power' y desigualdad estructural, pero no especifica estructuras ni mecanismos concretos.",0.0,Revisión global de 159 estudios sin situar contextos históricos ni geográficos específicos.,0.0,Revisión sistemática; no operacionaliza empíricamente intersecciones.,1.0,medium,,0.5,"Señala el 'transformative potential' de la interseccionalidad crítica y la justicia energética, sin desarrollar implicaciones.",0.0,No aborda agencia ni resistencia de sujetos.,True,Teoriza la interseccionalidad como sistemas de opresión entrecruzados que producen experiencias diferenciadas y critica su uso como mera suma de identidades.,0.5,"Vincula conceptualmente poder estructural e interseccionalidad, pero sin contexto ni método que lo articulen.",revision,mitigacion_transicion,Global
642,0.0,No aplica: no supera el gate.,0.0,No aplica: no supera el gate.,0.0,No aplica: no supera el gate.,0.0,No aplica: no supera el gate.,0.0,high,,0.0,No aplica: no supera el gate.,0.0,No aplica: no supera el gate.,False,"Alude a 'intersectional dimensions' de la desigualdad climática y a comunidades marginadas, sin nombrar ni relacionar ejes de diferenciación.",0.0,No aplica: no supera el gate.,conceptual_teorico,cambio_climatico_general; mitigacion_transicion,Global
643,0.5,"Afirma que la precariedad es interseccional, pero no muestra cómo género y pobreza se co-construyen en la experiencia de las inundaciones.",1.0,"Precariedad producida por gobernanza del desastre arbitraria, redes sociales excluyentes y causas estructurales de vulnerabilidad, desde la ecología política feminista.",1.0,"Lodwar, pequeño centro urbano en rápido crecimiento en tierras áridas de Kenia, con historia pastoral de variabilidad climática.",0.0,Entrevistas semiestructuradas cualitativas sin muestreo ni análisis por subgrupos interseccionales descritos.,2.0,low,,0.5,"Critica la gobernanza arbitraria del desastre y la espera de apoyo estatal, sin desarrollar propuestas transformadoras.",0.5,"Reconoce que las personas son ingeniosas durante el desastre, aunque destaca su baja capacidad de adaptación estratégica.",True,Desde la ecología política feminista (género) estudia a personas pobres urbanas y concluye que la precariedad es interseccional.,0.5,El nexo incertidumbre-precariedad articula gobernanza y vulnerabilidad estructural; la interseccionalidad se afirma al final sin integrarse.,empirico_cualitativo,inundacion,Kenya
645,0.5,"Menciona mujeres pobres y de comunidades marginadas, pero el marco se centra en el género sin analizar la co-constitución de los ejes.",1.0,"Raíces coloniales, relaciones extractivas, capitalismo, patriarcado y neocolonialismo explican los impactos climáticos de género y el paradigma de políticas.",0.5,"Historia colonial del Sur Global en términos generales; reconoce contextos diversos, pero sin anclaje en un lugar específico.",0.0,"Propuesta conceptual de marco y metodología, sin operacionalización empírica de las intersecciones.",2.0,medium,,1.0,"Propone un Marco Climático Género-Transformador con áreas de intervención, liderazgo feminista y economías centradas en el cuidado.",1.0,Soluciones climáticas impulsadas por mujeres y liderazgo feminista que desafía normas patriarcales; las mujeres como agentes.,True,"Relaciona género con pobreza y comunidades marginadas: mujeres pobres con vulnerabilidades interseccionales, afectadas por leyes coloniales.",0.5,"Conecta estructuras coloniales-patriarcales con impactos y propuestas, pero lo interseccional queda como matiz del eje de género.",conceptual_teorico,cambio_climatico_general,Global South
649,1.0,"Trata a mujeres y niñas con discapacidad como posición específica con necesidades propias, no como suma de género y discapacidad.",1.0,"Barreras sistémicas, discriminación, dependencia económica y marcos de RRD que ignoran la intersección explican los riesgos; enfoque crítico-interpretativo.",0.5,"Contexto global y de países de ingresos bajos y medios, con cifras de prevalencia pero sin anclaje en un lugar concreto.",0.0,Enfoque interpretativo y escucha profunda sin diseño empírico descrito que operacionalice las intersecciones.,3.0,medium,,1.0,"Critica los marcos de RRD y aboga por estrategias equitativas basadas en derechos, alineadas con la CDPD.",1.0,Enfatiza reconocer la voz y la agencia de las mujeres con discapacidad en la formulación de políticas de RRD inclusivas.,True,"Analiza vulnerabilidades compuestas de mujeres con discapacidad en la intersección de género, discapacidad y pobreza ante desastres.",1.0,"Intersección, barreras estructurales, crítica de la RRD y voz de las mujeres se articulan en un argumento coherente.",conceptual_teorico,desastres_multiples,Global
650,0.0,No aplica: no supera el gate.,0.0,No aplica: no supera el gate.,0.0,No aplica: no supera el gate.,0.0,No aplica: no supera el gate.,0.0,high,,0.0,No aplica: no supera el gate.,0.0,No aplica: no supera el gate.,False,"Menciona 'the intersectionalities experienced by vulnerable communities' y lista grupos de bajos ingresos o marginados, sin relacionar ejes.",0.0,No aplica: no supera el gate.,empirico_cuantitativo,desastres_multiples,Turkey
651,1.0,"Hogares con tierra gestionada por mujeres en aldeas matrilineales-matrilocales forman una posición combinada: más resilientes en general, menos ante sequías.",0.5,"Atribuye diferencias a instituciones sociales y culturales (parentesco, gestión de la tierra), sin teorizar relaciones de poder.",1.0,"Malaui rural; el efecto del género depende del sistema de parentesco local, reconociendo que opera de forma situada.",1.0,"Análisis cuantitativo con clasificación cruzada género × sistema de parentesco × sequía, interpretada como posiciones combinadas.",2.0,medium,,0.5,"Aboga por políticas interseccionales que fortalezcan la resiliencia de las mujeres, sin desarrollarlas.",0.5,"Registra respuestas de los hogares (actividades no agrícolas, venta de ganado) como estrategias, sin enfoque de agencia.",True,Cruza el género del manejo de la tierra con normas de parentesco matrilineales-matrilocales para explicar la resiliencia ante sequías.,0.5,"El análisis interaccional se integra con el contexto de parentesco, pero poder y justicia quedan poco articulados.",empirico_cuantitativo,sequia,Malawi
654,0.0,No aplica: no supera el gate.,0.0,No aplica: no supera el gate.,0.0,No aplica: no supera el gate.,0.0,No aplica: no supera el gate.,0.0,high,,0.0,No aplica: no supera el gate.,0.0,No aplica: no supera el gate.,False,"La 'intersection' cruza factores sociales e individuales de exposición al calor, no ejes de diferenciación social relacionados.",0.0,No aplica: no supera el gate.,conceptual_teorico,calor_extremo,Global
655,0.0,No aplica: no supera el gate.,0.0,No aplica: no supera el gate.,0.0,No aplica: no supera el gate.,0.0,No aplica: no supera el gate.,0.0,high,,0.0,No aplica: no supera el gate.,0.0,No aplica: no supera el gate.,False,Lo 'intersectional' remite al cruce de sectores alimento-energía-agua y a la justicia; no nombra ni relaciona ejes de diferenciación social.,0.0,No aplica: no supera el gate.,revision,cambio_climatico_general,United States
656,0.0,No aplica: no supera el gate.,0.0,No aplica: no supera el gate.,0.0,No aplica: no supera el gate.,0.0,No aplica: no supera el gate.,0.0,high,,0.0,No aplica: no supera el gate.,0.0,No aplica: no supera el gate.,False,Las experiencias 'gendered and intersectional' figuran solo como vacío de la literatura; el análisis bibliométrico no relaciona ejes.,0.0,No aplica: no supera el gate.,revision,cambio_climatico_general,Global South
657,0.5,"Enumera grupos marginados por ingreso, estatus migratorio y raza, sin analizar cómo se co-construyen sus posiciones.",1.0,"Inequidades sistémicas, amenazas migratorias, disparidades de infraestructura y acceso limitado a recursos explican la carga climática; marco de justicia ambiental.",1.0,"Valle del Río Grande (Texas), con desafíos sociopolíticos, amenazas de inmigración y degradación ambiental específicos.",0.0,Entrevistas semiestructuradas y observación participante sin muestreo ni análisis por subgrupos interseccionales descritos.,2.0,medium,,1.0,Promueve decisiones participativas y reimaginar la adaptación como vehículo de transformación social y ambiental.,1.0,Documenta iniciativas de base que desarrollan estrategias de adaptación culturalmente pertinentes y movilización comunitaria.,True,"Relaciona estatus migratorio, ingreso y raza (personas de estatus mixto, bajos ingresos, negras e indígenas) bajo un marco interseccional de cambio.",0.5,"Poder, contexto y agencia se articulan en torno a la organización comunitaria, pero los ejes identitarios quedan enumerados.",empirico_mixto,cambio_climatico_general,United States
659,0.5,"Relaciona género y pobreza, pero la intersección se analiza como cruce de problemas en la prensa, no como co-construcción de posiciones.",0.5,"Identifica marcos de inequidad social y negligencia gubernamental en la prensa, sin teorizar mecanismos estructurales propios.",0.5,"Prensa canadiense 2015-2024; contexto mediático delimitado, sin situar a grupos específicos ni su historia.",0.5,"Análisis de contenido de 69 artículos con Critical Frame Analysis (voz, diagnóstico, pronóstico), sin codificación cruzada de ejes sociales.",1.5,medium,,0.5,"Reclama un lente interseccional en el periodismo y la investigación, sin desarrollar propuestas transformadoras.",0.5,"Registra marcos de agencia y soluciones comunitarias en la prensa, sin documentar estrategias de las mujeres.",True,Aplica un lente interseccional a los efectos cruzados de cambio climático y pobreza sobre la salud de las mujeres.,0.5,"El lente interseccional organiza el análisis de marcos, pero sus componentes se articulan de forma parcial.",empirico_cualitativo,cambio_climatico_general,Canada
663,0.5,"Casta, ingreso y educación se analizan como factores separados de la vulnerabilidad de mujeres, sin interpretar posiciones combinadas.",1.0,"La jerarquía de casta restringe el acceso a ayuda, salud y refugio; marcos institucionales sin enfoque de género ni representación femenina.",1.0,"Hogares de Jagatsinghpur, en la costa rural y marginada de Odisha, con jerarquías de casta y marcos institucionales específicos.",0.0,"Encuesta a 60 hogares con pruebas estadísticas; casta, ingreso y educación entran como variables separadas, sin interacciones.",2.0,medium,,1.0,"Recomendaciones accionables: enfoques interseccionales, participación de mujeres y cambios sistémicos para una gestión de desastres equitativa.",0.5,"Menciona capacidad de decisión y empoderamiento de las mujeres, sin documentar sus estrategias propias.",True,"En hogares encabezados por mujeres, la jerarquía de casta (castas registradas y OBC) impulsa vulnerabilidades compuestas; ingreso y educación también.",0.5,"La casta explica la vulnerabilidad compuesta y enlaza con la crítica institucional, pero el método aditivo limita la articulación.",empirico_cuantitativo,desastres_multiples,India
664,0.0,No aplica: no supera el gate.,0.0,No aplica: no supera el gate.,0.0,No aplica: no supera el gate.,0.0,No aplica: no supera el gate.,0.0,low,,0.0,No aplica: no supera el gate.,0.0,No aplica: no supera el gate.,False,"Análisis de un solo eje (género) en mujeres rurales; 'intersectional' designa la combinación teológica, ecológica y feminista, no ejes relacionados.",0.0,No aplica: no supera el gate.,empirico_cualitativo,cambio_climatico_general,Kenya
666,0.5,"Postula la conexión entre racismo antinegro y la muerte de pacientes con discapacidad, sin detallar en el resumen cómo se co-construyen.",1.0,"Racismo estructural, 'afterlife of slavery' y violencia sistémica médica, analizados con la 'fabulación crítica' de Hartman.",1.0,"Hospital Memorial de Nueva Orleans tras Katrina, Seventh Ward e historia de la esclavitud como contexto situado.",0.0,Crítica textual y de archivo; no hay diseño empírico que operacionalice intersecciones.,2.0,low,,1.0,Propone reimaginar respuestas equitativas a desastres y redes de cuidado interseccionales centradas en pacientes para reducir daños.,0.5,"Las palabras clave aluden a la Soul Patrol y a escuchar voces, pero el resumen no desarrolla la agencia comunitaria.",True,Vincula racismo antinegro y violencia contra pacientes con discapacidad durante la evacuación del hospital Memorial tras el huracán Katrina.,0.5,"Racismo, discapacidad y respuesta al desastre se conectan en la crítica, pero el resumen es breve y poco articulado.",conceptual_teorico,ciclon_huracan_tormenta,United States
667,0.0,No aplica: no supera el gate.,0.0,No aplica: no supera el gate.,0.0,No aplica: no supera el gate.,0.0,No aplica: no supera el gate.,0.0,high,,0.0,No aplica: no supera el gate.,0.0,No aplica: no supera el gate.,False,Las 'intersectional perspectives' significan cruce de disciplinas; trata fronteras y nacionalismo sin relacionar ejes de diferenciación social.,0.0,No aplica: no supera el gate.,conceptual_teorico,cambio_climatico_general,Cyprus; Global
668,0.0,No aplica: no supera el gate.,0.0,No aplica: no supera el gate.,0.0,No aplica: no supera el gate.,0.0,No aplica: no supera el gate.,0.0,low,,0.0,No aplica: no supera el gate.,0.0,No aplica: no supera el gate.,False,La 'posthuman intersectionality' cruza un solo eje social (edad/generación) con lo no humano (bosques); no relaciona dos categorías sociales.,0.0,No aplica: no supera el gate.,conceptual_teorico,cambio_climatico_general; mitigacion_transicion,Sweden
669,0.5,"Nombra desigualdades interseccionales de edad, etnicidad, clase y género, pero el resumen no muestra cómo se co-construyen en el activismo.",0.5,"Señala desigualdades dentro de un movimiento 'progresista' dominado por comunidades blancas acomodadas, sin teorizar mecanismos.",0.5,"Gran Bretaña 2018-2023, FFF y XR, con referencia a lugares y espacios, pero contexto poco desarrollado.",1.0,"Selección intencional de dos activistas no estereotípicos, desde un trabajo de campo amplio, para examinar posiciones interseccionales.",2.0,medium,,0.5,"Examina la inclusión en la política prefigurativa y la fragmentación del movimiento, sin desarrollar propuestas transformadoras.",1.0,"Los jóvenes aparecen como agentes: activismo, política prefigurativa, cooperación y confrontación con los poderes.",True,"Analiza a jóvenes activistas con desigualdades interseccionales de edad, etnicidad, origen socioeconómico y género, más allá de comunidades blancas acomodadas.",0.5,"Las desigualdades interseccionales se vinculan con la experiencia activista, pero la articulación con poder y contexto es parcial.",empirico_cualitativo,cambio_climatico_general,United Kingdom
670,0.0,No aplica: no supera el gate.,0.0,No aplica: no supera el gate.,0.0,No aplica: no supera el gate.,0.0,No aplica: no supera el gate.,0.0,medium,,0.0,No aplica: no supera el gate.,0.0,No aplica: no supera el gate.,False,Un solo eje (edad: jóvenes); 'intersectional youth perspectives' etiqueta la juventud sin relacionarla con otras categorías sociales.,0.0,No aplica: no supera el gate.,empirico_cualitativo,cambio_climatico_general; inundacion,United Kingdom
671,0.0,No aplica: no supera el gate.,0.0,No aplica: no supera el gate.,0.0,No aplica: no supera el gate.,0.0,No aplica: no supera el gate.,0.0,low,,0.0,No aplica: no supera el gate.,0.0,No aplica: no supera el gate.,False,Nombra 'gendered immobility' y alude a 'intersectional positions' sin especificarlas ni relacionar el género con otras categorías.,0.0,No aplica: no supera el gate.,revision,sequia; cambio_climatico_general,Burkina Faso; Chad; Mali; Mauritania; Niger; Nigeria; Senegal; Sudan
672,1.0,"Muestra que cultura, edad, género y espiritualidad se combinan de formas distintas en marcos, agencia, impactos y respuestas.",0.0,"El resumen no nombra estructuras de poder (colonialismo, patriarcado) ni mecanismos; se centra en dimensiones sociales y culturales.",1.0,Comunidad Tsáá? Ché Ne Dane del norte de Columbia Británica; destaca una mejor contextualización y las diferencias entre grupos.,1.0,"Las dimensiones sociales guiaron diseño, selección de métodos y reclutamiento de participantes en el proceso comunitario.",2.0,medium,,0.5,"Praxis aplicada de planificación comunitaria que fortalece la capacidad adaptativa, sin enmarcarla explícitamente en justicia o desigualdad.",1.0,"La comunidad expresa agencia, define el problema y propone respuestas en un proceso participativo.",True,"En una comunidad indígena, cultura, edad, género y espiritualidad se combinan de formas distintas en cómo se enmarca y enfrenta el cambio climático.",0.5,"Lente interseccional integrado en todo el proceso, pero sin poder estructural que explique las diferencias entre grupos.",empirico_cualitativo,cambio_climatico_general,Canada
678,0.5,"La población combina condición migrante y residencia en slums, pero el resumen no explica cómo se co-construyen las variaciones interseccionales.",1.0,"Solo el 40% de los slums está reconocido, lo que limita beneficios e infraestructura; urbanización que ignora la historia ecológica.",1.0,"Bengaluru, historia ecológica urbana, reconocimiento formal de slums y crecimiento urbano rápido como contexto detallado.",0.5,"Métodos mixtos (modelación de inundaciones, mapeo de exposición, historias de vida) que consideran variaciones, sin análisis interaccional explícito.",2.0,medium,,1.0,"Propone procesos participativos e inclusivos y futuros urbanos reimaginados, con implicaciones de política explícitas.",0.5,"Incorpora las voces marginadas mediante historias de vida, sin documentar estrategias o resistencias propias.",True,Centra a migrantes que viven en asentamientos informales no reconocidos y considera variaciones interseccionales entre los marginados ante inundaciones.,0.5,"El problema del reconocimiento articula estructura, contexto y método; la dimensión interseccional queda secundaria.",empirico_mixto,inundacion,India
680,0.5,"Menciona 'the intersection of race, class, and gender', pero el eje dominante del análisis es la clase social.",0.5,Introduce demografía crítica y desigualdad categorial histórica; alude a mecanismos sociales y políticos sin desarrollarlos.,0.5,"Sitúa el análisis en Estados Unidos y en la desigualdad histórica, con contexto general.",0.0,Discurso que resume volúmenes editados; sin diseño empírico que opere intersecciones.,1.0,medium,,0.5,Ofrece 'potential solutions to the accelerating inequality in America' sin desarrollarlas.,0.0,No reconoce agencia ni estrategias de las poblaciones afectadas.,True,"Afirma que la intersección de raza, clase y género importa en la investigación sobre desastres, aunque de forma breve.",0.5,Hilo teoría-evidencia-soluciones centrado en la clase; la intersección raza-clase-género queda como tema enumerado.,conceptual_teorico,desastres_multiples,United States
682,0.0,No aplica: no supera el gate.,0.0,No aplica: no supera el gate.,0.0,No aplica: no supera el gate.,0.0,No aplica: no supera el gate.,0.0,medium,,0.0,No aplica: no supera el gate.,0.0,No aplica: no supera el gate.,False,Las 'intersectional vulnerabilities' se reducen a vulnerabilidades de las mujeres; etiqueta interseccional sobre un solo eje (género).,0.0,No aplica: no supera el gate.,empirico_cualitativo,cambio_climatico_general,No especificado
683,0.0,Gate no superado.,0.0,Gate no superado.,0.0,Gate no superado.,0.0,Gate no superado.,0.0,medium,,0.0,Gate no superado.,0.0,Gate no superado.,False,"Analiza políticas desde el género; la perspectiva interseccional aparece como carencia o recomendación, sin articular otros ejes sociales concretos.",0.0,Gate no superado.,empirico_cualitativo,mitigacion_transicion; cambio_climatico_general,Colombia
684,0.5,"Las identidades que se cruzan aparecen como impacto 'añadido', en clave aditiva y sin análisis de co-constitución.",0.5,"Señala marginación y ayuda posdesastre inadecuada, sin nombrar heteronormatividad u otras estructuras ni teorizar mecanismos.",0.0,Revisión global sin situar contextos históricos o geográficos.,0.0,Revisión rápida de 14 artículos; no opera intersecciones.,1.0,medium,,0.5,"Sugiere cambios en políticas y prácticas para una gestión de desastres inclusiva, sin desarrollarlos.",1.0,Documenta estrategias colectivas de la comunidad queer que facilitaron resiliencia ante desastres climáticos.,True,Relaciona la identidad queer con otras identidades: halla 'the added impact of intersecting identities' en los impactos climáticos.,0.5,Conecta exclusión en la ayuda con estrategias comunitarias; la intersección queda como hallazgo aislado.,revision,cambio_climatico_general; desastres_multiples,Global
685,0.5,"Las identidades entrelazadas son insumo del diseño, pero los resultados no analizan cómo se co-construyen.",0.5,"Valora la crítica sistémica de la justicia climática y los sesgos contra poblaciones marginadas, sin teorizar estructuras.",0.0,Sin contexto situado; 'locations' es solo un descriptor de los mensajes.,0.5,"Varía descriptores de identidades interseccionales en 100 mensajes, pero el análisis temático no compara entre combinaciones.",0.5,low,,0.5,Propone lentes interseccionales para examinar supuestos de la IA antes de usarla en educación; implicación poco desarrollada.,0.0,No aborda agencia de sujetos; la acción comunitaria es un tema de los textos generados.,True,"El diseño usa mensajes con 'descriptors of intersecting identities': combina identidades sociales, aunque el abstract no las nombra.",0.0,Los descriptores interseccionales del diseño no se vinculan con los hallazgos temáticos; elementos yuxtapuestos.,empirico_cualitativo,cambio_climatico_general,No especificado
693,0.5,"Combina mujeres y personas en movilidad humana, pero la movilidad aparece como factor que aumenta la vulnerabilidad, en lógica aditiva.",0.5,"Examina críticamente leyes y prácticas de gestión del riesgo y la violencia de género, sin teorizar mecanismos estructurales.",0.5,"Sitúa el análisis en la legislación ecuatoriana y la respuesta al sismo de 2016, con contexto poco desarrollado.",0.0,Análisis normativo y estudio de caso sin diseño que opere intersecciones.,1.0,low,,1.0,Propone estrategias de género e interseccionalidad y leyes que garanticen servicios y acceso a la justicia para sobrevivientes.,0.0,"Mujeres y personas en movilidad aparecen como sujetos vulnerables o sobrevivientes, sin agencia.",True,Relaciona género y movilidad humana con un enfoque interseccional para analizar la protección ante el riesgo de desastres.,0.5,"El enfoque género-movilidad se conecta con la crítica normativa y las propuestas, sin articular poder ni contexto.",empirico_cualitativo,desastres_multiples,Ecuador
697,0.5,"Reclama un lente interseccional, pero los hallazgos atribuyen la vulnerabilidad sobre todo a la falta de un enfoque de género.",1.0,La ecología política feminista desentraña relaciones de poder; identifica la gobernanza de adaptación no generizada como mecanismo.,1.0,Municipio de eThekwini y cuatro zonas de Durban con inundaciones recurrentes; circunscribe los hallazgos al contexto del estudio.,1.0,Entrevistas y grupos focales con mujeres negras africanas afectadas (muestreo intencional de una posición interseccional) y con funcionarios municipales.,2.0,medium,,0.5,"Recomienda una gobernanza de adaptación intencionalmente generizada para las políticas, sin desarrollar la dimensión de justicia.",0.5,Menciona experiencias de adaptación de las mujeres sin documentar sus estrategias.,True,"Centra la vulnerabilidad de mujeres negras africanas ante inundaciones, población que combina raza y género, desde un lente interseccional.",0.5,"Marco, método y contexto se conectan, pero la dimensión racial no se integra en la explicación de los hallazgos.",empirico_cualitativo,inundacion,South Africa
698,0.0,Gate no superado.,0.0,Gate no superado.,0.0,Gate no superado.,0.0,Gate no superado.,0.0,medium,,0.0,Gate no superado.,0.0,Gate no superado.,False,"Menciona disparidades raciales y justicia intergeneracional como enfoques, pero no articula ejes de diferenciación relacionados entre sí.",0.0,Gate no superado.,revision,cambio_climatico_general,United States
699,0.0,No aplica: no supera el gate.,0.0,No aplica: no supera el gate.,0.0,No aplica: no supera el gate.,0.0,No aplica: no supera el gate.,0.0,high,,0.0,No aplica: no supera el gate.,0.0,No aplica: no supera el gate.,False,'Climate Justice & Intersectionality' es una de cinco narrativas identificadas; el abstract no nombra ni relaciona ejes de diferenciación.,0.0,No aplica: no supera el gate.,empirico_cualitativo,cambio_climatico_general,United States
700,0.5,"Relaciona activismo, aspiraciones e identidad, pero el abstract no muestra cómo edad, raza y migración se co-construyen.",0.5,"Invoca el imperativo de desafiar el racismo ambiental y otras discriminaciones, sin teorizar mecanismos.",0.5,"Manchester y Melbourne, ciudades étnicamente diversas pero de mayoría blanca; contexto poco desarrollado.",1.0,"Muestreo intencional de 40 jóvenes con experiencia migratoria, mayoritariamente racializados, en dos ciudades.",2.0,medium,,0.5,Pide mayor atención interseccional a las condiciones de las decisiones sobre activismo; implicaciones de justicia poco desarrolladas.,1.0,"Documenta actividades prácticas de cuidado ambiental, sensibilización y mitigación realizadas por los jóvenes.",True,"Estudia jóvenes con experiencia migratoria, en su mayoría de minorías raciales, y propone análisis interseccionales de su cuidado ambiental.",0.5,"El lente interseccional conecta identidad, activismo y cuidado, pero poder y contexto quedan poco articulados.",empirico_cualitativo,cambio_climatico_general,United Kingdom; Australia
701,0.0,No aplica: no supera el gate.,0.0,No aplica: no supera el gate.,0.0,No aplica: no supera el gate.,0.0,No aplica: no supera el gate.,0.0,low,,0.0,No aplica: no supera el gate.,0.0,No aplica: no supera el gate.,False,La intersección explícita es 'age and climate': un solo eje social cruzado con el clima; el caso KlimaSeniorinnen no se desarrolla.,0.0,No aplica: no supera el gate.,conceptual_teorico,cambio_climatico_general,Global
705,0.0,No aplica: no supera el gate.,0.0,No aplica: no supera el gate.,0.0,No aplica: no supera el gate.,0.0,No aplica: no supera el gate.,0.0,medium,,0.0,No aplica: no supera el gate.,0.0,No aplica: no supera el gate.,False,Centrado en género; 'women and other intersectional groups' etiqueta otros grupos sin relacionar el género con otras categorías.,0.0,No aplica: no supera el gate.,conceptual_teorico,cambio_climatico_general,South Asia
706,0.5,"Nombra la posición combinada, pero el análisis cruza dos dominios de justicia más que la co-construcción de los ejes.",0.5,"Señala injusticia ambiental y fallos de la Corte Suprema contra la autonomía reproductiva, sin teorizar racismo ni patriarcado.",0.5,"Contexto jurídico estadounidense (Corte Suprema, comunidad legal) apenas esbozado.",0.0,Artículo jurídico-conceptual sin operacionalización empírica.,1.5,medium,,1.0,Propone estrategias legales y de política y construcción de poder comunitario para mitigar las injusticias interseccionales.,0.5,"Reconoce a los movimientos de justicia ambiental y reproductiva como actores, sin documentar estrategias de las mujeres afectadas.",True,"Identifica un nexo de riesgo especialmente agudo para 'women of color living in under-resourced communities': género, raza y clase relacionados.",0.5,"El nexo interseccional sustenta la propuesta legal, pero ejes y estructuras no se articulan en un análisis unificado.",conceptual_teorico,cambio_climatico_general,United States
707,0.0,No aplica: no supera el gate.,0.0,No aplica: no supera el gate.,0.0,No aplica: no supera el gate.,0.0,No aplica: no supera el gate.,0.0,high,,0.0,No aplica: no supera el gate.,0.0,No aplica: no supera el gate.,False,"Enumera ética, equidad, inclusión, interseccionalidad y decolonialidad como énfasis docentes, sin nombrar ni relacionar ejes de diferenciación.",0.0,No aplica: no supera el gate.,otro,cambio_climatico_general,Denmark
708,0.5,"Reconoce vulnerabilidades superpuestas por varios sistemas de opresión, pero el análisis se centra en género y paridad.",0.5,"Nombra sistemas de opresión actuales y pasados y el dominio masculino en la CMNUCC, sin teorizar mecanismos.",0.5,"Sitúa el argumento en la gobernanza de la CMNUCC (1995–2023) y la COP29; contexto institucional, no territorial.",0.0,Personal View sin diseño empírico interseccional.,1.0,medium,,1.0,"Orientación explícita a soluciones justas: representación inclusiva, políticas sensibles al género y crítica a la paridad numérica.",0.0,"Mujeres y personas de género diverso aparecen como afectadas o subrepresentadas, sin documentar agencia.",True,Vincula género con otras posiciones: mujeres y personas de género diverso con 'compounding and overlapping vulnerabilities due to... systems of oppression'.,0.5,"Conecta opresión, salud y gobernanza, pero la interseccionalidad no estructura el análisis.",conceptual_teorico,cambio_climatico_general,Global
709,0.0,Gate no superado.,0.0,Gate no superado.,0.0,Gate no superado.,0.0,Gate no superado.,0.0,low,,0.0,Gate no superado.,0.0,Gate no superado.,False,"Enumera personas BIPOC, LGBTQIA2S+ y mujeres como grupos subrepresentados por separado; no articula sus ejes como relacionados entre sí.",0.0,Gate no superado; no hay ejes relacionados que integrar.,empirico_cualitativo,desastres_multiples,United States
711,0.5,"Alude a 'intersectional inequalities' y a mujeres y personas no binarias de base, sin analizar cómo se co-construyen los ejes.",1.0,Políticas neoliberales desde los ochenta debilitan a las ONG y despolitizan la participación; el trabajo femenino se invisibiliza como cuidado.,1.0,"Sitúa el análisis en Nueva York, el campo del desarrollo comunitario estadounidense y el giro neoliberal desde los años ochenta.",0.5,"Casos de nueve organizaciones lideradas por mujeres y personas no binarias, con entrevistas; sin análisis interaccional explícito.",2.5,medium,,1.0,"Busca desafiar y reimaginar la política de desarrollo comunitario, con marco de justicia climática y transición justa.",1.0,Documenta estrategias y herramientas con que las organizaciones resisten las tendencias neoliberales dominantes.,True,Relaciona género y pobreza: mujeres de base en comunidades pobres cuyo trabajo comunitario se invisibiliza como extensión del cuidado no remunerado.,0.5,"Estructura, contexto y agencia se conectan bien, pero la dimensión interseccional queda poco desarrollada en el análisis.",empirico_cualitativo,cambio_climatico_general,United States
714,1.0,"Los árboles de clasificación identifican posiciones sociales combinadas, que el texto interpreta como 'intersectionality of risk and vulnerability'.",0.0,Habla de disparidades y desigualdades sin nombrar estructuras de poder ni mecanismos.,0.5,"Tres países y estados afectados; señala que los perfiles varían por país, sin contexto histórico-político.",1.0,Análisis de clases latentes y árboles de clasificación y regresión captan combinaciones de características (clasificación cruzada).,2.0,medium,,0.5,"Recomienda políticas multisectoriales dirigidas a los grupos más vulnerables para reducir desigualdades, sin desarrollo crítico.",0.5,"Registra respuestas de los hogares (endeudarse, abandonar la escuela) como acciones, pero en clave de vulnerabilidad.",True,"Perfiles combinados por género, ruralidad, ingreso y medio de vida: hombres rurales pobres agrícolas frente a mujeres urbanas de ingresos altos.",0.5,"El método interseccional se vincula con recomendaciones, pero sin estructura ni contexto que expliquen las posiciones halladas.",empirico_cuantitativo,sequia; inundacion; desastres_multiples,India; Mexico; Nigeria
715,0.0,No aplica: no supera el gate.,0.0,No aplica: no supera el gate.,0.0,No aplica: no supera el gate.,0.0,No aplica: no supera el gate.,0.0,high,,0.0,No aplica: no supera el gate.,0.0,No aplica: no supera el gate.,False,"Un solo eje (mujeres); 'intersectionality of vulnerabilities' alude a vulnerabilidades combinadas, no a categorías sociales relacionadas.",0.0,No aplica: no supera el gate.,revision,cambio_climatico_general,Global
716,0.0,Gate no superado.,0.0,Gate no superado.,0.0,Gate no superado.,0.0,Gate no superado.,0.0,medium,,0.0,Gate no superado.,0.0,Gate no superado.,False,"Menciona 'intersectional vulnerability', entornos de bajos recursos y perspectivas indígenas, pero no relaciona ejes de diferenciación entre sí.",0.0,Gate no superado; no hay ejes relacionados que integrar.,conceptual_teorico,cambio_climatico_general,Global
717,0.0,No aplica: no supera el gate.,0.0,No aplica: no supera el gate.,0.0,No aplica: no supera el gate.,0.0,No aplica: no supera el gate.,0.0,high,,0.0,No aplica: no supera el gate.,0.0,No aplica: no supera el gate.,False,La 'intersectional conception' une luchas climáticas y sociales en la percepción activista; no nombra ni relaciona ejes de diferenciación.,0.0,No aplica: no supera el gate.,empirico_cualitativo,cambio_climatico_general,Italy
718,0.0,Gate no superado.,0.0,Gate no superado.,0.0,Gate no superado.,0.0,Gate no superado.,0.0,medium,,0.0,Gate no superado.,0.0,Gate no superado.,False,"Casta, derechos de tierra de las mujeres e 'intersectionality of access to drinking water' figuran como temas separados; no relaciona ejes.",0.0,Gate no superado; no hay ejes relacionados que integrar.,conceptual_teorico,cambio_climatico_general; mitigacion_transicion,India
719,0.5,"Alude a 'intersectional and socio-structural discriminations' de mujeres y niñas, pero adopta una perspectiva de género sin co-construcción de ejes.",0.5,"Nombra discriminaciones socioestructurales y marcos legales que perpetúan la invisibilidad, sin teorizar mecanismos de poder.",0.0,"Análisis del derecho internacional en términos generales, sin contexto histórico o geográfico situado.",0.0,Análisis jurídico-conceptual sin operacionalización empírica.,1.0,low,,1.0,Examina potencialidades y límites jurídicos para proteger a migrantes climáticos desde una perspectiva sensible al género.,0.0,"Mujeres y niñas aparecen solo como vulnerables, invisibilizadas y desprotegidas.",True,Relaciona género y condición de migrante climático: discriminaciones que condicionan la migración de mujeres y niñas y vacíos de protección legal.,0.5,"Discriminación de género, migración y vacíos legales se conectan, pero sin estructura ni contexto que los integren plenamente.",conceptual_teorico,cambio_climatico_general,Global
720,0.0,Gate no superado.,0.0,Gate no superado.,0.0,Gate no superado.,0.0,Gate no superado.,0.0,high,,0.0,Gate no superado.,0.0,Gate no superado.,False,"Revisión centrada en género que señala la ausencia de interseccionalidad en la literatura, sin articular un segundo eje relacionado.",0.0,Gate no superado; no hay ejes relacionados que integrar.,revision,mitigacion_transicion,Global
721,0.5,"Eje central indigeneidad; mujeres y niños yanomami aparecen como más afectados, sin análisis de co-constitución.",0.5,"Detalla presiones estructurales (minería y tala ilegales, invasiones, contaminación, políticas estatales) sin marco crítico explícito.",1.0,"Contexto detallado: yanomami en Brasil y Venezuela, contacto entre 1910 y 1940, grupos aislados y datos PRODES.",0.0,Revisión experta y triangulación satelital; no opera intersecciones.,2.0,low,,1.0,"Llama con urgencia a políticas en defensa de las Tierras Indígenas, la Amazonía y sus guardianes.",0.5,"Presenta a los yanomami como pueblo resiliente con modo de vida tradicional y 'guardians', sin documentar estrategias.",True,"La población implica indigeneidad y género/edad: violencia contra el pueblo yanomami, 'especially women and children'; mención breve.",0.5,Amenazas estructurales y contexto se articulan; la dimensión de género y edad queda marginal.,revision,cambio_climatico_general; incendio_forestal; sequia,Brazil
722,0.5,"La población es una posición interseccional, pero los hallazgos destacan impactos coloniales en comunidades indígenas más que su co-construcción con el género.",1.0,"Vincula degradación ambiental e impactos coloniales continuos sobre prácticas tradicionales con el bienestar mental, desde un marco feminista indigenista.",1.0,"Sitúa la experiencia en Canadá occidental y atiende factores sociales, culturales e históricos específicos de estas mujeres.",1.0,Diseño colaborativo feminista indigenista centrado intencionalmente en experiencias vividas de mujeres indígenas.,2.5,low,,0.5,"Cierra con implicaciones para políticas e intervenciones comunitarias, sin desarrollarlas.",1.0,Documenta estrategias de afrontamiento basadas en la tierra y adaptaciones lideradas por mujeres.,True,Centra a mujeres indígenas de Canadá occidental con enfoque feminista indigenista: género e indigeneidad implícitos sin ambigüedad en la población.,0.5,"Colonialismo, contexto y método se articulan, pero el eje de género queda implícito en la población.",empirico_cualitativo,cambio_climatico_general,Canada
724,0.5,"Declara énfasis en las intersecciones, pero los hallazgos reportados se reducen a una brecha de género en resiliencia.",0.5,"Atribuye la brecha a normas sociales y prácticas culturales, con barreras de acceso a finanzas, sin teorizar estructuras.",0.5,"Comunidades forestales de dos minorías étnicas en Vietnam, con contexto descrito superficialmente.",0.5,Métodos mixtos con datos desagregados por género; no se reporta análisis interaccional de las intersecciones.,2.0,medium,,1.0,"Propone acción climática que priorice la igualdad de género, con formación y grupos de microfinanzas gestionados por mujeres.",0.5,"Propone amplificar las voces de las mujeres, pero las presenta sobre todo con baja resiliencia y barreras.",True,"Examina cómo la resiliencia varía por género, contexto geográfico y etnicidad en dos minorías étnicas, con énfasis declarado en sus intersecciones.",0.5,"Brecha de género, normas y recomendaciones se conectan, pero etnicidad y geografía no se integran al análisis.",empirico_mixto,cambio_climatico_general,Vietnam
725,0.0,No aplica: no supera el gate.,0.0,No aplica: no supera el gate.,0.0,No aplica: no supera el gate.,0.0,No aplica: no supera el gate.,0.0,medium,,0.0,No aplica: no supera el gate.,0.0,No aplica: no supera el gate.,False,"Las 'intersectionalities of space, time, difference, rule, and movement' son ángulos analíticos, no ejes de diferenciación social relacionados.",0.0,No aplica: no supera el gate.,conceptual_teorico,cambio_climatico_general,Global
726,0.5,"Alude a 'intersectional and socio-structural discriminations' de mujeres y niñas, pero adopta una perspectiva de género sin co-construcción de ejes.",0.5,"Nombra discriminaciones socioestructurales y marcos legales que perpetúan la invisibilidad, sin teorizar mecanismos de poder.",0.0,"Análisis del derecho internacional en términos generales, sin contexto histórico o geográfico situado.",0.0,Capítulo jurídico-conceptual sin operacionalización empírica.,1.0,low,,1.0,Examina potencialidades y límites jurídicos para proteger a migrantes climáticos desde una perspectiva sensible al género.,0.0,"Mujeres y niñas aparecen solo como vulnerables, invisibilizadas y desprotegidas.",True,Relaciona género y condición de migrante climático: discriminaciones que condicionan la migración de mujeres y niñas y vacíos de protección legal.,0.5,"Discriminación de género, migración y vacíos legales se conectan, pero sin estructura ni contexto que los integren plenamente.",conceptual_teorico,cambio_climatico_general,Global
727,0.0,No aplica: no supera el gate.,0.0,No aplica: no supera el gate.,0.0,No aplica: no supera el gate.,0.0,No aplica: no supera el gate.,0.0,medium,,0.0,No aplica: no supera el gate.,0.0,No aplica: no supera el gate.,False,"Habla de 'intersectional violences' y estructuras de poder, pero no nombra ni relaciona ejes de diferenciación social.",0.0,No aplica: no supera el gate.,empirico_cualitativo,cambio_climatico_general,Puerto Rico
728,1.0,Concluye que identidades que se intersecan desfavorecen especialmente a mujeres jóvenes de grupos étnicos minoritarios.,0.5,"Habla de desigualdades multidimensionales y de cambio transformador, sin teorizar estructuras de poder ni sus mecanismos.",0.5,Datos de acuicultores de Bangladesh (2018-2019) y revisión global; contexto poco desarrollado.,0.5,Revisión de alcance y datos de mujeres y hombres acuicultores; no se describe análisis interaccional.,2.0,medium,,1.0,Destaca intervenciones transformadoras y sensibles al género para la igualdad social y de género.,0.5,"Menciona el empoderamiento de las mujeres, pero las presenta principalmente como desfavorecidas ante los choques climáticos.",True,"Nombra género, clase, edad, indigeneidad, etnicidad, casta y religión, y halla desventajas en 'young women from minority ethnic groups'.",0.5,"Las desventajas interseccionales se enlazan con intervenciones, pero sin estructura ni contexto que las expliquen.",revision,cambio_climatico_general,Global; Bangladesh
729,1.0,Muestra que el binarismo de género y los enfoques centrados en mujeres tienen fundamentos coloniales: género y colonialidad co-constituidos.,1.0,"Colonialidad, extractivismo, capitalismo y conocimiento eurocéntrico como motores del cambio climático y de sus soluciones.",0.5,"Inscribe el clima en historias de colonialismo y explotación capitalista, sin anclaje geográfico específico.",0.0,Ensayo conceptual sin operacionalización empírica.,2.5,medium,,1.0,Propone una praxis climática feminista post/decolonial con ética del cuidado y justicia interseccional.,0.5,"Reconoce la diversidad epistémica y el conocimiento encarnado, sin documentar estrategias de sujetos concretos.",True,Relaciona género y colonialidad/raza: fundamentos coloniales del binarismo de género y 'white feminist epistemic privileging'.,1.0,La colonialidad explica las exclusiones de género y fundamenta coherentemente la praxis propuesta.,conceptual_teorico,cambio_climatico_general,Global
730,1.0,"Analiza género y generación como factores que se intersecan y median la adaptación, con teoría interseccional explícita.",0.5,"Recurre a la colonialidad para describir factores socioestructurales, sin detallar mecanismos.",1.0,"Pueblo rural de Comerío, Puerto Rico, en desastres continuos; los hallazgos se circunscriben a ese entorno.",0.5,PhotoVoice y observación con mujeres de una organización local; no se describe muestreo ni análisis por subgrupos.,2.5,medium,,1.0,Fomenta el diálogo de políticas y ya ha influido en decisiones locales.,1.0,Método participativo en que las mujeres definen prioridades de recuperación; promueve respuestas comunitarias a la crisis.,True,Halla que las diferencias de género y generacionales son 'key intersecting factors' que median la adaptación a los desastres.,0.5,"Interseccionalidad, contexto y participación se conectan, pero la colonialidad no se liga explícitamente a los hallazgos.",empirico_cualitativo,desastres_multiples,Puerto Rico
731,0.0,No aplica: no supera el gate.,0.0,No aplica: no supera el gate.,0.0,No aplica: no supera el gate.,0.0,No aplica: no supera el gate.,0.0,high,,0.0,No aplica: no supera el gate.,0.0,No aplica: no supera el gate.,False,"Los enfoques 'differential, intersectional and participatory' aparecen solo como necesidad futura; no relaciona ejes de diferenciación.",0.0,No aplica: no supera el gate.,revision,cambio_climatico_general,Global; Latin America
735,0.5,"Menciona de pasada características interseccionales dentro de la población sin hogar, sin analizar su co-construcción.",0.0,"Atribuye el riesgo a condiciones de salud y tiempo de exposición, sin teorizar estructuras.",0.0,No sitúa la discusión en un lugar ni en un contexto histórico o político.,0.0,Comentario sobre vacíos metodológicos; no operacionaliza intersecciones.,0.5,medium,,0.5,"Pide estrategias de prevención e intervención focalizadas para proteger a esta población, sin desarrollarlas.",0.0,Las personas sin hogar aparecen solo como población en riesgo.,True,"Relaciona la situación de calle con 'intersectional identity characteristics' (capacidad, edad) que agravan la exposición al calor.",0.0,La mención interseccional queda aislada del resto del argumento sobre exposición y datos.,conceptual_teorico,calor_extremo,No especificado
737,0.0,No aplica: no supera el gate.,0.0,No aplica: no supera el gate.,0.0,No aplica: no supera el gate.,0.0,No aplica: no supera el gate.,0.0,high,,0.0,No aplica: no supera el gate.,0.0,No aplica: no supera el gate.,False,Alude a 'systematic and intersectional inequalities' del desastre sin nombrar ni relacionar ejes de diferenciación social.,0.0,No aplica: no supera el gate.,conceptual_teorico,desastres_multiples,No especificado
738,0.0,No aplica: no supera el gate.,0.0,No aplica: no supera el gate.,0.0,No aplica: no supera el gate.,0.0,No aplica: no supera el gate.,0.0,high,,0.0,No aplica: no supera el gate.,0.0,No aplica: no supera el gate.,False,Promueve 'justice-oriented and intersectional narratives' en libros infantiles; no nombra ni relaciona ejes de diferenciación social.,0.0,No aplica: no supera el gate.,empirico_cualitativo,cambio_climatico_general,No especificado
739,0.5,"La posición de migrantes y refugiados CALD combina ejes, pero no se analiza cómo se co-construyen.",0.0,"Enfoque de activos y capital social; no nombra estructuras de poder (racismo, xenofobia) ni mecanismos.",0.5,"Ejemplos situados en Nueva Zelanda y en la vida cotidiana, con contexto superficial.",0.0,Capítulo conceptual con ejemplos; sin diseño que opere intersecciones.,1.0,low,,0.5,"Propone las cuatro 'R' de comunicación para la práctica del trabajo social; orientación práctica, no a la justicia.",1.0,Enfoque de activos: el capital social existente ayuda a las comunidades CALD a navegar los desastres.,True,"La población implica estatus migratorio y diversidad cultural-lingüística (refugiados y migrantes CALD), que el texto sitúa bajo 'intersectional appreciation'.",0.0,"La 'apreciación interseccional' queda yuxtapuesta al enfoque de activos y a la comunicación, sin articularse.",conceptual_teorico,desastres_multiples,New Zealand
740,0.5,"Conecta sistemas de opresión e invoca el 'intersectional ecofeminism', pero no analiza identidades co-construidas.",1.0,"Remonta falsas soluciones (mercados de carbono, compensaciones) a una modernidad colonial y capitalista con consecuencias racializadas.",0.5,"Alude al despertar racial de 2020 y a movimientos concretos, con alcance transnacional poco situado.",0.0,Libro conceptual sin operacionalización empírica.,2.0,medium,,1.0,"Llama a cambios transformadores y a enfoques antirracistas, emancipadores y regenerativos del ambientalismo.",1.0,Extrae lecciones del movimiento de desinversión y de activistas de soberanía alimentaria.,True,"Vincula raza, colonialismo y capitalismo en las consecuencias racializadas de falsas soluciones; propone ecofeminismo interseccional y soberanía indígena.",0.5,"Estructura, praxis y movimientos se articulan, pero la dimensión interseccional de género queda solo enunciada.",conceptual_teorico,cambio_climatico_general; mitigacion_transicion,Global
741,1.0,Trata a las mujeres indígenas como posición específica con saberes propios y examina intersecciones de género e indigeneidad.,1.0,"Examina críticamente legados coloniales que moldean políticas ambientales y marginan voces indígenas, desde un enfoque feminista decolonial.",1.0,Tierras tradicionales de Canadá occidental; legados coloniales y estrategias culturalmente situadas.,1.0,Investigación participativa feminista decolonial centrada intencionalmente en mujeres indígenas.,4.0,medium,,1.0,Aboga por centrar el conocimiento de mujeres indígenas en las políticas y por una adaptación más equitativa.,1.0,Documenta cómo las mujeres indígenas conceptualizan la crisis y responden con saberes y prácticas basadas en la tierra.,True,"Mujeres indígenas de Canadá occidental; declara aportar a 'the intersections between gender, Indigeneity, and environmental justice'.",1.0,"Colonialidad, posición de mujeres indígenas, método participativo, contexto y praxis se articulan en un análisis coherente.",empirico_cualitativo,cambio_climatico_general,Canada
742,0.0,No aplica: no supera el gate.,0.0,No aplica: no supera el gate.,0.0,No aplica: no supera el gate.,0.0,No aplica: no supera el gate.,0.0,medium,,0.0,No aplica: no supera el gate.,0.0,No aplica: no supera el gate.,False,Las prácticas y narrativas 'intersectional' de FFF visibilizan voces marginadas sin nombrar ni relacionar ejes de diferenciación social.,0.0,No aplica: no supera el gate.,empirico_cualitativo,cambio_climatico_general; inundacion; incendio_forestal,Germany
745,0.5,"Se enfoca en una posición combinada, pero superpone discriminación, marginación y trauma como capas sin analizar su co-construcción.",0.5,"Nombra discriminación por discapacidad, marginación socioeconómica y trauma intergeneracional, sin teorizar mecanismos estructurales.",0.0,"Planteamiento mundial genérico, sin anclaje histórico o geográfico específico.",0.0,Capítulo conceptual sin operacionalización empírica.,1.5,medium,,1.0,"Exige operacionalizar la justicia climática de la discapacidad con participación, equidad y rendición de cuentas.",1.0,Presenta a indígenas con discapacidad como 'powerful change agents' y protagonistas de litigios climáticos.,True,"Centra a pueblos indígenas con discapacidad, relacionando indigeneidad, discapacidad y marginación socioeconómica ante el cambio climático.",0.5,"Posición interseccional, agencia y praxis se conectan, pero sin estructura teorizada ni contexto situado.",conceptual_teorico,cambio_climatico_general,Global
746,0.5,"Anuncia discutir 'various intersecting identities' y vincula identidad de género con vivienda, sin analizar la co-construcción.",0.5,"Señala normas sociales, barreras documentales y leyes climáticas binarias, sin teorizar estructuras.",0.5,"India y sus leyes climáticas revisadas, con contextos geográficos y ecológicos mencionados de forma general.",0.0,Capítulo de discusión sin operacionalización empírica.,1.0,medium,,0.5,"Pide ir más allá del binarismo de género en la política climática, sin desarrollar propuestas.",0.0,La comunidad trans aparece solo como afectada.,True,Relaciona identidad trans con precariedad económica y habitacional: falta de documentos y desempleo impiden alquilar y agravan el impacto de desastres.,0.5,"Vivienda, identidad de género y política climática se conectan solo parcialmente.",conceptual_teorico,cambio_climatico_general,India
747,0.0,No aplica: no supera el gate.,0.0,No aplica: no supera el gate.,0.0,No aplica: no supera el gate.,0.0,No aplica: no supera el gate.,0.0,high,,0.0,No aplica: no supera el gate.,0.0,No aplica: no supera el gate.,False,"La 'intersectional relationship' cruza disparidades socioeconómicas, condiciones históricas y política regional; no relaciona ejes de diferenciación social.",0.0,No aplica: no supera el gate.,empirico_cuantitativo,cambio_climatico_general,Europe
749,0.0,No aplica: no supera el gate.,0.0,No aplica: no supera el gate.,0.0,No aplica: no supera el gate.,0.0,No aplica: no supera el gate.,0.0,high,,0.0,No aplica: no supera el gate.,0.0,No aplica: no supera el gate.,False,"Enumera raza, millennials, Gen Z, mujeres y migrantes como perspectivas separadas, sin relacionarlas entre sí.",0.0,No aplica: no supera el gate.,conceptual_teorico,cambio_climatico_general,Global
750,0.0,Gate no superado.,0.0,Gate no superado.,0.0,Gate no superado.,0.0,Gate no superado.,0.0,medium,,0.0,Gate no superado.,0.0,Gate no superado.,False,"Enumera saberes indígenas, ecofeministas, interseccionales/raza crítica y marxistas como marcos pedagógicos; no articula ejes sociales como relacionados entre sí.",0.0,Gate no superado.,conceptual_teorico,cambio_climatico_general,Canada
751,0.0,No aplica: no supera el gate.,0.0,No aplica: no supera el gate.,0.0,No aplica: no supera el gate.,0.0,No aplica: no supera el gate.,0.0,high,,0.0,No aplica: no supera el gate.,0.0,No aplica: no supera el gate.,False,Se centra en adolescentes (edad) y menciona 'under-represented intersectional perspectives' sin relacionar ejes de diferenciación social.,0.0,No aplica: no supera el gate.,conceptual_teorico,cambio_climatico_general; desastres_multiples,Global
752,0.0,No aplica: no supera el gate.,0.0,No aplica: no supera el gate.,0.0,No aplica: no supera el gate.,0.0,No aplica: no supera el gate.,0.0,high,,0.0,No aplica: no supera el gate.,0.0,No aplica: no supera el gate.,False,"Declara usar 'intersectional methodologies' y menciona la brecha Norte-Sur y utopías queer, sin relacionar ejes de diferenciación social.",0.0,No aplica: no supera el gate.,conceptual_teorico,cambio_climatico_general; mitigacion_transicion,Global
753,0.0,No aplica: no supera el gate.,0.0,No aplica: no supera el gate.,0.0,No aplica: no supera el gate.,0.0,No aplica: no supera el gate.,0.0,low,,0.0,No aplica: no supera el gate.,0.0,No aplica: no supera el gate.,False,Jóvenes que demandan interseccionalidad y racismo sistémico en el activismo aparecen por separado; no relaciona edad y raza como posiciones entrelazadas.,0.0,No aplica: no supera el gate.,conceptual_teorico,cambio_climatico_general,North America
756,0.5,"Declara examinar 'the intersection of gender, immigration status', pero la conclusión se reduce a un enfoque de género.",0.0,Describe barreras laborales y de integración sin nombrar estructuras ni mecanismos; foco en bienestar individual y emprendimiento.,0.0,"Habla de 'host societies' genéricas; no identifica país, historia ni política de reasentamiento.",0.5,Muestra solo de mujeres refugiadas (pre-post y temas cualitativos); no analiza la interacción entre género y estatus migratorio.,1.0,medium,,0.5,Intervención de empoderamiento con recomendaciones generales a formuladores de política; sin crítica de desigualdades ni marco de justicia.,0.5,"Reporta crecimiento personal y emprendimiento; agencia enmarcada en la intervención, no en estrategias propias de las mujeres.",True,Relaciona género y estatus migratorio: las mujeres refugiadas enfrentan desafíos específicos que superan los de los refugiados varones.,0.5,La posición de mujeres refugiadas guía diseño y hallazgos; la adaptación climática queda yuxtapuesta a los resultados.,empirico_mixto,cambio_climatico_general,No especificado
757,0.0,No aplica: no supera el gate.,0.0,No aplica: no supera el gate.,0.0,No aplica: no supera el gate.,0.0,No aplica: no supera el gate.,0.0,high,,0.0,No aplica: no supera el gate.,0.0,No aplica: no supera el gate.,False,Las 'intersectional and inter-regional considerations' son una promesa del enfoque interamericano; no nombra ni relaciona ejes sociales.,0.0,No aplica: no supera el gate.,conceptual_teorico,cambio_climatico_general,Americas
758,0.5,"Raza y capital se vinculan vía 'racial capitalism', pero el análisis se centra en comunidades de color sin examinar co-construcción de posiciones.",1.0,Racismo ambiental y capitalismo racial explican cómo las soluciones climáticas 'exacerbate racial injustices'; marco poscolonial y decolonial.,0.5,"Reclama desentrañar historias raciales y adaptación local frente a soluciones descontextualizadas, pero no sitúa el análisis en un lugar concreto.",0.0,Ensayo conceptual sin operacionalización empírica.,2.0,medium,,1.0,"Agenda explícita de justicia climática y racial, con tres giros propuestos para la investigación y la educación en gestión.",0.5,"Propone estudiar organizaciones de base y adaptación local de comunidades de color; agencia planteada como agenda, no documentada.",True,"Articula raza y clase mediante el capitalismo racial, desde epistemologías feministas y decoloniales; incluye intersectionality como palabra clave.",0.5,"El capitalismo racial conecta poder estructural y agenda de justicia, pero la articulación entre ejes sociales queda poco desarrollada.",conceptual_teorico,cambio_climatico_general,Global
759,1.0,Analiza los saberes de salud generizados y situados de mujeres indígenas como posición específica ante el cambio ambiental.,1.0,"Colonialismo de asentamiento, extracción petrolera, desplazamiento y falta de reconocimiento federal como mecanismos estructurales.",1.0,"Tribu no reconocida federalmente del Golfo de EE. UU., con intrusión salina y pérdida de tierras; subraya desafíos únicos.",1.0,Entrevistas semiestructuradas a 31 mujeres de la tribu: muestreo intencional del subgrupo interseccional.,4.0,high,,1.0,"Interpreta los hallazgos desde la justicia reproductiva ambiental, con crítica situada al colonialismo de asentamiento.",1.0,"Documenta saberes indígenas de salud y sanación, y 'resilience and resistance' frente a fuerzas macroestructurales.",True,Relaciona género e indigeneidad: saberes 'gendered and place-based' y colonialismo de asentamiento que recargan especialmente a mujeres indígenas.,1.0,"Colonialismo, género, lugar y saberes se articulan para explicar la ruptura en la transmisión de conocimiento ante el cambio ambiental.",empirico_cualitativo,nivel_mar_costas; cambio_climatico_general,United States
760,0.5,"Discapacidad y 'multiple marginalized identities' se mencionan juntas, sin analizar cómo se co-construyen.",1.0,Teoriza el 'ecological disablement' y la violencia y negligencia estatal desde justicia ambiental crítica y justicia de la discapacidad.,0.0,Sin contexto histórico o geográfico específico.,0.0,Ensayo conceptual con ejemplos; sin operacionalización empírica.,2.0,medium,,1.0,Orientación explícita a futuros justos: praxis de indispensabilidad y ayuda mutua como estrategia adaptativa.,1.0,Documenta grupos de ayuda mutua y redes de cuidado de personas discapacitadas como estrategias de resiliencia.,True,Relaciona discapacidad con otras posiciones: grupos de ayuda mutua de personas discapacitadas 'with multiple marginalized identities'.,0.5,"Poder, praxis y agencia se articulan; la intersección con otras identidades queda periférica.",conceptual_teorico,cambio_climatico_general; desastres_multiples,No especificado
762,0.0,No aplica: no supera el gate.,0.0,No aplica: no supera el gate.,0.0,No aplica: no supera el gate.,0.0,No aplica: no supera el gate.,0.0,high,,0.0,No aplica: no supera el gate.,0.0,No aplica: no supera el gate.,False,La interseccionalidad aparece como blanco de reacciones populistas y en la agenda de investigación; no relaciona ejes de diferenciación.,0.0,No aplica: no supera el gate.,conceptual_teorico,cambio_climatico_general,Global
763,0.5,"Enumera dimensiones interseccionales (clase, género, casta, etnia...) sin analizar cómo co-construyen posiciones concretas.",0.5,"Señala desigualdades, metanarrativas dominantes y adaptación planificada que 'reinforce existing vulnerabilities', sin teorizar estructuras específicas.",0.5,Subraya la historicidad de la marginación y los saberes situados; el contexto (pescadores artesanales de India) es superficial en el abstract.,0.0,Argumento ético-conceptual ilustrado con historias de vida; sin diseño que opere intersecciones.,2.0,medium,,1.0,"Adaptación centrada en las personas orientada a igualdad, justicia, cuidado y empoderamiento; deconstruye narrativas dominantes.",1.0,"Reconoce saberes locales, narrativas culturales y redes de solidaridad como el poder de las comunidades marginadas.",True,"Enmarca clase, género, raza, casta, etnia y religión como 'intersectional dimensions' que rutinizan las relaciones sociales y la producción de conocimiento.",0.5,"Justicia, saberes y crítica a la adaptación planificada se conectan; las dimensiones interseccionales quedan enumeradas, no integradas.",conceptual_teorico,cambio_climatico_general,India
766,0.5,"La intersección de identidades con el consumo aparece en la conclusión; pobreza, vivienda y salud se listan como necesidades.",0.5,"Nombra pobreza, desventaja barrial, inseguridad habitacional y barreras de acceso, sin teorizar estructuras como criminalización o racismo.",0.5,"Situado en Houston, Texas, tras desastres naturales; contexto local poco desarrollado.",0.5,"Entrevistas cualitativas a 18 PWUD; la intersección emerge en resultados, sin diseño ni análisis interaccional explícito.",1.5,medium,,0.0,Describe necesidades y acceso a servicios sin desarrollar implicaciones de justicia ni recomendaciones.,1.0,Documenta ayuda mutua entre PWUD para compartir insumos de reducción de daños y cubrir necesidades prácticas.,True,Concluye que la vulnerabilidad posdesastre de PWUD se relaciona con 'multiple marginalized identities that intersect with illicit drug use'.,0.5,"Necesidades, barreras y ayuda mutua se conectan, pero la intersección solo aparece como conclusión.",empirico_cualitativo,ciclon_huracan_tormenta; desastres_multiples,United States
767,0.0,No aplica: no supera el gate.,0.0,No aplica: no supera el gate.,0.0,No aplica: no supera el gate.,0.0,No aplica: no supera el gate.,0.0,low,,0.0,No aplica: no supera el gate.,0.0,No aplica: no supera el gate.,False,"Propone coaliciones de 'intersectional organizing across a range of social identities': articula alianzas entre grupos, no posiciones entrelazadas.",0.0,No aplica: no supera el gate.,conceptual_teorico,cambio_climatico_general,United States; Colombia
769,0.0,No aplica: no supera el gate.,0.0,No aplica: no supera el gate.,0.0,No aplica: no supera el gate.,0.0,No aplica: no supera el gate.,0.0,high,,0.0,No aplica: no supera el gate.,0.0,No aplica: no supera el gate.,False,"Los enfoques interseccionales aparecen solo como necesidad futura; comunidades marginadas tratadas en bloque, sin relacionar ejes de diferenciación.",0.0,No aplica: no supera el gate.,revision,cambio_climatico_general; desastres_multiples,Global
774,0.5,"Mujeres de un asentamiento informal como posición situada, pero el abstract no analiza cómo se co-construyen género y marginación.",0.5,"Nombra el abandono estatal y la exclusión de la gobernanza urbana y del riesgo, sin teorizar mecanismos.",0.5,"Campamento Dignidad, Santiago de Chile, durante la COVID-19; contexto histórico-político apenas esbozado.",0.5,Estudio de caso centrado en lideresas del asentamiento; el abstract no describe análisis interaccional.,2.0,low,,0.5,"Problematiza las categorías de género en la gobernanza del riesgo y reclama participación comunitaria, sin desarrollar propuestas.",1.0,"Documenta autogestión, liderazgo femenino, prácticas de cuidado y redes de solidaridad impulsadas por mujeres.",True,Relaciona género y marginación socioespacial: liderazgo femenino y cuidados en un asentamiento informal de Santiago bajo abandono estatal.,0.5,"La agencia femenina se vincula con el abandono estatal, pero la articulación interseccional queda implícita.",empirico_cualitativo,desastres_multiples,Chile
776,1.0,"Muestra cómo normas de género, clase, edad y estado civil se cruzan para restringir la agencia y la capacidad adaptativa.",0.5,"Critica la feminización de intervenciones de ONG y las normas restrictivas, pero atribuye las barreras sobre todo a normas culturales.",0.5,"Bangladesh y adaptación comunitaria impulsada por ONG; el abstract no detalla región, historia ni política local.",1.0,"Estudio de caso cualitativo centrado en mujeres pobres participantes, con análisis de sus cruces con edad y estado civil.",2.5,medium,,0.5,"Advierte que feminizar la adaptación puede agravar vulnerabilidades y recomienda vías culturales, sin marco de justicia desarrollado.",0.5,"La agencia individual y colectiva es eje analítico, pero los hallazgos destacan sobre todo sus restricciones.",True,"'Gender norms intersected with social class, age and marital status' para limitar a mujeres pobres en la adaptación comunitaria.",1.0,"Los cruces de género, clase, edad y estado civil explican el fracaso de intervenciones feminizadas en su contexto.",empirico_cualitativo,cambio_climatico_general,Bangladesh
782,1.0,"Pastores más pobres y alejados de las escuelas enfrentan compromisos específicos: riqueza, género y geografía se cruzan.",1.0,"Marginación política histórica, legados del desarrollo y sesgos epistémicos; ecología política feminista sobre relaciones interseccionales de poder.",1.0,"Análisis históricamente situado, con archivos, en tres comunidades pastoriles del sur de Kenia.",1.0,"Archivos, 16 grupos focales y 122 entrevistas; el análisis identifica posiciones combinadas de riqueza, género y lugar.",3.5,high,,0.5,"Problematiza lógicas de desarrollo y adaptación y alude a transformaciones más justas, sin desarrollar propuestas.",0.5,"Muestra aspiraciones y estrategias al negociar la escolarización, aunque enfatiza restricciones de dinero, movilidad y trabajo.",True,"'Wealth disparities, gendered norms, and geographies intersect to shape patterns of vulnerability' entre pastores del sur de Kenia.",1.0,"Legados históricos y relaciones interseccionales de poder explican la vulnerabilidad diferenciada, analizada con datos de archivo y cualitativos.",empirico_cualitativo,cambio_climatico_general,Kenya
784,0.0,No aplica: no supera el gate.,0.0,No aplica: no supera el gate.,0.0,No aplica: no supera el gate.,0.0,No aplica: no supera el gate.,0.0,medium,,0.0,No aplica: no supera el gate.,0.0,No aplica: no supera el gate.,False,Lista grupos vulnerables por separado y centra la población LGBTQ+; el 'intersectional analysis' activista no relaciona ejes concretos.,0.0,No aplica: no supera el gate.,empirico_cualitativo,cambio_climatico_general,United States
785,0.5,"El cruce de género con otras identidades es un hallazgo sobre el discurso, no un análisis de co-constitución.",0.0,"Atribuye la vulnerabilidad a experiencias sociales y culturales de las mujeres, sin nombrar estructuras de poder.",0.0,"Analiza 40 tuits de organismos internacionales, sin situar contextos históricos o geográficos.",0.0,Análisis ecolingüístico de discursos; no opera intersecciones.,0.0,medium,,0.0,Contribución descriptiva sobre la representación discursiva; no desarrolla orientación transformadora.,0.0,Las mujeres aparecen como vulnerables; no se aborda su agencia.,True,"Halla que 'gender intersections with other social identities determine vulnerabilities', con impactos mayores en mujeres de contextos marginados.",0.0,El hallazgo interseccional queda aislado del análisis discursivo; elementos yuxtapuestos.,empirico_cualitativo,cambio_climatico_general,Global
786,0.0,No aplica: no supera el gate.,0.0,No aplica: no supera el gate.,0.0,No aplica: no supera el gate.,0.0,No aplica: no supera el gate.,0.0,medium,,0.0,No aplica: no supera el gate.,0.0,No aplica: no supera el gate.,False,"Declara un 'intersectional framework', pero analiza solo el eje género en la CMNUCC, sin relacionarlo con otras categorías.",0.0,No aplica: no supera el gate.,empirico_cualitativo,cambio_climatico_general,Global
787,1.0,"Con la 'intersectional embodiment' de Sultana, identifica posiciones combinadas (viudas, madres solas, mujeres mayores o enfermas) con mayor carga.",1.0,"La abstracción política deja sin atender riesgos lentos (tierra, agua, ingresos) y desplaza deliberadamente el riesgo a una comunidad menos influyente.",1.0,"Lodwar, ciudad semiárida en rápido crecimiento del condado más pobre de Kenia (Turkana); dos casos de reubicación por inundaciones.",1.0,"Dos estudios de caso cualitativos que diferencian estrategias y cargas según posiciones combinadas de género, capacidad, edad y estado civil.",3.5,high,,0.5,"Critica la abstracción política en la negociación de reubicaciones, sin desarrollar una orientación explícita a la justicia ni recomendaciones.",1.0,"Las personas abogan, gestionan y repiensan sus riesgos lentos mediante respuestas lentas como la espera y la reimaginación.",True,"Vulnerabilidades desplazadas 'along the axes of gender and able-bodiedness': viudas, madres solas, mujeres mayores y enfermas cargan la mayor penuria.",1.0,"Posiciones interseccionales, poder político, contexto y estrategias se articulan en la tipología de riesgos rápidos y lentos.",empirico_cualitativo,inundacion; cambio_climatico_general,Kenya
788,0.0,Gate no superado.,0.0,Gate no superado.,0.0,Gate no superado.,0.0,Gate no superado.,0.0,medium,,0.0,Gate no superado.,0.0,Gate no superado.,False,"Enumera enfoque de género, inclusión social y juvenil e 'intersectionality' como requisitos paralelos; no relaciona ejes entre sí.",0.0,Gate no superado.,revision,cambio_climatico_general,Global
789,0.0,No aplica: no supera el gate.,0.0,No aplica: no supera el gate.,0.0,No aplica: no supera el gate.,0.0,No aplica: no supera el gate.,0.0,medium,,0.0,No aplica: no supera el gate.,0.0,No aplica: no supera el gate.,False,"Centrado en jóvenes (edad); las 'intersectional injustices' son un tema del humor activista, sin relacionar ejes de diferenciación.",0.0,No aplica: no supera el gate.,empirico_cualitativo,cambio_climatico_general,No especificado
790,0.5,"Los sistemas se entrelazan, pero los sujetos se reducen a 'women and girls' sin analizar posiciones co-construidas.",1.0,Interroga cómo sistemas de dominación entrelazados producen males sociales y ambientales; marco ecofeminista crítico de la ética extractiva.,0.0,"Planteamiento general sin anclaje histórico, geográfico ni político específico.",0.0,Capítulo conceptual sin operacionalización empírica.,1.5,medium,,1.0,"Propone un giro ético radical hacia el cuidado mutuo y la colectividad, y centrar a las mujeres en la organización climática.",0.5,"Presenta a mujeres y niñas como actoras centrales de la organización climática, sin documentar sus estrategias.",True,"Articula 'interlocking systems of domination': capitalismo, heteropatriarcado, supremacía blanca y colonialismo de asentamiento como sistemas entrelazados.",0.5,Poder estructural y propuesta ética se conectan; identidades y contexto quedan sin integrar.,conceptual_teorico,cambio_climatico_general,Global
793,0.5,"'Women and communities of color' aparecen casi como grupos paralelos; la intersección se sugiere vía feminismo negro, sin analizarla.",1.0,Cadenas de cuidado privatizadas que distribuyen cuidado hacia los privilegiados y crean 'care drains'; crítica al contractualismo y al poder estatal.,0.0,"Argumento filosófico general, sin situar desastres, lugares ni periodos concretos.",0.0,Capítulo teórico sin operacionalización empírica.,2.0,medium,,1.0,Propone una ética del cuidado resistente capaz de reorientar prioridades en la gestión y respuesta a desastres.,1.0,Recupera saberes y praxis de la organización feminista negra como fuente de una ética de cuidado resistente.,True,Relaciona género y raza desde la praxis feminista negra y el impacto desigual de desastres en mujeres y comunidades de color.,0.5,El mecanismo de cadenas de cuidado une poder y propuesta ética; la intersección género-raza queda poco integrada.,conceptual_teorico,desastres_multiples,Global
794,1.0,"Centra la posición combinada de mujeres no blancas en áreas de riesgo, bajo una 'mirada interseccional' explícita.",0.5,"Nombra desigualdades de género, raza y socioeconómicas y la construcción histórica del riesgo, sin teorizar mecanismos en el abstract.",0.5,Santos (São Paulo) y un escenario crónico brasileño; el abstract no detalla la historia de las áreas de riesgo.,1.0,"Metodología cuali-cuantitativa, estadística y cartográfica sobre mujeres en zonas de riesgo, que distingue a las no blancas.",1.5,low,,0.0,"El abstract no plantea orientación a la justicia, recomendaciones ni crítica transformadora.",0.0,Las mujeres aparecen solo como afectadas; no se menciona agencia ni estrategias.,True,"Relaciona género y raza: 'women, mainly non-white women, are more affected' en zonas de riesgo de deslizamientos de Santos.",0.5,"Intersección, método y contexto se conectan; poder estructural y agencia quedan sin desarrollar.",empirico_mixto,otro,Brazil
795,0.5,"El género se cruza con otras discriminaciones, pero estas no se nombran ni se analiza su co-constitución.",1.0,"Teoriza injusticias epistémicas, exclusión de saberes y objetivación del agente epistémico desde la epistemología feminista.",0.5,"Litigios climáticos en América Latina y el Sur Global, con contexto regional poco detallado; reconoce saberes situados.",0.0,Análisis de casos y discursos sin diseño que opere intersecciones.,2.0,medium,,1.0,Problematiza injusticias epistémicas y busca justicia epistémica en el litigio climático.,1.0,"Reconoce a los grupos marginados como agentes epistémicos con saberes situados, cuya agencia el litigio no reconoce.",True,Analiza cómo el género configura dinámicas de poder en la producción de conocimiento 'that intersect with other forms of discrimination'.,0.5,"Poder epistémico, género y litigio se articulan; la intersección con otras discriminaciones queda poco desarrollada.",empirico_cualitativo,cambio_climatico_general,Latin America
796,0.0,Gate no superado.,0.0,Gate no superado.,0.0,Gate no superado.,0.0,Gate no superado.,0.0,medium,,0.0,Gate no superado.,0.0,Gate no superado.,False,"Invoca la interseccionalidad como enfoque, pero solo analiza el género; pobreza y marginación se enumeran sin relacionarse con él.",0.0,Gate no superado.,conceptual_teorico,cambio_climatico_general,Global
799,0.5,"El género domina; la clase aparece solo en la categoría 'low-income women', sin analizar su co-construcción.",0.5,"Atribuye las desigualdades a la 'patriarchal societal structure', sin teorizar mecanismos.",0.5,Señala la concentración de estudios en el Sur global; contexto superficial propio de una revisión general.,0.0,Revisión PRISMA que clasifica temas; no operacionaliza intersecciones.,1.0,medium,,0.5,"Afirma que la justicia climática exige una perspectiva de género, sin desarrollar propuestas transformadoras.",0.5,"Incluye un eje sobre activismo y movimientos por la justicia climática, sin detallar estrategias.",True,Destaca a 'low-income women' del Sur global y dedica un eje temático a 'Intersectionality and climate justice'.,0.0,Los tres ejes temáticos se yuxtaponen sin articular un análisis interseccional.,revision,cambio_climatico_general,Global
800,0.0,No aplica: no supera el gate.,0.0,No aplica: no supera el gate.,0.0,No aplica: no supera el gate.,0.0,No aplica: no supera el gate.,0.0,medium,,0.0,No aplica: no supera el gate.,0.0,No aplica: no supera el gate.,False,"Compara hogares con jefatura masculina y femenina (un eje); la 'intersectionality perspective' alude a dimensiones de vulnerabilidad, no a ejes cruzados.",0.0,No aplica: no supera el gate.,empirico_cuantitativo,desastres_multiples; nivel_mar_costas,Bangladesh
802,0.0,No aplica: no supera el gate.,0.0,No aplica: no supera el gate.,0.0,No aplica: no supera el gate.,0.0,No aplica: no supera el gate.,0.0,high,,0.0,No aplica: no supera el gate.,0.0,No aplica: no supera el gate.,False,Un solo eje (género) y la interseccionalidad solo como recomendación futura; no relaciona ejes de diferenciación social.,0.0,No aplica: no supera el gate.,revision,mitigacion_transicion; cambio_climatico_general,Global
803,0.0,No aplica: no supera el gate.,0.0,No aplica: no supera el gate.,0.0,No aplica: no supera el gate.,0.0,No aplica: no supera el gate.,0.0,medium,,0.0,No aplica: no supera el gate.,0.0,No aplica: no supera el gate.,False,"Usa marcos 'feminist and intersectional' pero analiza solo desigualdades de género de mujeres agricultoras, sin relacionarlas con otras categorías.",0.0,No aplica: no supera el gate.,conceptual_teorico,cambio_climatico_general,South Asia
805,0.0,No aplica: no supera el gate.,0.0,No aplica: no supera el gate.,0.0,No aplica: no supera el gate.,0.0,No aplica: no supera el gate.,0.0,high,,0.0,No aplica: no supera el gate.,0.0,No aplica: no supera el gate.,False,Lista la interseccionalidad entre conceptos geográficos de vulnerabilidad; no nombra ni relaciona ejes de diferenciación social.,0.0,No aplica: no supera el gate.,conceptual_teorico,cambio_climatico_general,Global
806,0.5,"Niñas y jóvenes BIPOC como sujetos, sin analizar cómo se co-construyen género, raza y edad.",0.5,"Critica representaciones neoliberales individualizantes y alude a lo decolonial, sin teorizar mecanismos estructurales.",0.0,No sitúa a las activistas ni los medios analizados en un lugar o periodo concretos.,0.5,"Selección intencional de medios sobre organizadoras BIPOC, sin análisis interaccional descrito.",2.0,medium,,1.0,Estrategias de cambio interseccionales y decoloniales; contrapúblicos transformadores orientados a la justicia climática.,1.0,Enfatiza el activismo relacional y colectivo de las niñas y sus diálogos de cuidado mutuo.,True,"Centra a organizadoras BIPOC jóvenes (género, edad y raza) y sus 'intersectional and decolonial strategies for change'.",0.5,"Agencia, cuidado y crítica al individualismo neoliberal se conectan; identidades y contexto quedan poco integrados.",empirico_cualitativo,cambio_climatico_general,No especificado
807,0.5,"Enlaza sujeto niña y condiciones socioeconómicas, pero no analiza cómo se co-construyen género, edad y clase.",0.5,"Señala restricciones estructurales, exclusión histórica y ausencia de apoyo estatal, sin teorizar mecanismos.",0.5,"Tres aldeas afectadas por las inundaciones de 2022 en Pakistán, con legados previos de exclusión; detalle limitado.",0.5,"Diseño cualitativo multimétodo centrado en niñas, con otros actores; no describe análisis interaccional.",2.0,medium,,0.5,"Pide apoyo estatal y comunitario adecuado, sin desarrollar una orientación explícita a la justicia.",1.0,"Centra las aspiraciones educativas de las niñas, su construcción de sentido y el potencial de sus redes relacionales.",True,Relaciona a las niñas (género y edad) con sus condiciones socioeconómicas y pregunta por 'intersectional issues of education' tras las inundaciones.,0.5,"Legados de exclusión, inundación y agencia se enlazan en secuencia temporal; la articulación interseccional es parcial.",empirico_cualitativo,inundacion,Pakistan
808,0.0,No aplica: no supera el gate.,0.0,No aplica: no supera el gate.,0.0,No aplica: no supera el gate.,0.0,No aplica: no supera el gate.,0.0,low,,0.0,No aplica: no supera el gate.,0.0,No aplica: no supera el gate.,False,"Habla de 'intersecting vulnerabilities' y desigualdades estructurales de residentes de primera línea, sin nombrar ni relacionar ejes de diferenciación.",0.0,No aplica: no supera el gate.,empirico_cualitativo,cambio_climatico_general,Spain
809,0.5,"La articulación raza-clase aparece solo como interpretación final, sin analizar posiciones sociales concretas.",0.5,"Nombra el capitalismo racial y prácticas calculativas que lo reproducen, sin teorizar cómo operan esos mecanismos.",0.5,Mercado global de bonos verdes (2019–2022) con referencia a estructuras históricas; contexto poco detallado.,0.0,Etnografía digital y entrevistas a inversores; no opera intersecciones.,1.0,low,,0.5,"Critica que las prácticas reproducen tropos antiguos, sin desarrollar alternativas ni orientación transformadora.",0.0,No aborda agencia o resistencia de grupos subordinados.,True,"Relaciona raza y clase como estructura conjunta: el mercado reproduce 'the historical structures of racial capitalism'; única articulación, al final.",0.5,"Vincula las prácticas de mercado con el capitalismo racial, pero de forma breve y sin desarrollo.",empirico_cualitativo,mitigacion_transicion,Global
810,0.0,No aplica: no supera el gate.,0.0,No aplica: no supera el gate.,0.0,No aplica: no supera el gate.,0.0,No aplica: no supera el gate.,0.0,high,,0.0,No aplica: no supera el gate.,0.0,No aplica: no supera el gate.,False,"Propone ampliar la justicia del desastre a dimensiones 'intersectional' de las brechas de justicia, sin nombrar ni relacionar ejes.",0.0,No aplica: no supera el gate.,otro,desastres_multiples,Philippines
812,0.5,"Centra a mujeres y niños pobres como grupo, sin analizar cómo se co-construyen género, clase y edad.",1.0,"Políticas patriarcales, mercados neoliberales, fallas institucionales y capitalismo del desastre como mecanismos de maladaptación hegemónica.",1.0,"Sundarbans indio, sistema socioecológico críticamente estresado, con procesos multiescalares de (des)gobernanza.",0.5,Estudio situado con coproducción de conocimiento centrado en mujeres y niños; el abstract no detalla análisis interaccional.,3.0,medium,,1.0,"Radicalismo basado en la justicia: agenda de acción, repolitizar y 'sabotear afirmativamente' el diseño de la resiliencia.",0.5,"Menciona mecanismos de afrontamiento comunitarios y coproducción de conocimiento, pero mujeres y niños aparecen sobre todo como afectados.",True,"'Intersectional impacts' del cambio climático sobre la salud de 'poor and marginalized women and children': género, clase y edad.",1.0,El poder estructural explica los daños a la salud de mujeres y niños pobres en su contexto y fundamenta la agenda de justicia.,empirico_cualitativo,cambio_climatico_general; desastres_multiples,India
813,0.0,No aplica: no supera el gate.,0.0,No aplica: no supera el gate.,0.0,No aplica: no supera el gate.,0.0,No aplica: no supera el gate.,0.0,high,,0.0,No aplica: no supera el gate.,0.0,No aplica: no supera el gate.,False,La interseccionalidad figura solo en keywords; el texto revisa factores moderadores de vulnerabilidad sin nombrar ni relacionar ejes sociales.,0.0,No aplica: no supera el gate.,revision,calor_extremo,Global
814,0.0,Gate no superado.,0.0,Gate no superado.,0.0,Gate no superado.,0.0,Gate no superado.,0.0,medium,,0.0,Gate no superado.,0.0,Gate no superado.,False,"Enumera raza, género, sexualidad, clase y nacionalidad como criterios de inclusión en el diálogo, sin relacionarlos entre sí.",0.0,Gate no superado.,conceptual_teorico,cambio_climatico_general,Global
815,0.0,No aplica: no supera el gate.,0.0,No aplica: no supera el gate.,0.0,No aplica: no supera el gate.,0.0,No aplica: no supera el gate.,0.0,medium,,0.0,No aplica: no supera el gate.,0.0,No aplica: no supera el gate.,False,"Centrado en género; 'women, men, and other intersectional groups' etiqueta grupos sin relacionar el género con otras categorías.",0.0,No aplica: no supera el gate.,revision,cambio_climatico_general; mitigacion_transicion,Africa; South Asia; Latin America
816,0.0,No aplica: gate no superado.,0.0,No aplica: gate no superado.,0.0,No aplica: gate no superado.,0.0,No aplica: gate no superado.,0.0,low,,0.0,No aplica: gate no superado.,0.0,No aplica: gate no superado.,False,El término 'intersectional' se aplica a evidencia arqueológica y a culturas egipcia y griega; no articula ejes de diferenciación social relacionados entre sí.,0.0,No aplica: gate no superado.,conceptual_teorico,cambio_climatico_general,Egypt; Greece
818,0.5,"Conceptualiza ejes interconectados, pero el marco aplicado enumera factores (raza, clase, género, edad, educación, ubicación) para identificar quién está en mayor riesgo.",0.5,"Nombra 'interconnected societal structures' y jerarquías de poder y privilegio, sin teorizar mecanismos concretos.",0.0,"Planteamiento genérico sobre desastres; no sitúa el análisis en historia, geografía ni política específicas (usa personas hipotéticas).",0.0,"Capítulo conceptual; los dos escenarios con personas son ilustrativos, sin diseño empírico.",1.0,medium,,0.5,"Anuncia implicaciones para la práctica, la política y la investigación en trabajo social, sin desarrollarlas en el resumen.",0.5,Menciona de pasada que las personas tienen distintas capacidades y prioridades; predomina el encuadre de grupos vulnerables.,True,"Define la interseccionalidad como relación entre sistemas de opresión y propone un marco con raza, clase, género, edad y discapacidad ante desastres.",0.5,"Vincula sistemas de opresión con riesgo ante desastres y práctica profesional, pero de forma genérica y sin contexto ni método.",conceptual_teorico,desastres_multiples,No especificado
820,0.0,No aplica: no supera el gate.,0.0,No aplica: no supera el gate.,0.0,No aplica: no supera el gate.,0.0,No aplica: no supera el gate.,0.0,medium,,0.0,No aplica: no supera el gate.,0.0,No aplica: no supera el gate.,False,"Alude a 'intersectional factors' y enumera poblaciones por separado (ruralidad, refugiados, personas mayores, niñez) sin relacionarlas.",0.0,No aplica: no supera el gate.,otro,desastres_multiples,No especificado
822,1.0,"Critica ver identidades aisladas; identifica posiciones conjuntas (niñez y mayores marginados, mayores sin seguro) con exposición específica.",0.5,"Nombra injusticia ambiental y marginación social, sin explicar los mecanismos estructurales que producen la desigual exposición.",0.5,"Contexto geográfico (EE. UU. contiguo, secciones censales) sin anclaje histórico o político.",1.0,Clasificación cruzada por edad y categorías sociodemográficas con exposición ponderada y métricas de disparidad absoluta.,2.0,high,,0.5,"Recomienda considerar las disparidades en intervenciones para la equidad en salud, sin desarrollarlo.",0.0,Los grupos aparecen solo como expuestos; no se aborda agencia ni estrategias.,True,"Enfoque interseccional de clasificación cruzada: edad cruzada con raza/etnia, nivel socioeconómico y discapacidad en la exposición al calor.",0.5,"El método interseccional es coherente con la pregunta, pero falta explicación estructural y contextual de las disparidades.",empirico_cuantitativo,calor_extremo,United States
823,0.5,"Propone integrar generación con raza, clase, colonialidad y sexualidad, pero no analiza cómo se co-construyen esas posiciones.",0.5,"Nombra desigualdades estructurales (económicas, raciales, geopolíticas) y afán de lucro, sin teorizar mecanismos.",0.5,Situado en un libro infantil neerlandés de Jan Terlouw; contexto sociohistórico apenas desarrollado.,0.0,Lectura crítica de un texto literario; sin operacionalización empírica de intersecciones.,1.5,medium,,1.0,Orientado a narrativas transformadoras y a repensar la solidaridad intergeneracional en el activismo climático.,0.5,"Menciona acción colectiva y colaboración intergeneracional de personajes y jóvenes, sin documentar estrategias de sujetos reales.",True,"Relaciona la brecha generacional con desigualdades económicas, raciales y geopolíticas, y critica tropos coloniales y heteronormativos.",0.5,"Conecta interseccionalidad, decolonialidad y justicia intergeneracional en la crítica, pero los ejes quedan enunciados más que analizados.",conceptual_teorico,cambio_climatico_general,Netherlands
830,0.0,No aplica: no supera el gate.,0.0,No aplica: no supera el gate.,0.0,No aplica: no supera el gate.,0.0,No aplica: no supera el gate.,0.0,high,,0.0,No aplica: no supera el gate.,0.0,No aplica: no supera el gate.,False,Un solo eje (género y acceso a energía); los enfoques interseccionales aparecen solo en la agenda futura.,0.0,No aplica: no supera el gate.,revision,mitigacion_transicion,Global
831,1.0,Centra la convergencia de identidades de las mujeres migrantes climáticas y muestra cómo su tratamiento por separado genera vacíos de protección.,0.5,"Identifica regímenes legales fragmentados como mecanismo institucional, con enfoque de derechos humanos, sin teorizar estructuras como patriarcado o colonialismo.",1.0,"Situado en Vietnam y el Mekong, con análisis de marcos legales nacionales e internacionales; subraya contextos del Sur Global.",0.5,"Análisis legal comparado centrado en el grupo interseccional, sin procedimiento explícito de codificación cruzada ni datos primarios.",3.0,high,,1.0,"Propone un marco holístico y reformas legales interseccionales, sensibles al género y contextualizadas.",0.5,"Dice poner en primer plano las voces de las migrantes, pero predomina la representación como vulnerables.",True,"Relaciona género y estatus de migrante climático: critica que las leyes clasifiquen a las mujeres como víctimas o como migrantes, no ambas.",1.0,"La clasificación legal por separado explica la desprotección de la posición interseccional, analizada en Vietnam y ligada a propuestas de reforma.",empirico_cualitativo,cambio_climatico_general,Vietnam
832,1.0,"Trata género, raza y colonialidad como opresiones fundamentalmente entrelazadas que convergen en la emergencia climática.",1.0,"Nombra patriarcado, racismo, (neo)colonialismo y capitalismo racial; explica su operación mediante marcos conceptuales opresivos; marco feminista decolonial.",0.5,"Menciona un curso universitario en Reino Unido y el Sur Global, sin desarrollar el contexto sociohistórico.",0.5,"Investigación-acción de base feminista decolonial en un curso, sin describir cómo capta interacciones entre ejes.",2.5,medium,,1.0,Orientación explícita a fortalecer la acción climática y a futuros feministas decoloniales.,1.0,Examina prácticas micropolíticas y estrategias de los participantes en procesos de investigación-acción.,True,Sostiene que los marcos que habilitan sexismo y desigualdad de género están entrelazados con los del racismo y el (neo)colonialismo.,0.5,"Teoría, método y praxis se conectan, pero el componente empírico no se vincula explícitamente con los ejes entrelazados.",empirico_cualitativo,cambio_climatico_general,United Kingdom
833,1.0,"Interpreta la interacción como posiciones combinadas: con la edad, la exposición a inundaciones/tormentas baja en adultos blancos y sube en asiáticos.",0.0,No nombra racismo ni otras estructuras; solo constata impactos desproporcionados en personas mayores y de color.,0.5,"Muestra nacional estadounidense (American Trends Panel 2022), sin contexto histórico ni político.",1.0,Regresiones logísticas con términos de interacción edad × raza-etnia para cada tipo de evento.,1.5,high,,0.5,"Menciona implicaciones para envejecer en el lugar y la política pública, sin desarrollarlas.",0.0,Los sujetos aparecen solo como expuestos; no hay referencia a agencia.,True,Analiza si la relación entre edad y exposición a eventos extremos varía según raza-etnia (interacción edad × raza-etnia).,0.5,"Diseño coherente en torno a la interacción, pero sin explicación estructural ni contextual de los resultados.",empirico_cuantitativo,calor_extremo; incendio_forestal; inundacion; ciclon_huracan_tormenta,United States
834,1.0,"Define posiciones interseccionales específicas (mujeres mayores, niñas con discapacidad) afectadas de modo singular por el cambio climático.",0.5,"Atribuye la exclusión de la toma de decisiones a relaciones de poder desiguales, sin especificar ni teorizar estructuras.",0.5,"Contexto jurídico concreto (TEDH, KlimaSeniorinnen, Duarte Agostinho), sin anclaje sociohistórico ni reconocimiento de situacionalidad.",0.0,Argumentación jurídica ilustrada con dos casos; sin diseño empírico que opere intersecciones.,2.5,high,,1.0,Orientada a la justicia climática procedimental y a transformar relaciones de poder mediante el estatus de víctima.,1.0,Presenta a las víctimas interseccionales como agentes de cambio y litigantes que reconfiguran la toma de decisiones climáticas.,True,"Articula género, edad y discapacidad como desigualdades simultáneas: mujeres mayores y niñas con discapacidad como 'intersectional victims'.",1.0,"La posición interseccional fundamenta afectación directa, exclusión por poder y agencia litigante en un argumento coherente.",conceptual_teorico,cambio_climatico_general,Switzerland; Portugal
835,1.0,"Trata casta, clase y género como entrelazados; ejemplos: mujeres que ceden su ducha a varones, minorías religiosas en colonias no autorizadas.",1.0,Explica mecanismos estructurales: asignación estatal desigual de agua (acantonamientos frente a Sangam Vihar) y encuadre mediático de escasez.,1.0,"Contexto detallado: Chennai, Delhi, crisis de 2019, diferencias regionales en el acceso subsidiado.",0.0,Capítulo analítico basado en prensa y datos secundarios; no describe diseño empírico interseccional.,2.5,medium,,1.0,Enfoque explícito de justicia hídrica interseccional y crítica situada al énfasis en la escasez.,0.0,Los sujetos aparecen como afectados por la desigualdad; no se documenta agencia ni resistencia.,True,"Afirma que el acceso al agua depende de un entrelazamiento de identidades de casta, clase y género que perpetúa desigualdades estructurales.",1.0,"El entrelazamiento casta-clase-género se explica por estructuras de asignación del agua en contextos indios concretos, ligados al cambio climático.",conceptual_teorico,cambio_climatico_general; sequia,India
836,0.0,No aplica: no supera el gate.,0.0,No aplica: no supera el gate.,0.0,No aplica: no supera el gate.,0.0,No aplica: no supera el gate.,0.0,low,,0.0,No aplica: no supera el gate.,0.0,No aplica: no supera el gate.,False,"Alude a 'historical and compounding vulnerabilities' y justicia climática interseccional, sin nombrar ni relacionar ejes de diferenciación social.",0.0,No aplica: no supera el gate.,empirico_cualitativo,cambio_climatico_general,United States
837,1.0,"Concibe las categorías de desigualdad como relaciones sociales mutuamente constitutivas e históricamente configuradas, no aditivas.",1.0,"Feminismo decolonial; examina incentivos estatales, bioeconomía y control del acceso y uso de la tierra como mecanismos de desigualdad.",1.0,"Plantaciones de palma en Indonesia, política de biodiésel y prohibición de la UE; exige una perspectiva historizada.",0.0,Marco analítico conceptual sin operacionalización empírica.,2.5,high,,1.0,Sostiene que una transformación socioecológica justa debe incorporar las desigualdades interseccionales para cambiarlas.,0.0,No menciona agencia ni resistencia de los sujetos afectados.,True,Teoriza explícitamente 'the intersection of inequalities as historically mutually constructing social relations' desde un feminismo decolonial.,1.0,"Poder estructural, intersección de desigualdades e historia del caso se integran en un marco coherente.",conceptual_teorico,mitigacion_transicion,Indonesia
838,0.5,"Analiza la interseccionalidad como práctica activista que vincula causas, no cómo se co-construyen las identidades.",0.5,"Nombra estructuras de poder, sistemas de opresión e injusticias sistémicas, sin teorizar mecanismos.",1.0,"Etnografía multisituada en Oporto y Lisboa, con núcleos de School Strike for Climate; reconoce esferas políticas localizadas.",0.5,"La etnografía capta vínculos con movimientos feministas, LGBTQI+, antifascistas y de vivienda, sin operacionalizar posiciones interseccionales.",2.0,high,,1.0,"Orientado a futuros justos, democráticos e inclusivos y a desafiar sistemas educativos hegemónicos.",1.0,"Documenta estrategias, compromisos políticos y aprendizajes colectivos de jóvenes activistas.",True,"Muestra cómo raza, género, clase y sexualidad se intersectan con estructuras de poder en la práctica del activismo climático juvenil.",0.5,"Articula práctica interseccional, activismo y educación en contexto, pero la co-construcción de identidades y el poder quedan poco desarrollados.",empirico_cualitativo,cambio_climatico_general,Portugal
839,0.5,"Afirma efectos sinérgicos e identidad multicapa, pero el resumen no muestra análisis de posiciones conjuntas concretas.",0.5,"Atribuye el acceso desigual a la estructura de poder local y determinantes estructurales, sin teorizar mecanismos.",0.5,"Costa de Bangladés en el delta del Ganges, pero generaliza a otras regiones con desafíos similares.",0.0,"No describe interacciones ni clasificación cruzada; relaciona religión, género y etnicidad con resultados sin interpretar posiciones combinadas.",1.0,medium,,0.5,"Señala implicaciones para responsables políticos y la gestión de la adaptación, sin desarrollar una agenda de justicia.",0.5,Menciona la capacidad adaptativa de poblaciones vulnerables de forma marginal.,True,"Examina cómo religión, género y etnicidad se intersectan en ingresos, conflictos por tierra, tamaño de fincas y acceso a información climática.",0.5,"Vincula poder local, identidades múltiples y acceso a recursos, pero sin detallar el método ni el contexto histórico.",empirico_cuantitativo,cambio_climatico_general,Bangladesh
841,0.5,"Enumera ejes de género, clase y raza como trayectorias conjuntas, sin analizar su co-construcción.",0.5,"Nombra capitalismo racial, colonialismo, imperialismo y heteropatriarcado desde la ecología política feminista urbana, sin detallar mecanismos.",0.0,"Planteamiento urbano general del siglo XXI, sin lugares ni historias concretas.",0.0,Introducción de sección sin diseño empírico propio.,1.0,medium,,0.5,"Reconoce la necesidad de un enfoque de justicia urbana, sin desarrollarlo.",0.0,Enfatiza experiencia encarnada y desigualdades; no aborda agencia ni resistencia.,True,"Vincula trayectorias de desigualdad generizadas, de clase y racializadas, producidas por capitalismo racial, colonialismo y heteropatriarcado.",0.5,"Conecta estructuras, ejes y vulnerabilidad climática urbana en términos generales, sin análisis articulado.",otro,cambio_climatico_general,Global
844,0.0,No aplica: gate no superado.,0.0,No aplica: gate no superado.,0.0,No aplica: gate no superado.,0.0,No aplica: gate no superado.,0.0,high,,0.0,No aplica: gate no superado.,0.0,No aplica: gate no superado.,False,Solo enumera la interseccionalidad entre los temas del manual; no nombra ni relaciona ejes de diferenciación social.,0.0,No aplica: gate no superado.,revision,cambio_climatico_general,Global
845,0.5,"Enuncia patriarcado y racismo como opresiones interseccionales vinculadas, sin analizar su co-construcción.",0.5,"Nombra patriarcado, racismo y especismo, e ineficacia de la acción climática vertical, sin mecanismos.",0.0,"Contexto general del género ficción climática y de la política mundial, sin situar en lugares o historias concretas.",0.0,Introducción editorial sin diseño empírico.,0.5,medium,,0.5,"Menciona el potencial de las narrativas para impulsar acción política, sin desarrollar una agenda de justicia.",0.5,"Contrapone el trabajo de activistas a la acción climática de arriba abajo, de forma marginal.",True,"Describe representaciones donde la destrucción ambiental es inseparable de opresiones como patriarcado y racismo, bajo la etiqueta de interseccionalidad.",0.0,"La interseccionalidad aparece como un tema más, yuxtapuesto al eje central sobre narrativas de catástrofe y esperanza.",otro,cambio_climatico_general,No especificado
846,0.0,No aplica: gate no superado.,0.0,No aplica: gate no superado.,0.0,No aplica: gate no superado.,0.0,No aplica: gate no superado.,0.0,high,,0.0,No aplica: gate no superado.,0.0,No aplica: gate no superado.,False,La interseccionalidad aparece solo al cierre como enfoque prometedor a futuro; no nombra ni relaciona ejes sociales.,0.0,No aplica: gate no superado.,conceptual_teorico,cambio_climatico_general,Global
848,0.0,No aplica: gate no superado.,0.0,No aplica: gate no superado.,0.0,No aplica: gate no superado.,0.0,No aplica: gate no superado.,0.0,high,,0.0,No aplica: gate no superado.,0.0,No aplica: gate no superado.,False,"Aboga por un enfoque interseccional de justicia climática, pero solo tematiza la edad (jóvenes); no relaciona ejes de diferenciación.",0.0,No aplica: gate no superado.,conceptual_teorico,cambio_climatico_general,No especificado
849,0.0,No aplica: gate no superado.,0.0,No aplica: gate no superado.,0.0,No aplica: gate no superado.,0.0,No aplica: gate no superado.,0.0,medium,,0.0,No aplica: gate no superado.,0.0,No aplica: gate no superado.,False,"Menciona 'responding to intersectionality' como práctica, pero el único eje explícito es la edad; no articula ejes relacionados.",0.0,No aplica: gate no superado.,empirico_cualitativo,cambio_climatico_general,Australia
851,0.0,No aplica: gate no superado.,0.0,No aplica: gate no superado.,0.0,No aplica: gate no superado.,0.0,No aplica: gate no superado.,0.0,medium,,0.0,No aplica: gate no superado.,0.0,No aplica: gate no superado.,False,Propone un análisis de 'gender intersectionality' para tipificar agricultores: etiqueta sobre el género sin relacionarlo con otras categorías.,0.0,No aplica: gate no superado.,revision,cambio_climatico_general,Kenya
853,0.5,"Vincula sexualidad/género e indigeneidad mediante solidaridad coalicional y analogía entre estructuras, sin analizar posiciones co-construidas.",1.0,"Teoriza colonialismo de asentamiento nórdico y cisheteronormatividad como estructuras que se invisibilizan, junto a violencia estatal.",1.0,"Situado en Noruega y Europa nórdica, con derechos sámi a la tierra y la cultura.",0.0,Capítulo reflexivo dentro de una investigación en curso; no describe método empírico.,2.0,high,,1.0,Orientado a construir futuros climáticamente justos mediante solidaridad coalicional y tácticas de lucha.,1.0,Examina estrategias de solidaridad coalicional para organizarse contra la violencia estatal y la inacción gubernamental.,True,"Relaciona normatividades homo-, hetero- y cis con colonialismo de asentamiento y derechos sámi mediante compromisos interseccionales de solidaridad.",0.5,"Estructuras, contexto y praxis se articulan, pero la intersección entre ejes se plantea como coalición más que como co-constitución.",conceptual_teorico,cambio_climatico_general,Norway
859,0.0,No aplica: gate no superado.,0.0,No aplica: gate no superado.,0.0,No aplica: gate no superado.,0.0,No aplica: gate no superado.,0.0,high,,0.0,No aplica: gate no superado.,0.0,No aplica: gate no superado.,False,"Propone una lente interseccional de justicia climática, pero solo destaca a jóvenes como grupo vulnerable; no relaciona ejes.",0.0,No aplica: gate no superado.,revision,cambio_climatico_general,Global
860,0.0,No aplica: gate no superado.,0.0,No aplica: gate no superado.,0.0,No aplica: gate no superado.,0.0,No aplica: gate no superado.,0.0,medium,,0.0,No aplica: gate no superado.,0.0,No aplica: gate no superado.,False,"Declara un 'intersectional gender analysis'; cita mujeres y grupos marginados por separado, sin relacionar el género con otro eje.",0.0,No aplica: gate no superado.,empirico_cualitativo,cambio_climatico_general,United Kingdom
861,0.0,No aplica: gate no superado.,0.0,No aplica: gate no superado.,0.0,No aplica: gate no superado.,0.0,No aplica: gate no superado.,0.0,high,,0.0,No aplica: gate no superado.,0.0,No aplica: gate no superado.,False,La interseccionalidad es una de cinco tendencias académicas; alude al colonialismo sin relacionar ejes de diferenciación social.,0.0,No aplica: gate no superado.,conceptual_teorico,cambio_climatico_general,Global
863,0.0,No aplica: gate no superado.,0.0,No aplica: gate no superado.,0.0,No aplica: gate no superado.,0.0,No aplica: gate no superado.,0.0,high,,0.0,No aplica: gate no superado.,0.0,No aplica: gate no superado.,False,'Intersectional' califica perspectivas docentes junto a lo transdisciplinar; no menciona ejes de diferenciación social.,0.0,No aplica: gate no superado.,conceptual_teorico,cambio_climatico_general,No especificado
864,0.5,"Enfoca a mujeres perinatales rurales, pero no analiza cómo género, maternidad y ruralidad se co-construyen.",0.5,"Señala la desatención de la planificación de desastres y servicios tensionados, sin teorizar mecanismos de poder.",0.5,"Dos regiones rurales de Victoria, Australia; contexto geográfico sin historia ni política detalladas.",0.5,Muestreo intencional de enfermeras sobre un subgrupo (perinatales rurales); análisis temático sin operar intersecciones.,1.0,medium,,0.5,Pide inversión focalizada en servicios perinatales rurales; implicaciones de equidad sin desarrollo crítico.,0.0,Las mujeres aparecen aisladas y necesitadas de apoyo; no se documentan estrategias propias.,True,"Población de mujeres perinatales rurales bajo teoría feminista interseccional: cruza género, maternidad y ruralidad.",0.5,"Marco interseccional, población y recomendaciones se conectan parcialmente; el análisis se centra en los servicios.",empirico_cualitativo,desastres_multiples,Australia
865,0.5,"El género es el eje central; las otras dimensiones se mencionan como acompañantes, sin analizar su co-construcción.",1.0,"Explica cómo la planificación estatal del reasentamiento, con actores externos, refuerza estereotipos de género sobre el uso del espacio.",1.0,"Caso situado: Nueva Ciudad de Belén, urbanización de Iquitos, Amazonía peruana y particularidades locales del territorio.",0.5,"Entrevistas y observación participante centradas en un grupo específico de mujeres, sin análisis interaccional explícito.",2.0,medium,,0.5,"Critica la política de reasentamiento, pero no desarrolla propuestas de transformación.",0.5,El título alude a cómo se navega el reasentamiento; el resumen describe sobre todo cambios impuestos en las rutinas.,True,"Muestra cómo el género, junto con dimensiones demográficas y socioeconómicas, estructura experiencias desiguales del reasentamiento.",0.5,"Política estatal, género y territorio se conectan, pero la intersección con otras dimensiones queda poco desarrollada.",empirico_cualitativo,desastres_multiples,Peru
868,1.0,Conceptualiza la 'gendered caste-coloniality' como posición co-construida que produce vulnerabilidad específica de las mujeres DBA.,1.0,"Mecanismos explícitos: violencia continua, apropiación de tierras y desplazamiento inducido por el desarrollo; marco decolonial e interseccional.",1.0,"Contexto indio historizado: injusticias históricas, desposesión de castas oprimidas y políticas nacionales e internacionales.",0.5,Enfoque de problematización sobre 19 informes; examina silencios sobre casta y género sin codificación interseccional explícita.,3.5,medium,,1.0,"Propone frenar la desposesión, crear herramientas legales de arbitraje e integrar la interseccionalidad en varios niveles.",0.5,"Incluye informes de organizaciones anticasta como fuente, pero representa a las comunidades sobre todo como desposeídas.",True,"Analiza cómo colonialidad y casta operan conjuntamente para producir desposesión de dalits, bahujans y adivasis, en particular de las mujeres.",1.0,"La colonialidad de casta generizada explica la vulnerabilidad, se examina en la política de desastres y se liga a propuestas.",empirico_cualitativo,desastres_multiples,India
869,0.0,No aplica: gate no superado.,0.0,No aplica: gate no superado.,0.0,No aplica: gate no superado.,0.0,No aplica: gate no superado.,0.0,high,,0.0,No aplica: gate no superado.,0.0,No aplica: gate no superado.,False,"Enumera por separado grupos vulnerables (bajos ingresos, mujeres, jóvenes, mayores, indígenas) y menciona la discriminación interseccional sin articular ejes.",0.0,No aplica: gate no superado.,conceptual_teorico,cambio_climatico_general; mitigacion_transicion,Global
873,1.0,Analiza la posicionalidad interseccional de inmigrantes racializados como base de una vulnerabilidad compuesta ante desastres climáticos.,1.0,Atribuye la marginación sistemática a la ausencia de directrices antirracistas en Canadá y busca causas estructurales de raíz.,1.0,"Contexto específico: comunidad bangladesí-canadiense en Calgary, amenazas locales y marcos de Sendai y ODS.",1.0,Investigación relacional con un subgrupo interseccional seleccionado intencionalmente (inmigrantes racializados) a partir de experiencias vividas.,4.0,high,,1.0,"Propone intervenciones comunitarias adaptadas, soluciones antirracistas y participación deliberada de minorías visibles.",1.0,Documenta estrategias de adaptación diversas de la comunidad y sus propias propuestas de solución.,True,Enfoque interseccional relacional: la posición de inmigrantes racializados (bangladesí-canadienses) agrava su vulnerabilidad junto con la desigualdad estructural.,1.0,"La desigualdad estructural racializada explica la vulnerabilidad compuesta, estudiada con enfoque relacional en Calgary y ligada a propuestas.",empirico_cualitativo,desastres_multiples; incendio_forestal; calor_extremo; inundacion; ciclon_huracan_tormenta,Canada
876,0.5,"Concibe identidades multidimensionales y no predefinidas, pero no examina cómo se co-construyen ejes concretos.",0.5,"Pone las relaciones de poder y las causas raíz de la vulnerabilidad en el centro, sin nombrar estructuras específicas.",0.5,Enfoque basado en el lugar contra soluciones únicas; ejemplos de islas pequeñas sin contexto histórico detallado.,0.0,Trabajo conceptual con síntesis de literatura; sin operacionalización empírica.,1.0,medium,,1.0,Propone principios para una gobernanza del riesgo inclusiva que ataque las causas raíz de la vulnerabilidad.,0.0,"No documenta agencia, resistencia ni saberes de los sujetos.",True,"Teoriza individuos multidimensionales, identidades no predefinidas y relaciones de poder centrales: posiciones de varias categorías sin nombrarlas.",0.5,"Los principios enlazan identidad, poder y lugar con coherencia, pero en un nivel general.",conceptual_teorico,desastres_multiples,Global
877,0.0,No aplica: gate no superado.,0.0,No aplica: gate no superado.,0.0,No aplica: gate no superado.,0.0,No aplica: gate no superado.,0.0,high,,0.0,No aplica: gate no superado.,0.0,No aplica: gate no superado.,False,"Pide que una lente interseccional informe el ciclo investigación-acción, pero solo tematiza lo rural y remoto; no relaciona ejes sociales.",0.0,No aplica: gate no superado.,empirico_cualitativo,cambio_climatico_general,Canada
881,0.0,No aplica: gate no superado.,0.0,No aplica: gate no superado.,0.0,No aplica: gate no superado.,0.0,No aplica: gate no superado.,0.0,medium,,0.0,No aplica: gate no superado.,0.0,No aplica: gate no superado.,False,"Define el movimiento climático queer por la interseccionalidad, pero solo tematiza la identidad LGBTQ+; no relaciona ejes entre sí.",0.0,No aplica: gate no superado.,conceptual_teorico,cambio_climatico_general,No especificado
883,0.5,"Reconoce identidades cruzadas entre mujeres, pero el análisis central se organiza en torno al género y la tierra.",1.0,"Explica cómo normas patriarcales, la crisis agraria y el no reconocimiento como agricultoras impiden el control de la tierra.",1.0,"Contexto de India rural: feminización de la agricultura, propiedad formal de la tierra y programas agroecológicos.",0.0,Capítulo analítico sin diseño empírico descrito.,2.0,medium,,1.0,Propone promover derechos colectivos de las mujeres a la tierra para lograr resiliencia y justicia agraria.,0.5,"El enfoque de derechos colectivos y agroecología sugiere agencia, pero el resumen no documenta estrategias de las mujeres.",True,"Destaca que las mujeres de castas y clases marginadas son las más desfavorecidas y pide entender identidades cruzadas de casta, clase, edad y estado civil.",0.5,"Estructuras, contexto y justicia se articulan en torno al género; la mirada interseccional se plantea como requisito más que como análisis.",conceptual_teorico,cambio_climatico_general,India
886,0.5,"Raza y religión se enumeran junto a la conciencia interseccional, sin analizar cómo se co-construyen.",0.5,"Alude a la exclusión editorial ('which voices get published') y a impactos desproporcionados, sin teorizar mecanismos estructurales.",0.5,Situado en cinco escritores racializados del Reino Unido; contexto sociohistórico apenas esbozado.,0.5,Experimento de escritura con muestra intencional de escritores de color; sin análisis de interacciones entre ejes.,2.0,low,,0.5,"Busca futuros climáticos 'just and representative' y redefinir el género literario, sin desarrollar la dimensión de justicia.",1.0,Centra los procesos creativos y las experiencias vividas de los escritores como fuente de conocimiento.,True,"Propone testimonios encarnados que consideren raza, lugar y religión con 'intersectional awareness'; escritores racializados; la relación entre ejes apenas se enuncia.",0.5,"Vincula representación racializada, experiencia vivida y ficción climática, pero la dimensión interseccional queda enunciada.",empirico_cualitativo,cambio_climatico_general,United Kingdom
887,0.0,No aplica: gate no superado.,0.0,No aplica: gate no superado.,0.0,No aplica: gate no superado.,0.0,No aplica: gate no superado.,0.0,high,,0.0,No aplica: gate no superado.,0.0,No aplica: gate no superado.,False,"Llama 'intersectional design' a soluciones para comunidades marginadas con pocos recursos, sin nombrar ni relacionar ejes sociales.",0.0,No aplica: gate no superado.,conceptual_teorico,cambio_climatico_general,No especificado
891,0.0,No aplica: gate no superado.,0.0,No aplica: gate no superado.,0.0,No aplica: gate no superado.,0.0,No aplica: gate no superado.,0.0,high,,0.0,No aplica: gate no superado.,0.0,No aplica: gate no superado.,False,Invoca la interseccionalidad ante impactos climáticos complejos sin nombrar ejes sociales; el foco son sistemas interconectados.,0.0,No aplica: gate no superado.,conceptual_teorico,cambio_climatico_general,United States
894,0.0,No aplica: gate no superado.,0.0,No aplica: gate no superado.,0.0,No aplica: gate no superado.,0.0,No aplica: gate no superado.,0.0,high,,0.0,No aplica: gate no superado.,0.0,No aplica: gate no superado.,False,Centra a pueblos indígenas frente al colonialismo de asentamiento (un eje); la justicia ambiental interseccional es un llamado final.,0.0,No aplica: gate no superado.,empirico_cualitativo,cambio_climatico_general,United States
895,0.5,"Relaciona sistemas (capitalismo, colonialismo), pero no analiza identidades entrelazadas de los sujetos.",0.5,"Nombra capitalismo y colonialismo como sistema que produce múltiples injusticias, sin teorizar sus mecanismos.",0.5,Etnografía de una sección local sueca de Fridays for Future; contexto poco desarrollado en el abstract.,0.0,Etnografía de praxis cognitiva sin muestreo ni codificación por posiciones interseccionales.,2.0,low,,1.0,Orientado a traducir la justicia climática en praxis y hacia una política ecosocialista.,1.0,Documenta estrategias organizativas y compromisos negociados por los jóvenes activistas.,True,Los activistas articulan la interacción entre capitalismo y colonialismo (clase y colonialidad) en sus marcos de justicia climática.,0.5,"Enlaza sistemas de opresión, cosmologías activistas y praxis, sin integrar posiciones sociales entrelazadas.",empirico_cualitativo,cambio_climatico_general,Sweden
897,0.5,"Casta y condiciones socioeconómicas aparecen como factores que afectan a las mujeres, sin analizar posiciones co-construidas.",0.5,"Nombra dinámicas de casta y decisiones familiares, pero atribuye parte de la vulnerabilidad a la baja percepción de riesgo.",0.5,"Aldea Kaliakera (Puri, Odisha) tras el ciclón Fani de 2019; contexto sociohistórico escaso.",1.0,"Muestreo estratificado de 60 mujeres de diversos grupos de casta, con enfoque interseccional explícito.",2.0,medium,,0.5,"Sugiere intervenciones comunitarias focalizadas para la recuperación, sin desarrollar una orientación de justicia.",0.5,Perspectiva émica de los relatos de las mujeres; la agencia apenas aparece frente a la baja preparación.,True,Mujeres rurales de diversas castas estudiadas con enfoque interseccional; la dinámica de casta condiciona cómo enfrentan el ciclón.,0.5,Diseño interseccional y contexto se conectan parcialmente; las conclusiones vuelven a la categoría 'mujeres' en general.,empirico_cualitativo,ciclon_huracan_tormenta,India
898,0.5,"Estatus migratorio, cultura y lengua se reconocen como opresiones múltiples, sin analizar su co-construcción.",0.5,"Incluye análisis estructurales del impacto de opresiones múltiples en la vulnerabilidad, sin detallar mecanismos.",0.5,"Nueva Zelanda, refugiados reasentados y pueblos del Pacífico; contexto descrito de forma general.",0.0,Capítulo de práctica ilustrado con estudios previos; sin diseño empírico que opere intersecciones.,1.5,medium,,1.0,"Propone principios de práctica (alcance, relevancia, receptividad, relaciones) para un trabajo social anti-opresivo en reducción de riesgo.",0.5,"Menciona la construcción colaborativa de capacidades comunitarias, sin documentar estrategias propias.",True,"Refugiados, migrantes y pueblos del Pacífico; análisis estructural de 'multiple oppressions' superpuesto con 'intersectional awareness'.",0.5,"El análisis estructural se superpone a la conciencia interseccional, con articulación parcial.",conceptual_teorico,desastres_multiples,New Zealand
899,0.0,No aplica: gate no superado.,0.0,No aplica: gate no superado.,0.0,No aplica: gate no superado.,0.0,No aplica: gate no superado.,0.0,low,,0.0,No aplica: gate no superado.,0.0,No aplica: gate no superado.,False,"El 'análisis interseccional' cruza derechos indígenas y biodiversidad; solo hay un eje social (indigeneidad), sin un segundo eje relacionado.",0.0,No aplica: gate no superado.,empirico_cualitativo,mitigacion_transicion,Norway
901,0.5,"Composición racial y desinversión económica se nombran como condiciones interseccionales, sin analizar posiciones co-construidas.",1.0,"Renovación urbana fallida, compras post-Sandy y desinversión como mecanismos; marco de justicia contextual, distributiva y de reconocimiento.",1.0,"Edgemere, Queens: historia de renovación urbana, Superstorm Sandy, crisis de vivienda y análisis de planes históricos.",0.5,"18 entrevistas con residentes, observación y documentos; lo interseccional se declara sin operacionalizarlo.",2.5,medium,,1.0,Concluye que un retiro justo debe centrar cómo la injusticia contextual moldea la distributiva y la de reconocimiento.,1.0,Eleva el conocimiento del lugar y los apegos de los residentes para orientar los usos del suelo.,True,Barrio de mayoría minoritaria e históricamente desinvertido; analiza 'intersectional conditions' de vulnerabilidad a inundaciones (raza y clase).,0.5,"Poder, contexto y justicia se articulan bien; la dimensión interseccional de las identidades queda poco desarrollada.",empirico_cualitativo,nivel_mar_costas; ciclon_huracan_tormenta; inundacion,United States
905,0.0,No aplica: gate no superado.,0.0,No aplica: gate no superado.,0.0,No aplica: gate no superado.,0.0,No aplica: gate no superado.,0.0,high,,0.0,No aplica: gate no superado.,0.0,No aplica: gate no superado.,False,"Presenta la interseccionalidad como causa sistémica y vía de justicia, sin nombrar ni relacionar ejes de diferenciación social.",0.0,No aplica: gate no superado.,conceptual_teorico,cambio_climatico_general,No especificado
907,0.0,No aplica: gate no superado.,0.0,No aplica: gate no superado.,0.0,No aplica: gate no superado.,0.0,No aplica: gate no superado.,0.0,medium,,0.0,No aplica: gate no superado.,0.0,No aplica: gate no superado.,False,"La 'intersectionality' combina factores demográficos, académicos y socioeconómicos como predictores; no relaciona ejes sociales entre sí.",0.0,No aplica: gate no superado.,empirico_cuantitativo,cambio_climatico_general,Middle East and North Africa
908,0.0,No aplica: gate no superado.,0.0,No aplica: gate no superado.,0.0,No aplica: gate no superado.,0.0,No aplica: gate no superado.,0.0,medium,,0.0,No aplica: gate no superado.,0.0,No aplica: gate no superado.,False,"Menciona 'intersectional disadvantage' y pueblos marginados en general, sin nombrar ejes ni teorizar cómo se cruzan.",0.0,No aplica: gate no superado.,conceptual_teorico,cambio_climatico_general; desastres_multiples,Global
911,0.0,No aplica: gate no superado.,0.0,No aplica: gate no superado.,0.0,No aplica: gate no superado.,0.0,No aplica: gate no superado.,0.0,high,,0.0,No aplica: gate no superado.,0.0,No aplica: gate no superado.,False,"Enumera injusticias sociales, raciales y ambientales y una 'intersectional lens' docente, sin relacionar ejes entre sí.",0.0,No aplica: gate no superado.,otro,cambio_climatico_general,United States
914,0.5,"Afirma que la interrelación del género con otras categorías genera impactos diferenciados, sin analizar su co-construcción.",0.5,"Parte de la división sexual del trabajo y la ética feminista del cuidado, sin desarrollar mecanismos en desastres.",0.0,"Reflexión filosófica general sobre desastres, sin situarla en historia, geografía ni política específicas.",0.0,Propuesta teórica sin operacionalización empírica.,1.0,medium,,0.5,"Propone una reflexión ética y teórico-práctica para la reducción del riesgo, sin desarrollar transformaciones concretas.",0.5,"Reconoce la capacidad de agencia individual y colectiva y el papel del cuidado, sin documentarla.",True,"Vincula género con clase, etnia, edad, discapacidad e identidad sexual; su interrelación produce impactos diferenciados en desastres.",0.5,"Articula género, intersecciones, cuidado y agencia en una propuesta coherente, aunque abstracta.",conceptual_teorico,desastres_multiples,No especificado
915,0.5,"Raza y pobreza aparecen como grupos afectados en paralelo, sin analizar su co-construcción.",0.5,"Atribuye los daños a prácticas de la ganadería industrial y los enmarca en justicia ambiental, sin teorizar racismo ni clase.",0.5,Anclado en un voto concurrente del Cuarto Circuito de EE. UU.; contexto social apenas descrito.,0.0,Análisis jurídico-argumentativo sin diseño empírico.,0.5,low,,0.5,"Propone abordar las prácticas de cría para reducir daños y vincula bienestar animal con justicia ambiental, sin desarrollo.",0.0,Las comunidades afectadas aparecen solo como receptoras de daños.,True,Nombra a personas BIPOC y en pobreza como las más afectadas por los daños de la ganadería industrial ('intersectional injuries').,0.0,"La afirmación interseccional se yuxtapone al final, sin articularse con el resto del análisis.",conceptual_teorico,cambio_climatico_general,United States
916,0.5,"Señala identidades y contextos diversos invisibilizados, sin analizar cómo se co-construyen.",1.0,Muestra cómo el discurso mediático universaliza y legitima el liderazgo del Norte global; marco decolonial explícito.,0.5,"Critica la universalización y valora contextos distintos, pero los cuatro casos no se sitúan en detalle.",0.5,Análisis mediático y cuatro estudios de caso de activistas; sin análisis de interacciones entre ejes.,2.0,low,,1.0,Propone un mapa global de jóvenes activistas como alternativa hacia una justicia climática más interseccional.,1.0,Muestra que los activistas aprovechan el efecto para reclamar un movimiento climático más diverso.,True,Jóvenes activistas fuera del Norte global frente al ícono normativo de Thunberg: edad y posición geopolítica-colonial relacionadas.,0.5,"Crítica decolonial, casos y propuesta se enlazan; la dimensión identitaria queda poco desarrollada.",empirico_cualitativo,cambio_climatico_general,Global
919,0.5,"La identidad social influye en el activismo y se nota una dimensión interseccional, sin analizar su co-construcción.",0.5,"Alude a la marginación y a riesgos añadidos del activismo por derechos identitarios, sin teorizar estructuras.",0.5,Grupos focales en el Reino Unido; contexto poco desarrollado.,0.5,"Grupos focales que comparan temas activistas e identidades, sin un diseño que opere intersecciones.",2.0,medium,,0.5,"Vincula emociones con el sentido de (in)justicia y la participación política, sin desarrollar implicaciones.",1.0,Centra el sentido de agencia y la participación activista de los jóvenes.,True,Jóvenes LGBTQ y activistas antirracistas y feministas; concluye sobre la dimensión interseccional del sentido de agencia.,0.5,"Emociones, identidad y agencia se conectan, con la interseccionalidad como hallazgo final poco elaborado.",empirico_cualitativo,cambio_climatico_general,United Kingdom
920,1.0,"Las diferencias no se explican por el género aislado, sino por su cruce con el tipo de jefatura del hogar.",0.5,Analiza narrativas de género y estructuras de poder; pide atender desafíos estructurales sin detallar mecanismos.,0.5,"Pequeños agricultores de Taita Hills, Kenia; enfoque de vulnerabilidad contextual, con poco detalle histórico.",1.0,"Entrevistas en hogares de jefatura única y doble e informantes clave, comparando por género y tipo de hogar.",3.5,medium,,1.0,Propone corregir el discurso de adaptación hacia los desafíos estructurales y critica la narrativa de mujeres vulnerables.,1.0,"Muestra la agencia y la centralidad de las agricultoras, que la narrativa de vulnerabilidad oculta.",True,Género y jefatura del hogar: las estrategias difieren por 'intersectional aspects' entre hogares de jefatura única y doble.,1.0,"La crítica discursiva, el hallazgo interseccional, la agencia y la recomendación estructural se articulan en un argumento coherente.",empirico_cualitativo,cambio_climatico_general,Kenya
921,0.0,No aplica: gate no superado.,0.0,No aplica: gate no superado.,0.0,No aplica: gate no superado.,0.0,No aplica: gate no superado.,0.0,high,,0.0,No aplica: gate no superado.,0.0,No aplica: gate no superado.,False,Anuncia 'intersectional approaches' sobre migración y ODS sin nombrar ni relacionar ejes de diferenciación social.,0.0,No aplica: gate no superado.,conceptual_teorico,cambio_climatico_general,Global
923,0.0,No aplica: gate no superado.,0.0,No aplica: gate no superado.,0.0,No aplica: gate no superado.,0.0,No aplica: gate no superado.,0.0,medium,,0.0,No aplica: gate no superado.,0.0,No aplica: gate no superado.,False,Lista determinantes 'intersectional' de la vulnerabilidad sin nombrar ejes ni teorizar su cruce; el foco es la gubernamentalidad.,0.0,No aplica: gate no superado.,empirico_cualitativo,cambio_climatico_general,Australia
925,0.5,"El cruce de la discapacidad con raza, edad, sexo e ingreso se enuncia como posibilidad, sin análisis.",0.5,"Menciona discriminación e inequidades en determinantes sociales de la salud, sin teorizar estructuras.",0.0,"Enfoque global y genérico sobre clima y salud, sin contexto situado.",0.0,"Artículo educativo de revisión, sin diseño empírico.",0.5,medium,,0.5,Ofrece 'hope' mediante reducción de emisiones y adaptación; la justicia climática figura solo como palabra clave.,0.0,Las personas con afasia aparecen solo como población vulnerable.,True,"Afirma que la discapacidad comunicativa, al cruzarse con raza, edad, sexo e ingreso, puede generar inequidades en capacidad adaptativa.",0.0,"La mención interseccional queda aislada del resto de objetivos, centrados en educar a clínicos.",revision,cambio_climatico_general,Global
926,0.0,No aplica: gate no superado.,0.0,No aplica: gate no superado.,0.0,No aplica: gate no superado.,0.0,No aplica: gate no superado.,0.0,high,,0.0,No aplica: gate no superado.,0.0,No aplica: gate no superado.,False,"Califica de 'intersectional' las dinámicas translocales de la migración, sin mencionar ejes de diferenciación social.",0.0,No aplica: gate no superado.,conceptual_teorico,cambio_climatico_general,No especificado
927,0.0,No aplica: gate no superado.,0.0,No aplica: gate no superado.,0.0,No aplica: gate no superado.,0.0,No aplica: gate no superado.,0.0,high,,0.0,No aplica: gate no superado.,0.0,No aplica: gate no superado.,False,Recomienda una 'more intersectional lens' para investigación futura; la desigualdad social aparece sin ejes relacionados.,0.0,No aplica: gate no superado.,revision,cambio_climatico_general; inundacion; ciclon_huracan_tormenta; sequia,Afghanistan; Bangladesh; Bhutan; India; Maldives; Nepal; Pakistan; Sri Lanka
928,0.5,"Género, clase y raza aparecen en los hallazgos finales, sin analizar su co-construcción.",0.5,"Nombra misoginia y brechas de clase y raza, sin teorizar mecanismos estructurales.",0.5,Movimiento YouthStrike4Climate en el Reino Unido; contexto poco detallado.,0.0,"Analiza discurso, automediación, cobertura y recepción sin operar intersecciones.",1.5,medium,,0.5,"Critica la interseccionalidad performativa y pide una encarnada, sin desarrollar propuestas.",1.0,"Documenta la producción discursiva, la automediación y las acciones directas del movimiento juvenil.",True,"Detecta misoginia en la cobertura y una brecha de clase y raza en el movimiento, que exige una interseccionalidad 'embodied'.",0.5,"Los hallazgos interseccionales se conectan con la recepción mediática, pero de forma periférica.",empirico_mixto,cambio_climatico_general,United Kingdom
929,0.0,No aplica: gate no superado.,0.0,No aplica: gate no superado.,0.0,No aplica: gate no superado.,0.0,No aplica: gate no superado.,0.0,high,,0.0,No aplica: gate no superado.,0.0,No aplica: gate no superado.,False,"Señala que los planes dan poco énfasis a la interseccionalidad: un vacío de las políticas, sin ejes relacionados.",0.0,No aplica: gate no superado.,empirico_cualitativo,cambio_climatico_general,Turkey
932,0.0,No aplica: gate no superado.,0.0,No aplica: gate no superado.,0.0,No aplica: gate no superado.,0.0,No aplica: gate no superado.,0.0,high,,0.0,No aplica: gate no superado.,0.0,No aplica: gate no superado.,False,"Menciona lentes interseccionales, interespirituales e interreligiosas sin nombrar ni relacionar ejes de diferenciación social.",0.0,No aplica: gate no superado.,conceptual_teorico,cambio_climatico_general,No especificado
933,0.5,"Edad, indigeneidad y educación entran como variables separadas en un modelo Probit.",0.0,"Explica las decisiones por características del hogar, sin teorizar estructuras de poder.",0.5,Área Metropolitana del Gran Accra con marco muestral censal; contexto sociohistórico ausente.,0.0,Probit con covariables paralelas; no modela interacciones entre ejes.,0.5,low,,0.5,"Recomienda un enfoque basado en derechos para la reubicación, sin desarrollar la dimensión de justicia.",0.5,Reconoce la preferencia de hogares indígenas por quedarse y el apego al lugar; agencia apenas considerada.,True,"Examina edad, estatus indígena y educación como determinantes de la intención de reubicarse ante inundaciones.",0.0,Los factores se yuxtaponen sin un análisis articulado.,empirico_cuantitativo,inundacion,Ghana
935,0.5,"Género y clase se señalan juntos, sin analizar en el abstract cómo se co-construyen.",0.5,"Identifica discursos de género y clase reinscritos, sin teorizar mecanismos estructurales.",0.5,Corpus específico de dos novelas (2012 y 2020); sin contexto sociohistórico desarrollado.,0.0,"Lectura crítica de textos literarios, sin operacionalización empírica de intersecciones.",1.0,low,,0.5,Crítica de discursos problemáticos sin orientación transformadora explícita.,0.5,Menciona formas humanas y no humanas de afrontar el cambio climático.,True,"Desde un ecocriticismo interseccional, muestra que las novelas reinscriben discursos problemáticos de género y clase.",0.5,"La crítica interseccional se engarza con la lectura de migraciones y adaptación, de forma breve.",conceptual_teorico,cambio_climatico_general,No especificado
937,0.0,No aplica: gate no superado.,0.0,No aplica: gate no superado.,0.0,No aplica: gate no superado.,0.0,No aplica: gate no superado.,0.0,medium,,0.0,No aplica: gate no superado.,0.0,No aplica: gate no superado.,False,"Alude a la naturaleza 'intersectional' de la migración y a posicionalidades diversas, sin nombrar ni relacionar ejes sociales.",0.0,No aplica: gate no superado.,empirico_mixto,cambio_climatico_general,Thailand
938,0.5,"Estratifica la mortalidad por cada eje por separado (educación, raza, edad, sexo), sin posiciones combinadas.",0.5,"Vincula diferencias con desigualdades Norte-Sur y pide reducir desigualdades raciales y de género, sin teorizar mecanismos.",1.0,"14 áreas urbanas brasileñas, tendencias desde 1970, desigualdades regionales Norte-Sur y falta de vigilancia del calor.",0.0,Razón observado/esperado por subgrupos separados; no hay interacciones ni clasificación cruzada.,1.5,high,,1.0,"Propone fortalecer la atención primaria y reducir desigualdades socioeconómicas, raciales y de género.",0.0,Las poblaciones aparecen solo como exceso de mortalidad.,True,"Analiza la vulnerabilidad al calor según género, edad, raza y nivel educativo dentro de un marco de interseccionalidad.",0.5,"Vincula desigualdades y contexto regional, pero los ejes se analizan de forma aditiva.",empirico_cuantitativo,calor_extremo,Brazil
939,0.5,"Combina edad y pertenencia a comunidades marginadas, sin analizar cómo se co-construyen.",0.5,"Alude a marginación histórica y a ceder poder de decisión, sin nombrar ni teorizar estructuras.",0.5,Comunidades de Washington State y amenazas concretas; contexto histórico y político superficial.,0.5,Grupos focales con jóvenes de comunidades marginadas y entrevistas a líderes; sin análisis interaccional.,2.0,low,,1.0,"Propone recursos, capacitación, organización y poder de decisión para soluciones inclusivas lideradas por jóvenes.",1.0,"Valora experiencias, percepciones y activos juveniles y apoya iniciativas climáticas lideradas por jóvenes.",True,Jóvenes de comunidades históricamente marginadas como grupo de mayor riesgo: cruza edad y una marginación social no especificada.,0.5,"Vincula riesgo, marginación y participación juvenil, pero la intersección queda poco articulada.",empirico_cualitativo,cambio_climatico_general; calor_extremo; incendio_forestal; inundacion; nivel_mar_costas,United States
941,0.5,Raza/etnicidad y discapacidad aparecen como características sociodemográficas separadas.,0.5,"Reconoce causas estructurales y neoliberales de los desastres, pero el análisis es de nivel micro.",0.5,Encuesta Nacional de Hogares de EE. UU. de 2021; contexto nacional superficial.,0.0,"Regresión logística con variables paralelas, sin interacciones.",1.5,medium,,1.0,"Con una lente de trabajo social transformador, propone abordar causas raíz y el cambio comunitario.",0.5,"La motivación para prepararse sugiere agencia individual, tratada de forma marginal.",True,"La motivación para prepararse ante desastres varía por raza/etnicidad y discapacidad, analizadas en una regresión logística.",0.5,"Las implicaciones interseccionales se conectan con los hallazgos, pero el marco estructural queda separado del análisis.",empirico_cuantitativo,desastres_multiples,United States
942,0.5,Informalidad y género se relacionan solo al notar impactos inequitativos por género.,0.5,"Destaca determinantes socioeconómicos y políticos y la falta de protección social, sin teorizar mecanismos.",0.5,"Indore (India), Harare y Masvingo (Zimbabue), asentamientos informales; poco detalle histórico.",0.5,"Métodos mixtos con trabajadores informales; género descriptivo, sin análisis de interacciones.",2.0,medium,,1.0,"Investigación-acción, soluciones co-desarrolladas y recomendación de datos interseccionales y alianzas participativas.",1.0,Analiza las respuestas individuales y colectivas de los trabajadores.,True,"Trabajadores informales (clase, informalidad) cuyos riesgos climáticos tienen impactos desiguales por género.",0.5,El marco integra riesgos y determinantes; la interseccionalidad queda como recomendación futura.,empirico_mixto,cambio_climatico_general; calor_extremo; sequia; inundacion,India; Zimbabwe
943,0.5,"Nombra grupos marginados en favelas, pero el abstract no detalla cómo se co-construyen los ejes.",1.0,"La 'systemic cooling poverty' articula déficits físicos, sociales e infraestructurales como mecanismos estructurales.",0.5,Dos favelas de Río de Janeiro; contexto sociohistórico no desarrollado.,1.0,"Examen interseccional de métodos mixtos con subgrupos específicos: afrobrasileños, LGBTQI+ y personas con discapacidad.",3.0,medium,,1.0,Marco de justicia térmica orientado a intervenciones y políticas focalizadas.,0.5,"Centra experiencias vividas desde los márgenes, sin documentar estrategias propias.",True,"Examina la seguridad térmica de personas afrobrasileñas, LGBTQI+ y con discapacidad en dos favelas de Río de Janeiro.",1.0,"Mecanismos estructurales, grupos interseccionales, método y lugar se articulan en el concepto de justicia térmica.",empirico_mixto,calor_extremo,Brazil
953,0.0,No aplica: gate no superado.,0.0,No aplica: gate no superado.,0.0,No aplica: gate no superado.,0.0,No aplica: gate no superado.,0.0,medium,,0.0,No aplica: gate no superado.,0.0,No aplica: gate no superado.,False,"Identifica facetas de identidad social y procesos estructurales, pero solo sugiere la lente interseccional; no relaciona categorías entre sí.",0.0,No aplica: gate no superado.,revision,cambio_climatico_general,Global
955,0.5,"Enumera ejes que se intersecan, pero el análisis se centra en mujeres y género sin mostrar cómo se co-construyen las posiciones.",0.5,"Analiza el poder en arenas decisorias ('inner circles', proceso top-down), sin teorizar patriarcado u otras estructuras sociales.",0.5,"Situado en la planificación nacional de adaptación de Bangladesh (guías, 22 proyectos, ONG), con poca profundidad histórica o geográfica.",0.0,Análisis documental y entrevistas a 36 profesionales del desarrollo; sin muestreo ni codificación por subgrupos interseccionales.,1.5,medium,,1.0,Plantea 'the need for a major change to planning and decision-making processes' que refleje las realidades diversas de las mujeres.,0.5,"Reclama incluir las voces de grupos diversos y su capacidad de respuesta, pero no documenta su agencia.",True,"Señala 'intersecting inequalities, including ethnicity, disability, religion, locality and, in particular, gender' que excluyen a grupos diversos de la planificación.",0.5,"El análisis de poder conecta con la exclusión de grupos con desigualdades cruzadas, pero los ejes no se analizan entre sí.",empirico_cualitativo,cambio_climatico_general,Bangladesh
957,0.5,"Diferencia a las mujeres por edad, religión e ingreso y critica la homogeneización, sin mostrar cómo se co-constituyen esas posiciones.",0.0,"No nombra estructuras de poder (patriarcado, clase, colonialismo) ni mecanismos; se limita a factores que diferencian experiencias.",0.5,"Fiyi y Bangladesh como países de primera línea del impacto climático, descritos de forma general.",0.5,"Metaanálisis cualitativo de 24 estudios de caso que desagrega por edad, religión e ingreso, sin análisis interaccional explícito.",1.5,medium,,0.5,"Critica la homogeneización de la 'woman climate migrant' en la investigación, sin desarrollar implicaciones de justicia o política.",1.0,"Documenta aspiraciones y capacidades de mujeres migrantes y no migrantes al moverse, asentarse o quedarse.",True,"Muestra cómo 'age, religion and income level' configuran aspiraciones y capacidades de mujeres migrantes y no migrantes: género articulado con otros ejes.",0.5,"La lente interseccional se vincula con la agencia migratoria, pero sin poder estructural que explique las diferencias.",revision,cambio_climatico_general,Fiji; Bangladesh
958,0.5,"Relaciona género con etnia y religión, pero los hallazgos (inseguridad, apoyo familiar, alfabetización) no muestran co-construcción de posiciones.",0.5,"Señala el sesgo administrativo de las ONG y barreras culturales, religiosas e históricas, sin teorizar estructuras de poder.",0.5,Situado en Latachapli (Bangladesh) con la comunidad rakhine; menciona barreras históricas sin desarrollar el contexto.,0.5,Entrevistas a mujeres de distintas identidades étnicas y religiosas; comparación descriptiva sin codificación cruzada explícita.,1.5,medium,,0.5,"Concluye que 'women's intersectional challenges ... must be considered' y critica a las ONG, sin desarrollar propuestas.",0.5,"Estudia la participación de las mujeres en la adaptación, pero enfatiza barreras más que estrategias propias.",True,Analiza mujeres 'from different ethnic and religious identities' y cómo 'the diversity among women leads to varying levels of participation'.,0.5,"Critica la focalización en un solo eje (rakhine o 'women in general'), pero ejes, poder y método se articulan parcialmente.",empirico_cualitativo,cambio_climatico_general,Bangladesh
960,0.0,No aplica: gate no superado.,0.0,No aplica: gate no superado.,0.0,No aplica: gate no superado.,0.0,No aplica: gate no superado.,0.0,high,,0.0,No aplica: gate no superado.,0.0,No aplica: gate no superado.,False,"Usa enfoques feministas interseccionales para destacar el género como categoría; un solo eje, sin relación con otros.",0.0,No aplica: gate no superado.,conceptual_teorico,cambio_climatico_general,No especificado
961,0.5,"Reconoce privilegio y desventaja simultáneos por identidades multifacéticas, pero el foco analítico es el género.",0.5,"Critica la inclusión como tokenización y la discriminación profesional, sin teorizar mecanismos estructurales.",0.5,Contrasta Ecuador y Tayikistán en el Sur global; contexto histórico y político poco desarrollado.,0.5,Entrevistas a mujeres de dos países sobre el género; sin diseño que opere intersecciones.,2.0,medium,,1.0,Distingue inclusión de equidad y recomienda responsabilidad compartida por lugares de trabajo equitativos.,1.0,Las mujeres se reflexionan como agentes; el título reivindica su liderazgo propio.,True,Las entrevistadas se ven con privilegios y desventajas 'based on their multifaceted identities': posiciones derivadas de varias categorías.,0.5,"Une identidades, discriminación y agencia, aunque sin explicar cómo se cruzan los ejes.",empirico_cualitativo,desastres_multiples; cambio_climatico_general,Ecuador; Tajikistan
962,1.0,Analiza cómo colonialismo de asentamiento y opresión reproductiva se entrelazan en una teorización feminista indígena de la novela.,1.0,"Teoriza colonialismo de asentamiento, opresión reproductiva y violencia ambiental como sistemas relacionados desde un marco feminista indígena.",0.5,Anclado en el colonialismo de asentamiento euroamericano a través de una novela de 2017; contexto histórico-político poco detallado.,0.0,Ensayo de crítica literaria sin operacionalización empírica.,2.5,medium,,0.5,"Defiende una 'resistive narrative' y se enmarca en la justicia reproductiva, sin desarrollar implicaciones transformadoras.",0.5,"Califica la novela de narrativa de resistencia, pero no analiza estrategias o saberes de los sujetos.",True,Teoriza desde el feminismo indígena la relación entre 'reproductive oppression' y 'settler colonial values': género e indigeneidad entrelazados.,1.0,"Colonialismo, opresión reproductiva y violencia ambiental se articulan en una única teorización del gótico feminista indígena.",conceptual_teorico,cambio_climatico_general,United States
963,0.0,No aplica: gate no superado.,0.0,No aplica: gate no superado.,0.0,No aplica: gate no superado.,0.0,No aplica: gate no superado.,0.0,high,,0.0,No aplica: gate no superado.,0.0,No aplica: gate no superado.,False,"Análisis de género; concluye que las políticas carecen de interseccionalidad, citada solo como vacío y sin otros ejes.",0.0,No aplica: gate no superado.,conceptual_teorico,cambio_climatico_general,Bangladesh
964,0.0,No aplica: gate no superado.,0.0,No aplica: gate no superado.,0.0,No aplica: gate no superado.,0.0,No aplica: gate no superado.,0.0,low,,0.0,No aplica: gate no superado.,0.0,No aplica: gate no superado.,False,"Aplica la Teoría del Riesgo Interseccional, pero el resumen no nombra ejes sociales ni teoriza cómo se cruzan.",0.0,No aplica: gate no superado.,empirico_cualitativo,inundacion,Mexico
965,0.5,"Combina juventud y origen regional, pero 'we argue for intersectional analysis' indica agenda más que análisis de co-construcción.",0.5,"Nombra 'the uneven spatial politics of climate change' y la participación desigual en la COP, sin teorizar mecanismos estructurales.",0.5,"Sitúa el estudio en la COP27 de Egipto (2022) y la región MENA, con contexto regional amplio y poco detallado.",0.5,"Doce entrevistas a jóvenes de MENA con análisis temático; grupo seleccionado intencionalmente, sin análisis interaccional.",2.0,medium,,0.5,"Enmarcado en justicia climática; reclama análisis interseccional de la incidencia juvenil, sin desarrollar propuestas transformadoras.",1.0,"Documenta prioridades, reivindicaciones, motivaciones y desafíos de la incidencia de jóvenes activistas climáticos de MENA.",True,"Estudia jóvenes de MENA frente a la investigación centrada en jóvenes 'white, western and wealthy': edad articulada con raza, región y clase.",0.5,"La crítica al sesgo occidental conecta con la política espacial desigual, pero ejes y hallazgos se articulan parcialmente.",empirico_cualitativo,cambio_climatico_general,Middle East and North Africa
967,0.5,"Los ejes están en la participante, pero el análisis se centra en la dimensión racial y el sentido ontológico, sin mostrar co-construcción.",0.5,"Alude a 'racial dimensions of climate change' y a la marginación, sin teorizar estructuras ni mecanismos.",0.5,"Curso ambiental en un liberal arts college de Países Bajos; contexto institucional mínimo, sin anclaje sociohistórico.",0.5,Estudio idiográfico de un solo caso con identidades cruzadas; el método fenomenológico no operacionaliza explícitamente las intersecciones.,1.5,medium,,0.5,"Recomienda prácticas de educación ambiental que den espacio a estudiantes con identidades marginadas, sin marco de justicia desarrollado.",0.5,"Muestra el proceso activo de sentido de la estudiante, pero enfocado en su crisis más que en estrategias o resistencia.",True,"Estudia a una estudiante 'mixed-race, bisexual female' ante las dimensiones raciales del cambio climático: raza, sexualidad y género en una persona.",0.5,"Identidad, raza y pedagogía se conectan en el caso, pero el poder estructural y el contexto quedan sueltos.",empirico_cualitativo,cambio_climatico_general,Netherlands
969,1.0,"Interpreta a las 'ethnic women' como posición combinada de menor resiliencia, con clasificación cruzada de etnia y género.",0.5,"Vincula la menor resiliencia con acceso limitado a recursos, división sexual del trabajo y 'cultural norms of patriarch traditions', sin marco crítico.",0.5,Minorías Pa Cô y Tà Ôi de las tierras altas del centro de Vietnam; contexto étnico específico sin historia ni política.,1.0,"Encuesta a 236 hogares más grupos focales y entrevistas; compara resiliencia por grupo étnico y, dentro de cada uno, por género.",2.0,medium,,0.5,"Destaca considerar género y pobreza en programas de resiliencia, sin desarrollar una orientación transformadora.",0.5,"El enfoque de resiliencia 'subjetiva' recoge la autoevaluación de los hogares, pero los presenta sobre todo por sus carencias.",True,"Ofrece 'an intersectional lens of ethnicity and gender': diferencias entre grupos étnicos y, dentro de ellos, por género.",0.5,"Los hallazgos cruzados se explican con división del trabajo y normas patriarcales, pero la pobreza va aparte y el poder queda poco teorizado.",empirico_mixto,cambio_climatico_general,Vietnam
970,1.0,Relaciona inocencia blanca y poder petro-masculino: raza y género operan juntos en las figuraciones del 'bully' y el 'bullied'.,1.0,Geopolítica feminista: los discursos individualizantes 'reproduce individuated relations of power' y preservan el poder petro-masculino.,0.5,"Casos concretos (visitas de Thunberg al Reino Unido en 2019, interacciones con Trump), con escaso anclaje sociohistórico.",0.5,"Análisis de cobertura mediática de dos casos que lee raza y género juntos, sin diseño metodológico descrito.",3.0,medium,,1.0,"Propone 'an anti-bullying politics grounded in collective, intersectional challenges to climate injustice'.",0.5,"Reconoce el activismo de Thunberg y la acción colectiva, pero el análisis se centra en discursos, no en estrategias de sujetos.",True,Argumenta que 'a politics of white innocence' preserva 'petro-masculine power': raza y género articulados en la política climática.,1.0,"Discursos, raza-género y poder petro-masculino se articulan en un argumento que desemboca en una política colectiva interseccional.",empirico_cualitativo,cambio_climatico_general,United Kingdom; United States
971,0.0,No aplica: gate no superado.,0.0,No aplica: gate no superado.,0.0,No aplica: gate no superado.,0.0,No aplica: gate no superado.,0.0,high,,0.0,No aplica: gate no superado.,0.0,No aplica: gate no superado.,False,"Pide políticas 'intersectional and inclusive' para personas sin hogar; un solo grupo, sin otros ejes relacionados.",0.0,No aplica: gate no superado.,revision,cambio_climatico_general,Global
972,0.0,No aplica: gate no superado.,0.0,No aplica: gate no superado.,0.0,No aplica: gate no superado.,0.0,No aplica: gate no superado.,0.0,high,,0.0,No aplica: gate no superado.,0.0,No aplica: gate no superado.,False,Inclusividad e interseccionalidad son uno de cuatro temas del libro; no nombra ni relaciona ejes sociales.,0.0,No aplica: gate no superado.,conceptual_teorico,cambio_climatico_general,Global
973,1.0,"Formas 'interlinked' de marginación y privilegio afectan a mujeres maoríes 'low-income, single and/or older' como posiciones específicas.",1.0,Combina capitalismo racial e interseccionalidad; legados y estructuras coloniales median relaciones laborales y decisiones que agravan la vulnerabilidad.,1.0,"Norte de Aotearoa, proyecto gubernamental de almacenamiento de agua, contexto colonial de asentamiento y traumas intergeneracionales; subraya su especificidad.",1.0,"Etnografía con mujeres maoríes que distingue grupos particulares (bajos ingresos, solteras, mayores) dentro de la población.",3.5,high,,1.0,Cuestiona la adaptación neoliberal infraestructural y aboga por diseñarla atendiendo a desigualdades cruzadas para una adaptación más equitativa.,0.0,Las mujeres maoríes aparecen como afectadas por daños y vulnerabilidad; el abstract no documenta su agencia o resistencia.,True,"Analiza 'intersecting racial, class, gender, and age-based disadvantages' de mujeres maoríes ante un proyecto de adaptación.",1.0,"Capitalismo racial y colonialismo explican cómo se combinan las desventajas en un caso situado, con implicaciones para la adaptación.",empirico_cualitativo,cambio_climatico_general,New Zealand
974,0.0,No aplica: gate no superado.,0.0,No aplica: gate no superado.,0.0,No aplica: gate no superado.,0.0,No aplica: gate no superado.,0.0,low,,0.0,No aplica: gate no superado.,0.0,No aplica: gate no superado.,False,"Anuncia un análisis interseccional de la diferenciación social maasái, pero el resumen no nombra ni relaciona ejes concretos.",0.0,No aplica: gate no superado.,empirico_cualitativo,cambio_climatico_general,Kenya
977,0.0,No aplica: gate no superado.,0.0,No aplica: gate no superado.,0.0,No aplica: gate no superado.,0.0,No aplica: gate no superado.,0.0,high,,0.0,No aplica: gate no superado.,0.0,No aplica: gate no superado.,False,La interseccionalidad figura en una lista de principios para un plan futuro; no aborda ejes de diferenciación social.,0.0,No aplica: gate no superado.,revision,cambio_climatico_general,United Arab Emirates
979,0.0,No aplica: gate no superado.,0.0,No aplica: gate no superado.,0.0,No aplica: gate no superado.,0.0,No aplica: gate no superado.,0.0,low,,0.0,No aplica: gate no superado.,0.0,No aplica: gate no superado.,False,"El 'intersectional role of space with time and socio-economic characteristics' cruza espacio, tiempo y nivel socioeconómico; solo este último es eje social.",0.0,No aplica: gate no superado.,empirico_cuantitativo,incendio_forestal,Australia
980,0.0,No aplica: gate no superado.,0.0,No aplica: gate no superado.,0.0,No aplica: gate no superado.,0.0,No aplica: gate no superado.,0.0,high,,0.0,No aplica: gate no superado.,0.0,No aplica: gate no superado.,False,"Habla de la naturaleza 'intersectional' de las consecuencias del calentamiento, no de ejes sociales relacionados entre sí.",0.0,No aplica: gate no superado.,revision,cambio_climatico_general,Global
982,0.0,No aplica: gate no superado.,0.0,No aplica: gate no superado.,0.0,No aplica: gate no superado.,0.0,No aplica: gate no superado.,0.0,high,,0.0,No aplica: gate no superado.,0.0,No aplica: gate no superado.,False,Propone enfoques interseccionales como agenda futura de investigación; no nombra ni relaciona ejes sociales.,0.0,No aplica: gate no superado.,conceptual_teorico,cambio_climatico_general,United States; United Kingdom
984,0.0,No aplica: gate no superado.,0.0,No aplica: gate no superado.,0.0,No aplica: gate no superado.,0.0,No aplica: gate no superado.,0.0,high,,0.0,No aplica: gate no superado.,0.0,No aplica: gate no superado.,False,"Declara una perspectiva interseccional y decolonial, pero no nombra ni relaciona ejes de diferenciación social.",0.0,No aplica: gate no superado.,empirico_cualitativo,cambio_climatico_general; desastres_multiples,India; Brazil; Bangladesh; South Africa; Mozambique; Puerto Rico; Maldives; Pakistan
985,0.5,"Nombra etnia, posición en el Mundo Mayoritario y masculinismo académico como fuentes de inequidad, sin analizar su co-construcción.",0.5,"Señala 'the masculinist nature of academia' y jerarquías de conocimiento en la financiación, sin teorizar mecanismos.",0.5,Referencia general al Mundo Mayoritario y a la academia global; contexto poco situado.,0.0,Conclusión editorial basada en reflexiones de autores; sin método que opere intersecciones.,1.5,medium,,1.0,"'Change is urgently needed' en financiamiento, alianzas internacionales, gobiernos y publicación, en favor de la justicia epistémica.",0.5,"Valora la investigación de base comunitaria para producir conocimiento, sin documentar la agencia de los sujetos.",True,Señala que 'ethnic diversity and discrimination within the Majority World may impose intersectional inequities' sobre investigadores y poblaciones.,0.5,"Inequidades interseccionales y justicia epistémica se conectan en la crítica, pero de forma breve y sin análisis.",conceptual_teorico,cambio_climatico_general,Global South
987,0.5,"Invoca sistemas de poder entrelazados y masculinidad hegemónica, sin examinar cómo se co-construyen ejes concretos.",1.0,"Explica el chivo expiatorio y el cuidado selectivo como mecanismos retóricos de marginación, desde los estudios feministas.",0.5,Incendio El Dorado de 2020 en California y dos medios de distinta orientación; poca historia situada.,0.5,Análisis retórico interseccional de comentarios en dos medios; no describe codificación cruzada.,2.0,medium,,1.0,Propone la trascendencia ecológica y el cuidado inclusivo como alternativa al chivo expiatorio.,0.5,"Menciona acción colectiva movida por cuidado inclusivo, sin documentar estrategias de sujetos concretos.",True,"Analiza cómo la asignación de culpa responde a 'interlocking systems of power', incluida la masculinidad hegemónica.",0.5,"Poder entrelazado y retórica de la culpa se conectan, pero la intersección de ejes queda implícita.",empirico_cualitativo,incendio_forestal,United States
988,0.0,No aplica: gate no superado.,0.0,No aplica: gate no superado.,0.0,No aplica: gate no superado.,0.0,No aplica: gate no superado.,0.0,medium,,0.0,No aplica: gate no superado.,0.0,No aplica: gate no superado.,False,"Centra el género; pobreza y Sur Global aparecen en keywords y como resultado económico, sin articularse con el género como ejes relacionados.",0.0,No aplica: gate no superado.,conceptual_teorico,mitigacion_transicion; cambio_climatico_general,Global South
989,0.5,"Trata cuatro grupos por separado y añade la interseccionalidad como exploración adicional, sin mostrar co-construcción.",0.0,"Enumera retos (estrés postraumático, distribución desigual, ingresos, violencia sexual y de género) sin nombrar ni teorizar estructuras de poder.",0.0,"Revisión sistemática global sin anclaje histórico, geográfico ni político en contextos concretos.",0.5,"Clasifica 57 retos por grupo y categoría, con una exploración descriptiva de grupos en intersección.",0.5,medium,,0.5,"Propone un marco conceptual para mejorar la inclusión posdesastre, sin desarrollar una orientación a la justicia.",0.0,Los grupos marginados aparecen solo a través de sus retos y carencias; no se documenta su agencia.,True,"Identifica retos de mujeres, niñez, personas con discapacidad y mayores, y explora quienes 'fall under more than one marginalized community'.",0.0,"Los retos por grupo y la exploración interseccional quedan yuxtapuestos, sin un análisis que los articule.",revision,desastres_multiples,Global
990,0.0,No aplica: gate no superado.,0.0,No aplica: gate no superado.,0.0,No aplica: gate no superado.,0.0,No aplica: gate no superado.,0.0,high,,0.0,No aplica: gate no superado.,0.0,No aplica: gate no superado.,False,Solo la palabra clave 'matrix of domination'; el texto nombra pobreza y exposición tóxica sin relacionar ejes.,0.0,No aplica: gate no superado.,conceptual_teorico,cambio_climatico_general; mitigacion_transicion,No especificado
991,0.5,"Examina género e indigeneidad (keyword 'Indigenous women'), pero el abstract no muestra cómo se co-construyen.",0.5,"Alude a 'various forms of discrimination and oppression' y a procesos de daño, sin nombrar estructuras concretas.",0.5,"Ártico; reconoce diferencias 'even within Arctic regions', pero sin detallar historia ni política.",0.0,Artículo conceptual sin operacionalización empírica.,1.0,medium,,1.0,"Aboga por una justicia climática integral que considere quién se beneficia y quién se perjudica, y mediante qué procesos.",0.0,"No menciona agencia, resistencia ni saberes de mujeres indígenas u otros sujetos.",True,'I examine gender and Indigeneity in the Arctic' y define la interseccionalidad como 'several intersecting aspects of social identity'.,0.5,"Interseccionalidad y justicia climática se vinculan conceptualmente, pero sin análisis situado que las articule.",conceptual_teorico,cambio_climatico_general,Arctic
993,0.5,Compara índices de mujeres y hombres; la intersección con otras disparidades se afirma sin analizarse.,0.5,"Atribuye la sensibilidad femenina a roles y acceso desigual a decisiones y recursos, sin teorizar el patriarcado.",0.5,Comunidades rurales inundables de Bangladesh; contexto descrito de forma superficial.,0.0,"Índice de vulnerabilidad por sexo: comparación aditiva, sin interacciones ni subgrupos cruzados.",1.0,medium,,0.5,"Pide planes y políticas para reducir factores interseccionales, sin desarrollar una orientación transformadora.",0.5,"Reconoce conocimientos y habilidades de las mujeres como capacidad adaptativa, de forma marginal.",True,Afirma que la intersección de diversas disparidades sociales con el género reconfigura la vulnerabilidad rural a inundaciones.,0.5,Hallazgos y discusión interseccional se conectan en parte; el método sigue siendo aditivo.,empirico_cuantitativo,inundacion,Bangladesh
994,0.0,No aplica: gate no superado.,0.0,No aplica: gate no superado.,0.0,No aplica: gate no superado.,0.0,No aplica: gate no superado.,0.0,medium,,0.0,No aplica: gate no superado.,0.0,No aplica: gate no superado.,False,"Cruza marcos de justicia climática y de género con una lente 'interseccional', pero solo analiza el género.",0.0,No aplica: gate no superado.,conceptual_teorico,mitigacion_transicion; cambio_climatico_general,India
995,0.5,El foco es la resiliencia 'gendered'; la condición de asentamiento informal se menciona sin analizar su co-construcción con el género.,0.5,"Señala que academia y políticas ignoran los esfuerzos de mujeres desfavorecidas, sin teorizar estructuras ni mecanismos de poder.",0.5,"Dala Township, comunidad periurbana de Yangon; enfatiza la 'local lens', sin detallar historia o política de Myanmar.",0.5,Observación participante y entrevistas con mujeres de asentamientos informales; grupo específico sin análisis interaccional explícito.,2.0,medium,,1.0,Llama a un enfoque sensible al género para 'a just and resilient climatic future' frente a la injusticia interseccional.,1.0,"Documenta 'everyday resistance', saberes y prácticas de resiliencia propias de las mujeres.",True,"Estudia 'women from the informal settlements' de Dala: género y precariedad socioeconómica en la población, con alusión a 'intersectional injustice'.",0.5,"Agencia, género y lugar se articulan, pero la intersección con la clase y el poder estructural quedan poco desarrollados.",empirico_cualitativo,cambio_climatico_general; desastres_multiples,Myanmar
996,0.0,No aplica: gate no superado.,0.0,No aplica: gate no superado.,0.0,No aplica: gate no superado.,0.0,No aplica: gate no superado.,0.0,high,,0.0,No aplica: gate no superado.,0.0,No aplica: gate no superado.,False,'Intersectional and multi-level efforts' alude a acciones intersectoriales; la feminización agrícola no se cruza con otros ejes.,0.0,No aplica: gate no superado.,revision,cambio_climatico_general,India; South Africa
997,0.0,No aplica: gate no superado.,0.0,No aplica: gate no superado.,0.0,No aplica: gate no superado.,0.0,No aplica: gate no superado.,0.0,medium,,0.0,No aplica: gate no superado.,0.0,No aplica: gate no superado.,False,La 'justicia climática interseccional' es un componente narrativo no desarrollado; solo se abordan edad e intergeneracionalidad.,0.0,No aplica: gate no superado.,empirico_cualitativo,cambio_climatico_general,Canada
999,0.5,"Pide considerar la interseccionalidad y menciona a las mujeres más pobres, sin analizar cómo se co-construyen las posiciones.",1.0,Destaca 'the intertwining of patriarchy with market functioning and patterns of accumulation in India' y políticas que se apoyan en la desigualdad.,0.5,"India, con referencia a su diplomacia climática y política doméstica; contexto nombrado sin desarrollo histórico.",0.0,Comentario sin método empírico.,1.5,medium,,1.0,"Critica la política climática tecnocéntrica y la injusticia de priorizar mitigación sobre adaptación, en clave de cambio.",0.0,Las mujeres aparecen como quienes sufren 'the brunt of adverse changes'; no se reconoce su agencia.,True,Señala que 'the poorest women and those from already marginalized communities' sufren lo peor: género cruzado con clase y marginación.,0.5,"La crítica al entrelazamiento patriarcado-mercado se conecta con las mujeres más pobres, pero como puntos de comentario sueltos.",otro,cambio_climatico_general; mitigacion_transicion,India
1000,0.0,No aplica: gate no superado.,0.0,No aplica: gate no superado.,0.0,No aplica: gate no superado.,0.0,No aplica: gate no superado.,0.0,high,,0.0,No aplica: gate no superado.,0.0,No aplica: gate no superado.,False,La 'intersectionality of factors' alude a factores de salud combinados; no relaciona ejes de diferenciación social.,0.0,No aplica: gate no superado.,empirico_cualitativo,desastres_multiples,Puerto Rico
1001,0.5,Nombra cuatro ejes que se intersecan solo en la conclusión; indígenas y género se abordan como asuntos separados.,0.5,"Señala pobreza crónica, migración forzada, conflicto y el enfoque estatal de arriba abajo, sin teorizar mecanismos de poder.",0.5,"Tres distritos de Nepal (Rupandehi, Makwanpur, Sarlahi) y su contexto cultural y político, descrito de forma general.",0.0,Etnografía en tres distritos sin muestreo ni análisis por subgrupos interseccionales.,1.0,medium,,0.5,"Propone un enfoque centrado en la comunidad y revisar su noción, sin desarrollar una orientación a la justicia.",0.5,"Menciona participación comunitaria y pérdida de saberes indígenas, sin documentar estrategias propias.",True,"Concluye que 'the intersectionality of gender, ethnicity, class, and territoriality holds the key' para la gestión de desastres.",0.0,"La interseccionalidad queda como afirmación final, yuxtapuesta a un análisis que trata indigeneidad y género por separado.",empirico_cualitativo,desastres_multiples,Nepal
1002,1.0,"Trata género, estatus migratorio e ingreso como impulsores que interactúan ('interacting social drivers'), no como factores aditivos.",0.5,"Menciona 'navigating or contesting unequal power relations', sin nombrar ni teorizar estructuras concretas.",0.5,Síntesis continental para África; reconoce 'the localised nature of vulnerability' sin situar casos concretos.,0.0,Síntesis de literatura y marco conceptual del IPCC; sin operacionalización empírica de intersecciones.,2.0,medium,,1.0,"Orienta a diseñar intervenciones, evitar la maladaptación y lograr un 'more inclusive climate-resilient development'.",0.5,"Señala como vacío la agencia de los grupos vulnerables frente a relaciones de poder, sin documentarla.",True,"Explica cómo 'inequalities of gender, migrant status or level of income, compound with each other to affect risk'.",0.5,"Vulnerabilidad compuesta, escalas locales y poder se enlazan como agenda de investigación, más que como análisis integrado.",revision,cambio_climatico_general,Africa
1003,0.0,No aplica: gate no superado.,0.0,No aplica: gate no superado.,0.0,No aplica: gate no superado.,0.0,No aplica: gate no superado.,0.0,low,,0.0,No aplica: gate no superado.,0.0,No aplica: gate no superado.,False,"Menciona 'addressing gender as intersectional to climatic impasse' en campos rohinyás, pero no relaciona el género con otro eje social.",0.0,No aplica: gate no superado.,revision,cambio_climatico_general; desastres_multiples,Bangladesh
1004,0.0,No aplica: gate no superado.,0.0,No aplica: gate no superado.,0.0,No aplica: gate no superado.,0.0,No aplica: gate no superado.,0.0,medium,,0.0,No aplica: gate no superado.,0.0,No aplica: gate no superado.,False,"Analiza masculinidades y relaciones humano-animal; el género es el único eje social, sin cruces con otras categorías.",0.0,No aplica: gate no superado.,empirico_cualitativo,cambio_climatico_general,Northern Europe
1005,1.0,Critica la 'White male heroism' y recupera a 'African American men' excluidos: raza y género operan conjuntamente en el relato heroico.,1.0,Vincula la nostalgia colonial con el imperialismo del Antropoceno y el Capitaloceno y con la estética del sublime del universalismo europeo.,1.0,"Historia de la exploración ártica (Matthew Henson, inuit) y dos obras concretas; cuestiona 'European Universalism' e identidades esencializadas del Ártico.",0.0,Análisis de obras de arte sin operacionalización empírica.,3.0,medium,,0.5,"Promueve 'a more inclusive and intersectional approach' a la representación del Ártico, sin desarrollar implicaciones de justicia.",1.0,"Recupera la participación de mujeres, inuit y hombres afroamericanos en la exploración, y el humor y la ironía artísticos como respuesta.",True,"Desafía la 'colonial nostalgia for White male heroism' y recupera historias de mujeres, inuit y hombres afroamericanos en la exploración polar.",1.0,"Nostalgia colonial, figura heroica blanca y masculina, historia ártica y respuesta artística al calentamiento se articulan en un solo análisis.",conceptual_teorico,cambio_climatico_general,Arctic
1008,0.0,No aplica: gate no superado.,0.0,No aplica: gate no superado.,0.0,No aplica: gate no superado.,0.0,No aplica: gate no superado.,0.0,medium,,0.0,No aplica: gate no superado.,0.0,No aplica: gate no superado.,False,"La interseccionalidad es uno de cuatro principios enunciados, sin nombrar ejes ni explicar cómo se cruzan.",0.0,No aplica: gate no superado.,conceptual_teorico,calor_extremo,Global
1009,0.0,No aplica: gate no superado.,0.0,No aplica: gate no superado.,0.0,No aplica: gate no superado.,0.0,No aplica: gate no superado.,0.0,low,,0.0,No aplica: gate no superado.,0.0,No aplica: gate no superado.,False,"Reseña breve centrada en la clase; la interseccionalidad solo figura como palabra clave, sin otros ejes.",0.0,No aplica: gate no superado.,otro,cambio_climatico_general,No especificado
1010,0.5,"Nombra identidades interseccionales de género y la condición de mujeres africanas, sin analizar cómo se co-construyen.",0.0,No nombra estructuras de poder ni mecanismos; se centra en el cuerpo femenino y la práctica artística.,0.5,Justicia climática en África y trayectoria de una coreógrafa mozambiqueña; contexto apenas esbozado.,0.0,"Entrevista por correo electrónico, sin diseño que opere intersecciones.",1.0,low,,0.5,"Presenta la danza como 'an intervention toward Climate Justice in Africa', sin desarrollar implicaciones.",1.0,Documenta la obra de Rosa Mário como práctica artística y activista que interroga la relación del cuerpo femenino con la naturaleza.,True,Aborda 'intersectional identities around gender' y prácticas de 'female African dance makers': género y posición africana en la población.,0.0,"Identidades, justicia climática y arte aparecen como temas de conversación yuxtapuestos, sin análisis que los articule.",otro,cambio_climatico_general,Mozambique
1012,0.5,"Cruza género y marginación agraria y menciona desigualdades interseccionales, sin analizar su co-construcción.",0.5,"Señala la brecha digital y desigualdades que la tecnología puede ampliar, sin teorizar estructuras de poder.",0.5,"Distrito de Gaya, Bihar, con barreras lingüísticas; contexto histórico y político no desarrollado.",0.5,"SenseMaker capta experiencias individuales y dice mapear desigualdades interseccionales, sin análisis interaccional explícito.",1.5,low,,0.5,Advierte disparidades y sesgos que introducen las herramientas digitales; implicaciones de justicia apenas esbozadas.,0.5,El co-diseño y el co-análisis con los participantes reconocen su saber de forma marginal.,True,Vulnerabilidades de género en comunidades agrarias marginadas y 'intersectional inequalities': cruza género y marginación agraria.,0.5,"Reflexión metodológica que conecta en parte género, marginación y método.",empirico_mixto,cambio_climatico_general,India
1013,0.0,No aplica: gate no superado.,0.0,No aplica: gate no superado.,0.0,No aplica: gate no superado.,0.0,No aplica: gate no superado.,0.0,low,,0.0,No aplica: gate no superado.,0.0,No aplica: gate no superado.,False,Analiza la relación afluencia-vulnerabilidad; la edad ('Elderly') solo aparece en keywords y no se articula con la riqueza en el abstract.,0.0,No aplica: gate no superado.,conceptual_teorico,inundacion,Denmark
1014,0.0,No aplica: gate no superado.,0.0,No aplica: gate no superado.,0.0,No aplica: gate no superado.,0.0,No aplica: gate no superado.,0.0,high,,0.0,No aplica: gate no superado.,0.0,No aplica: gate no superado.,False,"Alude a injusticias interseccionales y opresiones sistémicas de forma genérica, sin relacionar ejes de diferenciación social.",0.0,No aplica: gate no superado.,conceptual_teorico,cambio_climatico_general,No especificado
1016,0.5,"Lista grupos entre los más pobres y habla de efectos 'cumulative and intersectional', sin analizar cómo se co-construyen las posiciones.",1.0,Critica REDD+ financiado por el Banco Mundial en un país de bajas emisiones y las responsabilidades diferenciadas en producción y consumo.,1.0,"Mozambique: cuatro ciclones y dos tormentas (2019-2021), más de 600 muertes en 2019, REDD+ y áreas de conservación; justicia climática situada.",0.0,"Análisis documental, entrevistas y trabajo de campo, sin muestreo ni análisis por subgrupos interseccionales; reconoce que falta identificarlos.",2.0,medium,,1.0,"Pide participación significativa de grupos vulnerables en el diseño de políticas y más implicación pública en mitigación, adaptación y socorro.",0.5,"Plantea comprender 'how they organize themselves' y fortalecer su agencia, sin documentarla.",True,"'The very poorest - often women, children, the elderly, and people with disabilities' sufren 'cumulative and intersectional effects'.",0.5,"Poder estructural, contexto y justicia climática se integran, pero los ejes interseccionales se enumeran sin incorporarse al análisis.",empirico_cualitativo,ciclon_huracan_tormenta; inundacion; mitigacion_transicion,Mozambique
1021,0.0,No aplica: gate no superado.,0.0,No aplica: gate no superado.,0.0,No aplica: gate no superado.,0.0,No aplica: gate no superado.,0.0,high,,0.0,No aplica: gate no superado.,0.0,No aplica: gate no superado.,False,"El feminismo interseccional es solo palabra clave; el ensayo destaca a mujeres artistas, un eje sin cruces.",0.0,No aplica: gate no superado.,conceptual_teorico,cambio_climatico_general,No especificado
1022,0.5,"Nombra raza y clase, incluida la clase trabajadora blanca, pero en paralelo y sin co-construcción.",0.5,"Señala racismo sistémico, pobreza y exposición tóxica sostenida, sin teorizar mecanismos.",1.0,"Raíces históricas del movimiento, DAPL, Flint y pueblos concretos de EE. UU., Canadá y México, en clave comparada.",0.0,Colección de estudios de caso sin diseño que opere intersecciones; el análisis interseccional se deja al lector.,2.0,low,,1.0,Centrado en campañas y organización por la justicia ambiental y climática.,1.0,Prioriza voces activistas y cómo las comunidades se organizan y enlazan con otros movimientos.,True,"Comunidades BIPOC y de clase trabajadora blanca, con racismo sistémico y pobreza como condiciones: cruza raza y clase.",0.5,"Contexto, poder y agencia se conectan; la intersección entre raza y clase queda poco articulada.",empirico_cualitativo,cambio_climatico_general,United States; Canada; Mexico
1023,0.0,No aplica: gate no superado.,0.0,No aplica: gate no superado.,0.0,No aplica: gate no superado.,0.0,No aplica: gate no superado.,0.0,high,,0.0,No aplica: gate no superado.,0.0,No aplica: gate no superado.,False,Incluye 'intersectional equity-driven needs assessment' en una lista de cuestiones de equidad; no relaciona ejes sociales.,0.0,No aplica: gate no superado.,conceptual_teorico,cambio_climatico_general; mitigacion_transicion,Spain
1027,0.0,No aplica: gate no superado.,0.0,No aplica: gate no superado.,0.0,No aplica: gate no superado.,0.0,No aplica: gate no superado.,0.0,high,,0.0,No aplica: gate no superado.,0.0,No aplica: gate no superado.,False,"Anuncia análisis feminista e interseccional, pero el foco es el género sin relación con otros ejes.",0.0,No aplica: gate no superado.,empirico_cualitativo,cambio_climatico_general,Global
1030,0.0,No aplica: gate no superado.,0.0,No aplica: gate no superado.,0.0,No aplica: gate no superado.,0.0,No aplica: gate no superado.,0.0,high,,0.0,No aplica: gate no superado.,0.0,No aplica: gate no superado.,False,Compara la perspectiva de género en acuerdos de riesgo; el enfoque interseccional solo figura como palabra clave.,0.0,No aplica: gate no superado.,empirico_cualitativo,desastres_multiples,Global; Latin America and the Caribbean
1031,0.5,"Relaciona género con edad, discapacidad e identidad trans, pero como listado de poblaciones vulnerables, no como posiciones co-construidas.",0.5,"Desigualdades de género como 'underlying cause of risk' y naturalización de roles, sin teorizar sistemas de opresión.",0.5,Sistema Nacional de Gestión del Riesgo y diez contextos territoriales municipales; contexto institucional sin profundidad histórica.,0.0,Entrevistas fenomenológicas a representantes institucionales; no muestrea ni analiza subgrupos interseccionales.,1.5,medium,,1.0,Psicología comunitaria y feminista orientadas a la transformación; recomienda tratar la desigualdad de género como causa subyacente del riesgo.,0.5,Solo menciona 'the social participation of women'; mujeres y LGTBIQ+ aparecen sobre todo como poblaciones discriminadas.,True,"Las desigualdades de género acentúan vulnerabilidades de 'women of different ages, transgender people, people with disabilities'.",0.5,El enfoque de género domina; los otros ejes y el marco transformador se conectan solo parcialmente.,empirico_cualitativo,desastres_multiples,Costa Rica
1033,0.0,No aplica: gate no superado.,0.0,No aplica: gate no superado.,0.0,No aplica: gate no superado.,0.0,No aplica: gate no superado.,0.0,medium,,0.0,No aplica: gate no superado.,0.0,No aplica: gate no superado.,False,"Sostiene que la interseccionalidad es necesaria para la igualdad de género, pero no relaciona el género con otras categorías.",0.0,No aplica: gate no superado.,conceptual_teorico,cambio_climatico_general; mitigacion_transicion,India; Ethiopia; Australia
1034,0.5,"Declara interseccionalidad género-etnicidad, pero los hallazgos se refieren a las mujeres en general, sin posiciones étnico-genéricas.",0.0,Atribuye la desventaja de las mujeres a 'social capital and cultural practices'; no nombra estructuras de poder.,0.5,"Zonas costeras de Bangladesh y comunidades étnicas y no étnicas, sin desarrollo histórico ni político.",0.5,Herramientas participativas y entrevistas por género y etnicidad; comparación descriptiva sin análisis interaccional.,1.0,medium,,0.5,"Recomienda centrarse en las capacidades de las mujeres para reducir vulnerabilidad, sin desarrollar justicia ni transformación estructural.",0.5,Enfoque de capacidades y libertad de elección; las mujeres aparecen sobre todo con acceso y participación limitados.,True,Evalúa impactos y adaptación 'when considering gender and ethnicity' en comunidades costeras étnicas y no étnicas.,0.5,"El marco interseccional orienta objetivo y diseño, pero no se sostiene en los resultados.",empirico_cualitativo,cambio_climatico_general; nivel_mar_costas,Bangladesh
1036,0.5,"Género cruzado con educación y estado civil como determinantes diferenciados por sexo, tratados de forma aditiva.",0.0,"Explica con factores individuales e institucionales (crédito, extensión, educación), sin estructuras de poder ni marco crítico.",0.5,Productores de frijol y caupí en Ghana; contexto local superficial.,0.0,Ejes como variables separadas en modelos de adopción; no interpreta interacciones como posiciones sociales combinadas.,1.0,medium,,0.5,"Recomienda programas sensibles al género y participación en la planificación climática, sin desarrollo crítico.",0.5,"Registra estrategias de adaptación de los agricultores como resultados de adopción, sin enfoque de agencia.",True,"Compara por género determinantes socioeconómicos como educación, estado civil y acceso al crédito en la adaptación climática.",0.5,Diferencias de género y factores socioeconómicos se conectan de forma parcial y aditiva.,empirico_cuantitativo,cambio_climatico_general; sequia,Ghana
1037,0.5,"Enumera factores que se cruzan con el género, sin analizar cómo co-construyen posiciones específicas.",0.5,"Nombra la estructura de poder intrahogar y pide cambios estructurales y políticos, sin teorizar mecanismos.",0.5,"Reconoce que percepción y adaptación son 'highly contextual'; contexto global, sobre todo África y Asia.",0.5,"Revisión PRISMA de 41 estudios que sintetiza intersecciones de forma descriptiva, sin análisis interaccional.",1.5,medium,,0.5,"Propone investigación más 'gender transformative' y comunicación culturalmente apropiada, sin desarrollarlo.",0.5,"Documenta prácticas de adaptación, pero describe a las agricultoras como más preocupadas y fatalistas.",True,"Edad, educación, estado civil, religión, estatus social y etnicidad 'were intersecting with gender' en percepción y adaptación.",0.5,"Intersecciones, contexto y poder aparecen juntos con articulación parcial.",revision,cambio_climatico_general,Global
1038,0.0,No aplica: gate no superado.,0.0,No aplica: gate no superado.,0.0,No aplica: gate no superado.,0.0,No aplica: gate no superado.,0.0,medium,,0.0,No aplica: gate no superado.,0.0,No aplica: gate no superado.,False,"Pregunta cómo la literatura aborda género e interseccionalidad, pero los resultados solo tratan dimensiones de género.",0.0,No aplica: gate no superado.,revision,cambio_climatico_general,Global
1040,0.5,Cruza discapacidad con marginación económica y sociocultural; otros ejes no se especifican ni se analizan como co-constitutivos.,1.0,"Presenta la discapacidad como producto de injusticia estructural, sociocultural y política, con enfoque decolonial.",1.0,"Dos sitios urbanos concretos, Banjarmasin y Mataram, y respuestas diversas según el contexto.",0.5,"Etnografía, historias de vida y cómics centrados en personas con discapacidad; sin codificación cruzada.",3.5,medium,,1.0,Cuestiona la exclusión de las personas con discapacidad de la reducción del riesgo y la toma de decisiones.,1.0,"Muestra la discapacidad como fuente de conocimiento encarnado, innovación, resiliencia y agencia.",True,Examina cómo 'disabilities intersect with social and structural injustices' económicas y socioculturales en contextos urbanos.,1.0,"Integra injusticia estructural, contexto urbano, historias de vida y agencia en un análisis coherente.",empirico_cualitativo,cambio_climatico_general; inundacion; desastres_multiples,Indonesia
1041,0.5,"Nombra grupos socioeconómicos y étnico-raciales, pero luego los trata como poblaciones afectadas por separado.",0.5,"Invoca determinantes sociales de exposición y vulnerabilidad, sin nombrar racismo ni teorizar mecanismos.",0.0,Ejemplos 'from across the world' sin contexto situado; orientación general a la gestión profesional.,0.0,Libro de texto con casos de buenas prácticas; sin diseño que opere intersecciones.,0.5,low,,0.5,"Hoja de ruta para abordar disparidades de salud en la planificación, sin marco crítico de justicia.",0.0,Los grupos aparecen solo como afectados; no menciona su agencia ni estrategias.,True,Explora 'the intersectionality of health disparities of different socioeconomic and racial/ethnic groups' ante desastres.,0.0,"Interseccionalidad, determinantes sociales y preparación aparecen yuxtapuestos.",conceptual_teorico,desastres_multiples,Global
1048,0.0,No aplica: gate no superado.,0.0,No aplica: gate no superado.,0.0,No aplica: gate no superado.,0.0,No aplica: gate no superado.,0.0,high,,0.0,No aplica: gate no superado.,0.0,No aplica: gate no superado.,False,"Declara reconocer interrelaciones interseccionales, pero considera explícitamente una sola distinción social: la generación.",0.0,No aplica: gate no superado.,conceptual_teorico,cambio_climatico_general,United Kingdom
1049,0.5,"Clase como condición de la muestra y diferencias por género y edad descritas, sin analizar posiciones co-construidas.",0.5,"Nombra falta de vivienda asequible y servicios limitados, sin teorizar estructuras de poder.",0.5,"Asentamientos Bauleni y Misisi de Lusaka, costo del suelo y cercanía al centro; sin profundidad histórica.",0.5,"Prueba Z de proporciones, estadística descriptiva y análisis temático; subgrupos descriptivos sin interacciones.",1.5,medium,,0.5,"Recomienda políticas para mejorar la capacidad de recuperación y reducir vulnerabilidades, sin marco de justicia.",0.5,Explica la permanencia de residentes por costos y cercanía; mención marginal de estrategias propias.,True,"Entre pobres urbanos de asentamientos informales, los riesgos 'had differentiated effects on women, men and children'.",0.5,La intersección socioeconómica-ambiental organiza el estudio; género y edad quedan periféricos.,empirico_mixto,cambio_climatico_general; inundacion,Zambia
1052,1.0,Enmarca 'the co-constituted processes of being racialized and gendered' y analiza raza y género conjuntamente.,0.5,"Estructuras de poder co-constituidas que 'manufacture differential climate vulnerabilities', invocadas sin mecanismos propios.",0.5,"Hogares de Austin, Texas; contexto urbano estadounidense sin detalle sociohistórico.",1.0,"Encuesta que examina raza y género 'together' como posiciones combinadas, junto a ingreso y afiliación partidaria.",2.0,medium,,0.5,"Aporta a la planificación climática institucional, sin desarrollar implicaciones de justicia.",0.5,Recoge preocupaciones y preferencias de adaptación de los residentes; agencia apenas mencionada.,True,"Examina 'how race and gender together shape experiences of climate impacts' en hogares de Austin, Texas.",0.5,"Marco de co-constitución, diseño y contexto conectados; el poder no se vincula con los resultados.",empirico_cuantitativo,cambio_climatico_general; desastres_multiples,United States
1053,0.0,No aplica: gate no superado.,0.0,No aplica: gate no superado.,0.0,No aplica: gate no superado.,0.0,No aplica: gate no superado.,0.0,medium,,0.0,No aplica: gate no superado.,0.0,No aplica: gate no superado.,False,"Lista grupos raciales, étnicos y de bajo nivel socioeconómico por separado; las intersecciones son entre clima y cáncer.",0.0,No aplica: gate no superado.,conceptual_teorico,cambio_climatico_general,United States
1054,0.5,"Teoriza opresiones interconectadas en la conciencia juvenil, sin analizar ejes concretos como co-constitutivos.",0.5,"Nombra fuerzas de opresión y conciencia crítica, sin especificar estructuras ni mecanismos.",0.0,Organizaciones juveniles sin ubicación geográfica ni contexto histórico-político descrito.,0.0,"Entrevistas y encuestas a activistas, sin muestreo ni análisis de subgrupos interseccionales.",1.5,medium,,1.0,La acción interseccional crítica supone participar en varios movimientos por la justicia climática y otras causas.,1.0,"Presenta a jóvenes como agentes que se organizan, dialogan y actúan en distintos movimientos.",True,Define la reflexión interseccional como análisis de cómo se interconectan diversas fuerzas de opresión sobre poblaciones marginadas.,0.5,"Conecta reflexión y acción en un constructo coherente, pero sin anclaje estructural ni contextual.",empirico_mixto,cambio_climatico_general,No especificado
1056,0.0,No aplica: gate no superado.,0.0,No aplica: gate no superado.,0.0,No aplica: gate no superado.,0.0,No aplica: gate no superado.,0.0,medium,,0.0,No aplica: gate no superado.,0.0,No aplica: gate no superado.,False,"Llamado programático que enumera vínculos teóricos y metodológicos, sin relacionar categorías sociales ni teorizar su cruce.",0.0,No aplica: gate no superado.,conceptual_teorico,cambio_climatico_general,No especificado
1060,0.5,"Nombra intersecciones de etnicidad, género, clase y territorio como tarea analítica, sin desarrollarlas.",0.5,"Nombra la industria extractiva y la articulación política-economía-naturaleza, sin teorizar mecanismos de opresión.",0.5,"Sitúa el debate en Chile y cuestiona la universalidad del Antropoceno, con contexto poco detallado.",0.0,Texto teórico sin operacionalización empírica.,1.0,medium,,0.5,Postura crítica sobre lo que se pierde y recupera; implicaciones de justicia apenas desarrolladas.,0.5,"Reivindica el papel histórico de activismos y ciudadanía en Chile, sin documentarlo.",True,"Propone integrar 'how the intersections of ethnicity, gender, class and territory are experienced' ante extractivismo y crisis climática.",0.5,Cuatro puntos presentados en paralelo; la intersección se conecta parcialmente con el cuerpo afectado.,conceptual_teorico,cambio_climatico_general,Chile
1062,0.0,No aplica: gate no superado.,0.0,No aplica: gate no superado.,0.0,No aplica: gate no superado.,0.0,No aplica: gate no superado.,0.0,high,,0.0,No aplica: gate no superado.,0.0,No aplica: gate no superado.,False,"Describe el marco de justicia climática como 'intersectional', sin nombrar ni relacionar ejes de diferenciación social.",0.0,No aplica: gate no superado.,empirico_mixto,cambio_climatico_general,United States
1063,1.0,Dos atributos estigmatizados 'do not always render an individual doubly stigmatized': la extranjería compensa estereotipos raciales.,1.0,Marco de 'racial and ethnic subordination' con dimensiones de inferioridad y extranjería que racializan políticas neutrales.,0.5,Ayuda tras el huracán María a puertorriqueños como grupo ya racializado; sin detalle histórico-político.,1.0,Experimento de encuesta representativo que varía factorialmente tono de piel e idioma de las víctimas.,2.5,medium,,0.0,"Implicaciones solo para el estudio de la política racial, sin orientación a la justicia.",0.0,Los puertorriqueños aparecen solo como víctimas representadas en el experimento.,True,Cruza tono de piel (inferioridad) e idioma (extranjería) como 'two dimensions' de subordinación racial y étnica.,1.0,El marco de subordinación explica la interacción medida experimentalmente en el caso puertorriqueño.,empirico_cuantitativo,ciclon_huracan_tormenta,United States; Puerto Rico
1065,0.5,"Mujeres, personas con discapacidad, personas mayores y niñez tratadas como grupos vulnerables separados.",0.0,"Habla de desigualdades y 'pre-existing limitations', sin nombrar estructuras de poder ni mecanismos.",0.5,"Huracanes Irma y María, territorios caribeños y sus dinámicas socioeconómicas; contexto poco detallado.",0.5,"Estudio de caso con comunidades desplazadas y 'inter-sectional analysis of inequalities', sin detalle interaccional.",2.0,medium,,1.0,Propuesta y herramientas para gobiernos locales; actores capacitados para reducir brechas de equidad.,1.0,"Documenta experiencias exitosas de gestión del riesgo protagonizadas por mujeres y niñas, y capacidades previas.",True,Enfoque de interseccionalidad para mitigar desigualdades 'gender-specific ... by disability and age' en la movilidad inducida.,0.5,"Enfoque interseccional, herramientas y agencia se conectan parcialmente; los ejes siguen separados.",empirico_cualitativo,ciclon_huracan_tormenta,Caribbean
1066,1.0,"Analiza cómo 'intersecting social identity factors' (género, edad, nivel socioeconómico, geografía) moldearon experiencias del incendio.",0.5,"Menciona 'social structures that enable or limit adaptation', sin teorizar mecanismos de poder.",0.5,Dos comunidades rurales boreales del norte de Saskatchewan; contexto poco detallado.,1.0,"Metodología feminista interseccional de punto de vista que orienta diseño, entrevistas y taller.",2.0,medium,,0.5,Coproduce un marco y una guía de aprendizaje posdesastre para la adaptación; la justicia no es explícita.,1.0,Las comunidades cocrean conocimiento y aprendizaje; sus saberes guían el marco.,True,"Experiencias de incendios 'differentiated by intersecting social factors such as age, gender, culture, and socio-economic status'.",0.5,"Marco interseccional, método y coproducción articulados; el poder estructural queda débil.",empirico_cualitativo,incendio_forestal; cambio_climatico_general,Canada
1067,0.5,"Afirma la interconexión de género, juventud e indigeneidad, sin analizar posiciones co-construidas concretas.",1.0,Poder discursivo masculinizado y estructura de la sociedad civil como barrera estructural explícita.,0.5,Constituyente de Mujeres y Género en la CMNUCC; contexto institucional sin reconocer situacionalidad.,0.0,Análisis de estrategias retóricas y procedimentales sin método descrito que opere intersecciones.,2.5,medium,,1.0,Crítica del 'dark side of civil society' para integrar mejor a la sociedad civil en la política de sostenibilidad.,1.0,Documenta estrategias políticas retóricas y procedimentales movilizadas por el activismo feminista.,True,"La sociedad civil 'pigeonholes different identities (e.g. gender, youth, indigenous peoples)' separando luchas 'deeply interconnected'.",1.0,La estructura de la sociedad civil explica la separación de identidades en el contexto de la CMNUCC.,empirico_cualitativo,cambio_climatico_general,Global
1068,0.5,"Capitalismo racial e interseccionalidad aparecen como temas, sin desarrollar la co-construcción de ejes.",1.0,"Racialización, capitalismo racial y sistemas dominantes de marginación explican la reproducción de injusticias climáticas.",0.0,"Perspectiva general, sin historia, geografía ni política específicas.",0.0,Texto conceptual sin operacionalización empírica.,1.0,medium,,1.0,Propone una adaptación que desafíe los sistemas de marginación frente a prácticas que sostienen poder inequitativo.,0.0,No aborda agencia ni resistencia de las comunidades racializadas.,True,Articula raza y clase mediante el capitalismo racial e incorpora la interseccionalidad como uno de los ejes del marco.,0.5,"Marco coherente que vincula raza, capital y poder, pero sin contexto ni sujetos.",conceptual_teorico,cambio_climatico_general,No especificado
1070,0.0,No aplica: gate no superado.,0.0,No aplica: gate no superado.,0.0,No aplica: gate no superado.,0.0,No aplica: gate no superado.,0.0,high,,0.0,No aplica: gate no superado.,0.0,No aplica: gate no superado.,False,"Atribuye 'intersectionality' a la discapacidad como eje único; los subgrupos son tipos de discapacidad, sin otras categorías.",0.0,No aplica: gate no superado.,revision,cambio_climatico_general,Global
1071,0.0,No aplica: gate no superado.,0.0,No aplica: gate no superado.,0.0,No aplica: gate no superado.,0.0,No aplica: gate no superado.,0.0,medium,,0.0,No aplica: gate no superado.,0.0,No aplica: gate no superado.,False,"Enumera ruralidad, bajo nivel socioeconómico, minoría étnica y condición médica por separado; lo interseccional queda como recomendación futura.",0.0,No aplica: gate no superado.,revision,sequia; incendio_forestal,Global
1072,0.0,No aplica: gate no superado.,0.0,No aplica: gate no superado.,0.0,No aplica: gate no superado.,0.0,No aplica: gate no superado.,0.0,medium,,0.0,No aplica: gate no superado.,0.0,No aplica: gate no superado.,False,"Menciona 'intersecting inequalities' y diferencia social como temas de la literatura, sin relacionar ejes concretos.",0.0,No aplica: gate no superado.,revision,cambio_climatico_general,Global
1073,0.0,No aplica: gate no superado.,0.0,No aplica: gate no superado.,0.0,No aplica: gate no superado.,0.0,No aplica: gate no superado.,0.0,high,,0.0,No aplica: gate no superado.,0.0,No aplica: gate no superado.,False,Pide adoptar 'intersectional approaches' en investigación futura de economía política; no articula ejes sociales.,0.0,No aplica: gate no superado.,conceptual_teorico,cambio_climatico_general,Global
1074,1.0,"Casta y generación se entrelazan en la relación con la tierra; indigeneidad y soberanía comunal, en configuraciones situadas por sitio.",1.0,"Privilegios de casta históricos, mandatos institucionales excluyentes y crítica a la adaptación tecnogerencial y estadocéntrica.",1.0,"Uttarakhand, Khumbu y Assam, con historia de casta y frontera geopolíticamente fluida; cuestiona narrativas regionales únicas.",0.5,'Everyday stories of adaptation' del trabajo junto a comunidades en tres sitios; sin muestreo de subgrupos interseccionales.,3.5,medium,,1.0,Propone una praxis adaptativa y objetivos para 'more hopeful and just adaptation futures'.,1.0,Documenta el trabajo cotidiano de adaptación y desafía representaciones de las comunidades como impotentes.,True,"Casta, relaciones generacionales con la tierra, indigeneidad y alteridad etnorreligiosa 'intertwined with changing climate-society relationships'.",1.0,"Poder, contexto, relatos y praxis se articulan en un análisis de ecología política coherente.",empirico_cualitativo,cambio_climatico_general,India; Nepal
1077,0.5,"Etnicidad y condición de trabajador precario se entrelazan en la población, sin analizar su co-construcción.",1.0,"Salarios inequitativos, violaciones de derechos y exclusión decisional como inequidades 'structural, distributional, recognitional, and procedural'.",1.0,"Historia del sector en el Pacífico Noroeste, de la madera y la reforestación a la gestión del fuego.",0.0,"Revisión de literatura y conocimiento práctico, sin diseño que opere intersecciones.",2.0,low,,1.0,Recomienda investigación-acción participativa y reformas legales y de políticas a múltiples escalas.,0.5,Reconoce a los trabajadores como cruciales para el futuro con el fuego; agencia apenas desarrollada.,True,Trabajadores 'Latino/a/x' en labores forestales intensivas con salarios inequitativos: etnicidad y posición laboral bajo 'multiple marginalities'.,0.5,"Marco de marginalidades, contexto y recomendaciones conectados; la dimensión interseccional queda implícita.",conceptual_teorico,incendio_forestal,United States
1079,0.0,No aplica: gate no superado.,0.0,No aplica: gate no superado.,0.0,No aplica: gate no superado.,0.0,No aplica: gate no superado.,0.0,high,,0.0,No aplica: gate no superado.,0.0,No aplica: gate no superado.,False,Pide 'nuanced intersectional understandings' como dirección futura; trata la edad como eje único.,0.0,No aplica: gate no superado.,revision,desastres_multiples,Global
1080,0.0,No aplica: gate no superado.,0.0,No aplica: gate no superado.,0.0,No aplica: gate no superado.,0.0,No aplica: gate no superado.,0.0,medium,,0.0,No aplica: gate no superado.,0.0,No aplica: gate no superado.,False,"Alude a diferencias de ubicación social y a una política antirracista, pero no relaciona categorías sociales como entrelazadas.",0.0,No aplica: gate no superado.,conceptual_teorico,cambio_climatico_general,Global
1082,0.0,No aplica: gate no superado.,0.0,No aplica: gate no superado.,0.0,No aplica: gate no superado.,0.0,No aplica: gate no superado.,0.0,medium,,0.0,No aplica: gate no superado.,0.0,No aplica: gate no superado.,False,"Las 'intersectional plots' cruzan raza, colonialidad y clima como tramas temáticas; no articula dos ejes sociales entrelazados.",0.0,No aplica: gate no superado.,conceptual_teorico,cambio_climatico_general,France
1083,0.5,"Nombra género, indigeneidad y raza como desigualdades que se entrecruzan; los enfoques se presentan por separado.",1.0,"Critica supuestos 'colonial, liberalist, majoritarian, utilitarian, or masculinist' y tecnologías que reproducen desigualdades.",0.0,Descarbonización global sin contexto geográfico ni histórico específico.,0.0,Perspectiva conceptual sin operacionalización empírica.,1.0,medium,,1.0,Principios y preguntas para orientar la investigación y la práctica hacia la justicia energética.,0.0,No menciona agencia ni saberes de los sujetos.,True,"La justicia energética 'fails to adequately account for gender, Indigeneity, race, and other intersecting inequalities'.",0.5,Sintetiza cuatro enfoques en temas y principios comunes; integración conceptual parcial.,conceptual_teorico,mitigacion_transicion,Global
1086,1.0,"Casta, género y condición campesina sin tierra co-producidos por el despojo como una posición específica.",1.0,"'Racial regimes of land ownership', relaciones neocoloniales y acaparamiento verde como mecanismos estructurales.",0.5,Parques solares en India con racialización mediada por casta; contexto poco detallado.,0.0,Argumento conceptual sin método empírico descrito.,2.5,medium,,1.0,Justicia climática agraria mediante coaliciones y 'redistributive and emancipatory solar interventions'.,0.5,"Las coaliciones campesinas interseccionales se plantean como necesarias, sin documentar su acción.",True,Despojos solares producen 'a highly racialized (through caste) and gendered surplus population of landless peasants'.,1.0,El marco del Plantationoceno explica la posición casta-género-clase y orienta la justicia agraria.,conceptual_teorico,mitigacion_transicion,India
1091,0.5,"Enumera sexo, color de piel e indigeneidad como factores jerarquizantes, sin analizar cómo se co-constituyen.",0.5,"Nombra jerarquías clasistas, esencialismo de género y política de ultraderecha; no desarrolla mecanismos en el abstract.",0.0,"Sin contexto situado: analiza obras de arte, cine y eventos históricos no especificados.",0.0,Trabajo teórico-cultural sin operacionalización empírica de las intersecciones.,1.0,medium,,0.5,"Orientación a la justicia climática y a superar el binarismo ('postgender pursuits'), sin propuestas desarrolladas.",0.0,No se refiere a sujetos concretos ni a su agencia.,True,"Lente interseccional que vincula justicia climática con sexualidad, género y raza; sexo, color de piel e indigeneidad como factores de jerarquía.",0.5,"El ecofeminismo queer enlaza ejes, estructuras y justicia climática, pero sin contexto ni método que los articule.",conceptual_teorico,cambio_climatico_general,No especificado
1093,0.0,No evaluado: gate_pass=false.,0.0,No evaluado: gate_pass=false.,0.0,No evaluado: gate_pass=false.,0.0,No evaluado: gate_pass=false.,0.0,low,,0.0,No evaluado: gate_pass=false.,0.0,No evaluado: gate_pass=false.,False,El abstract solo explicita un eje (racismos sistémicos) en relación con la degradación ambiental; no articula dos ejes sociales relacionados.,0.0,No evaluado: gate_pass=false.,conceptual_teorico,cambio_climatico_general,No especificado
1095,0.5,"Sitúa a la sabia como mujer, africana e indígena, pero no analiza cómo esos ejes co-construyen su posición.",1.0,"Colonización capitalista patriarcal, modelo agroalimentario capitalista y hegemonía epistémica que define quién enseña y qué es ciencia legítima.",0.5,"Contexto sur-epistémico africano y formación docente, sin país ni historia específicos.",0.5,Selección intencional de una poseedora de saber indígena; el análisis de contenido de portafolios docentes no opera intersecciones.,2.0,medium,,1.0,Busca 'intersectional solutions' mediante una intervención educativa y contribuye a la justicia epistémica dentro de la justicia social.,1.0,Se aparta del foco en poblaciones vulnerables: la mujer indígena enseña prácticas agrícolas y se reconoce su saber.,True,"Vincula 'patriarchal capitalist colonisation' con inequidad socioeconómica, de género y cultural; centra a una mujer africana poseedora de saber indígena.",0.5,"Crítica estructural, saber indígena y justicia epistémica se conectan, pero la posición interseccional no se analiza con el método.",empirico_cualitativo,cambio_climatico_general; mitigacion_transicion,Africa
1097,0.5,"Reporta menor resiliencia de mujeres, pobres y minorías étnicas como grupos separados, sin analizar posiciones combinadas.",0.0,Explica la resiliencia por capitales de medios de vida y normas culturales; no nombra estructuras de poder.,0.5,"Distrito de Nam Dong (Thua Thien Hue), comunidades de tierras altas kinh y co tu; sin historia ni política.",0.0,"Autoevaluaciones de 364 jefes de hogar comparadas por grupo étnico y de género en paralelo, sin interacciones.",1.0,medium,,0.5,"Recomienda políticas de resiliencia y alivio de la pobreza para grupos desfavorecidos, sin marco de justicia desarrollado.",0.0,Sujetos caracterizados por niveles de resiliencia más bajos; no documenta estrategias propias.,True,Perspectiva interseccional de etnicidad y género sobre la resiliencia: compara hogares kinh y co tu y grupos de género.,0.5,"Las disparidades por etnia y género se conectan con recomendaciones situadas, sin explicación estructural.",empirico_cuantitativo,cambio_climatico_general,Vietnam
1098,1.0,Migración y generación configuran conjuntamente una posición específica: barreras propias de jóvenes frente a sus padres y comunidades.,0.5,"Alude a capacidades desiguales ante las emisiones y a la crítica de la 'responsibilisation', sin teorizar estructuras de poder.",0.5,"Manchester, Melbourne y países de origen; reconoce culturas ambientales situadas, con contexto poco detallado.",1.0,Entrevistas padre/madre-hijo realizadas por jóvenes en familias migrantes: muestreo intencional en el cruce generación-migración.,2.0,medium,,0.5,Propone recalibrar la responsabilidad ambiental hacia un ambientalismo inclusivo; implicaciones de equidad poco desarrolladas.,1.0,Jóvenes como investigadores; documenta relatos de padres migrantes y repertorios de acción ambiental.,True,Analiza la responsabilidad ambiental 'at the intersections of cultural and generational difference' en familias migrantes.,0.5,"Intersección generacional-cultural, método diádico y contexto se articulan; el poder estructural queda poco integrado.",empirico_cualitativo,cambio_climatico_general,United Kingdom; Australia
1099,0.0,No aplica: gate no superado.,0.0,No aplica: gate no superado.,0.0,No aplica: gate no superado.,0.0,No aplica: gate no superado.,0.0,medium,,0.0,No aplica: gate no superado.,0.0,No aplica: gate no superado.,False,"Propone una 'intersectionality of urban identities', pero lo que superpone son factores geográficos y de planificación, no ejes sociales.",0.0,No aplica: gate no superado.,conceptual_teorico,desastres_multiples,India
1102,0.0,No aplica: gate no superado.,0.0,No aplica: gate no superado.,0.0,No aplica: gate no superado.,0.0,No aplica: gate no superado.,0.0,high,,0.0,No aplica: gate no superado.,0.0,No aplica: gate no superado.,False,"Atribuye una 'intersectional nature' al cambio climático, que golpea a quienes viven en precariedad; sin ejes sociales relacionados.",0.0,No aplica: gate no superado.,conceptual_teorico,cambio_climatico_general; sequia; incendio_forestal,Iraq; Lebanon
1103,0.0,No aplica: gate no superado.,0.0,No aplica: gate no superado.,0.0,No aplica: gate no superado.,0.0,No aplica: gate no superado.,0.0,medium,,0.0,No aplica: gate no superado.,0.0,No aplica: gate no superado.,False,"Usa un marco de análisis de políticas interseccional, pero solo aborda la juventud; no relaciona la edad con otros ejes.",0.0,No aplica: gate no superado.,revision,ciclon_huracan_tormenta; desastres_multiples,Fiji; Vanuatu; Tonga
1104,0.5,"Invoca posiciones sociales entrecruzadas, pero reporta por separado a bajos ingresos/origen del Sur Global y a mujeres.",1.0,"Vulnerabilidades estructurales con mecanismos explícitos: acceso desigual a afrontamiento, vivienda inadecuada, pobreza energética y espacios públicos poco inclusivos.",1.0,Red de refugios climáticos de Barcelona y barrio obrero expuesto de La Prosperitat; señala enfoques culturalmente inapropiados.,0.0,"Métodos mixtos con encuesta en un barrio obrero; resultados por grupo (ingresos, origen, género) en paralelo, sin interacciones.",2.0,medium,,1.0,Perspectiva de justicia climática interseccional; pide infraestructuras de refugio que atiendan necesidades sociales y climáticas entrecruzadas.,0.5,"Recoge experiencias vividas y mecanismos de afrontamiento, pero sobre todo como carencias.",True,"Vulnerabilidades ligadas a 'intersecting social positions': residentes de bajos ingresos, originarios del Sur Global y mujeres ante temperaturas extremas.",0.5,"Estructura, contexto y justicia se articulan; el método no opera las posiciones interseccionales que invoca.",empirico_mixto,calor_extremo,Spain
1106,0.0,No aplica: gate no superado.,0.0,No aplica: gate no superado.,0.0,No aplica: gate no superado.,0.0,No aplica: gate no superado.,0.0,medium,,0.0,No aplica: gate no superado.,0.0,No aplica: gate no superado.,False,Tipología de dimensiones de desigualdad listadas por separado; la interseccionalidad aparece solo como algo que el marco permitiría detectar.,0.0,No aplica: gate no superado.,conceptual_teorico,mitigacion_transicion,No especificado
1110,0.5,Mujeres y niños tratados como un grupo afectado conjunto; no analiza cómo género y edad se co-construyen.,1.0,"Violencia estructural y de género con vías explícitas: (in)movilidad generizada, explotación y trata ante amenazas, dependencia generizada.",1.0,"Hallazgos diferenciados por contexto: inmovilidad en Bangladesh, violencia sexual y trata en Fiyi, dependencia y sanación en Vanuatu.",0.5,Narrativas de mujeres y niños (revisión secundaria y trabajo de campo) con análisis de sistemas; sin codificación cruzada de ejes.,2.0,medium,,1.0,Propone recomendaciones de política y soluciones metodológicas y de servicios de salud ante pérdidas y daños no económicos.,0.5,"Incluye relatos de sanación narrados por mujeres, aunque predominan como víctimas de violencia y pérdida.",True,Relaciona género y edad en la violencia contra mujeres y niños dentro del nexo clima-violencia; alude a otros grupos 'intersectional and marginalised'.,0.5,"Violencia estructural, contexto y recomendaciones se conectan; el cruce género-edad no se analiza como posición específica.",empirico_cualitativo,cambio_climatico_general; desastres_multiples,Bangladesh; Fiji; Vanuatu
1112,1.0,La interacción de categorías sociales y las prácticas que generan configuran la posición del actor y su habitabilidad percibida.,0.5,"Advierte que la adaptación homogénea reproduce e incrementa desigualdades, sin nombrar ni teorizar estructuras de poder.",0.5,"Norte rural de Ghana; subraya posiciones situadas en espacio y tiempo, aunque el contexto histórico-político es escaso.",1.0,Estudio cualitativo de campo con análisis interseccional que vincula combinaciones de ejes con prácticas sociales.,2.5,medium,,1.0,Pide políticas de 'empowering change' que no reproduzcan desigualdades e incluir a los afectados al definir la habitabilidad.,1.0,Reconoce percepciones y prácticas propias de los actores como 'multiple claims of truth' sobre la habitabilidad.,True,"Muestra cómo 'the intersection of gender, age, socio-economic status, and household composition' produce experiencias diferenciadas de habitabilidad.",0.5,"Ejes, prácticas, contexto y política se articulan; el poder estructural apenas explica las posiciones.",empirico_cualitativo,cambio_climatico_general,Ghana
1114,0.5,"Afirma que los factores se entrecruzan, pero los enumera sin describir posiciones combinadas específicas.",1.0,"Teoría del Acceso: mecanismos relacionales de acceso, prácticas discriminatorias y conflictos étnico-religiosos que alienan a agricultores de recursos comunitarios.",1.0,"Kuka (Shendam, Plateau, Nigeria): 28 conflictos violentos desde 2001 en líneas étnicas y religiosas, cruzados con variabilidad climática.",0.5,Diseño mixto secuencial explicativo con 330 participantes; no describe interacciones ni muestreo por subgrupos interseccionales.,2.0,medium,,1.0,"Recomienda revisar mecanismos de acceso, que autoridades y líderes religiosos enfrenten prácticas discriminatorias y proyectos colectivos interreligiosos.",0.5,"Enmarca la diversificación como estrategia de adaptación, pero el foco está en el acceso diferenciado y la vulnerabilidad.",True,"Sexo, edad, género, capital social, estatus económico, religión y etnicidad 'intersect' para diferenciar el acceso a recursos de diversificación.",0.5,"Conflicto, acceso y ejes sociales se conectan en el contexto; la intersección no se operacionaliza con claridad.",empirico_mixto,cambio_climatico_general,Nigeria
1120,1.0,Clasificación cruzada de características sociales en grupos interseccionales interpretados como posiciones vulnerables o privilegiadas (regla 4).,0.5,Alude a 'power dynamics underlying an energy transition' sin teorizar estructuras ni mecanismos.,0.5,Bélgica con datos de la European Social Survey; contexto nacional apenas descrito.,1.0,"Análisis de segmentación que forma grupos por combinación de características sociales (clasificación cruzada, regla 4).",2.0,medium,,0.5,Señala grupos vulnerables y privilegiados en la transición verde sin desarrollar implicaciones de justicia.,0.0,Encuestados tratados como portadores de preferencias; no se documenta agencia ni resistencia.,True,"Situación 3: la segmentación agrupa a encuestados en 'intersectional, meaningful groups' según varias características sociales combinadas, aunque no las nombra.",0.5,"El método operacionaliza grupos interseccionales y los vincula con dinámicas de poder, pero sin explicar mecanismos ni contexto.",empirico_cuantitativo,mitigacion_transicion,Belgium
1121,0.5,Describe 'layers of marginalisation' y discriminación 'additional': lógica acumulativa más que co-constitutiva.,0.5,"Nombra discriminación, exclusión social y estigma que refuerzan la desigualdad, sin teorizar capacitismo ni heteronormatividad.",0.5,"Contexto amplio de países OCDE o de altos ingresos, sin situar hallazgos en historias o políticas específicas.",0.5,Revisión rápida de alcance centrada en la intersección discapacidad-género-sexualidad; no describe codificación interseccional.,1.0,medium,,0.5,"Propone incorporar necesidades específicas de grupos marginados a la RRD inclusiva, sin desarrollar una agenda de justicia.",0.0,Personas con discapacidad y de diversidad sexual representadas solo como afectadas desproporcionadamente.,True,"Examina la intersección de discapacidad con género, identidad de género y orientación sexual en la reducción del riesgo de desastres.",0.5,"Ejes, discriminación y RRD inclusiva se enlazan de forma general, sin análisis articulado.",revision,desastres_multiples,OECD countries
1125,0.0,No aplica: gate no superado.,0.0,No aplica: gate no superado.,0.0,No aplica: gate no superado.,0.0,No aplica: gate no superado.,0.0,low,,0.0,No aplica: gate no superado.,0.0,No aplica: gate no superado.,False,"'Increasingly intersectional' parece significar intersectorial; solo menciona 'vulnerable populations', sin relacionar ejes de diferenciación social.",0.0,No aplica: gate no superado.,conceptual_teorico,cambio_climatico_general,Global
1127,0.0,No aplica: gate no superado.,0.0,No aplica: gate no superado.,0.0,No aplica: gate no superado.,0.0,No aplica: gate no superado.,0.0,low,,0.0,No aplica: gate no superado.,0.0,No aplica: gate no superado.,False,"El título anuncia examinar la interseccionalidad, pero el resumen solo alude a 'vulnerable and marginalized populations' sin relacionar ejes.",0.0,No aplica: gate no superado.,revision,cambio_climatico_general,Global
1130,0.0,No aplica: gate no superado.,0.0,No aplica: gate no superado.,0.0,No aplica: gate no superado.,0.0,No aplica: gate no superado.,0.0,medium,,0.0,No aplica: gate no superado.,0.0,No aplica: gate no superado.,False,'Intersectional environmentalism' es una etiqueta; el resumen menciona antirracismo y estructuras sociales sin relacionar dos ejes de diferenciación.,0.0,No aplica: gate no superado.,empirico_cualitativo,cambio_climatico_general,United Kingdom
1132,0.5,"Suma factores de riesgo (aislamiento, salud mental, comorbilidades, movilidad) sin analizar cómo se co-constituyen con raza o clase.",1.0,"Geografías carcelarias, capitalismo racial y ecologías abolicionistas; dependencia institucional para un ambiente seguro como mecanismo de inequidad térmica.",0.5,"Contexto institucional de espacios carcelarios, sin geografía, historia ni política específicas.",0.0,Síntesis de literatura sin operacionalización empírica de intersecciones.,1.5,low,,1.0,"Promueve equidad y justicia ambiental, reducción de impactos térmicos y diálogo con ecologías abolicionistas.",0.0,Personas encarceladas presentadas como vulnerables y dependientes de factores externos.,True,"Condición carcelaria combinada con problemas de salud mental, comorbilidades y movilidad limitada agrava la vulnerabilidad térmica; enmarcado en capitalismo racial.",0.5,"El marco carcelario-estructural explica la vulnerabilidad combinada, pero sin contexto situado ni método.",revision,calor_extremo,No especificado
1134,0.5,"Sugiere una doble minorización (latinx entre musulmanes, musulmanes en EE. UU.), sin analizar su co-construcción en el abstract.",0.5,"Nombra minorización y marginación, sin teorizar las estructuras ni sus mecanismos.",1.0,Trayectoria situada: Alianza Islámica en El Barrio desde 1987 y labor de imanes en La Perla tras el huracán María.,0.5,"Se centra en un grupo interseccional específico, pero el abstract no describe el método.",2.0,low,,0.5,"Vincula el análisis con activismo por el empoderamiento y contra la minorización, sin propuestas desarrolladas.",1.0,Muestra cómo transforman la vulnerabilidad de la marginación en resiliencia y resistencia mediante activismo filantrópico.,True,"Musulmanes puertorriqueños, primera comunidad musulmana latinx, enfrentan minorización 'in American society and the ummah': etnicidad y religión relacionadas.",0.5,"Agencia, contexto y doble minorización se conectan; estructura y método quedan poco desarrollados.",empirico_cualitativo,ciclon_huracan_tormenta,United States; Puerto Rico
1136,1.0,Interpreta una posición combinada: mujeres pobres de hogares pa cô muestran la resiliencia más frágil frente a otros segmentos.,0.5,"Nombra normas sociales patriarcales y acceso desigual a recursos (tenencia de tierra), mezclados con factores psicológicos, sin marco teórico crítico.",0.5,"Tierras altas de Thua Thien Hue, 188 hogares de minorías tà ôi y pa cô; sin historia ni política.",1.0,"Clasificación cruzada de puntuaciones LSR por género, pobreza y etnia, interpretada como posiciones combinadas.",2.0,high,,1.0,Pide intervenciones para ampliar roles y derechos de grupos marginados y acceso equitativo a la tierra; prioriza pobreza y desigualdad.,0.0,Los hogares aparecen por su resiliencia frágil; no documenta estrategias ni saberes propios.,True,"Analiza la 'intersectionality' de género, estatus social y etnicidad en la resiliencia de hogares tà ôi y pa cô.",0.5,"La posición combinada se vincula con normas patriarcales y recursos, pero la explicación estructural es una lista de factores.",empirico_cuantitativo,cambio_climatico_general,Vietnam
1137,0.0,No aplica: gate no superado.,0.0,No aplica: gate no superado.,0.0,No aplica: gate no superado.,0.0,No aplica: gate no superado.,0.0,high,,0.0,No aplica: gate no superado.,0.0,No aplica: gate no superado.,False,"Revisión sobre herramientas digitales para ciudades climáticamente neutras; la interseccionalidad solo figura en keywords, sin ejes sociales en el resumen.",0.0,No aplica: gate no superado.,revision,mitigacion_transicion,Europe
1140,0.0,No aplica: gate no superado.,0.0,No aplica: gate no superado.,0.0,No aplica: gate no superado.,0.0,No aplica: gate no superado.,0.0,medium,,0.0,No aplica: gate no superado.,0.0,No aplica: gate no superado.,False,"Alude a experiencias vividas y trasfondos distintos, pero no nombra ni relaciona ejes; 'Intersectionalities' solo aparece en keywords.",0.0,No aplica: gate no superado.,conceptual_teorico,desastres_multiples,No especificado
1142,0.5,"Teoriza opresiones superpuestas en general, sin analizar cómo se co-construyen ejes concretos.",0.5,"Nombra opresiones y privilegios e incorpora teoría crítica, sin detallar mecanismos estructurales.",0.0,Revisión de la literatura de gestión de crisis sin anclaje histórico ni geográfico.,0.0,Revisión conceptual sin operacionalización empírica de intersecciones.,1.0,medium,,0.5,"Recomienda planificar la resiliencia con enfoque interseccional, orientado a eficacia y seguridad humana más que a justicia.",0.0,No se aborda la agencia ni las estrategias de las comunidades.,True,Situación 3: define la interseccionalidad como análisis de 'overlapping and compounding oppressions and/or privileges' de individuos y grupos.,0.5,"Hilo coherente entre concepto, seguridad humana y planificación, pero sin contexto ni análisis aplicado.",revision,desastres_multiples,No especificado
1145,1.0,"Trata raza y género como jerarquías co-constituidas por la lógica colonial moderna, visibles en dicotomías de los documentos.",1.0,"Agnotología: estrategias de negación, descarte, desvío y desplazamiento producen ignorancia sobre jerarquías; crítica decolonial feminista explícita.",1.0,"Políticas de adaptación de Suecia y literatura europea, leídas desde las historias coloniales que produjeron la sociedad actual.",0.5,Análisis de documentos de política con herramientas agnotológicas; no describe codificación interseccional explícita.,3.0,medium,,1.0,Busca aperturas en los documentos para una intervención feminista decolonial transformadora de la política climática.,0.0,Analiza documentos de política; no representa sujetos ni su agencia.,True,Articula raza y género en la 'hierarchical logic of race and gender' colonial-moderna que subyace a las políticas de adaptación.,1.0,El marco decolonial feminista explica la producción de ignorancia sobre jerarquías de raza y género en el contexto sueco.,empirico_cualitativo,cambio_climatico_general,Sweden
1146,1.0,"Interpreta una posición combinada (hogares pobres periurbanos, los más susceptibles); el género se compara por separado.",0.5,"Menciona el menor poder de decisión de las mujeres y la desigualdad, junto a factores del hogar; sin teorizar estructuras.",0.5,"Hue, 36 comunas o barrios y áreas periurbanas recién incorporadas; sin historia ni política detalladas.",1.0,Índice LVI-IPCC y regresión con clasificación cruzada de estatus económico y ubicación interpretada como posición combinada.,2.0,medium,,0.5,"Recomienda invertir en zonas periurbanas, abordar pobreza y desigualdad y enfoques sensibles al género, sin marco de justicia.",0.0,Mujeres descritas como menos adaptables; no documenta estrategias ni agencia.,True,"Análisis interseccional que considera género, ubicación geográfica y estatus económico en la vulnerabilidad de 1080 hogares de Hue.",0.5,La posición pobre-periurbana se conecta con recomendaciones situadas; el género y la estructura quedan poco integrados.,empirico_cuantitativo,cambio_climatico_general,Vietnam
1147,0.0,No aplica: gate no superado.,0.0,No aplica: gate no superado.,0.0,No aplica: gate no superado.,0.0,No aplica: gate no superado.,0.0,medium,,0.0,No aplica: gate no superado.,0.0,No aplica: gate no superado.,False,"Habla de 'multiple socioeconomic or environmental disadvantages' de áreas y grupos vulnerables, sin relacionar ejes de diferenciación social.",0.0,No aplica: gate no superado.,revision,cambio_climatico_general,Global
1149,1.0,Rechaza analizar por separado a mujeres y migrantes; identifica vías de vulnerabilidad propias de la posición de mujer migrante.,0.5,"Nombra estatus legal, pobreza, desigualdad de género y determinantes sociales que marginan sistemáticamente, sin teorizar estructuras.",0.0,Hallazgos agregados de estudios sobre COVID-19 sin situar contextos geográficos ni históricos.,0.5,Revisión de alcance centrada en un subgrupo interseccional con agrupación inductiva de factores; sin análisis de interacciones.,1.0,low,,0.5,"Llama a abordar determinantes sociales y la equidad sanitaria tras la pandemia, sin desarrollar propuestas.",0.0,La 'limited agency' figura como factor de vulnerabilidad; las mujeres migrantes aparecen como afectadas.,True,Se centra en mujeres migrantes frente a la evidencia que analiza 'their vulnerability separately': género y migración como posición conjunta.,0.5,"Factores y vías se articulan para la posición de mujer migrante, sin contexto ni poder estructural desarrollados.",revision,desastres_multiples,No especificado
1155,0.5,"Enmarca desigualdades interseccionales de género, clase y legado racial, pero el análisis se centra en desventajas de las mujeres.",1.0,"Legado colonial y del apartheid con mecanismos explícitos: exclusión, sin acceso a financiación, tenencia insegura, poco poder de negociación y agua desigual.",1.0,"Provincia del Cabo Oriental, Sudáfrica, con anclaje en la historia colonial y del apartheid que persiste en el presente.",0.5,Etnografía y entrevistas con agricultoras de un movimiento; subgrupo interseccional sin análisis cruzado explícito.,2.5,medium,,1.0,Contrasta el aprendizaje social del movimiento con la extensión vertical y lo presenta como respuesta a desafíos interseccionales.,1.0,"Mujeres agricultoras lideran el movimiento, prueban y desarrollan prácticas y co-construyen conocimiento.",True,Mujeres y campesinas de pequeña escala enfrentan 'historical intersectional inequalities' derivadas del pasado colonial y del apartheid.,0.5,"Historia estructural, contexto y agencia se articulan; la intersección se enuncia más que se analiza.",empirico_cualitativo,cambio_climatico_general,South Africa
1161,0.0,No aplica: gate no superado.,0.0,No aplica: gate no superado.,0.0,No aplica: gate no superado.,0.0,No aplica: gate no superado.,0.0,medium,,0.0,No aplica: gate no superado.,0.0,No aplica: gate no superado.,False,Un solo eje (juventud); 'intersectional aspects of environmental socialisation' es etiqueta sin relacionar la edad con otras categorías.,0.0,No aplica: gate no superado.,empirico_cualitativo,cambio_climatico_general,Turkey
1162,0.0,No aplica: gate no superado.,0.0,No aplica: gate no superado.,0.0,No aplica: gate no superado.,0.0,No aplica: gate no superado.,0.0,medium,,0.0,No aplica: gate no superado.,0.0,No aplica: gate no superado.,False,'Commoning intersectional relations of care and solidarity' es etiqueta; no nombra ni relaciona ejes de diferenciación social.,0.0,No aplica: gate no superado.,empirico_cualitativo,mitigacion_transicion,Czech Republic
1163,0.5,"Enumera facetas de identidad (finanzas, tenencia, edad, género) que se cruzan con valores, sin analizar cómo se co-construyen entre sí.",0.5,"Alude a causas de fondo de la vulnerabilidad y a procesos de cambio agrario, sin teorizar estructuras de poder ni mecanismos.",1.0,Análisis contextual en Te Waipounamu con procesos agrarios históricos; pide un compromiso más contextualizado con las comunidades agrícolas.,0.5,Compara grupos e identidades de agricultores de forma descriptiva; el abstract no detalla un diseño que opere las intersecciones.,2.0,medium,,0.5,"Plantea una adaptación equitativa y transformadora y pide mayor compromiso contextual, sin desarrollar una agenda de justicia.",1.0,"Centra saberes locales, experiencia situada y decisiones de adaptación de los agricultores como agentes.",True,"Relaciona capacidad financiera, tenencia de tierra, edad y participación de género como facetas de identidad que se intersectan para habilitar o restringir la adaptación.",0.5,"Identidades, contexto y agencia se conectan en las trayectorias adaptativas, pero el poder estructural queda poco articulado.",empirico_cualitativo,cambio_climatico_general; inundacion; sequia,New Zealand
1164,0.0,No aplica: gate no superado.,0.0,No aplica: gate no superado.,0.0,No aplica: gate no superado.,0.0,No aplica: gate no superado.,0.0,low,,0.0,No aplica: gate no superado.,0.0,No aplica: gate no superado.,False,"Identidades viales (conductor, ciclista, peatón) no son ejes de diferenciación social; 'other forms of intersectional discrimination' queda sin especificar.",0.0,No aplica: gate no superado.,empirico_cualitativo,mitigacion_transicion,No especificado
1166,0.0,No aplica: gate no superado.,0.0,No aplica: gate no superado.,0.0,No aplica: gate no superado.,0.0,No aplica: gate no superado.,0.0,medium,,0.0,No aplica: gate no superado.,0.0,No aplica: gate no superado.,False,"'Intersectional feminist' rotula el pódcast; el resumen no relaciona ejes, y 'girls' solo aparece en keywords.",0.0,No aplica: gate no superado.,empirico_cualitativo,cambio_climatico_general,No especificado
1169,0.0,No aplica: gate no superado.,0.0,No aplica: gate no superado.,0.0,No aplica: gate no superado.,0.0,No aplica: gate no superado.,0.0,medium,,0.0,No aplica: gate no superado.,0.0,No aplica: gate no superado.,False,"Enumera raza, clase, género, sexualidad, etnia y neurodivergencia al reclamar un enfoque interseccional, pero no articula su relación; el foco es pedagógico.",0.0,No aplica: gate no superado.,conceptual_teorico,cambio_climatico_general,No especificado
1171,1.0,Plantea imbricaciones inextricables: la extracción que explotó el ambiente racializó y mecanizó cuerpos; alude a política racial generizada y feminismo negro.,1.0,Mecanismos explícitos: los mismos mecanismos extractivos produjeron racismo; centra el capitalismo colonial y el capitalismo racial.,1.0,Situado en historias sudafricanas de minería y trabajo migrante; contrasta cosmologías precoloniales con los marcos dominantes de justicia climática.,0.0,"Entrevista de carácter conceptual, sin diseño empírico que operacionalice las intersecciones.",3.5,medium,,1.0,Presenta la praxis artística feminista negra como activismo climático y propone pasar de la justicia climática a la ecológica.,1.0,Reconoce la poesía como praxis de resistencia y los saberes cosmológicos negros e indígenas (Black eco) como conocimiento propio.,True,"Vincula raza, género y trabajo migrante minero mediante la construcción colonial de la raza y una política racial generizada.",1.0,"El capitalismo racial colonial explica la extracción conjunta de cuerpos y ambiente en su contexto sudafricano, conectado con la praxis.",conceptual_teorico,cambio_climatico_general,South Africa
1172,0.5,La intersección con otras desigualdades se enuncia como contexto; el análisis se centra en la identidad musulmana.,1.0,Islamofobia y otrerización; invisibilización e instrumentalización por actores estatales y ONG ambientales 'mainstream' como mecanismos explícitos.,0.5,"Reino Unido, musulmanes como segundo grupo religioso; contexto nacional breve, sin reflexión sobre no-universalidad.",0.0,"21 entrevistas a personas musulmanas; muestreo de un solo eje, sin subgrupos interseccionales.",2.0,low,,1.0,Busca 'redress the invisibilization' y plantea preguntas críticas para la política climática y sus intermediarios.,1.0,"Intermedian eficazmente en espacios de fe compartida e interreligiosos, eligiendo canales propios.",True,Situación 3: los musulmanes enfrentan islamofobia 'alongside multiple other intersecting inequalities'; un eje religioso cruzado con otros no nombrados.,0.5,"El poder estructural explica la experiencia de intermediación, pero la dimensión interseccional no se integra al análisis.",empirico_cualitativo,cambio_climatico_general,United Kingdom
1174,0.0,No aplica: gate no superado.,0.0,No aplica: gate no superado.,0.0,No aplica: gate no superado.,0.0,No aplica: gate no superado.,0.0,low,,0.0,No aplica: gate no superado.,0.0,No aplica: gate no superado.,False,"Lista actores entrevistados (sindicalistas, defensores indígenas y comunitarios) y habla de movimientos interseccionales, sin relacionar ejes de diferenciación social.",0.0,No aplica: gate no superado.,empirico_cualitativo,mitigacion_transicion,United States
1176,0.0,No aplica: gate no superado.,0.0,No aplica: gate no superado.,0.0,No aplica: gate no superado.,0.0,No aplica: gate no superado.,0.0,medium,,0.0,No aplica: gate no superado.,0.0,No aplica: gate no superado.,False,"Revisión centrada en género; los enfoques interseccionales se describen en la literatura y se piden como agenda futura, sin relacionar ejes.",0.0,No aplica: gate no superado.,revision,cambio_climatico_general,Burkina Faso; Chad; Eritrea; Ethiopia; Kenya; Mali; Mauritania; Niger; Nigeria; Sudan; South Sudan; Somalia; Uganda
1177,0.5,"Cruza género e ingreso del hogar en los emprendimientos femeninos, pero sin analizar cómo los ejes se co-constituyen.",0.5,"Nombra acceso desigual a financiamiento, normas culturales y economía política de baja inversión estatal, sin teorizar mecanismos de poder.",0.5,"Dos comunidades de Uganda y Kenia en la cuenca del lago Victoria, con contexto político-económico nacional apenas esbozado.",0.5,Combina análisis económico de hogares con exploración cualitativa interseccional; desagrega por género sin analizar interacciones explícitas.,2.0,medium,,0.5,"Orientado a mejores políticas e intervenciones de adaptación, sin desarrollar una perspectiva explícita de justicia.",1.0,Documenta respuestas empresariales de las mujeres que transforman los roles de género ante la caída del ingreso.,True,"Relaciona género y posición económica del hogar: respuestas empresariales de mujeres ante menor ingreso, con acceso desigual a financiamiento.",0.5,"Vincula datos cuantitativos y cualitativos sobre género y economía del hogar, pero el poder estructural y el contexto quedan poco articulados.",empirico_mixto,cambio_climatico_general,Uganda; Kenya
1178,0.5,"Trata a minorías sexuales y de género y alude a factores interseccionales, sin analizar cómo los ejes se co-construyen.",1.0,"Vulnerabilidad producida por marginación, discriminación, estigma y marcos heteronormativos occidentales en la gestión del riesgo.",0.5,"Revisión general del campo; reconoce el sesgo de los marcos occidentales, pero sin contexto histórico o geográfico específico.",0.0,Revisión sin diseño empírico propio; solo reclama mayor foco metodológico en diversidad e interseccionalidad.,2.0,medium,,1.0,Propone producción de conocimiento inclusiva y evidencia para incidir en políticas y gestión de desastres.,0.5,"Menciona capacidades pasadas por alto y pide involucrar a personas LGBTQIA+ en la investigación, sin documentar estrategias.",True,Articula género y sexualidad mediante supuestos cis-heteronormativos y pide atender factores interseccionales y evitar etiquetas identitarias homogeneizantes.,0.5,"La heteronormatividad estructural explica la marginación y orienta propuestas inclusivas, pero identidades y contexto quedan poco desarrollados.",revision,desastres_multiples,Global
1179,0.5,"Enuncia la intersección de raza y clase con el ambiente, sin detallar cómo ambos ejes se co-construyen.",0.5,"Alude al trabajo esclavizado y a imaginarios dominantes que excluyen a afroamericanos, sin teorizar mecanismos estructurales.",1.0,Trayectoria histórica desde el siglo XVIII hasta Katrina en el paisaje del Delta; señala que los imaginarios no reflejan todas las experiencias.,0.0,Historia narrativa sin diseño que opere intersecciones; no describe un método analítico.,1.5,medium,,0.5,"Recupera una historia omitida y se dirige a estudios de justicia ambiental, sin desarrollar propuestas transformadoras.",0.5,"Narrativas de refugio y migración sugieren agencia afroamericana, mencionada de forma marginal.",True,"Explora la historia del río a través de la intersección de raza y clase, incluyendo trabajo libre y esclavizado.",0.5,"Raza, clase y contexto histórico se reúnen en la narrativa, pero sin articulación analítica explícita con el poder.",empirico_cualitativo,inundacion; ciclon_huracan_tormenta,United States
1181,1.0,"Trata raza, género-sexualidad y clase como estructuras de opresión entrelazadas que producen poblaciones prescindibles, no como factores aditivos.",1.0,"Mecanismos explícitos: segregación, desplazamiento, criminalización e infraestructuras climáticas inequitativas, enraizados en colonización y capitalismo racial.",0.5,"Remite a legados históricos del apartheid y la segregación estatal, sin situar el análisis en un lugar específico.",0.0,Trabajo conceptual sin operacionalización empírica de las intersecciones.,2.0,high,,1.0,Ofrece marcos e intervenciones para una justicia climática que vuelva indispensable toda vida.,0.0,"Las poblaciones aparecen dañadas, excluidas y criminalizadas; no se mencionan agencia ni resistencia.",True,"Articula colonización, capitalismo racial y heteropatriarcado como estructuras entrelazadas que vuelven prescindibles a ciertas poblaciones.",0.5,"Las estructuras entrelazadas explican la segregación climática y orientan la propuesta de justicia, pero sin contexto situado ni agencia.",conceptual_teorico,cambio_climatico_general,Global
1184,0.0,No aplica: gate no superado.,0.0,No aplica: gate no superado.,0.0,No aplica: gate no superado.,0.0,No aplica: gate no superado.,0.0,medium,,0.0,No aplica: gate no superado.,0.0,No aplica: gate no superado.,False,Adopta una 'posthumanist intersectionality-perspective' como rótulo; el análisis de política no nombra ni relaciona ejes de diferenciación social.,0.0,No aplica: gate no superado.,empirico_cualitativo,mitigacion_transicion,Sweden
1186,0.0,No aplica: gate no superado.,0.0,No aplica: gate no superado.,0.0,No aplica: gate no superado.,0.0,No aplica: gate no superado.,0.0,medium,,0.0,No aplica: gate no superado.,0.0,No aplica: gate no superado.,False,'Intersectional justice approach' cruza tipologías de éxito con dimensiones de justicia; clase y generación aparecen como métricas separadas.,0.0,No aplica: gate no superado.,revision,cambio_climatico_general; desastres_multiples,Global
1187,0.5,"Afirma la interacción de edad, estado civil y educación junto a relaciones de género, sin mostrar posiciones combinadas específicas.",0.5,"Nombra desigualdades estructurales y relacionales y relaciones de género en el hogar, sin teorizar mecanismos de poder.",0.5,"Situado en hogares de pequeños agricultores del noroeste de Ghana, con contexto poco desarrollado en el abstract.",0.5,"Entrevistas, grupos focales y análisis de redes con marco interseccional; no detalla muestreo ni codificación cruzada por subgrupos.",1.5,medium,,0.5,"Advierte que adaptar sin atender desigualdades estructurales y relacionales puede profundizarlas, sin desarrollar propuestas.",0.5,Las redes sociales aparecen como recurso de apoyo para reducir el riesgo climático; la agencia se menciona de forma indirecta.,True,"Relaciona relaciones de género con la interacción de edad, estado civil y nivel educativo en el acceso a redes para adaptarse.",0.5,"Género y otros ejes se conectan con el acceso a redes y la capacidad adaptativa, con integración parcial del poder y el contexto.",empirico_mixto,cambio_climatico_general,Ghana
1189,0.0,No aplica: gate no superado.,0.0,No aplica: gate no superado.,0.0,No aplica: gate no superado.,0.0,No aplica: gate no superado.,0.0,medium,,0.0,No aplica: gate no superado.,0.0,No aplica: gate no superado.,False,Solo alude a desplazamiento desigual entre poblaciones e inequidades distributivas; la interseccionalidad figura en keywords sin ejes relacionados.,0.0,No aplica: gate no superado.,revision,cambio_climatico_general; incendio_forestal,Australia
1190,0.0,No aplica: gate no superado.,0.0,No aplica: gate no superado.,0.0,No aplica: gate no superado.,0.0,No aplica: gate no superado.,0.0,low,,0.0,No aplica: gate no superado.,0.0,No aplica: gate no superado.,False,"'Critical, intersectional co-benefit delivery' es ambiguo (posiblemente intersectorial); solo menciona grupos vulnerables y desigualdades multiescalares.",0.0,No aplica: gate no superado.,empirico_cualitativo,mitigacion_transicion,Fiji; Indonesia
1193,0.0,No aplica: gate no superado.,0.0,No aplica: gate no superado.,0.0,No aplica: gate no superado.,0.0,No aplica: gate no superado.,0.0,medium,,0.0,No aplica: gate no superado.,0.0,No aplica: gate no superado.,False,"Critica que los índices no captan 'the intersectional nature of environmental justice concerns', sin nombrar ni relacionar ejes sociales.",0.0,No aplica: gate no superado.,conceptual_teorico,cambio_climatico_general; calor_extremo; inundacion,United States
1195,0.5,"Afirma el cruce del género con otros sistemas de poder, pero el foco es el análisis de género.",0.5,"Nombra estructuras y relaciones de poder y causas subyacentes de la vulnerabilidad, sin detallar mecanismos.",0.5,"Invoca la vulnerabilidad contextual y diferencial, sin situar los ejemplos en lugares o historias concretas.",0.0,Ensayo conceptual sin operacionalización empírica.,1.0,medium,,0.5,Visibiliza causas de la desigualdad climática; implicaciones de justicia apenas esbozadas.,0.5,"Menciona 'the agency of marginalised actors to propose alternatives', sin describir estrategias.",True,Situación 3: 'gender is a key axis of social inequality that intersects with other systems of power and marginalization'.,0.5,"Vincula interseccionalidad, poder y vulnerabilidad en un argumento coherente pero esquemático.",conceptual_teorico,cambio_climatico_general,Global
1196,0.0,No aplica: gate no superado.,0.0,No aplica: gate no superado.,0.0,No aplica: gate no superado.,0.0,No aplica: gate no superado.,0.0,medium,,0.0,No aplica: gate no superado.,0.0,No aplica: gate no superado.,False,"Pide atender 'the intersectionality of populations most at risk' como imperativo, sin nombrar ni relacionar ejes de diferenciación.",0.0,No aplica: gate no superado.,conceptual_teorico,cambio_climatico_general; desastres_multiples,No especificado
1197,0.0,No aplica: gate no superado.,0.0,No aplica: gate no superado.,0.0,No aplica: gate no superado.,0.0,No aplica: gate no superado.,0.0,medium,,0.0,No aplica: gate no superado.,0.0,No aplica: gate no superado.,False,Enfoque centrado en el género como variable; pobreza o desempleo se listan como esferas de vulnerabilidad femenina y la interseccionalidad solo se recomienda.,0.0,No aplica: gate no superado.,revision,cambio_climatico_general; desastres_multiples,Global
1198,0.0,No aplica: gate no superado.,0.0,No aplica: gate no superado.,0.0,No aplica: gate no superado.,0.0,No aplica: gate no superado.,0.0,low,,0.0,No aplica: gate no superado.,0.0,No aplica: gate no superado.,False,"Los 'multiple intersecting factors' son determinantes (circunstancias, condiciones materiales, salud, contexto), no categorías de diferenciación social relacionadas.",0.0,No aplica: gate no superado.,revision,cambio_climatico_general; desastres_multiples,Global
1199,0.5,"Nombra la intersección edad-cultura y la ilustra con presión académica e intervención parental, pero la cultura opera más como contexto que como posición.",0.0,"Explica las barreras por rasgos culturales (obsesión académica, poca conciencia del derecho a huelga), sin teorizar estructuras de poder.",1.0,"Contrasta los discursos globales de justicia generacional con la experiencia situada en Taiwán y Asia oriental, reconociendo su especificidad.",0.5,Estudio empírico de jóvenes activistas taiwaneses; el abstract no describe un diseño que opere comparaciones o interacciones.,2.0,medium,,0.5,"Refiere la justicia generacional y las barreras al activismo, sin desarrollar propuestas transformadoras.",1.0,Destaca las estrategias que emplean los jóvenes activistas para reducir las barreras.,True,Articula explícitamente la interseccionalidad de edad y cultura como fuente de barreras para el activismo climático juvenil en Taiwán.,0.5,"La intersección edad-cultura se conecta con el contexto taiwanés y las estrategias juveniles, pero sin análisis de poder estructural.",empirico_cualitativo,cambio_climatico_general,Taiwan
1200,0.5,"Afirma la inseparabilidad de raza, género, colonialidad y discapacidad, pero como premisa pedagógica, sin analizar posiciones co-construidas.",0.5,"Nombra colonialismo, supremacía blanca, patriarcado y normatividades corporales, sin detallar mecanismos en el abstract.",0.5,"Sitúa el aula como sitio del cambio climático, atravesada por cuerpos e historias diversas, sin contexto geográfico o histórico específico.",0.0,Reflexión pedagógica sin diseño empírico que operacionalice intersecciones.,1.5,medium,,1.0,Propone pedagogías responsables y rendidoras de cuentas y feminismos transformadores dentro y fuera del aula.,0.5,"La pedagogía aprende de perspectivas anticoloniales, queer y crip, reconociendo saberes marginados de forma general.",True,"Presenta el cambio climático como inseparable del colonialismo, la supremacía blanca, el poder patriarcal y las normatividades corporales violentas.",0.5,"La crítica estructural feminista se conecta con la práctica docente del compostaje, pero identidades y contexto quedan poco desarrollados.",conceptual_teorico,cambio_climatico_general,No especificado
1202,0.0,No aplica: gate no superado.,0.0,No aplica: gate no superado.,0.0,No aplica: gate no superado.,0.0,No aplica: gate no superado.,0.0,medium,,0.0,No aplica: gate no superado.,0.0,No aplica: gate no superado.,False,Eje único (discapacidad/capacitismo); la 'intersectional investment' aparece como vacío del campo de la comunicación ambiental.,0.0,No aplica: gate no superado.,revision,cambio_climatico_general,Global
1203,0.0,No aplica: gate no superado.,0.0,No aplica: gate no superado.,0.0,No aplica: gate no superado.,0.0,No aplica: gate no superado.,0.0,medium,,0.0,No aplica: gate no superado.,0.0,No aplica: gate no superado.,False,"Propone mayor diálogo con 'intersectional and international feminist scholarship' como agenda, sin nombrar ni relacionar ejes sociales.",0.0,No aplica: gate no superado.,conceptual_teorico,cambio_climatico_general,Global
1209,1.0,Muestra que mujeres maoríes de la misma comunidad viven el cambio climático de modos radicalmente distintos según sus posiciones de sujeto.,0.5,"Identifica dinámicas de poder mediadas por la subjetividad en hogares y comunidades, sin nombrar estructuras como colonialismo o patriarcado.",1.0,"Situado en Aotearoa con whānau, hapū e iwi; subraya la heterogeneidad interna frente a visiones homogéneas de lo indígena.",1.0,Etnografía con mujeres maoríes y marco interseccional que compara posiciones de sujeto dentro del grupo.,3.5,medium,,1.0,Propone una adaptación más inclusiva y estrategias de reducción de vulnerabilidad ajustadas a las diferencias internas.,1.0,Documenta cómo las mujeres y sus whānau afrontan los efectos del cambio climático en la salud y se adaptan a ellos.,True,Estudia mujeres indígenas maoríes (género e indigeneidad) y cómo sus posiciones de sujeto diferencian vulnerabilidad y adaptación dentro del mismo grupo.,1.0,"Las dinámicas de poder mediadas por la subjetividad explican vulnerabilidades diferenciadas, analizadas etnográficamente en su contexto y ligadas a política.",empirico_cualitativo,cambio_climatico_general,New Zealand
1210,0.0,No aplica: gate no superado.,0.0,No aplica: gate no superado.,0.0,No aplica: gate no superado.,0.0,No aplica: gate no superado.,0.0,high,,0.0,No aplica: gate no superado.,0.0,No aplica: gate no superado.,False,Las vulnerabilidades interseccionales solo aparecen como invitación a investigación futura; el análisis trata a la comunidad pesquera como un todo.,0.0,No aplica: gate no superado.,empirico_cualitativo,cambio_climatico_general; nivel_mar_costas,Ghana
1212,0.0,No aplica: gate no superado.,0.0,No aplica: gate no superado.,0.0,No aplica: gate no superado.,0.0,No aplica: gate no superado.,0.0,low,,0.0,No aplica: gate no superado.,0.0,No aplica: gate no superado.,False,Libro colectivo que 'engage[s] with aspects of intersectionality in activism' sin nombrar ni relacionar ejes de diferenciación social.,0.0,No aplica: gate no superado.,empirico_cualitativo,cambio_climatico_general,East Central Europe; Americas; Mediterranean
1213,0.0,No aplica: gate no superado.,0.0,No aplica: gate no superado.,0.0,No aplica: gate no superado.,0.0,No aplica: gate no superado.,0.0,high,,0.0,No aplica: gate no superado.,0.0,No aplica: gate no superado.,False,"La interseccionalidad se menciona solo como necesidad de investigación futura, junto a la interdisciplinariedad; no hay ejes sociales.",0.0,No aplica: gate no superado.,revision,cambio_climatico_general,Global
1215,0.5,"Incluye juventud indígena y no indígena y pide comprensiones interseccionales, sin analizar cómo edad, raza e indigeneidad se co-construyen.",0.5,"Marco anticolonial y de teoría crítica de la raza; los jóvenes reclaman análisis estructural de las condiciones, sin detallar mecanismos.",0.5,"Situado en el norte de Columbia Británica, con contexto poco desarrollado en el abstract.",0.5,Fotovoz con jóvenes indígenas y no indígenas; no se describe un análisis que opere intersecciones entre subgrupos.,2.0,low,,1.0,Explícitamente orientado a entornos justos y a desafiar a la salud ambiental a adoptar perspectivas estructurales.,1.0,Mensajes basados en fortalezas que presentan a los jóvenes como actores poderosos.,True,"Trabaja con jóvenes indígenas y no indígenas desde marcos anticolonial y de teoría crítica de la raza, y reclama comprensiones interseccionales.",0.5,"La crítica estructural y la agencia juvenil se conectan, pero la interacción entre ejes identitarios queda sin analizar.",empirico_cualitativo,cambio_climatico_general,Canada
1216,0.5,"La población combina edad y raza, pero la lente interseccional se aplica a la enseñanza sin analizar cómo se co-construyen los ejes.",0.5,"Alude a poblaciones desproporcionadamente afectadas y con menos recursos y a la justicia ambiental, sin teorizar estructuras.",0.5,"Programa Earth Tomorrow en el área metropolitana de Atlanta, con contexto local descrito de forma general.",0.0,Descripción programática sin diseño empírico que opere intersecciones.,1.5,medium,,1.0,Educación climática explícitamente orientada a la equidad y la justicia ambiental para proteger a poblaciones afectadas.,0.5,"Reconoce en general que los jóvenes ejercen su agencia ante la crisis climática, sin documentar estrategias concretas.",True,Se dirige a jóvenes de color en áreas urbanas (edad y raza) y enseña el clima con una lente interseccional de justicia y equidad.,0.5,"Población, contexto y orientación a la justicia se conectan en el programa, pero sin análisis de poder ni de identidades.",conceptual_teorico,cambio_climatico_general,United States
1218,0.0,No aplica: gate no superado.,0.0,No aplica: gate no superado.,0.0,No aplica: gate no superado.,0.0,No aplica: gate no superado.,0.0,medium,,0.0,No aplica: gate no superado.,0.0,No aplica: gate no superado.,False,"Declara una ontología que 'foregrounds relationality, intersectionality and situated knowledge', pero no relaciona ejes; solo 'Gender and disaster' en keywords.",0.0,No aplica: gate no superado.,empirico_cualitativo,desastres_multiples,India; Indonesia; Nepal; Chile; Andean region
1219,0.5,"Reconoce identidades marginadas que se cruzan, sin nombrarlas ni analizar su co-construcción.",0.5,"Nombra identidades históricamente privadas de derechos y preocupaciones feministas sobre poder, sin mecanismos.",0.0,Convocatoria de taller en HCI sin contexto geográfico ni histórico.,0.0,Propuesta de taller; no hay diseño empírico.,0.5,low,,0.5,"Prioriza el bienestar de personas con identidades HDSM; orientación transformadora enunciada, no desarrollada.",0.5,"Presenta voces feministas 'as agents of change', sin documentar estrategias.",True,"Situación 3: alude a 'people with intersecting HDSM identities' que sufren más las crisis ecológicas, con orientación feminista interseccional.",0.0,"Elementos enunciados en una convocatoria, sin análisis que los articule.",otro,cambio_climatico_general,Global
1221,1.0,"Interpreta subgrupos combinados, como mujeres jóvenes o con mayor educación, como posiciones que moldean la percepción del riesgo.",0.0,No teoriza estructuras de poder; las diferencias de género se describen como percepciones individuales.,0.5,"Encuesta en cinco países de la UE con conclusiones generales para la población europea, sin análisis contextual.",1.0,Análisis interseccional cuantitativo con clasificación cruzada de género por edad y por nivel educativo.,2.0,medium,,0.5,"Sugiere políticas de reducción del riesgo participativas dirigidas a grupos específicos con perspectiva de género, sin marco de justicia.",0.5,"Mide autoeficacia y actitudes hacia la preparación y recomienda procesos participativos desde abajo, con agencia apenas desarrollada.",True,Cruza género con edad y nivel educativo en la percepción del riesgo y la preparación ante múltiples amenazas.,0.5,"La clasificación cruzada sustenta recomendaciones focalizadas, pero sin explicación estructural ni contexto que articule los hallazgos.",empirico_cuantitativo,desastres_multiples; inundacion; ciclon_huracan_tormenta,Spain; France; Poland; Sweden; Italy
1222,0.5,El género es el eje central; las diferencias por edad y jefatura del hogar se señalan sin analizar su co-construcción.,0.5,"Discute las causas estructurales de la división sexual del trabajo desde la ecología política, sin detallar mecanismos.",0.5,"Delta del Mahanadi en Odisha, con migración laboral masculina y mujeres en entornos vulnerables.",0.5,"Compara cargas de trabajo por edad y jefatura del hogar de forma descriptiva, sin análisis interaccional explícito.",1.5,medium,,0.5,"Pide enfoques integrados que reflejen desafíos ecológicos y de equidad social, sin desarrollar una agenda de justicia.",0.5,"Registra que las mujeres asumen nuevas actividades junto al trabajo reproductivo, con agencia poco desarrollada.",True,Analiza la división sexual del trabajo ante la migración masculina y señala diferencias entre mujeres según edad y jefatura del hogar.,0.5,"Género, migración y cuidado se conectan en el caso del delta, con integración parcial de estructuras y subgrupos.",empirico_cualitativo,cambio_climatico_general; nivel_mar_costas,India
1223,0.5,"Plantea que el clima agrava conjuntamente desigualdad de género y pobreza en adolescentes, pero el análisis se centra en programas, no en posiciones.",0.5,"Señala desigualdades de género subyacentes que impulsan la vulnerabilidad climática, sin teorizar mecanismos estructurales.",0.0,"Análisis general de países de ingreso bajo y medio, sin situar hallazgos en contextos específicos.",0.0,"Análisis panorámico de actores y materiales curriculares, sin diseño que opere intersecciones.",1.0,medium,,1.0,Aboga por educación transformadora de género para la justicia climática y ofrece una taxonomía para una programación más interseccional.,0.5,"Menciona el liderazgo como punto de entrada de los programas, sin documentar agencia de las jóvenes.",True,"Relaciona género, edad y pobreza: el cambio climático agrava la desigualdad de género y la pobreza que enfrentan las adolescentes.",0.5,"La premisa de desigualdades que se agravan conecta con la propuesta programática, pero sin contexto ni método que la articulen.",empirico_cualitativo,cambio_climatico_general,Low- and middle-income countries
1224,1.0,Posiciones específicas: la migración redistribuye vulnerabilidades a esposas migrantes; la inmovilidad permite respuestas propias a las esposas que se quedan.,0.5,Vulnerabilidad relacional: relaciones sociales como determinantes frente a rasgos individuales; no nombra estructuras como el patriarcado ni teoriza sus mecanismos.,1.0,"Suroeste de Bangladesh, ciclón Aila 2009 y ciclones 2007–2013, origen y destino; subraya relaciones sociales específicas del lugar.",1.0,"Diseño cualitativo intencional con dos subgrupos de mujeres definidos por su (in)movilidad, comparando experiencias en origen y destino.",2.5,medium,,0.5,"Pide 'just scales of intervention' para necesidades de género, sin desarrollar una propuesta transformadora.",1.0,Las esposas que se quedan idean respuestas creativas in situ y resisten vulnerabilidades.,True,"Articula género e (in)movilidad: compara dos grupos de mujeres (se quedaron / se reubicaron) y habla de 'intersections of gender, (im)mobility, and social relations'.",0.5,"El enfoque relacional enlaza género, movilidad, lugar y agencia, pero el poder estructural apenas se teoriza.",empirico_cualitativo,ciclon_huracan_tormenta,Bangladesh
1225,0.5,"Migrantes, minorías étnicas, mujeres y LGBT+ se enumeran como blanco común; no analiza posiciones co-constituidas.",1.0,Mecanismo explícito: la ultraderecha usa el 'ecologism' para una agenda de género y nacionalista que socava derechos; marco crítico.,0.5,"Sitúa el análisis en el auge autoritario y populista de derecha, sin geografía ni historia específicas.",0.0,Trabajo teórico sin operacionalización empírica.,2.0,medium,,1.0,Interroga el derecho a un medio ambiente sano frente al doble desafío climático y autoritario; orientación explícita a derechos humanos.,0.5,"La resistencia figura en el título, pero el abstract no documenta la agencia de sujetos concretos.",True,"Vincula la agenda de género de la ultraderecha con un nacionalismo que vulnera a migrantes, minorías étnicas, mujeres y LGBT+; relación vía ideología.",0.5,"Articula autoritarismo, clima y género, pero los ejes sociales quedan como lista de grupos afectados.",conceptual_teorico,cambio_climatico_general,Global
1226,0.0,No evaluado: gate_pass=false.,0.0,No evaluado: gate_pass=false.,0.0,No evaluado: gate_pass=false.,0.0,No evaluado: gate_pass=false.,0.0,medium,,0.0,No evaluado: gate_pass=false.,0.0,No evaluado: gate_pass=false.,False,Solo analiza el eje género (violencia de género contra mujeres rurales); invoca una lectura interseccional ecofeminista sin articular otro eje de diferenciación.,0.0,No evaluada: gate_pass=false.,conceptual_teorico,cambio_climatico_general,Colombia
1227,0.5,"Conecta sistemas de opresión, pero el análisis descrito se centra en la superposición violencia de género–desastre, no en posiciones co-construidas.",1.0,Teoriza desde teorías feministas las causas estructurales de la relación duradera entre desastres y violencia de género ('layered disasters').,1.0,Investigación original sobre ciclones e inundaciones en Bangladesh y Reino Unido; lugar y cultura explican los desastres estratificados.,0.0,No describe muestreo ni codificación que operen intersecciones; la comparación es entre lugares.,2.0,medium,,1.0,"Critica las respuestas formales y propone priorizar la violencia de género en planificación, gestión y recuperación.",1.0,Centra los relatos de sobrevivientes y cómo gestionan la supervivencia y la recuperación.,True,"Enfoque interseccional que conecta patriarcado, racismo, pobreza y colonialismo de asentamiento en la violencia de género ante desastres.",0.5,El concepto de desastres estratificados integra estructura y lugar; la co-construcción de identidades queda poco desarrollada.,empirico_cualitativo,ciclon_huracan_tormenta; inundacion,Bangladesh; United Kingdom
1228,0.0,No evaluado: gate_pass=false.,0.0,No evaluado: gate_pass=false.,0.0,No evaluado: gate_pass=false.,0.0,No evaluado: gate_pass=false.,0.0,high,,0.0,No evaluado: gate_pass=false.,0.0,No evaluado: gate_pass=false.,False,"Solo analiza el eje género (feminización agrícola, roles de cuidado, derechos de decisión); la interseccionalidad aparece solo como recomendación de política.",0.0,No evaluada: gate_pass=false.,empirico_cualitativo,cambio_climatico_general,Kenya
1230,0.0,No evaluado: gate_pass=false.,0.0,No evaluado: gate_pass=false.,0.0,No evaluado: gate_pass=false.,0.0,No evaluado: gate_pass=false.,0.0,medium,,0.0,No evaluado: gate_pass=false.,0.0,No evaluado: gate_pass=false.,False,"Invoca políticas feministas interseccionales y decoloniales como marco, pero no articula ejes de diferenciación social relacionados en el análisis del caso.",0.0,No evaluada: gate_pass=false.,conceptual_teorico,mitigacion_transicion,Canada
1233,0.0,No aplica: gate no superado.,0.0,No aplica: gate no superado.,0.0,No aplica: gate no superado.,0.0,No aplica: gate no superado.,0.0,low,,0.0,No aplica: gate no superado.,0.0,No aplica: gate no superado.,False,'Intersectional challenges' parece significar desafíos cruzados; habla de grupos socialmente vulnerables sin nombrar ni relacionar ejes.,0.0,No aplica: gate no superado.,empirico_cualitativo,cambio_climatico_general; nivel_mar_costas,United States
1235,1.0,"La indigeneidad se cruza con múltiples identidades que producen vulnerabilidades y capacidades únicas, no aditivas; foco en heterogeneidad intracomunitaria.",1.0,Injusticias coloniales y neocoloniales implicadas en la vulnerabilidad; evita afianzar dinámicas de poder inequitativas; marco decolonial.,0.5,"Contextos indígenas en general; reconoce ontologías relacionales y heterogeneidad, sin un caso situado.",0.0,Revisión de literatura sin operacionalización empírica propia.,2.0,high,,1.0,Descolonizar la adaptación y asegurar que 'even the most marginal groups within Indigenous communities benefit'.,1.0,Capacidades y aspiraciones indígenas de autodeterminación y continuidad cultural como base de la adaptación.,True,"Situación 3: examina cómo 'the multiple subjectivities and identities that Indigenous peoples occupy produce unique vulnerabilities, capacities' ante la adaptación.",0.5,"Une crítica colonial e interseccionalidad como propuesta, aunque la revisión constata que el campo aún las articula poco.",revision,cambio_climatico_general,Global
1236,0.0,No evaluado: gate_pass=false.,0.0,No evaluado: gate_pass=false.,0.0,No evaluado: gate_pass=false.,0.0,No evaluado: gate_pass=false.,0.0,high,,0.0,No evaluado: gate_pass=false.,0.0,No evaluado: gate_pass=false.,False,"Revisión que enumera raza, género e interseccionalidad como áreas separadas de la literatura; no articula ejes relacionados.",0.0,No evaluada: gate_pass=false.,revision,desastres_multiples; cambio_climatico_general,Global
1238,0.0,No evaluado: gate_pass=false.,0.0,No evaluado: gate_pass=false.,0.0,No evaluado: gate_pass=false.,0.0,No evaluado: gate_pass=false.,0.0,high,,0.0,No evaluado: gate_pass=false.,0.0,No evaluado: gate_pass=false.,False,'Intersectional environmentalism' designa solidaridad entre movimientos; el experimento no analiza ejes de diferenciación social (el moderador es el apoyo a la protesta).,0.0,No evaluada: gate_pass=false.,empirico_cuantitativo,cambio_climatico_general,India
1239,0.0,No evaluado: gate_pass=false.,0.0,No evaluado: gate_pass=false.,0.0,No evaluado: gate_pass=false.,0.0,No evaluado: gate_pass=false.,0.0,low,,0.0,No evaluado: gate_pass=false.,0.0,No evaluado: gate_pass=false.,False,"Enumera edad, género, etnicidad e ingreso como causas de marginación sin relacionarlos; el foco es la juventud.",0.0,No evaluada: gate_pass=false.,conceptual_teorico,cambio_climatico_general,Global
1240,0.0,No aplica: gate no superado.,0.0,No aplica: gate no superado.,0.0,No aplica: gate no superado.,0.0,No aplica: gate no superado.,0.0,medium,,0.0,No aplica: gate no superado.,0.0,No aplica: gate no superado.,False,'Intersectional resilience outcomes' es etiqueta; el texto no nombra ni relaciona ejes de diferenciación social.,0.0,No aplica: gate no superado.,conceptual_teorico,cambio_climatico_general,No especificado
1241,0.0,No aplica: gate no superado.,0.0,No aplica: gate no superado.,0.0,No aplica: gate no superado.,0.0,No aplica: gate no superado.,0.0,low,,0.0,No aplica: gate no superado.,0.0,No aplica: gate no superado.,False,Solo un eje (personas migrantes desplazadas); el 'intersectional approach' se invoca sin relacionar categorías; resumen confuso e insuficiente.,0.0,No aplica: gate no superado.,conceptual_teorico,cambio_climatico_general,Europe
1242,1.0,"Marco centrado en vulnerabilidades superpuestas e injusticias raciales y de género interconectadas, contra su tratamiento fragmentado.",0.5,"Nombra 'underlying reinforcers of racial and gender inequalities' e impulsores de vulnerabilidad, sin teorizar mecanismos concretos.",0.5,Ejemplos ilustrativos de Barcelona y énfasis en enfoques basados en el lugar; contexto superficial.,0.0,Revisión narrativa y analítica sin operacionalización empírica.,2.0,medium,,1.0,Orientado a una adaptación urbana justa y transformadora con estrategias concretas e integradas.,0.5,"Incluye activismo interidentitario y resiliencia comunitaria como pilar prescriptivo, sin documentar agencia.",True,Articula desigualdades raciales y de género como vulnerabilidades 'compounding and overlapping' e injusticias socioambientales interconectadas.,0.5,"Cinco componentes enlazados por el giro interseccional, pero presentados como lista programática.",revision,cambio_climatico_general,Global; Spain
1244,1.0,Las subjetividades interseccionales son el eje del argumento: desigualdades multidimensionales producidas en la formación del sujeto.,1.0,Explica cómo las dinámicas de poder producen y sostienen desigualdades; critica conceptualizaciones inadecuadas de su perpetuación.,0.5,"Reconoce variación 'across cultural and geographic contexts', sin anclar el argumento en un caso.",0.0,Examen crítico conceptual sin operacionalización empírica.,3.0,medium,,1.0,Orientado a futuros emancipadores y trayectorias de adaptación transformadoras; rol de investigadores y practicantes.,1.0,Destaca cómo las desigualdades 'are challenged and (re)negotiated in the everyday'.,True,Situación 3: teoriza cómo 'power dynamics produce and sustain multidimensional inequalities' y la formación de subjetividades interseccionales.,1.0,"Poder, subjetividad, renegociación cotidiana y transformación se articulan en un argumento único.",conceptual_teorico,cambio_climatico_general,Global
1246,0.0,No evaluado: gate_pass=false.,0.0,No evaluado: gate_pass=false.,0.0,No evaluado: gate_pass=false.,0.0,No evaluado: gate_pass=false.,0.0,low,,0.0,No evaluado: gate_pass=false.,0.0,No evaluado: gate_pass=false.,False,Enumera ejes citando literatura; el análisis se centra en la diversidad regional sin mostrar su relación con otros ejes.,0.0,No evaluada: gate_pass=false.,conceptual_teorico,cambio_climatico_general,Canada
1247,0.0,No evaluado: gate_pass=false.,0.0,No evaluado: gate_pass=false.,0.0,No evaluado: gate_pass=false.,0.0,No evaluado: gate_pass=false.,0.0,medium,,0.0,No evaluado: gate_pass=false.,0.0,No evaluado: gate_pass=false.,False,"Enumera ubicación, clase, género y edad; analiza cómo las agencias representan la diferencia social en términos amplios, sin articular ejes relacionados.",0.0,No evaluada: gate_pass=false.,empirico_cualitativo,cambio_climatico_general,Sweden
1248,1.0,"Impactos 'contingent on situated markers of difference': las mujeres los viven según edad, estado civil y derechos de propiedad.",1.0,Mecanismo explícito: evaluaciones de género dicotómicas en proyectos de riesgo producen estrategias que replican roles tradicionales.,1.0,"Proyecto pluvial en Los Platanitos, Santo Domingo; asentamiento informal, prácticas hídricas informales y realidades situadas.",1.0,"Estudio de caso que diferencia las experiencias de mujeres por edad, estado civil, propiedad y ubicación de las viviendas demolidas.",4.0,high,,1.0,Critica estrategias de reurbanización desempoderantes y reclama representación comunitaria genuina en la planificación.,1.0,La organización Mujeres Unidas presionó a las agencias estatales para obtener vivienda y representación.,True,"Relaciona género con edad, estado civil, derechos de propiedad y ubicación en los impactos del desplazamiento; menciona marcadores económicos y raciales.",1.0,"Poder institucional, marcadores entrelazados, lugar y agencia se articulan en una explicación coherente del desplazamiento.",empirico_cualitativo,inundacion,Dominican Republic
1254,0.0,No aplica: gate no superado.,0.0,No aplica: gate no superado.,0.0,No aplica: gate no superado.,0.0,No aplica: gate no superado.,0.0,medium,,0.0,No aplica: gate no superado.,0.0,No aplica: gate no superado.,False,"Eje único (género, Women and Gender Constituency); la 'intersectional critical inquiry' rotula el marco sin relacionar categorías.",0.0,No aplica: gate no superado.,empirico_cualitativo,cambio_climatico_general,Global
1256,0.0,No aplica: gate no superado.,0.0,No aplica: gate no superado.,0.0,No aplica: gate no superado.,0.0,No aplica: gate no superado.,0.0,medium,,0.0,No aplica: gate no superado.,0.0,No aplica: gate no superado.,False,"Revisión centrada en mujeres; 'the importance of intersectionality' aparece como tema hallado, sin relacionar el género con otros ejes.",0.0,No aplica: gate no superado.,revision,cambio_climatico_general,Global
1260,0.5,Concluye que la etnicidad pesa más que el género y añade diferencias de género dentro de grupos; lectura mayormente aditiva.,0.5,"Señala desigualdades étnicas y de género en acceso a empleo, educación e infraestructura, sin teorizar estructuras ni mecanismos de poder.",0.5,Minorías étnicas de las regiones montañosas del noroeste de Vietnam; contexto geográfico sin historia ni política.,0.5,"Compara puntuaciones por género dentro de cuatro grupos étnicos, sin interpretar posiciones combinadas ni modelar interacciones.",1.0,medium,,0.5,Recomienda programas inclusivos que consideren autoevaluaciones para aliviar la pobreza; implicaciones sin desarrollo crítico.,0.0,Los hogares aparecen como portadores de capitales; no documenta estrategias ni agencia.,True,"Analiza género y etnicidad en la resiliencia percibida de los medios de vida, 'especially considering the intersections of those factors'.",0.5,"Integración parcial: ejes y contexto se conectan a través de la medición, sin mecanismo estructural.",empirico_cuantitativo,cambio_climatico_general,Vietnam
1263,1.0,'Women is not a homogenous category': casta y etnicidad diferencian posiciones; las mujeres marginadas acceden menos que las de grupos mayoritarios.,1.0,Disparidades de casta institucionalizadas y relaciones de poder que restringen el acceso; evalúa efectos de la acción afirmativa.,1.0,"Llanuras del sur de Nepal, comunidad sonaha y larga historia de disparidades institucionalizadas.",1.0,"Diseño cualitativo que compara mujeres de grupos marginados y mayoritarios, operando la intersección género–casta/etnia.",3.5,high,,0.5,"Discute inclusión y acción afirmativa, sin recomendaciones transformadoras explícitas.",0.5,"Aborda la participación de las mujeres en los programas, pero no documenta estrategias ni resistencias propias.",True,"Explora 'the relationships between gender, caste and ethnicity in shaping women's participation' en programas de adaptación.",1.0,"Las relaciones de poder de casta y etnia explican diferencias intragénero en la participación, situadas en Nepal.",empirico_cualitativo,cambio_climatico_general,Nepal
1264,0.0,No evaluado: gate_pass=false.,0.0,No evaluado: gate_pass=false.,0.0,No evaluado: gate_pass=false.,0.0,No evaluado: gate_pass=false.,0.0,medium,,0.0,No evaluado: gate_pass=false.,0.0,No evaluado: gate_pass=false.,False,"Pide integrar nociones de justicia interseccionales, multiespecie e intergeneracionales, sin articular ejes de diferenciación social relacionados.",0.0,No evaluada: gate_pass=false.,conceptual_teorico,cambio_climatico_general,Global
1267,0.0,No aplica: gate no superado.,0.0,No aplica: gate no superado.,0.0,No aplica: gate no superado.,0.0,No aplica: gate no superado.,0.0,medium,,0.0,No aplica: gate no superado.,0.0,No aplica: gate no superado.,False,"Analiza a las comunidades LGBTQ+ como un solo grupo; los factores que se combinan son institucionales, no ejes sociales relacionados.",0.0,No aplica: gate no superado.,conceptual_teorico,desastres_multiples,United States
1269,0.0,No evaluado: gate_pass=false.,0.0,No evaluado: gate_pass=false.,0.0,No evaluado: gate_pass=false.,0.0,No evaluado: gate_pass=false.,0.0,medium,,0.0,No evaluado: gate_pass=false.,0.0,No evaluado: gate_pass=false.,False,"Invoca feminismo negro, teoría queer y perspectivas indígenas como marcos, pero la revisión no articula ejes en sus hallazgos.",0.0,No evaluada: gate_pass=false.,revision,desastres_multiples,Global
1270,1.0,"Hallazgos: contribuciones al manejo de suelo, agua y biodiversidad 'shaped by peasant's intersecting identities'.",0.5,"Nombra 'structures of power' y la homogeneización de comunidades en las políticas, sin teorizar mecanismos.",1.0,Detalla sistemas agroalimentarios de varias comunidades andinas de Perú y la heterogeneidad de identidades locales.,0.5,Análisis discursivo con lente interseccional; no describe muestreo ni codificación cruzada de subgrupos.,2.5,medium,,1.0,Formula recomendaciones para la planificación nacional y enfoques de derechos hacia una resiliencia equitativa.,1.0,"Documenta saberes tradicionales y prácticas comunales de conservación de suelos, agua y biodiversidad.",True,"Analiza las 'intersecting identities' de campesinas y campesinos andinos, incluyendo género, edad y etnicidad.",0.5,"Identidades, saberes y contexto se conectan, pero las estructuras de poder quedan poco articuladas.",empirico_cualitativo,cambio_climatico_general,Peru
1272,0.0,No aplica: gate no superado.,0.0,No aplica: gate no superado.,0.0,No aplica: gate no superado.,0.0,No aplica: gate no superado.,0.0,medium,,0.0,No aplica: gate no superado.,0.0,No aplica: gate no superado.,False,"Enumera ámbitos de desigualdad (salud, economía, relaciones de género, acceso) por separado; 'intersectional feminist analysis' rotula el método.",0.0,No aplica: gate no superado.,empirico_cualitativo,cambio_climatico_general,Australia
1275,0.0,No aplica: gate no superado.,0.0,No aplica: gate no superado.,0.0,No aplica: gate no superado.,0.0,No aplica: gate no superado.,0.0,high,,0.0,No aplica: gate no superado.,0.0,No aplica: gate no superado.,False,"'Intersectional social issues' designa problemas que se cruzan (clima, injusticia racial, COVID-19), no ejes de diferenciación social.",0.0,No aplica: gate no superado.,empirico_cuantitativo,cambio_climatico_general,United States
1278,0.0,No aplica: gate no superado.,0.0,No aplica: gate no superado.,0.0,No aplica: gate no superado.,0.0,No aplica: gate no superado.,0.0,high,,0.0,No aplica: gate no superado.,0.0,No aplica: gate no superado.,False,"'Intersectional justice' aparece como valor moral entre otros, sin nombrar ni relacionar ejes de diferenciación social.",0.0,No aplica: gate no superado.,conceptual_teorico,cambio_climatico_general,No especificado
1280,0.0,No aplica: gate no superado.,0.0,No aplica: gate no superado.,0.0,No aplica: gate no superado.,0.0,No aplica: gate no superado.,0.0,medium,,0.0,No aplica: gate no superado.,0.0,No aplica: gate no superado.,False,Señala que los datos rara vez se desagregan por sexo o discapacidad; la interseccionalidad queda como vacío de la literatura.,0.0,No aplica: gate no superado.,revision,cambio_climatico_general,Low- and middle-income countries
1281,0.0,No aplica: gate no superado.,0.0,No aplica: gate no superado.,0.0,No aplica: gate no superado.,0.0,No aplica: gate no superado.,0.0,medium,,0.0,No aplica: gate no superado.,0.0,No aplica: gate no superado.,False,"Eje único (igualdad de género, ODS 5); propone un enfoque 'SDG 5+' que considere la interseccionalidad como recomendación futura.",0.0,No aplica: gate no superado.,revision,cambio_climatico_general,Global
1282,0.5,"Raza, indigeneidad y clase aparecen como legados entrelazados y alianzas de movimientos, no como posiciones co-construidas.",1.0,"Legados de colonialismo, supremacía blanca y desarrollo capitalista extractivo que sustentan la injusticia racial y ambiental.",1.0,"Arenas bituminosas de Alberta, oleoductos y trayectoria histórica de activismo y política transfronteriza entre Estados Unidos y Canadá.",0.0,No describe un método que opere intersecciones; reconstrucción histórica de campañas.,2.0,medium,,1.0,Política radical de solidaridad y justicia climática que critica las raíces coloniales y extractivas de la crisis.,1.0,"Documenta campañas contra la extracción y los oleoductos, defensa del agua y soberanía indígena.",True,"Relaciona colonialismo, supremacía blanca y capitalismo extractivo con injusticia racial y soberanía indígena en el activismo climático.",0.5,"Estructura, contexto y activismo se articulan, pero las identidades entrelazadas no se integran en el análisis.",empirico_cualitativo,cambio_climatico_general; mitigacion_transicion,Canada; United States
1285,1.0,Identidades superpuestas y estructuras de poder del hogar moldean conjuntamente la capacidad de las gestantes para reducir la exposición al calor.,0.5,"Nombra 'household power structures' que limitan el margen de decisión, sin teorizar estructuras más amplias.",0.5,"West Kiang, Gambia, agricultura de subsistencia y proyecciones de calor; poca historia o política.",1.0,Muestreo intencional de agricultoras gestantes o puérperas y análisis temático con lente interseccional.,2.0,high,,0.5,"Recomienda considerar las interseccionalidades al apoyar la adaptación laboral, sin un enfoque de justicia desarrollado.",1.0,"Documenta estrategias adaptativas (sombra, jornadas fraccionadas, agua) y el conocimiento climático de las mujeres.",True,"Agricultoras gestantes cuyas 'layered identities' de edad, migración, estado civil y nivel socioeconómico moldean la respuesta al calor.",0.5,"Identidades, poder doméstico y estrategias se conectan, pero el poder estructural se limita al hogar.",empirico_cualitativo,calor_extremo,Gambia
1286,0.5,"La posición de niña activista combina género y edad, pero el abstract no analiza cómo se co-construyen los ejes.",0.5,"Nombra racismo, heterosexismo y capitalismo como sistemas de opresión, sin teorizar sus mecanismos.",0.5,"Casos como Fridays, Flint y Wiikwemkoong First Nation, con contexto apenas esbozado.",0.0,Estudios de caso sin método descrito que opere intersecciones.,1.5,medium,,0.5,"Se enmarca en el movimiento por la justicia climática, sin desarrollar una propuesta transformadora propia.",1.0,"Documenta a niñas que diseñan tecnologías, crean organizaciones y demandan a gobiernos.",True,"Analiza a las 'climate girls' (género y edad), incluida una activista indígena, conscientes del racismo, el heterosexismo y el capitalismo.",0.5,Agencia y sistemas de opresión se vinculan de forma general; integración parcial.,empirico_cualitativo,cambio_climatico_general,Global
1288,0.0,No aplica: gate no superado.,0.0,No aplica: gate no superado.,0.0,No aplica: gate no superado.,0.0,No aplica: gate no superado.,0.0,medium,,0.0,No aplica: gate no superado.,0.0,No aplica: gate no superado.,False,"Centrado en mujeres sursudanesas; 'gender-transformative, intersectional approach' se recomienda sin relacionar el género con otros ejes.",0.0,No aplica: gate no superado.,empirico_cualitativo,cambio_climatico_general,South Sudan
1289,0.0,No aplica: gate no superado.,0.0,No aplica: gate no superado.,0.0,No aplica: gate no superado.,0.0,No aplica: gate no superado.,0.0,high,,0.0,No aplica: gate no superado.,0.0,No aplica: gate no superado.,False,"Se cruzan crisis, no categorías sociales; 'gender, intersectionality and social inequalities' figura como rasgo deseable del campo propuesto.",0.0,No aplica: gate no superado.,conceptual_teorico,cambio_climatico_general,No especificado
1293,0.5,"Clase, género y discapacidad aparecen como hallazgos separados; no analiza cómo se co-construyen.",0.0,No nombra estructuras de poder ni mecanismos; el foco es la identificación y el liderazgo en red.,0.5,"Activistas de Fridays for Future en Alemania, sin anclaje histórico-político detallado.",0.5,Entrevistas caminando con 19 activistas; compara percepciones por género de forma descriptiva.,1.0,medium,,0.0,Orientación analítica sobre movilización; no desarrolla implicaciones de justicia.,1.0,Documenta prácticas de organización digital y redes propias de los organizadores locales.,True,"Analiza clase, género y discapacidad de Thunberg como bases de identificación, y el género de activistas como mediador de su percepción.",0.5,"Vincula ejes identitarios con movilización y liderazgo, pero sin marco estructural que los articule.",empirico_cualitativo,cambio_climatico_general,Germany
1294,0.0,No aplica: gate no superado.,0.0,No aplica: gate no superado.,0.0,No aplica: gate no superado.,0.0,No aplica: gate no superado.,0.0,low,,0.0,No aplica: gate no superado.,0.0,No aplica: gate no superado.,False,'Intersectional categories' se menciona como foco de la lente cultural sin nombrar categorías ni teorizar su cruce; el curso de vida es temporal.,0.0,No aplica: gate no superado.,conceptual_teorico,cambio_climatico_general,No especificado
1295,0.0,No aplica: gate no superado.,0.0,No aplica: gate no superado.,0.0,No aplica: gate no superado.,0.0,No aplica: gate no superado.,0.0,low,,0.0,No aplica: gate no superado.,0.0,No aplica: gate no superado.,False,"Los 'three interconnected axes' son dimensiones analíticas de la movilidad; 'intersectional struggles' rotula, sin relacionar categorías sociales.",0.0,No aplica: gate no superado.,conceptual_teorico,cambio_climatico_general,No especificado
1297,0.5,"Afirma categorías entrelazadas, pero el abstract no especifica cuáles ni cómo se co-construyen.",0.5,"Nombra explotación laboral, ausencia de protección y sistemas de poder, sin teorizar mecanismos estructurales.",0.5,"Este de Carolina del Norte, jornaleros mexicanos; contexto histórico-político poco desarrollado.",1.0,Grupos focales con jornaleros mexicanos y análisis de contenido guiado por la teoría interseccional.,2.0,medium,,1.0,Discute recomendaciones de política para prevenir enfermedades por calor y critica la explotación laboral.,0.5,"Recoge percepciones propias de los jornaleros, pero enfatiza barreras más que estrategias.",True,"Concluye que la hidratación de jornaleros mexicanos depende de 'interlocking social categories and power systems' (etnicidad, condición laboral).",0.5,"El marco interseccional guía temas y política, aunque el abstract no articula cómo cada eje produce el riesgo.",empirico_cualitativo,calor_extremo,United States
1298,0.0,No aplica: gate no superado.,0.0,No aplica: gate no superado.,0.0,No aplica: gate no superado.,0.0,No aplica: gate no superado.,0.0,high,,0.0,No aplica: gate no superado.,0.0,No aplica: gate no superado.,False,"Se cruzan 'complexities' ambientales, económicas, políticas y sociales y tipos de contexto, no ejes de diferenciación social relacionados.",0.0,No aplica: gate no superado.,revision,cambio_climatico_general,Global
1300,0.0,No evaluado: no supera el gate.,0.0,No evaluado: no supera el gate.,0.0,No evaluado: no supera el gate.,0.0,No evaluado: no supera el gate.,0.0,low,,0.0,No evaluado: no supera el gate.,0.0,No evaluado: no supera el gate.,False,La interseccionalidad y el racismo/casta solo figuran como keywords; el abstract trata a la infancia como categoría única sin relacionarla con otros ejes.,0.0,No evaluada: no supera el gate.,revision,cambio_climatico_general,Global
1302,0.5,"Cuestiona casta y género como marcadores fijos, pero el abstract no muestra cómo se co-construyen posiciones concretas.",1.0,Analiza cómo encuadres estatales de equidad y la focalización categorial imponen subjetividades y ocultan exclusión social.,1.0,"Distrito de Jumla, Nepal occidental, desarrollo post-guerra civil; rechaza supuestos universalistas sobre riesgo y marginación.",0.5,"Más de cien encuestas y entrevistas en seis aldeas; distingue grupos (p. ej., agricultores con tierra) sin análisis interaccional explícito.",3.5,medium,,1.0,Crítica situada de los marcos normativos de 'equitable resilience' y de los supuestos transformadores de los analistas.,1.0,Muestra cómo la agencia individual y las transiciones de medios de vida reconfiguran la vulnerabilidad.,True,"Critica usar casta y género como indicadores estáticos y los relaciona con tierra, medios de vida y agencia en influencias 'dynamic and intersectional'.",1.0,"Articula poder de los encuadres, dinámica interseccional, contexto post-bélico y agencia en un argumento único.",empirico_mixto,cambio_climatico_general,Nepal
1304,1.0,"Trata a las 'girls of color' como posición específica, no como suma de género, raza y edad.",0.5,"Nombra injusticia racial y económica y la desigual autoridad mediática frente a Thunberg, sin teorizar mecanismos estructurales.",0.5,Activistas de Nueva York de la Generación Z; contexto político e histórico poco desarrollado.,1.0,"Selección intencional de cinco niñas activistas racializadas, analizadas desde sus posiciones interseccionales.",3.5,medium,,1.0,Destaca el potencial transformador de la política feminista interseccional para la justicia climática.,1.0,"Documenta estrategias, 'activist playbook' y plataformas relacionales creadas por las propias activistas.",True,"Analiza cómo las identidades interseccionales de niñas activistas racializadas (género, raza, edad) moldean sus estrategias de movilización climática.",1.0,Las posiciones interseccionales explican estrategias y plataformas vinculadas a injusticias raciales y económicas.,empirico_cualitativo,cambio_climatico_general,United States
1305,0.5,"Género y juventud aparecen juntos, pero se tratan como preocupaciones paralelas más que como posición co-construida.",0.5,Insiste en 'structural drivers of gender inequality' sin especificar mecanismos más allá del acceso a la educación.,0.5,"Zambia y Zimbabue, centrado en educación; contexto histórico-político apenas esbozado.",0.5,Investigación-acción participativa feminista con adolescentes; no describe un análisis que opere la intersección edad-género.,2.0,medium,,1.0,"Reclama cambios estructurales, no incrementales, en proyectos y políticas climáticas.",1.0,Las adolescentes investigan y reencuadran su agencia y empoderamiento frente a la narrativa de vulnerabilidad.,True,"Centra a adolescentes y jóvenes mujeres, relacionando género y edad frente a la narrativa de vulnerabilidad de 'intersectional characteristics'.",0.5,"Agencia y estructuras de género se conectan, pero la intersección con la edad no organiza el análisis.",empirico_cualitativo,cambio_climatico_general,Zambia; Zimbabwe
1307,0.0,No aplica: gate no superado.,0.0,No aplica: gate no superado.,0.0,No aplica: gate no superado.,0.0,No aplica: gate no superado.,0.0,high,,0.0,No aplica: gate no superado.,0.0,No aplica: gate no superado.,False,Análisis literario de un cuento; alude a 'current social iniquities' e identidad sin nombrar ni relacionar ejes sociales.,0.0,No aplica: gate no superado.,conceptual_teorico,cambio_climatico_general,United States
1310,0.5,"Nombra la posición combinada clase-raza, pero el abstract no analiza cómo se co-construyen esos ejes.",1.0,"Explica cómo la infraestructura verde y el desarrollo urbano generan gentrificación y desplazamiento, desde la justicia climática.",0.5,"Caso de Filadelfia como ciudad verde pionera, sin detalle histórico-político en el abstract.",0.5,"Datos espaciales cuantitativos y entrevistas; 'overlapping factors' sugiere cruce, pero no describe interacciones explícitas.",2.0,medium,,1.0,Orientado a estrategias que reduzcan inequidades sociales y raciales en la planificación de la adaptación.,0.5,"Entrevista a organizadores comunitarios, pero la agencia de los residentes no se documenta en el abstract.",True,Examina la vulnerabilidad de 'lower income communities of color' con un enfoque interseccional de factores superpuestos e interdependientes.,0.5,"Vincula mecanismo estructural y grupo vulnerable, pero la intersección clase-raza no se analiza como tal.",empirico_mixto,cambio_climatico_general,United States
1311,0.0,No aplica: gate no superado.,0.0,No aplica: gate no superado.,0.0,No aplica: gate no superado.,0.0,No aplica: gate no superado.,0.0,medium,,0.0,No aplica: gate no superado.,0.0,No aplica: gate no superado.,False,'Intersectional demands for justice' califica reivindicaciones diversas de la protesta; no nombra ni relaciona ejes de diferenciación social.,0.0,No aplica: gate no superado.,conceptual_teorico,ciclon_huracan_tormenta,Puerto Rico
1312,0.5,"Enumera raza, edad y clase junto al género, pero el análisis desarrolla sobre todo masculinidades.",1.0,"Masculinidad hegemónica, automovilidad sociotécnica y representaciones corporativas como mecanismos que legitiman estilos de vida intensivos en energía.",0.5,"Situado en narrativas corporativas de Tesla y la transición a vehículos eléctricos, sin anclaje geográfico ni histórico.",0.5,Análisis crítico multimodal del discurso con encuadre interseccional; no describe codificación cruzada de ejes.,1.5,medium,,0.5,"Critica que la transición no cuestione las masculinidades, sin desarrollar una orientación transformadora explícita.",0.0,Los sujetos aparecen como ejecutores de guiones hegemónicos; no se aborda agencia ni resistencia.,True,"Muestra la conducción como 'raced, gendered, age-dependent, and classed culture' en las masculinidades ecomodernas de Tesla.",0.5,Estructura de género y discurso corporativo se articulan; los demás ejes quedan enumerados.,empirico_cualitativo,mitigacion_transicion,No especificado
1315,0.0,No aplica: gate no superado.,0.0,No aplica: gate no superado.,0.0,No aplica: gate no superado.,0.0,No aplica: gate no superado.,0.0,low,,0.0,No aplica: gate no superado.,0.0,No aplica: gate no superado.,False,Eje único: la herramienta se centra en mujeres y hombres; el concepto 'intersectional and non-binary gender+' se declara sin relacionar categorías.,0.0,No aplica: gate no superado.,conceptual_teorico,cambio_climatico_general,Germany
1316,0.5,"Rechaza categorías de género homogéneas, pero el abstract no muestra cómo se co-construyen género, tribalidad y clase.",1.0,"Explica diferencias por relaciones de producción y reproducción, distribución de recursos y normas que moldean instituciones y mercados.",0.5,"Investigación prolongada en India entre comunidades tribales y 25 casos de Asia y África, descritos superficialmente.",0.5,"Ilustra la operacionalización de la lente interseccional con ejemplos micro y una metasíntesis, sin detallar el diseño.",2.0,medium,,0.5,"Cierra con breves comentarios sobre la relevancia política, sin desarrollarlos.",0.5,"Alude a reclamos, conflicto y cooperación de los sujetos, sin documentar estrategias concretas.",True,"Critica homogeneizar a mujeres y hombres y aplica una lente interseccional al género en comunidades tribales de India (género, indigeneidad, clase agraria).",0.5,"El marco estructural sostiene la crítica a la homogeneización, pero la aplicación empírica apenas se esboza.",conceptual_teorico,cambio_climatico_general,India; Asia; Africa
1317,0.5,"Enumera clase, capacidad y género como asimetrías interseccionales, sin analizar cómo se co-construyen.",0.5,"Nombra clasismo, capacitismo, sexismo y poder geopolítico, sin teorizar mecanismos concretos más allá de los sistemas de mercado.",0.5,"Incorpora escalas espaciotemporales como principio, pero no se sitúa en un contexto histórico-geográfico concreto.",0.0,Marco conceptual sin operacionalización empírica en el abstract.,1.0,medium,,1.0,"Desde la Transformative Consumer Research propone mejoras de investigación, política y soluciones de mercado para el bienestar.",0.0,"Los prosumidores aparecen como grupo muy vulnerable, sin referencia a su agencia.",True,"Su matriz CSIM cruza escalas con asimetrías de poder interseccionales: poder geopolítico/económico, clasismo, capacitismo y sexismo.",0.5,"La matriz articula escalas e interseccionalidad, pero los ejes quedan como lista dentro del marco.",conceptual_teorico,desastres_multiples,Global
1319,0.5,"Vincula opresiones por una lógica común de dominación, pero toma el género como punto de vista principal.",1.0,Crítica ecofeminista de estructuras patriarcales de dominación que conectan explotación ambiental y opresión social.,0.5,"Sitúa las novelas en una California futura con crisis climática y racial, sin contexto sociohistórico detallado.",0.0,Lectura literaria sin diseño empírico ni operacionalización de intersecciones.,2.0,medium,,1.0,Examina ideas ecofeministas transformadoras y la utopía comunal de Earthseed como alternativa a la dominación.,1.0,"La protagonista escapa, crea el sistema de creencias Earthseed y funda una comuna.",True,"Lee las novelas como exploración de 'intersections of oppression': sexismo, racismo y etnocentrismo en una protagonista afroamericana adolescente.",0.5,"El marco ecofeminista conecta opresiones y ambiente, pero la intersección de ejes no organiza el análisis.",conceptual_teorico,cambio_climatico_general,United States
1320,0.0,No aplica: gate no superado.,0.0,No aplica: gate no superado.,0.0,No aplica: gate no superado.,0.0,No aplica: gate no superado.,0.0,low,,0.0,No aplica: gate no superado.,0.0,No aplica: gate no superado.,False,"Extiende la interseccionalidad feminista a la especie, pero no relaciona la especie con otras categorías sociales en el resumen.",0.0,No aplica: gate no superado.,conceptual_teorico,desastres_multiples,No especificado
1321,1.0,"Analiza posiciones combinadas de lugar, raza, etnicidad, género y edad, no ejes por separado.",1.0,"Explica las diferencias por historias de colonización, normas de género y sistemas de poder; causas raíz de la vulnerabilidad.",1.0,Incendio mayor en el norte de Saskatchewan; valores locales específicos y reconocimiento explícito de lo situado.,1.0,El marco interseccional guía el análisis empírico cruzando ejes para comparar impactos y pérdidas.,4.0,high,,1.0,"Propone adaptación inclusiva y equitativa: ampliar impactos considerados, participación diversa y atender causas raíz.",1.0,Reconoce la agencia y lo que los residentes ya hacen frente a las amenazas.,True,"Identifica cómo impactos y pérdidas difieren 'across intersections of location, race, ethnicity, gender and age'.",1.0,"Estructuras coloniales y de género explican diferencias interseccionales situadas, con implicaciones de política coherentes.",empirico_cualitativo,incendio_forestal,Canada
1322,0.0,No evaluado: no supera el gate.,0.0,No evaluado: no supera el gate.,0.0,No evaluado: no supera el gate.,0.0,No evaluado: no supera el gate.,0.0,medium,,0.0,No evaluado: no supera el gate.,0.0,No evaluado: no supera el gate.,False,"La interseccionalidad solo aparece como recomendación final; el informe no relaciona ejes, más allá del relevo generacional entre feministas.",0.0,No evaluada: no supera el gate.,otro,cambio_climatico_general,South Africa
1325,0.0,No aplica: gate no superado.,0.0,No aplica: gate no superado.,0.0,No aplica: gate no superado.,0.0,No aplica: gate no superado.,0.0,high,,0.0,No aplica: gate no superado.,0.0,No aplica: gate no superado.,False,"La 'triad' clima-carbón-género cruza temas, no ejes; el género es la única categoría social analizada.",0.0,No aplica: gate no superado.,empirico_cualitativo,mitigacion_transicion,Colombia
1327,1.0,"Género, clase y casta se combinan: solo ciertas mujeres acceden al programa, y surge una población excedente campesina generizada.",1.0,"Economía política de la energía solar: nuevas configuraciones laborales generan una población excedente sin tierra, desde la ecología política feminista.",1.0,"Parque Solar de Gujarat, India rural y tratados climáticos de la ONU; subraya efectos locales en el Sur Global.",0.5,"Trabajo de campo mixto que distingue mujeres por clase y casta, sin describir un diseño interseccional explícito.",3.0,high,,1.0,Advierte que las intervenciones de mitigación 'gender positive' no deben agravar disparidades de género ni exclusión económica.,0.0,Mujeres y campesinos sin tierra aparecen como desempoderados; no se documenta agencia o resistencia.,True,"Muestra que un programa de empoderamiento se reservó a mujeres de clase media-alta y castas dominantes, reproduciendo asimetrías de clase y casta.",1.0,La economía política explica la exclusión interseccional situada y fundamenta la crítica a la transición.,empirico_mixto,mitigacion_transicion,India
1328,1.0,"Género, religión-etnicidad y clase se co-construyen: la posición mayoritaria agrava la vulnerabilidad femenina contra lo esperado.",1.0,Normas patriarcales restringen el contacto con hombres no emparentados y el acceso a redes y recursos masculinizados; ecología política crítica.,1.0,"Costa de Bangladesh (Kalapara), migración masculina y agricultura; reconoce que los privilegios de clase habituales no operan igual.",1.0,"El enfoque interseccional compara subgrupos de mujeres (mayoría/minoría etnorreligiosa, clase) y explica su interacción.",3.5,high,,1.0,Enmarca la situación como injusticia social y ambiental y aporta insumos de política para una adaptación inclusiva.,0.5,"Las mujeres sostienen los medios de vida agrícolas, pero predominan la vulnerabilidad y las restricciones.",True,"Mujeres de la mayoría etnorreligiosa resultan más vulnerables que las minoritarias, en contraste con los privilegios de clase habituales.",1.0,"Normas patriarcales, migración climática y posiciones etnorreligiosas se articulan para explicar vulnerabilidades situadas.",empirico_cualitativo,nivel_mar_costas; ciclon_huracan_tormenta; inundacion,Bangladesh
1329,0.5,"Enumera raza, ingreso, discapacidad y encarcelamiento, sin analizar cómo se co-construyen esas posiciones.",1.0,"Racismo estructural, privación económica e hiperencarcelamiento como impulsores; vías de exposición climática en prisiones.",0.5,"Contexto estadounidense con datos de encarcelamiento y emisiones, sin desarrollo histórico-político.",0.0,Comentario de política sin diseño empírico propio.,1.5,medium,,1.0,"Propone transparencia, rendición de cuentas, derechos humanos, descarcelación y descarbonización.",0.0,Las personas encarceladas aparecen solo como población médicamente vulnerable.,True,"Vincula hiperencarcelamiento y cambio climático con racismo estructural y privación económica que afectan a comunidades racializadas, pobres y con discapacidad.",0.5,"Conecta crisis carcelaria y climática por impulsores estructurales, pero los ejes quedan como lista.",conceptual_teorico,cambio_climatico_general; calor_extremo,United States
1330,0.5,"Sistemas de opresión entrelazados enunciados conceptualmente, sin analizar cómo se co-construyen posiciones concretas.",1.0,Inequidades 'rooted in the coloniality of power'; psicología de la liberación y teoría crítica de la raza como marco.,0.5,Chile y contextos marcados por historias coloniales como referencia; la revisión es internacional y poco situada.,0.0,"Revisión de literatura en tres olas, sin operacionalización empírica.",2.0,medium,,1.0,Propone una praxis crítica de resiliencia comunitaria para mejorar la ética de justicia social.,0.5,"'Centering at the margins' sugiere protagonismo comunitario, pero la agencia no se documenta.",True,"Situación 3: busca evitar reforzar 'social hierarchies and interlocking systems of oppression', con teorías decoloniales y crítica racial.",0.5,"Colonialidad, opresiones entrelazadas y praxis se conectan conceptualmente, sin análisis aplicado que las integre.",revision,desastres_multiples,Chile
1331,0.5,"El género es central y la clase queda implícita; la mirada interseccional aparece como conclusión, no como análisis.",0.5,"Señala normas socioculturales arraigadas y supuestos de ONG externas, sin teorizar estructuras de poder.",0.5,Comunidades rurales costeras de Bangladesh con intervenciones de ONG; contexto poco desarrollado.,0.5,Relatos de cuatro organizaciones lideradas por mujeres; no describe un análisis que cruce ejes.,1.5,medium,,0.5,"Recomienda reencuadrar el género en la adaptación comunitaria, sin orientación explícita a la justicia.",0.5,"Las mujeres lideran organizaciones comunitarias, aunque el foco está en los obstáculos que enfrentan.",True,"Estudia colectivos de 'poor women' (género y clase) y concluye que la adaptación debe enmarcar el género interseccionalmente, no como dicotomía.",0.5,"Normas, intervención externa y género se conectan parcialmente; la interseccionalidad no organiza el análisis.",empirico_cualitativo,cambio_climatico_general,Bangladesh
1332,0.0,No aplica: gate no superado.,0.0,No aplica: gate no superado.,0.0,No aplica: gate no superado.,0.0,No aplica: gate no superado.,0.0,medium,,0.0,No aplica: gate no superado.,0.0,No aplica: gate no superado.,False,El análisis interseccional cruza crisis (clima y COVID-19) y opera con lente feminista; no relaciona ejes de diferenciación social.,0.0,No aplica: gate no superado.,conceptual_teorico,cambio_climatico_general,Global
1333,0.5,Género cruzado con edad y lugar solo en el planteamiento; el análisis posterior es de género.,0.0,"Atribuye la diferencia a factores socioeconómicos y normas culturales, sin teorizar estructuras de poder.",0.5,"India y cuatro estados (Tamil Nadu, Telangana, Himachal Pradesh, Punjab) con sus planes climáticos; contexto poco desarrollado.",0.0,Información primaria de cuatro estados y evaluación de riesgo diferenciada solo por género.,0.5,low,,0.5,Propone enfoques de análisis y estrategia de género para revisar planes estatales; justicia no desarrollada.,0.0,Mujeres representadas como afectadas; las iniciativas locales no se presentan como agencia propia.,True,Situación 1: los impactos en mujeres varían por 'other intersectional demographic characteristics such as age and location'; género y edad relacionados.,0.0,La mención interseccional queda desconectada del análisis de género y de las recomendaciones.,revision,cambio_climatico_general,India
1334,0.0,No aplica: gate no superado.,0.0,No aplica: gate no superado.,0.0,No aplica: gate no superado.,0.0,No aplica: gate no superado.,0.0,medium,,0.0,No aplica: gate no superado.,0.0,No aplica: gate no superado.,False,"Las 'intersections' son entre cambio climático, derechos humanos y pobreza; la interseccionalidad se examina como marco sin relacionar ejes.",0.0,No aplica: gate no superado.,conceptual_teorico,cambio_climatico_general,Global
1335,0.5,"Nombra posiciones de indigeneidad, edad y género entre los defensores, sin analizar cómo se co-construyen.",1.0,"Control colonial de los tribunales, mandatos judiciales pro-petroleras e hiperextractivismo como mecanismos de poder explícitos.",1.0,"Oleoducto Trans Mountain en territorio indígena no cedido en Canadá, con referencia a UNDRIP y el Acuerdo de París.",0.5,"Etnografía de tribunales que observa a defensores diversos, sin un diseño que opere intersecciones.",2.5,medium,,1.0,Denuncia la criminalización y reclama atención a las relaciones de poder en la justicia climática anticolonial.,1.0,"Documenta la defensa de la tierra, la solidaridad y la ética del cuidado de quienes desafían el extractivismo.",True,"Analiza la criminalización de jóvenes indígenas, abuelas octogenarias y otros defensores, y su 'intersectional solidarity' frente al colonialismo.",0.5,"Poder colonial, contexto y resistencia se articulan, pero la dimensión interseccional queda periférica.",empirico_cualitativo,cambio_climatico_general,Canada
1336,0.0,No aplica: gate no superado.,0.0,No aplica: gate no superado.,0.0,No aplica: gate no superado.,0.0,No aplica: gate no superado.,0.0,medium,,0.0,No aplica: gate no superado.,0.0,No aplica: gate no superado.,False,Lista grupos racializados y pide reconocer 'diversity and intersectionality'; lo que se cruza son la pandemia y el cambio climático.,0.0,No aplica: gate no superado.,conceptual_teorico,cambio_climatico_general,Global
1337,0.5,La edad es el eje central; el género entra vía 'girl heroism' sin análisis de su co-construcción.,0.5,"Muestra cómo discursos de inocencia e individualismo posicionan o descalifican a jóvenes, sin nombrar estructuras de poder.",0.5,Treinta editoriales canadienses sobre las protestas climáticas de 2019; contexto acotado pero poco desarrollado.,0.5,Análisis de discurso de editoriales que examina constructos separados; trata el 'girl heroism' descriptivamente.,1.5,medium,,0.5,"Apunta a narrativas que reconozcan diversidad y solidaridad en el activismo, sin desarrollar implicaciones.",0.5,"Discute la participación social y la solidaridad de jóvenes activistas, pero a través de su representación mediática.",True,"Analiza construcciones de infancia y generación y problematiza el 'girl heroism', articulando edad y género de las activistas.",0.5,"Discursos, edad y género se conectan parcialmente en la crítica a la representación mediática.",empirico_cualitativo,cambio_climatico_general,Canada
1338,0.0,No evaluado: no supera el gate.,0.0,No evaluado: no supera el gate.,0.0,No evaluado: no supera el gate.,0.0,No evaluado: no supera el gate.,0.0,medium,,0.0,No evaluado: no supera el gate.,0.0,No evaluado: no supera el gate.,False,"La 'intersection of age, gender... social economic' solo aparece en la recomendación clínica final; la revisión no articula esos ejes.",0.0,No evaluada: no supera el gate.,revision,desastres_multiples,Global
1340,0.5,"Las posiciones interseccionales aparecen como hallazgo, pero el resumen no analiza cómo se co-construyen.",0.5,"Desigualdad de fondo y marginación socioeconómica nombradas; mecanismos compensatorios analizados, sin teorizar estructuras de opresión.",0.5,Red Occupy Sandy en Nueva York tras el huracán Sandy; contexto nombrado pero apenas descrito.,0.0,Etnografía sin muestreo ni codificación interseccional explícitos en el resumen.,1.0,low,,0.5,Objetivo de empoderar a comunidades marginadas en espacios participativos; implicaciones normativas poco desarrolladas.,0.5,"Activistas y comunidades actúan, pero la 'variation in individual agency' se trata como problema.",True,Situación 3: identifica 'the difficulty of intersectional positions and situated marginalisation beyond commonly acknowledged identity markers' como problema.,0.5,"Vincula desigualdad, posiciones interseccionales y mecanismos participativos, con desarrollo limitado en el resumen.",empirico_cualitativo,ciclon_huracan_tormenta,United States
1341,0.5,"Hallazgo no aditivo de heterogeneidad dentro de categorías, pero los factores que se cruzan no se nombran.",0.0,No se nombran estructuras de poder ni mecanismos que expliquen la distribución desigual.,0.5,"Escasez de agua en Gaborone, Botsuana; contexto urbano nombrado sin desarrollo histórico o político.",0.5,Entrevistas cualitativas a hogares de todos los niveles socioeconómicos con heurística interseccional; sin detalle de análisis interaccional.,1.0,low,,0.0,No se plantean implicaciones de justicia ni transformación en el resumen.,1.0,Documenta que los hogares 'use numerous strategies to reduce exposure and impact'.,True,"Situación 3: la vulnerabilidad varía 'between, or within conventional social categories' por 'the intersection and interplay of several underlying factors'.",0.5,"La heurística interseccional organiza el análisis de vulnerabilidad y estrategias, sin vínculo con estructuras de poder.",empirico_cualitativo,sequia,Botswana
1342,0.5,"Enumera variables (equipamiento, entorno, discapacidad, nivel socioeconómico); los arquetipos sugieren efectos compuestos sin analizarlos.",0.0,"Atribuye la desigualdad a la falta de conciencia sobre la diversidad en el diseño, sin estructuras de poder.",0.0,Sin contexto geográfico ni histórico; escenarios genéricos de desastre.,0.0,"Escenarios ilustrativos con arquetipos, sin datos empíricos ni operacionalización de intersecciones.",0.5,medium,,0.5,"Sugiere el Diseño Universal para mitigar desigualdades de acceso, sin desarrollar una orientación de justicia.",0.0,"Los usuarios aparecen como grupos vulnerables con necesidades, sin agencia.",True,"Relaciona discapacidad y nivel socioeconómico con el acceso digital en desastres, usando arquetipos ('personas') de 'intersectional vulnerable groups'.",0.5,"Argumento de diseño coherente pero limitado: variables, arquetipos y solución se enlazan sin análisis de poder.",conceptual_teorico,desastres_multiples,No especificado
1345,0.5,"Opresiones de género, raza y naturaleza ligadas por una lógica dualista común, sin análisis de posiciones co-construidas.",1.0,"Racismo sistémico, ideologías dualistas de Occidente y crítica del monoteísmo trascendental como mecanismos que justifican la inacción.",0.0,"Ensayo teológico sobre el pensamiento occidental en general, sin contexto histórico o geográfico concreto.",0.0,Ensayo teórico sin operacionalización empírica.,1.0,low,,1.0,"Afirma que no se puede abordar la crisis ecológica sin justicia racial; defiende derechos de personas negras, indígenas y racializadas.",0.0,La agencia afirmada es la de la naturaleza; no se documenta agencia de sujetos oprimidos.,True,Situación 3: con Plumwood revela 'harmful dualisms implicit in all forms of oppression' y entrelaza ecofeminismo con racismo sistémico.,0.5,"La lógica dualista conecta opresiones y propuesta teológica, pero el cruce de ejes no se desarrolla.",conceptual_teorico,cambio_climatico_general,No especificado
1346,0.5,"La lente es interseccional, pero el análisis se centra en subjetividades e inequidades de género.",1.0,Examina 'the inner workings of power and agency' y cómo se abren o cierran vías para disputar relaciones de poder.,0.5,"Comunidades agrícolas rurales de Ghana; reconoce contextos específicos, pero con descripción mínima.",0.5,"Tres talleres de co-aprendizaje analizados con la lente interseccional, sin subgrupos interseccionales explícitos.",2.0,medium,,1.0,Crear espacios para (re)negociar desigualdades de género como vía hacia la justicia climática.,1.0,Documenta la (re)negociación y disputa del poder por parte de los actores en arenas participativas.,True,Situación 3: 'Gendered and intersectional inequalities determine differential vulnerabilities'; aplica una lente de subjetividades interseccionales.,0.5,"Poder, agencia, método participativo y justicia se articulan, aunque el entrelazamiento de ejes queda reducido al género.",empirico_cualitativo,cambio_climatico_general,Ghana
1348,0.0,No aplica: gate no superado.,0.0,No aplica: gate no superado.,0.0,No aplica: gate no superado.,0.0,No aplica: gate no superado.,0.0,high,,0.0,No aplica: gate no superado.,0.0,No aplica: gate no superado.,False,'Intersectional feminism' y 'intersectional climate justice' son etiquetas programáticas; no se nombran ni relacionan ejes de diferenciación social.,0.0,No aplica: gate no superado.,conceptual_teorico,cambio_climatico_general,Canada
1350,0.5,"Enumera ejes interconectados, pero no analiza cómo se co-construyen en posiciones concretas.",0.5,"Nombra la discriminación sistémica y la 'doble carga' de políticas ciegas a la injusticia, sin teorizar estructuras específicas.",0.5,"Reclama un enfoque contextualizado, pero no se sitúa en un caso histórico-geográfico concreto.",0.0,Capítulo conceptual sin operacionalización empírica.,1.0,medium,,1.0,"Propone un enfoque de pérdidas y daños basado en equidad, derechos humanos e indígenas y justicia ambiental.",0.0,"Las personas vulnerables aparecen como quienes cargan con los impactos, sin agencia.",True,"Señala factores 'often interconnected' (nivel socioeconómico, género, edad, raza, etnicidad, cultura) y pide un enfoque interseccional y contextualizado.",0.5,"Equidad, interseccionalidad y política climática se conectan en el argumento normativo, sin análisis situado.",conceptual_teorico,cambio_climatico_general,Global
1351,0.0,No aplica: gate no superado.,0.0,No aplica: gate no superado.,0.0,No aplica: gate no superado.,0.0,No aplica: gate no superado.,0.0,high,,0.0,No aplica: gate no superado.,0.0,No aplica: gate no superado.,False,Eje único (género); pide 'further research ... to understand the intersectional complexity of gender' como agenda futura.,0.0,No aplica: gate no superado.,revision,desastres_multiples,Bangladesh; India; Indonesia; Iran; Nigeria; Philippines; Vanuatu; Vietnam
1352,1.0,"Trata a las mujeres jóvenes rurales como posición específica cuya combinación de edad, género y lugar produce restricciones.",0.5,"Describe expectativas intradomésticas y cargas de trabajo, sin nombrar estructuras de poder ni teorizarlas.",0.5,Agricultores de subsistencia de Ghana dependientes de la lluvia; contexto poco detallado.,0.0,El abstract no describe diseño empírico ni operacionalización de las intersecciones.,1.0,low,,0.0,No plantea implicaciones de justicia ni recomendaciones.,0.0,Las mujeres jóvenes aparecen solo como sujetos restringidos y sobrecargados.,True,"Sostiene que la intersección de edad, género y ubicación limita la toma de decisiones y los ingresos de las mujeres jóvenes.",0.5,Vincula intersección y agravamiento climático de forma coherente pero esquemática.,conceptual_teorico,cambio_climatico_general,Ghana
1353,0.0,No aplica: gate no superado.,0.0,No aplica: gate no superado.,0.0,No aplica: gate no superado.,0.0,No aplica: gate no superado.,0.0,medium,,0.0,No aplica: gate no superado.,0.0,No aplica: gate no superado.,False,"Enumera desigualdades 'along gender, income, caste, and ethnic differences' por separado; el enfoque interseccional se propone como ampliación futura del ODS 5.",0.0,No aplica: gate no superado.,revision,cambio_climatico_general,Global
1354,1.0,Rechaza tratar a las mujeres como grupo homogéneo e interpreta las interacciones como intersecciones entre agricultoras.,0.0,Los factores se tratan como atributos individuales; no se teorizan estructuras de poder.,0.5,"Tres aldeas climáticamente inteligentes de América Latina, sin detalle histórico-político.",1.0,Regresión logística ordinal con interacciones (educación × diversificación; educación × edad) y análisis de correspondencia canónica.,1.5,high,,0.5,"Pide anticipar interseccionalidades para diseñar políticas eficaces y equitativas, sin desarrollo de justicia.",0.0,"Las agricultoras aparecen como adoptantes cuyas conductas dependen de determinantes, sin agencia explícita.",True,"Estima efectos de interacción entre factores socioeconómicos (edad, educación, diversificación) que diferencian a las agricultoras en la adopción de prácticas climáticas.",0.5,"Método e intersecciones se articulan bien, pero sin poder estructural ni contexto que los expliquen.",empirico_cuantitativo,cambio_climatico_general,Latin America
1355,0.5,"Indigeneidad, edad y género aparecen como factores separados, sin analizar su co-construcción.",1.0,"Colonización, imposición cultural occidental, enfoques verticales, desempleo, restricciones educativas y vivienda inadecuada debilitan la reducción de riesgo.",1.0,"Galiwinku, Territorio del Norte de Australia, desde un paradigma crítico indígena y en lenguas locales.",0.5,Teoría fundamentada y etnografía con 20 miembros y diálogo con más de 50; sin análisis que cruce ejes.,2.5,medium,,1.0,Propone una teoría de reducción de riesgo comunitaria basada en alianzas bidireccionales y descolonizadoras.,1.0,"Documenta saberes, prácticas, parentesco y organizaciones indígenas que fortalecen a la comunidad.",True,En una comunidad indígena identifica la autoridad de Ancianos y el poder compartido entre mujeres y hombres como factores de reducción de riesgo.,0.5,"Colonialismo, contexto y agencia se articulan, pero la dimensión interseccional queda periférica.",empirico_cualitativo,desastres_multiples,Australia
1356,0.5,"Tenencia, ingreso y raza-etnicidad se tratan como poblaciones separadas; lo interseccional queda como conclusión.",0.5,"Explora impulsores de inequidad en programas federales de asistencia, sin teorizar estructuras como el racismo.",0.5,"Recuperación de inundaciones y programas federales en Estados Unidos, contexto general.",0.0,"Revisión que sintetiza disparidades por grupos paralelos, sin operacionalizar intersecciones.",1.0,medium,,0.5,"Señala el desempeño de programas ante necesidades no cubiertas y brechas de transparencia, sin desarrollar propuestas.",0.0,Las poblaciones vulnerables aparecen solo enfrentando barreras y malos resultados.,True,"Identifica a inquilinos, hogares de bajos ingresos y minorías raciales y étnicas con barreras de acceso, y reclama reconocer vulnerabilidades interseccionales.",0.5,"Disparidades, impulsores y programas se conectan, pero los ejes permanecen yuxtapuestos.",revision,inundacion,United States
1357,0.5,"Raza, género y geografía se nombran juntos como discursos, sin analizar cómo se co-construyen en el proyecto.",0.5,"Señala jerarquías de conocimiento Norte-Sur y racismo global, sin teorizar sus mecanismos.",1.0,"Fondes Amandes, Trinidad; herencia merikin y valores rastafaris; reconoce respuestas enraizadas en contextos culturales específicos.",0.5,"Estudio de caso y análisis de opiniones de permacultores del Norte, sin diseño que cruce ejes.",2.0,medium,,1.0,Reclama reconocimiento de saberes y trato equitativo del personal hacia movimientos sostenibles equitativos.,1.0,"Documenta estrategias agroforestales, saberes tradicionales y liderazgo comunitario del proyecto.",True,"Vincula la falta de reconocimiento del proyecto con discursos sobre raza, género y geografía que marginan saberes feministas, indígenas y del Sur.",0.5,"Discursos de raza, género y geografía explican la invisibilización, pero el análisis interseccional es esquemático.",empirico_cualitativo,cambio_climatico_general; incendio_forestal,Trinidad and Tobago
1358,0.5,"Raza y clase se entrelazan vía capitalismo racial, pero el abstract no detalla posiciones interseccionales concretas.",1.0,Capitalismo racial y racismos ambientales y habitacionales históricos; la resiliencia experta valida esos procesos.,1.0,"Washington, DC, historia de racismo ambiental y habitacional, trabajo de campo 2015–2018.",0.5,"Archivo, historias orales, encuesta vecinal y entrevistas, sin diseño explícito que opere intersecciones.",3.5,medium,,1.0,Propone una justicia climática abolicionista que reimagina la resiliencia.,1.0,Destaca la ética del cuidado y la sanación practicada por los residentes considerados en riesgo.,True,Analiza áreas de mayoría negra desde el capitalismo racial y los 'intersectional drivers of precarity and trauma' de sus residentes.,1.0,El capitalismo racial explica la precariedad interseccional situada en DC y fundamenta la propuesta abolicionista.,empirico_mixto,cambio_climatico_general,United States
1359,0.0,No aplica: gate no superado.,0.0,No aplica: gate no superado.,0.0,No aplica: gate no superado.,0.0,No aplica: gate no superado.,0.0,high,,0.0,No aplica: gate no superado.,0.0,No aplica: gate no superado.,False,Eje único (género en la política climática de la UE); la interseccionalidad se menciona como enfoque de 'a handful of scholars'.,0.0,No aplica: gate no superado.,conceptual_teorico,cambio_climatico_general,European Union
1360,0.5,"Cruza género y posición poscolonial ('(African) women') en la crítica discursiva, pero no analiza en detalle cómo se co-construyen los ejes.",1.0,Crítica decolonial/poscolonial y ecofeminista: los discursos de desarrollo reproducen vulnerabilidad y ocultan el despojo de tierras.,1.0,Genealogía histórica de imaginarios de género que viajaron a Maasailand (Tanzania); rechaza categorías esencializantes.,0.0,Análisis discursivo-conceptual; no hay diseño empírico que operacionalice intersecciones.,2.0,medium,,1.0,Argumenta contra la 'feminization of climate change' y pide escuchar a las mujeres en lugar de hablar por ellas.,0.5,"Reivindica las cualidades agenciales y 'what women do', pero no documenta estrategias concretas.",True,Critica discursos que posicionan a mujeres africanas y maasai como vulnerables; articula género con colonialidad/Sur Global y reclama las dimensiones interseccionales del género.,0.5,"Crítica poscolonial, contexto histórico y agencia se conectan, pero sin análisis interseccional ni método que los articule plenamente.",conceptual_teorico,cambio_climatico_general,Tanzania
1361,0.5,"El cruce del género con otras desigualdades se discute a lo largo del informe, pero el foco es el análisis de género.",0.5,"Nombra desigualdades existentes, violencia y discriminación, sin teorizar estructuras ni mecanismos de poder.",0.5,"Ártico, Consejo Ártico y Declaración de Reikiavik; pide datos específicos del Ártico, pero el contexto apenas se describe.",0.0,"Reseña de un informe; señala la falta de datos desagregados, sin diseño empírico propio.",1.5,medium,,1.0,"Recomendaciones para la transversalización de género y la no discriminación, con el Consejo Ártico como impulsor.",0.5,"Incluye un capítulo sobre empoderamiento y control del propio destino, sin documentar estrategias.",True,Situación 3: el informe discute 'the varying roles that gender—and its intersections with existing inequalities—plays' en los impactos climáticos.,0.5,Los temas del informe se presentan en paralelo; la intersección del género orienta parcialmente las recomendaciones.,otro,cambio_climatico_general,Arctic
1363,1.0,Posiciones específicas: las viudas en sociedades patrilineales tienen más control de la tierra que en las matrilineales; no es suma de ejes.,0.5,"Atribuye la discriminación a la 'patriarchal dominance', pero el marco enfatiza dimensiones culturales sin teorizar mecanismos.",1.0,"Comunidades Kom y Oku en Bamenda Highlands; contrasta con otras comunidades matrilineales, reconociendo que los hallazgos son situados.",1.0,"Historias de vida con agricultoras de una comunidad matrilineal y otra patrilineal, comparando solteras, casadas y viudas.",2.0,medium,,0.5,"Recomienda incluir perspectivas culturales en las políticas de adaptación, sin desarrollar una orientación de justicia.",0.5,Menciona la autonomía de las viudas sobre la tierra; no documenta estrategias ni resistencias.,True,"Articula género, etnicidad (sistemas matrilineal y patrilineal de Kom y Oku) y estado civil en la vulnerabilidad de las agricultoras.",0.5,"Diseño y hallazgos se conectan con el contexto, pero el poder patriarcal apenas se articula con el análisis cultural.",empirico_cualitativo,cambio_climatico_general,Cameroon
1364,0.5,El género es el eje central; otros factores sociales que se cruzan se consideran de forma complementaria.,1.0,"Las instituciones climáticas '(re)produce power relations', promueven normas y distribuyen recursos; teoría institucionalista feminista.",0.5,"Estados industrializados, ministerios, autoridades locales, UE y CMNUCC; contextos variados sin detalle en el resumen.",0.0,Volumen colectivo con ejemplos institucionales; no describe un método que opere intersecciones.,1.0,medium,,0.5,"Señala oportunidades para avanzar igualdad de género, equidad y justicia social, sin desarrollarlas.",0.0,El foco son las instituciones; no se aborda la agencia de sujetos.,True,Situación 3: estudia el poder en relación con el género y 'other intersecting social factors' en las instituciones climáticas.,0.5,"El poder institucional se conecta con diferencias sociales, pero el cruce de ejes no se analiza en el resumen.",empirico_cualitativo,cambio_climatico_general; mitigacion_transicion,Global North
1365,0.5,"Habla de 'compounding factors' como género y lugar, pero los explora como diferencias de género y de lugar, de forma más bien aditiva.",0.0,Describe disparidades de acceso y cargas laborales sin nombrar estructuras de poder ni mecanismos.,0.5,"Liberia posconflicto, 22 comunidades del centro-norte; contexto nombrado pero poco desarrollado históricamente.",0.5,"352 encuestas, 44 grupos focales y análisis espacial de diferencias por género y lugar, sin análisis interaccional explícito.",1.0,low,,0.5,Implicaciones prácticas: focalizar el gasto en extensión y más extensionistas mujeres; sin marco de justicia desarrollado.,0.5,Explora la agencia del hogar y recoge la demanda de más extensionistas mujeres; agencia marginal.,True,"Articula género y lugar (aislamiento rural, posconflicto) como factores que se combinan en el acceso a la extensión agraria.",0.5,"Integración parcial: vincula género, lugar y capacidad adaptativa, pero sin explicación estructural.",empirico_mixto,cambio_climatico_general,Liberia
1366,1.0,"Propone el 'feminized occupational status' como posición específica que combina género, ocupación y clase en la 'emotional double duty'.",1.0,Marco feminista y de injusticia ambiental; 'racialized disaster patriarchy'; carga no reconocida y subcompensada como mecanismo.,0.5,Cayos de Florida tras el huracán Irma; contexto específico pero poco desarrollado histórica y políticamente.,0.5,"Relatos en primera persona de docentes de primaria; grupo único, sin codificación cruzada descrita.",3.0,medium,,1.0,"Busca reconocimiento, distribución justa de cargas y regímenes más justos de planificación, formación y compensación.",0.5,"Reconoce a los docentes como trabajadores esenciales de la recuperación, aunque el énfasis está en la carga.",True,"Articula género (ocupaciones feminizadas), clase y estatus ocupacional en la carga del trabajo emocional tras el huracán Irma.",1.0,"El poder patriarcal y de clase explica la carga de la posición ocupacional feminizada en el contexto post-Irma, con propuestas de justicia.",empirico_cualitativo,ciclon_huracan_tormenta,United States
1367,0.5,"Enuncia la intersección de género, raza y clase como rasgo de las teorías feministas, sin analizar su co-construcción en un caso.",1.0,Crítica sistemática de formas capitalistas y patriarcales de organizar que perpetúan desigualdades interseccionales.,0.0,"Ensayo teórico general, sin anclaje en un contexto histórico o geográfico concreto.",0.0,Conceptual; no hay operacionalización empírica.,1.5,medium,,1.0,"Propone organizar para la igualdad interseccional, tecnologías emancipadoras y una ética feminista del cuidado.",0.5,Destaca valores alternativos y otras formas de conocer como respuesta; la agencia colectiva apenas se esboza.,True,"Teoriza el género 'in intersection with race, class' y las 'complex intersectional inequalities' en las organizaciones.",0.5,"Poder e interseccionalidad se articulan conceptualmente con la propuesta transformadora, sin contexto ni método.",conceptual_teorico,cambio_climatico_general,No especificado
1368,0.0,No aplica: gate no superado.,0.0,No aplica: gate no superado.,0.0,No aplica: gate no superado.,0.0,No aplica: gate no superado.,0.0,low,,0.0,No aplica: gate no superado.,0.0,No aplica: gate no superado.,False,"Solo menciona 'persistent and interlocking socioeconomic inequalities' y grupos marginados, sin nombrar ni relacionar categorías de diferenciación social.",0.0,No aplica: gate no superado.,empirico_cualitativo,cambio_climatico_general,Brazil; Colombia
1369,0.5,El análisis se centra en el género; las intersecciones con casta y clase aparecen solo en las conclusiones y recomendaciones.,0.5,"Critica la transversalización superficial del género y nombra casta y clase, sin teorizar mecanismos estructurales.",0.5,"28 planes estatales de acción climática en India; contexto de política subnacional, sin profundidad histórica.",0.0,Revisión documental del género en las políticas; no hay codificación cruzada de ejes.,1.0,medium,,1.0,"Propone puntos de entrada entre estudios feministas y política de adaptación, y enfoques género-transformadores.",0.0,Las mujeres aparecen como beneficiarias de políticas; no se documenta agencia.,True,"Plantea que el género debe abordarse en sus 'intersections of sex, caste, class, and resources'.",0.5,"El análisis de política y las recomendaciones se conectan, pero la interseccionalidad queda como añadido final.",empirico_cualitativo,cambio_climatico_general,India
1370,0.0,No aplica: gate no superado.,0.0,No aplica: gate no superado.,0.0,No aplica: gate no superado.,0.0,No aplica: gate no superado.,0.0,medium,,0.0,No aplica: gate no superado.,0.0,No aplica: gate no superado.,False,"Se cruzan circunstancias (uso del suelo, clima, envejecimiento, vivir solo), no ejes sociales; 'analyze intersectionalities' queda como agenda futura.",0.0,No aplica: gate no superado.,conceptual_teorico,inundacion; nivel_mar_costas,Hong Kong
1371,1.0,"Analiza cómo las cargas se reparten entre campesinos posicionados de forma distinta por género y casta, no como ejes sueltos.",1.0,"Acumulación de capital, violencia infraestructural y ecología política feminista; acaparamiento de tierra y agua como mecanismos.",1.0,"Parque Solar de Gujarat, agricultores de secano y la descarbonización de la red eléctrica india.",0.5,"No detalla el método; el análisis por posiciones diferenciadas sugiere subgrupos, sin diseño interaccional explícito.",3.0,medium,,1.0,Crítica situada de la injusticia y de las cargas desproporcionadas de la transición renovable sobre poblaciones marginadas.,0.0,Los campesinos aparecen como receptores de cargas; no se documenta agencia ni resistencia.,True,Usa la 'infrastructural intersectionality' para analizar la política de género y casta entre campesinos 'differently positioned'.,1.0,La acumulación de capital explica cargas diferenciadas por género y casta en un contexto concreto de transición energética.,empirico_cualitativo,mitigacion_transicion,India
1373,1.0,"Las 'multiple gendered identities' co-dependen de los órdenes normativos; el resultado difiere para mujeres de comunidades musulmanas, anglófonas y francófonas.",1.0,Pluralidad de órdenes normativos estatales y no estatales sobre la tierra y 'power struggles' como mecanismo de vulnerabilidad.,1.0,Cinco zonas agroecológicas de Camerún; vulnerabilidad y adaptación 'context specific'.,0.5,"Compara zonas y comunidades, pero el resumen no describe muestreo ni análisis interseccional.",3.5,medium,,0.5,"Concluye con recomendaciones contextuales para fortalecer la capacidad adaptativa, sin desarrollar una orientación de justicia.",1.0,Las mujeres negocian constantemente sus reclamos de tierra y despliegan estrategias de adaptación.,True,"Negociaciones por la tierra influidas por estado civil, etnia, educación y relaciones comunitarias; resultados distintos para mujeres musulmanas, anglófonas y francófonas.",1.0,El pluralismo normativo sobre la tierra explica cómo identidades cruzadas moldean la adaptación en contextos concretos.,empirico_cualitativo,cambio_climatico_general,Cameroon
1374,1.0,"Interpreta que género y raza no son multiplicativos sino 'entangled', relacionados de forma no lineal, como posiciones sociales combinadas.",0.5,"Alude a 'dominant structural arrangements' que producen injusticias ambientales, sin especificar mecanismos.",0.5,Base de datos de EE. UU. sobre vertederos y desastres declarados; contexto nacional poco desarrollado.,1.0,"Regresión binomial negativa con interacciones dobles entre raza, sexo y nivel socioeconómico.",2.0,medium,,0.5,Discute implicaciones para la justicia ambiental y climática sin desarrollarlas en el resumen.,0.5,"Interpreta a las mujeres de color como 'agents of resistance', aunque la agencia se infiere de los resultados, no se documenta.",True,"Teoriza y analiza relaciones entre vertederos, desastres, raza, clase y género con un enfoque interseccional.",0.5,"Método y teoría interseccional se articulan, pero la explicación estructural y el contexto son débiles.",empirico_cuantitativo,desastres_multiples; cambio_climatico_general,United States
1375,0.5,"Teoriza múltiples ejes de identidad, pero aplica el caso a un solo grupo sin analizar su co-construcción.",1.0,"Sistemas kyriárquicos de dominación, urbanismo neoliberal y narrativas dominantes que reproducen desigualdades sistémicas.",0.5,"Población nómada irlandesa (Irish Travellers) y política climática de Irlanda; contexto nombrado, poco desarrollado.",0.0,Artículo conceptual de agenda; no hay operacionalización empírica.,2.0,medium,,1.0,Aboga por un urbanismo climático interseccional para no reproducir desigualdades sistémicas y afirmar la justicia climática.,0.5,"Menciona lecciones de la acción climática de grupos marginados y trabajos con comunidades indígenas, sin documentar estrategias.",True,Situación 3: el enfoque permite estudiar grupos 'through multiple axes of identity' y 'the kyriarchal multiple systems that dominate and oppress people'.,0.5,"Kyriarquía, ejes de identidad y justicia se articulan conceptualmente; el caso irlandés es ilustrativo.",conceptual_teorico,cambio_climatico_general,Ireland
1376,0.0,Gate no superado.,0.0,Gate no superado.,0.0,Gate no superado.,0.0,Gate no superado.,0.0,low,,0.0,Gate no superado.,0.0,Gate no superado.,False,"El 'intersectional trauma' acumula estresores ligados a raza/etnia; la clase solo aparece junto a la raza en disparidades de COVID-19, sin articularse.",0.0,Gate no superado; no se evalúa integración.,revision,ciclon_huracan_tormenta; otro,United States
1378,1.0,"Mujeres 'unskilled' frente a hombres, migrantes inquilinos frente a los de asentamientos informales, pastores mayores de 50: posiciones específicas.",1.0,"Espacios públicos de adaptación diseñados para hombres hispanohablantes propietarios; estructuras sociales, políticas y económicas como mecanismo.",1.0,"Provincia de Caylloma, cuatro distritos, retroceso glaciar; comunidades 'globally marginalized, yet locally heterogenous'.",1.0,"130 entrevistas semiestructuradas y observación participante, con análisis que cruza identidades en escalas individual, doméstica y distrital.",3.5,high,,0.5,"Señala oportunidades de adaptación desiguales; la orientación a la justicia ambiental queda implícita, sin recomendaciones.",1.0,"Documenta estrategias de diversificación y cómo quechuahablantes, mujeres y migrantes contribuyen a la adaptación colectiva.",True,"'identities like gender and age compound and interact with systems of power'; también estatus migratorio, lengua y tenencia de la tierra.",1.0,"Identidades cruzadas, estructuras de poder, método y contexto se articulan en la explicación de la adaptación desigual.",empirico_cualitativo,glaciares_criosfera; cambio_climatico_general,Peru
1379,0.5,"Los ejes coexisten en la población, pero el análisis trata sobre todo normas de género, sin examinar su co-construcción.",0.5,Pérdida de medios de vida y pobreza amplían desigualdades de género; se nombran normas sociales sin teorizar estructuras.,0.5,"Maasai de Kajiado y medios de vida ganaderos; contexto nombrado, poco desarrollado histórica y políticamente.",0.0,"12 informantes clave y un grupo focal de 8, seleccionados sin subgrupos interseccionales.",1.0,low,,0.5,"Recomienda un enfoque interseccional multinivel en los programas contra la MGF, sin desarrollarlo.",0.0,Mujeres y niñas representadas como desempoderadas; la MGF se describe como estrategia adaptativa perjudicial para ellas.,True,"Mujeres y niñas maasai en 'abject poverty': género, edad y clase se relacionan en la ampliación de desigualdades y el matrimonio infantil.",0.5,"Vincula clima, pobreza y normas de género en una cadena causal, con escasa articulación interseccional.",empirico_cualitativo,cambio_climatico_general,Kenya
1385,0.5,"Género y colonialidad aparecen unidos en una identidad nacional, pero su co-construcción no se analiza en el resumen.",0.5,Perspectivas críticas y decoloniales sobre la conservación y la ideología carnista; estructuras nombradas sin mecanismos.,0.5,Referencias a epopeyas nacionales argentinas y lenguas indígenas; el diálogo es mayormente general.,0.0,Diálogo de comentarios; no hay operacionalización empírica.,1.0,low,,1.0,Agenda de investigación para la justicia climática; llama a trabajo comunitario y a coaliciones de investigación y acción.,0.5,"Reconoce el poder de las lenguas indígenas para descolonizar la justicia climática, sin documentar prácticas.",True,Un comentario sostiene que 'gendered and colonial Argentinian identities' sostienen una ideología carnista; se suma la indigeneidad lingüística.,0.0,Comentarios yuxtapuestos; los elementos interseccionales aparecen en piezas distintas sin articularse.,conceptual_teorico,cambio_climatico_general,Argentina; Global
1387,0.0,No aplica: no supera el gate.,0.0,No aplica: no supera el gate.,0.0,No aplica: no supera el gate.,0.0,No aplica: no supera el gate.,0.0,medium,,0.0,No aplica: no supera el gate.,0.0,No aplica: no supera el gate.,False,Solo aboga por una 'intersectional understanding' de la crisis climática desde masculinidades ecológicas; no relaciona el género con otros ejes sociales.,0.0,No aplica: no supera el gate.,conceptual_teorico,cambio_climatico_general,No especificado
1388,0.5,"Los ejes se enumeran como fuentes de vulnerabilidad acumulada, sin analizar cómo se co-construyen.",0.0,"Habla de comunidades con menos recursos, sin nombrar estructuras ni mecanismos de poder.",0.0,"Planteamiento general, sin anclaje histórico ni geográfico.",0.0,Comentario conceptual; no hay operacionalización empírica.,0.5,medium,,0.5,"Pide articular la interseccionalidad en modelos y políticas de adaptación y salud mental, de forma genérica.",0.0,"Los grupos aparecen como poblaciones de alto riesgo, sin agencia.",True,"Ejemplifica enfoques interseccionales con 'poverty, place, and race' y habla de 'compounded vulnerability' de quienes tienen menos recursos.",0.0,Elementos mínimos y yuxtapuestos; no hay análisis articulado.,conceptual_teorico,cambio_climatico_general,No especificado
1393,0.5,"La inseguridad alimentaria difiere por rol (44,4 % de tripulantes), pero etnicidad y posición ocupacional no se analizan como co-constitutivas.",0.5,Inequidades y relaciones de poder en el acceso a pesquerías y ayuda gubernamental; sin marco estructural desarrollado.,0.5,"Fiyi, mayo de 2020, tras la COVID-19 y el ciclón Harold; poco contexto histórico sobre los indofiyianos.",0.5,"61 entrevistas a informantes clave desagregadas por rol, sin análisis interaccional.",1.5,low,,0.5,"Sugiere movilizar ayuda hacia los más vulnerables y evitar ampliar inequidades, sin desarrollar una agenda de justicia.",0.5,"Examina cómo respondieron a las dos crisis, pero la agencia apenas se desarrolla en el resumen.",True,"Actores indofiyianos de la pesca artesanal (pescadores, armadores, tripulantes, comerciantes) cuyo acceso a recursos depende de 'social relations of power'.",0.5,Relaciones de poder y vulnerabilidad diferencial se conectan parcialmente; el lente interseccional se invoca al final.,empirico_mixto,ciclon_huracan_tormenta; otro,Fiji
1394,1.0,Compara comunidades negras de bajos ingresos con blancas de altos ingresos: la inundación interior es siete veces más probable.,0.5,"Nombra la segregación racial y la privación económica, sin teorizar mecanismos estructurales.",0.5,"Costa de Carolina del Norte y del Sur; contexto geográfico preciso, sin desarrollo histórico.",1.0,Mapeo geoespacial con clasificación cruzada raza × ingreso en tres escenarios de aumento del mar.,2.0,medium,,0.5,"Pide recursos y medidas adaptativas focalizadas en comunidades negras de bajos ingresos, sin desarrollo.",0.0,Las comunidades aparecen solo como impactadas.,True,Analiza el aumento del nivel del mar 'at the intersection of race and poverty' en comunidades negras y de bajos ingresos.,0.5,"Cruce de ejes y método se conectan, pero sin explicación estructural desarrollada.",empirico_cuantitativo,nivel_mar_costas; inundacion,United States
1395,0.5,Género más relaciones sociales interseccionales genéricas; no especifica otros ejes ni analiza su co-construcción.,0.5,Vincula la transformación con relaciones sociales de género y violencia/abuso; no teoriza estructuras ni mecanismos de poder.,0.0,Sin contexto geográfico ni histórico específico; lo 'situado' se refiere a trayectorias vitales en abstracto.,0.0,Revisión conceptual sin operacionalización empírica de intersecciones.,1.0,low,,0.5,"Propone una forma más equitativa de definir la responsabilidad individual en la transformación, sin desarrollarla.",0.5,"Reconoce la capacidad de transformación de sobrevivientes, subrayando sus costos; no documenta estrategias concretas.",True,"Sostiene que el potencial de transformación se construye diferencialmente mediante 'intersectional social relations', desde un enfoque de género (regla 3, tercer supuesto).",0.5,"Argumento coherente entre relaciones interseccionales, potencial diferenciado y equidad, pero con elementos poco desarrollados.",conceptual_teorico,cambio_climatico_general,No especificado
1399,0.0,No aplica: no supera el gate.,0.0,No aplica: no supera el gate.,0.0,No aplica: no supera el gate.,0.0,No aplica: no supera el gate.,0.0,high,,0.0,No aplica: no supera el gate.,0.0,No aplica: no supera el gate.,False,La interseccionalidad solo figura en keywords; el abstract habla de 'different societal groups' y poder sin nombrar ni relacionar ejes de diferenciación.,0.0,No aplica: no supera el gate.,conceptual_teorico,inundacion; cambio_climatico_general,No especificado
1400,0.0,No aplica: no supera el gate.,0.0,No aplica: no supera el gate.,0.0,No aplica: no supera el gate.,0.0,No aplica: no supera el gate.,0.0,high,,0.0,No aplica: no supera el gate.,0.0,No aplica: no supera el gate.,False,Un solo eje (discapacidad); la conclusión pide un enfoque 'intersectional and inclusive' sin relacionar la discapacidad con otras categorías sociales.,0.0,No aplica: no supera el gate.,empirico_cualitativo,desastres_multiples,Mexico
1407,0.0,No aplica: no supera el gate.,0.0,No aplica: no supera el gate.,0.0,No aplica: no supera el gate.,0.0,No aplica: no supera el gate.,0.0,high,,0.0,No aplica: no supera el gate.,0.0,No aplica: no supera el gate.,False,'Intersectional' califica una perspectiva de transición justa sobre trade-offs de política; no menciona ni relaciona ejes de diferenciación social.,0.0,No aplica: no supera el gate.,conceptual_teorico,mitigacion_transicion,China
1410,0.0,No aplica: no supera el gate.,0.0,No aplica: no supera el gate.,0.0,No aplica: no supera el gate.,0.0,No aplica: no supera el gate.,0.0,high,,0.0,No aplica: no supera el gate.,0.0,No aplica: no supera el gate.,False,Solo propone integrar 'intersectional critical legal perspectives' en la enseñanza del derecho de daños; no nombra ni relaciona ejes sociales.,0.0,No aplica: no supera el gate.,conceptual_teorico,cambio_climatico_general,New Zealand; Australia
1411,0.5,Reconoce determinantes sociales entrecruzados (género en keywords) sin especificar ejes ni analizar su co-construcción.,0.0,"Señala que la política de desarrollo ignora a migrantes, sin nombrar estructuras de poder ni mecanismos.",0.5,"Contexto amplio: migración interna y de corta distancia en hotspots climáticos de Asia y África, y COVID-19.",0.0,Síntesis de múltiples estudios sin diseño que opere intersecciones.,1.0,low,,0.5,"Pide atender la inmovilidad y sus determinantes en la política de desarrollo, sin desarrollar una orientación de justicia.",0.5,Reconoce la movilidad como estrategia de sustento y gestión del riesgo; agencia mencionada de forma general.,True,Los hallazgos destacan 'intersecting social determinants that influence who can move and who cannot': posiciones de (in)movilidad surgen de categorías sociales entrecruzadas.,0.5,"Conecta determinantes entrecruzados, (in)movilidad y política en un argumento programático, con articulación parcial.",revision,cambio_climatico_general,Asia; Africa
1412,0.5,"Intersección de identidades políticas y sociales planteada conceptualmente, sin especificar ejes ni su co-construcción.",1.0,Violencia estructural y estructuras de poder que impulsan el cambio climático; crítica decrecentista al crecimiento como meta económica.,0.0,"Marco conceptual general, sin anclaje histórico ni geográfico.",0.0,Trabajo teórico sin operacionalización empírica.,1.0,medium,,1.0,"Propone transformar estructuras de poder mediante redistribución, economías del cuidado y equidad global.",0.0,No aborda la agencia ni las estrategias de los sujetos.,True,Teoriza la violencia estructural 'experienced at the intersection of political and social identities' y estructuras de poder que moldean experiencias climáticas.,0.5,Poder estructural y propuesta decrecentista bien articulados; la dimensión interseccional queda en enunciado general.,conceptual_teorico,cambio_climatico_general,No especificado
1413,0.0,Gate no superado.,0.0,Gate no superado.,0.0,Gate no superado.,0.0,Gate no superado.,0.0,low,,0.0,Gate no superado.,0.0,Gate no superado.,False,"Enumera género, nivel socioeconómico, historia de desplazamiento y migración como subgrupos marginados, sin relacionarlos entre sí.",0.0,Gate no superado; no se evalúa integración.,revision,cambio_climatico_general,Pakistan
1415,1.0,Categorías combinadas: hombres no migrantes frente a mujeres no migrantes; el efecto climático se reduce en no migrantes y crece en migrantes.,0.5,"Ecología política y 'complex unequal power relations at multiple scales', sin teorizar los mecanismos de género o migración.",0.5,Costa de Tanzania y ola de adquisiciones de tierra en países de bajos ingresos; contexto poco detallado.,1.0,Regresión logística ordinal (n = 1136) con márgenes post-estimación para combinaciones de género y migración.,2.0,medium,,0.5,"Recomienda priorizar la agricultura campesina como estrategia de adaptación, sin desarrollo de justicia.",0.0,Los sujetos aparecen como perdedores de las adquisiciones; no se documenta agencia.,True,"Examina la inseguridad alimentaria 'across multiple intersections of vulnerabilities: gender, migration, and climate change'.",0.5,Cruce de ejes y método bien conectados; la explicación estructural queda enunciada.,empirico_cuantitativo,cambio_climatico_general; sequia,Tanzania
1416,0.0,No aplica: no supera el gate.,0.0,No aplica: no supera el gate.,0.0,No aplica: no supera el gate.,0.0,No aplica: no supera el gate.,0.0,high,,0.0,No aplica: no supera el gate.,0.0,No aplica: no supera el gate.,False,Llama a practicar 'collectivity and intersectionality' en arquitectura ante la crisis climática; no nombra ni relaciona ejes de diferenciación social.,0.0,No aplica: no supera el gate.,conceptual_teorico,cambio_climatico_general,No especificado
1417,0.5,"Opresiones entrelazadas teorizadas, pero el abstract solo especifica el género; otros ejes quedan implícitos en 'complex inequalities'.",1.0,Violencia estructural de género y Estado neoliberal: las categorías de beneficiario reproducen estructuras de desigualdad en la recuperación.,0.5,"Situado en India mediante historias de vida en tres desastres, sin detallar lugares ni historia política.",0.5,"Historias de vida de tres mujeres que captan desigualdades vividas, sin muestreo ni codificación interseccional explícitos.",3.0,medium,,1.0,Critica que la recuperación reitere estructuras de desigualdad e injusticia; propone reconceptualizarla desde el daño.,1.0,Documenta cómo las mujeres negocian desigualdades y narran una cotidianidad contracultural frente a la recuperación.,True,Teoriza 'intersections of social relations' y la interseccionalidad como 'interlocking systems of oppression' en la recuperación generizada de mujeres sobrevivientes.,1.0,"El marco 'wounded attachments' articula poder estructural, opresiones entrelazadas, experiencia cotidiana y agencia en contexto.",empirico_cualitativo,desastres_multiples,India
1419,0.0,No aplica: no supera el gate.,0.0,No aplica: no supera el gate.,0.0,No aplica: no supera el gate.,0.0,No aplica: no supera el gate.,0.0,high,,0.0,No aplica: no supera el gate.,0.0,No aplica: no supera el gate.,False,Solo 'reviews' la interseccionalidad y la política identitaria; el análisis se centra en un eje (infancia/edad) sin relacionarlo con otras categorías.,0.0,No aplica: no supera el gate.,empirico_cualitativo,cambio_climatico_general,South Africa; Sweden
1420,0.5,La clase es el eje central; el género aparece como agravante ('especially on women') sin analizar su co-construcción.,1.0,"Agroextractivismo depredador, ejército de reserva y población excedente relativa como mecanismos de la economía política de las renovables.",1.0,Complejos de caña y palma en Guatemala desde 2005; transición situada histórica y territorialmente.,0.5,El resumen no describe el método; identifica impactos diferenciados por género dentro de las familias trabajadoras.,2.0,medium,,1.0,"Cuestiona la administración climática no transformadora y reivindica proyectos de vida más justos, culturalmente adecuados y juveniles.",0.5,Señala que muchos luchan por no caer en la condición de excluidos; agencia apenas mencionada.,True,La purga golpea más a 'working families (and especially on women)'; también menciona dimensiones culturales y juveniles.,0.5,"Estructura y contexto se articulan bien, pero la interseccionalidad de género y clase queda poco desarrollada.",empirico_cualitativo,mitigacion_transicion,Guatemala
1425,0.0,No aplica: no supera el gate.,0.0,No aplica: no supera el gate.,0.0,No aplica: no supera el gate.,0.0,No aplica: no supera el gate.,0.0,high,,0.0,No aplica: no supera el gate.,0.0,No aplica: no supera el gate.,False,"Las intersecciones son entre crisis y temas (clima, inmigración, salud pública, encarcelamiento masivo), no entre ejes de diferenciación social.",0.0,No aplica: no supera el gate.,conceptual_teorico,cambio_climatico_general,No especificado
1426,0.0,No aplica: no supera el gate.,0.0,No aplica: no supera el gate.,0.0,No aplica: no supera el gate.,0.0,No aplica: no supera el gate.,0.0,medium,,0.0,No aplica: no supera el gate.,0.0,No aplica: no supera el gate.,False,"Declara un 'intersectional approach to ecofeminism', pero analiza género y naturaleza; religión, historia y colonia aparecen como contextos, no como ejes relacionados.",0.0,No aplica: no supera el gate.,conceptual_teorico,cambio_climatico_general,United States
1427,0.0,No aplica: no supera el gate.,0.0,No aplica: no supera el gate.,0.0,No aplica: no supera el gate.,0.0,No aplica: no supera el gate.,0.0,high,,0.0,No aplica: no supera el gate.,0.0,No aplica: no supera el gate.,False,Reclama un movimiento climático 'intersectional' desde la ecología queer; trabaja un solo eje (sexualidad) sin relacionarlo con otras categorías sociales.,0.0,No aplica: no supera el gate.,conceptual_teorico,cambio_climatico_general,United States
1428,0.5,"Identifica el 'young masculine subject' como formación interseccional, pero no desarrolla cómo edad y género se co-construyen.",0.5,"Analiza relaciones de poder y 'strategic territorialisations' del discurso de seguridad climática, sin nombrar estructuras como patriarcado o racismo.",0.5,"Caso del conflicto sirio y puntos 'context-specific, multi-scalar', con el contexto histórico apenas esbozado en el abstract.",0.0,Trabajo conceptual basado en la teoría de ensamblajes con caso ilustrativo; no operacionaliza intersecciones empíricamente.,1.0,medium,,0.5,"Dimensión crítica sobre la política de las afirmaciones causales clima-terrorismo, sin orientación explícita a justicia o transformación.",0.0,"El sujeto joven masculino aparece como vulnerable a la radicalización, sin agencia ni estrategias documentadas.",True,"Sostiene que el ensamblaje se territorializa en formaciones de sujeto interseccionales, en particular un sujeto joven y masculino: edad y género articulados.",0.5,"El ensamblaje enlaza poder discursivo y formación de sujetos, pero lo interseccional es un hilo secundario del argumento.",conceptual_teorico,cambio_climatico_general,Syria
1429,0.5,Define la exclusión interseccional de forma genérica; no analiza cómo indigeneidad y juventud se co-construyen.,1.0,"La COP perpetúa estructuras de poder coloniales mediante su espacio, sus políticas y la organización del movimiento; marco decolonial.",0.5,"Situado en la COP25 de 2019 y su carácter colonial, con escaso desarrollo histórico del contexto.",0.5,"Observación participante y entrevistas que revelan exclusión interseccional, sin muestreo ni codificación explícita por subgrupos.",2.0,medium,,1.0,"Pide soluciones climáticas centradas en comunidades indígenas, devolverles tierras y transformar los sistemas en la raíz de la crisis.",1.0,"Documenta prioridades, frustraciones y esperanzas de jóvenes activistas que se organizan por la justicia climática.",True,"Articula indigeneidad y juventud mediante la noción de exclusión interseccional, vivida por personas con identidades marginadas que se intersectan.",0.5,"El poder colonial explica la exclusión y orienta la praxis, pero el entrelazamiento de ejes queda genérico.",empirico_cualitativo,cambio_climatico_general,Global
1432,0.0,No aplica: no supera el gate.,0.0,No aplica: no supera el gate.,0.0,No aplica: no supera el gate.,0.0,No aplica: no supera el gate.,0.0,high,,0.0,No aplica: no supera el gate.,0.0,No aplica: no supera el gate.,False,"Enumera riesgos climáticos, falta de servicios y desigualdades de género por separado; la interseccionalidad solo figura en keywords.",0.0,No aplica: no supera el gate.,empirico_cualitativo,cambio_climatico_general,Sudan
1437,1.0,Clasificación cruzada raza × educación (negras universitarias frente a blancas universitarias) leída como posición social combinada.,0.5,"Nombra el racismo como factor de riesgo materno y en las keywords, sin teorizar sus mecanismos estructurales.",0.5,"Minnesota, 2009–2015, área metropolitana de Minneapolis–St. Paul; ubicación precisa sin contexto histórico o político.",1.0,"Estima riesgos relativos por subgrupos cruzados de raza y educación, además de controlar covariables.",1.5,medium,,0.0,"Resultados epidemiológicos descriptivos; la equidad en salud solo figura como keyword, sin implicaciones de justicia.",0.0,"Las mujeres aparecen como unidades de exposición y riesgo, sin agencia.",True,Compara el riesgo de parto prematuro de mujeres negras y blancas con título universitario ante olas de calor: raza y educación cruzadas.,0.5,"El cruce raza × educación se opera metodológicamente, pero no se articula con el racismo estructural ni el contexto local.",empirico_cuantitativo,calor_extremo,United States
1440,0.5,Revisa solo el género como base de marginación; raza y clase aparecen con el Green New Deal sin analizar su entrelazamiento.,0.5,"Plantea la desigualdad como causa raíz del daño ambiental y de la crisis climática, sin teorizar mecanismos estructurales.",0.5,"Usa el Green New Deal estadounidense como caso de política, con un contexto apenas desarrollado.",0.0,"Ensayo con revisión de literatura, sin operacionalización empírica de intersecciones.",1.5,medium,,1.0,"Exhorta a comunicadores y activistas a priorizar desigualdades sociales, raciales y económicas; ve el Green New Deal como oportunidad transformadora.",0.5,"Menciona a las mujeres como líderes clave para un futuro sostenible, sin documentar su agencia.",True,"Aunque revisa sobre todo el género, liga de forma inextricable la injusticia racial y económica dentro de un enfoque interseccional de la política climática.",0.5,"Desigualdad, política y praxis se conectan en el argumento, pero los ejes siguen tratándose por separado.",conceptual_teorico,cambio_climatico_general; mitigacion_transicion,United States
1441,0.0,No aplica: no supera el gate.,0.0,No aplica: no supera el gate.,0.0,No aplica: no supera el gate.,0.0,No aplica: no supera el gate.,0.0,high,,0.0,No aplica: no supera el gate.,0.0,No aplica: no supera el gate.,False,Los 'intersectional determinants of health' se mencionan solo como oportunidad futura; no se nombran ni relacionan ejes de diferenciación social.,0.0,No aplica: no supera el gate.,conceptual_teorico,cambio_climatico_general,Global
1445,0.0,No aplica: no supera el gate.,0.0,No aplica: no supera el gate.,0.0,No aplica: no supera el gate.,0.0,No aplica: no supera el gate.,0.0,low,,0.0,No aplica: no supera el gate.,0.0,No aplica: no supera el gate.,False,"Centrado en cultura/etnicidad; las 'intersections of social identities' solo aparecen como invitación final al lector, sin teorizarse ni relacionarse.",0.0,No aplica: no supera el gate.,conceptual_teorico,desastres_multiples,United States
1446,0.5,"Examina diferencias intragénero por edad, estado civil y residencia, tratadas como factores sociodemográficos más que como posiciones co-construidas.",0.5,"Alude a relaciones de poder y dinámicas de decisión en el hogar que median el acceso a recursos, sin teorizar estructuras.",0.5,"Situado en el Ghana semiárido, con percepciones locales de lluvia y temperatura; contexto histórico-político escaso.",0.5,"103 agricultoras con entrevistas, grupos focales e informantes clave; compara subgrupos intragénero sin análisis interaccional explícito.",2.0,medium,,0.5,"Pide considerar las diferencias intragénero en la planificación y focalización de la adaptación, sin un enfoque de justicia desarrollado.",1.0,Documenta percepciones climáticas y estrategias de adaptación de las propias agricultoras.,True,"Analiza cómo el género se intersecta con edad, estado civil y estatus residencial en las estrategias de adaptación de mujeres agricultoras.",0.5,"Ejes, poder doméstico y adaptación se conectan parcialmente; los ejes operan como factores sociodemográficos.",empirico_cualitativo,cambio_climatico_general,Ghana
1450,0.0,No aplica: no supera el gate.,0.0,No aplica: no supera el gate.,0.0,No aplica: no supera el gate.,0.0,No aplica: no supera el gate.,0.0,medium,,0.0,No aplica: no supera el gate.,0.0,No aplica: no supera el gate.,False,Aplica un 'intersectional lens' a discursos de género en las COP; las divisiones espaciales no se plantean como eje social entrelazado con el género.,0.0,No aplica: no supera el gate.,empirico_cualitativo,cambio_climatico_general,Global
1452,0.5,"Señala el cruce de la discapacidad con otras dimensiones de vulnerabilidad, sin especificarlas ni analizar su co-construcción.",0.0,Atribuye la exclusión a actitudes culturales negativas y definiciones variables; no teoriza capacitismo ni otras estructuras.,0.5,"Contexto de política global (Marco de Sendai 2015–2030) revisado en varios países, de forma superficial.",0.0,Revisión de estudios sin método que opere intersecciones.,0.5,low,,0.5,"Recomienda inclusión deliberada y empoderamiento de personas con discapacidad en la reducción del riesgo, sin marco de justicia desarrollado.",0.5,"Menciona empoderar a las personas con discapacidad en la preparación, sin documentar su agencia.",True,Tema emergente: 'the intersectionality of disability with other dimensions of vulnerability'; relaciona un eje (discapacidad) con otras categorías sin nombrarlas.,0.0,Los tres temas hallados se yuxtaponen; el cruce interseccional no se articula con el resto del análisis.,revision,desastres_multiples,Global
1453,0.0,No aplica: no supera el gate.,0.0,No aplica: no supera el gate.,0.0,No aplica: no supera el gate.,0.0,No aplica: no supera el gate.,0.0,high,,0.0,No aplica: no supera el gate.,0.0,No aplica: no supera el gate.,False,"Enfoque neomaterialista sobre agencia humana y más-que-humana; la interseccionalidad solo aparece en keywords, sin ejes sociales nombrados ni relacionados.",0.0,No aplica: no supera el gate.,empirico_cualitativo,cambio_climatico_general,No especificado
1454,0.0,No aplica: no supera el gate.,0.0,No aplica: no supera el gate.,0.0,No aplica: no supera el gate.,0.0,No aplica: no supera el gate.,0.0,medium,,0.0,No aplica: no supera el gate.,0.0,No aplica: no supera el gate.,False,La 'intersectionality of gender and the environment' cruza un eje con un campo temático; no relaciona el género con otras categorías sociales.,0.0,No aplica: no supera el gate.,revision,cambio_climatico_general,Global
1456,0.5,"Género, generación y estatus socioeconómico moldean las remesas, pero el abstract no analiza su co-constitución.",0.5,"Nombra relaciones de género y generacionales que estructuran las prácticas, sin teorizar estructuras de poder.",0.5,Migración rural-urbana en Tailandia con enfoque translocal y multisituado; contexto histórico-político escaso.,0.5,Investigación cualitativa multisituada con constelaciones típicas de remesas; subgrupos descriptivos sin análisis interaccional explícito.,1.5,medium,,0.0,"Objetivo analítico (comprender el potencial de las remesas para la resiliencia), sin dimensión crítica ni de justicia.",1.0,Documenta prácticas de envío y uso de remesas como estrategias de resiliencia social de los hogares.,True,"Muestra cómo género, relaciones generacionales y estatus socioeconómico del hogar se entrecruzan como ejes de diferencia en las prácticas de remesas.",0.5,"La resiliencia translocal enlaza ejes y espacio, pero sin conexión con el poder estructural.",empirico_cualitativo,cambio_climatico_general,Thailand
1457,0.5,"Pide atender factores interseccionales (pobreza, ruralidad) de la vulnerabilidad de género, sin analizar cómo se co-constituyen.",0.5,"Señala relaciones de poder de género y acciones climáticas que pueden consolidar desigualdades, con mecanismos poco teorizados.",0.0,"Panorama global de impactos de género; no se ancla en una geografía, historia o política concreta.",0.0,Capítulo conceptual sin diseño empírico que opere intersecciones.,1.0,medium,,1.0,Aboga por una resiliencia transformadora que evite que las acciones climáticas consoliden desigualdades de género.,0.5,"Rechaza la imagen de las mujeres como víctimas o defensoras virtuosas, sin documentar su agencia.",True,"Sostiene que género, pobreza y ruralidad se intersectan en la vulnerabilidad y rechaza ver a las mujeres como grupo indiferenciado.",0.5,"Vincula factores interseccionales, poder y resiliencia transformadora de forma parcial y sin anclaje situado.",conceptual_teorico,cambio_climatico_general,Global
1461,1.0,Mujeres indígenas y jóvenes quedan fuera del núcleo dominado por hombres indígenas mayores y mujeres blancas: posiciones no aditivas.,1.0,"Colonialismo de asentamiento, heteropatriarcado y racismo operan bajo la apariencia de colaboración; marco feminista indígena.",1.0,"Colaboración científica climática norteamericana de escala nacional, anclada en el colonialismo de asentamiento; advierte sobre usos no examinados de la 'tradición'.",1.0,Análisis de redes sociales con métodos mixtos que evalúa actores centrales según identidades interseccionales y roles de liderazgo.,4.0,high,,1.0,Propone que la reciprocidad relacional y la autodeterminación indígenas sustituyan la retórica de la diversidad para descolonizar colaboraciones.,1.0,Documenta que las mujeres indígenas reconectan miembros y aportan trabajo invisible; iniciativas indígenas para reanimar la gobernanza.,True,Evalúa posiciones de gobernanza según identidades interseccionales: mujeres indígenas y jóvenes frente a hombres indígenas mayores y mujeres blancas.,1.0,"El poder colonial-patriarcal explica las posiciones interseccionales, medidas con redes en su contexto y orientadas a la descolonización.",empirico_mixto,cambio_climatico_general,United States
1463,1.0,"Los resultados atribuyen el posicionamiento ante el riesgo a 'different intersections of class, gender, age, and place', no a ejes sueltos.",0.5,Teoría del riesgo interseccional ligada a 'power structure' y crítica de narrativas oficiales; no teoriza mecanismos de estructuras concretas.,0.5,Cuatro regiones suecas expuestas y retórica oficial sueca de responsabilidad individual; escaso contexto histórico-político.,0.5,Análisis narrativo de 44 entrevistas interpretado con lente interseccional; no describe muestreo ni codificación por intersecciones.,2.0,medium,,0.5,"Señala implicaciones para políticas y guías de adaptación, sin una orientación explícita a la justicia.",0.5,"Recoge narrativas alternativas y contranarrativas de los propietarios; la agencia aparece, pero no es eje del análisis.",True,"Analiza cómo intersecciones de clase, género, edad y lugar configuran posiciones frente al riesgo climático.",0.5,"La teoría del riesgo interseccional conecta estructuras e intersecciones con la preparación, pero contexto y método son escuetos.",empirico_cualitativo,cambio_climatico_general,Sweden
1464,0.0,No aplica: no supera el gate.,0.0,No aplica: no supera el gate.,0.0,No aplica: no supera el gate.,0.0,No aplica: no supera el gate.,0.0,medium,,0.0,No aplica: no supera el gate.,0.0,No aplica: no supera el gate.,False,"El 'intersectional feminist analysis' se presenta como herramienta de la coalición, pero el abstract no nombra ni relaciona ejes más allá del género.",0.0,No aplica: no supera el gate.,empirico_cualitativo,mitigacion_transicion,United States
1465,0.5,"Relaciona género y equidad social como interseccionales, sin especificar ejes ni analizar su co-construcción.",0.5,Asimetrías de poder en acceso y distribución que se replican en nuevos regímenes energéticos; estructuras no especificadas.,0.5,"Reconoce dinámicas estructurales insertas en contextos socioculturales y socioeconómicos, sin situarlas en lugares concretos.",0.0,Revisión de literatura sin método que opere intersecciones.,1.0,low,,0.5,"Advierte que 'greening' no garantiza justicia y pide atender asimetrías temprano, sin desarrollar propuestas.",0.0,No aborda agencia ni estrategias de los sujetos.,True,"Revisa cómo las tecnologías bajas en carbono afectan 'gender and social equity in intersectional ways', dentro de asimetrías estructurales de poder.",0.5,"Conecta equidad interseccional con reproducción estructural de desigualdades en transiciones energéticas, de forma general.",revision,mitigacion_transicion,Global
1468,0.5,"Declara analizar intersecciones edad-género, pero los resultados reportan variación por género, edad y clase por separado.",0.5,"Ecología política feminista; nombra globalización, agronegocio y acceso desigual a recursos sin teorizar mecanismos de poder.",1.0,"Rayón, comunidad rural semiárida del noroeste de México, con cambios agrícolas, hídricos y socioeconómicos detallados.",0.5,Jóvenes por género y tres categorías de edad; el abstract no detalla el método ni un análisis interaccional.,2.0,medium,,0.5,"Identifica necesidades de educación ambiental, capacitación y cuidados, sin orientación explícita a la justicia.",1.0,"Centra el análisis en decisiones juveniles: diversificación de medios de vida, migración y elecciones educativas.",True,Examina las intersecciones de edad y género en decisiones de sustento; el acceso a recursos también varía por clase social.,0.5,"Doble exposición y ecología política feminista enlazan contexto y decisiones, pero la intersección edad-género queda poco analizada.",empirico_cualitativo,cambio_climatico_general,Mexico
1470,0.0,No aplica: no supera el gate.,0.0,No aplica: no supera el gate.,0.0,No aplica: no supera el gate.,0.0,No aplica: no supera el gate.,0.0,high,,0.0,No aplica: no supera el gate.,0.0,No aplica: no supera el gate.,False,Enumera 'intersectional approaches' entre las perspectivas del número especial; no nombra ni relaciona ejes de diferenciación social.,0.0,No aplica: no supera el gate.,otro,cambio_climatico_general,Global
1471,1.0,"Interacciones raza×género×ingreso enmarcadas como interseccionalidad (regla 4), aunque su interpretación apenas se desarrolla.",0.0,No nombra estructuras de poder; los ejes son factores 'internos' de la elección modal.,0.5,Tres áreas metropolitanas más pobladas de Estados Unidos; contexto superficial.,1.0,"Modelo de elección discreta con términos de interacción entre raza, género e ingreso (185 respuestas).",1.5,medium,,0.5,"Recomienda diseñar servicios de evacuación equitativos, sin desarrollar la dimensión de justicia.",0.0,Los sujetos son encuestados cuyas preferencias se modelan; no se abordan agencia ni estrategias propias.,True,"Modela interacciones entre raza, género e ingreso como determinantes del uso de ridesourcing en evacuaciones.",0.5,"Las interacciones informan recomendaciones de equidad, pero sin explicación estructural ni contextual; integración parcial.",empirico_cuantitativo,desastres_multiples,United States
1473,0.0,No aplica: no supera el gate.,0.0,No aplica: no supera el gate.,0.0,No aplica: no supera el gate.,0.0,No aplica: no supera el gate.,0.0,medium,,0.0,No aplica: no supera el gate.,0.0,No aplica: no supera el gate.,False,"Enumera género, relación humano/no humano, territorio, conocimiento e imperio como temas; 'intersectional' califica las obras sin relacionar ejes sociales.",0.0,No aplica: no supera el gate.,conceptual_teorico,cambio_climatico_general; glaciares_criosfera,Antarctica
1478,0.5,"Señala 'unique challenges for Latina survivors', pero no explica cómo se co-construyen los ejes; 'marginalized' queda sin especificar.",0.0,Usa la teoría del estrés social; no nombra estructuras de poder ni mecanismos estructurales.,0.5,"Tornado de Tuscaloosa, Alabama, 4–5 años después; lugar y evento concretos sin contexto sociohistórico.",0.5,Entrevistas en profundidad con enfoque interseccional; compara marginados y mejor situados sin detallar un diseño por intersecciones.,1.0,medium,,0.5,"Aporta insumos a gestores de emergencias para la recuperación de población diversa, sin desarrollar la justicia.",0.0,Los sobrevivientes se describen por impactos y dificultades; no se documentan estrategias ni agencia.,True,"Enfoque interseccional que identifica desafíos únicos para sobrevivientes latinas, población que implica etnia y género sin ambigüedad.",0.5,"El enfoque interseccional conecta con la recuperación diferencial, pero sin explicación estructural; integración parcial.",empirico_cualitativo,ciclon_huracan_tormenta,United States
1479,0.5,Injusticias sociales y condiciones ecológicas superpuestas aumentan la vulnerabilidad; solo el género se nombra y la co-construcción no se detalla.,1.0,"Desvela dinámicas de poder entrelazadas en niveles macro, meso y micro que socavan las intervenciones de resiliencia climática.",0.5,"Kenia y agricultoras de subsistencia; menciona niveles global, nacional y local sin detalle histórico o político.",0.5,Investigación con agricultoras de subsistencia; el abstract no describe el método ni cómo se operan las intersecciones.,2.0,medium,,1.0,"Llama a abordar dinámicas de poder globales y locales, incluida la posición investigadora, para no aumentar desigualdades.",0.5,"Menciona respuestas (no) adaptativas y la voz de los participantes, sin documentar estrategias concretas.",True,Relaciona género y posición de agricultoras de subsistencia mediante 'overlapping modes of social injustices' que aumentan su vulnerabilidad.,0.5,"El marco ecológico-interseccional vincula poder multinivel, vulnerabilidad y recomendaciones, pero ejes y método quedan poco especificados.",empirico_cualitativo,cambio_climatico_general,Kenya
1481,1.0,"Raza y género se tratan como un régimen conjunto de desigualdad, desde el feminismo negro y el capitalismo racial.",1.0,"Capitalismo racial, neoliberalismo, acumulación global y maltusianismo como mecanismos de desposesión, toxificación y muerte lenta.",0.5,"Anclaje histórico en el maltusianismo y en la BMGF; sin geografía concreta, remite lo local a investigación futura.",0.5,Lectura crítica de discursos institucionales con lente interseccional; no describe un procedimiento que opere intersecciones.,3.0,medium,,1.0,Marco de justicia reproductiva y ambiental; propone el concepto de necro-populacionismo como herramienta crítica.,0.5,Solo plantea como agenda reconocer las formas en que estos procesos son rechazados y resistidos.,True,Los discursos de la BMGF extienden desigualdades 'racialised and gendered' y apuntan a poblaciones racializadas y generizadas.,1.0,El capitalismo racial explica cómo el discurso climático apunta a poblaciones racializadas y generizadas; análisis coherente.,empirico_cualitativo,cambio_climatico_general,Global
1482,0.5,"Vincula género y trabajo en la división del trabajo ambiental, pero solo el género se nombra como eje.",1.0,Discursos masculinistas de economía verde invisibilizan cuerpos trabajadores; la inclusión superficial del género perpetúa segmentaciones laborales.,0.5,Política climática del Reino Unido; contexto nacional sin detalle histórico.,0.5,Análisis crítico feminista del discurso de políticas; no describe cómo opera intersecciones más allá del género.,2.0,medium,,1.0,Propone formular una política climática más justa e interseccional que corrija esas omisiones.,0.0,Los cuerpos trabajadores aparecen invisibilizados; no se documenta su agencia.,True,"Relaciona género con posición laboral (cuerpos trabajadores, mercados laborales, reproducción social) en la división del trabajo ambiental.",0.5,"La crítica estructural al discurso verde se enlaza con la propuesta de justicia, pero el segundo eje es implícito.",empirico_cualitativo,mitigacion_transicion,United Kingdom
1484,0.5,"Raza e indigeneidad aparecen entrelazadas en estructuras coloniales, pero no se analizan como posiciones co-construidas.",1.0,"Colonialismo de asentamiento, petroestado y extractivismo racial como mecanismos que vinculan desposesión indígena y crisis climática.",1.0,XR-Vancouver en territorio indígena no cedido del estado colono canadiense; posicionalidad explícita como participantes.,0.0,Reflexión conceptual sobre la experiencia propia; sin operacionalización empírica de intersecciones.,2.0,medium,,1.0,"Propone éticas de rendición de cuentas relacional, cuidado e inconmensurabilidad y una política de rechazo.",1.0,"El movimiento como agente: desobediencia civil, alianza descolonizadora y política de rechazo apoyada en pensamiento indígena.",True,Relaciona indigeneidad y raza: desposesión de Pueblos Indígenas mediante 'racial extractivism' en el Canadá colono.,0.5,"Estructura colonial, contexto y praxis se articulan bien, pero las identidades entrelazadas y el método son débiles.",conceptual_teorico,cambio_climatico_general,Canada
1485,0.5,"Nombra género, religión y estado civil como dimensiones interseccionales sin mostrar cómo se co-construyen.",0.0,"Se centra en medios de vida, resiliencia y servicios de ONG; no nombra estructuras de poder.",0.5,"Comunidades forestales del Sundarbans, suroeste de Bangladesh, tras Aila; contexto geográfico concreto pero escaso en lo histórico-político.",0.0,Capítulo de revisión de literatura; sin diseño empírico que opere intersecciones.,1.0,medium,,0.0,Enfoque analítico sobre la transformación de medios de vida; no menciona implicaciones de justicia.,0.5,"Menciona la construcción de resiliencia y estrategias de búsqueda de sustento, sin documentarlas en detalle.",True,"Investiga las dimensiones interseccionales de género, religión y estado civil en las relaciones de género tras el ciclón Aila.",0.5,"Secciones sucesivas (literatura, ONG, dimensiones interseccionales) con articulación parcial en torno a medios de vida.",revision,ciclon_huracan_tormenta,Bangladesh
1486,1.0,"Critica analizar género, clase o religión por separado; muestra cómo la masculinidad amenazada vuelve muy vulnerables a hombres.",0.5,"Pregunta por intersecciones de desigualdades y relaciones de poder e ideales dominantes de masculinidad, sin teorizar estructuras.",1.0,"Upper West Region, franja sur del Sahel, agricultores minifundistas; cuestiona que las mujeres sean siempre las más afectadas.",1.0,Trabajo de campo cualitativo intensivo con cuatro estudios de caso que muestran intersecciones específicas.,2.5,high,,0.5,Advierte que las intervenciones sin análisis de la diferencia omitirán necesidades reales; sin agenda de justicia desarrollada.,0.0,Los agricultores aparecen como vulnerables; no se documentan estrategias ni agencia.,True,"Muestra cómo masculinidad, salud, religión, género, edad, estado civil y pobreza se intersectan en la vulnerabilidad a extremos climáticos.",1.0,"Intersecciones, contexto saheliano y estudios de caso se articulan en un argumento coherente sobre vulnerabilidad no homogénea.",empirico_cualitativo,sequia; inundacion; ciclon_huracan_tormenta,Ghana
1487,0.5,"Procesos de estratificación interdependientes y diferencias dentro de un mismo grupo, sin especificar ni analizar ejes concretos.",0.5,"Desplaza la vulnerabilidad de rasgos grupales a procesos de estratificación social, sin nombrar estructuras ni mecanismos.",0.0,"Planteamiento general sobre gestión de riesgos y crisis, sin contexto histórico ni geográfico.",0.0,Conceptual; propone líneas de investigación sin operacionalización empírica.,1.0,medium,,0.5,"Recomendaciones prácticas a autoridades: guías específicas, personal capacitado e información diferenciada a grupos vulnerables.",0.5,"Propone estudiar la vulnerabilidad autopercibida, reconociendo marginalmente el conocimiento propio de los sujetos.",True,Teoriza la vulnerabilidad como resultado de 'different and interdependent societal stratification processes that result in multiple dimensions of marginalisation'.,0.5,"Articula interseccionalidad y reconceptualización de la vulnerabilidad con recomendaciones de gestión, de forma parcial.",conceptual_teorico,desastres_multiples,No especificado
1488,0.0,No aplica: no supera el gate.,0.0,No aplica: no supera el gate.,0.0,No aplica: no supera el gate.,0.0,No aplica: no supera el gate.,0.0,high,,0.0,No aplica: no supera el gate.,0.0,No aplica: no supera el gate.,False,'Intersectional ecosocialism' es solo un rótulo para el futuro preferido del movimiento; no nombra ni relaciona ejes de diferenciación social.,0.0,No aplica: no supera el gate.,conceptual_teorico,cambio_climatico_general,Global
1490,1.0,"La ubicación estructural combinada (indigeneidad, raza, clase) explica subjetividades ambientales divergentes, no preferencias individuales.",1.0,"Estructuras de poder entrelazadas y papel del estado colonial, colono y capitalista en la generación de emisiones.",1.0,Tribu Karuk frente a homesteaders urbanos; saberes situados y crítica a la 'mythical norm' de Lorde.,0.5,Análisis secundario que compara intencionalmente dos comunidades con ubicaciones estructurales distintas; no desagrega intersecciones.,3.5,high,,0.5,Critica narrativas de élite que ocultan la responsabilidad del estado colono; sin propuesta transformadora explícita.,1.0,Documenta prácticas y saberes climáticos propios de la Tribu Karuk y de los homesteaders urbanos.,True,"Vincula saberes climáticos situados con diferencias de indigeneidad, raza y clase y con estructuras de poder entrelazadas.",1.0,"Las estructuras de poder explican subjetividades ambientales según indigeneidad, raza y clase en contextos situados; análisis integrado.",empirico_cualitativo,cambio_climatico_general,United States
1491,1.0,Dualismos que se intersectan: agencia para los hombres; mujeres y comunidades norteñas e indígenas como residentes pasivos.,1.0,"Patriarcado, racismo y colonialismo operan juntos; los medios reproducen desigualdades históricas mediante la construcción discursiva.",1.0,"Temporada de incendios de 2015 en el norte de Saskatchewan, mayor evacuación provincial, con desigualdades históricas y contemporáneas.",1.0,"Análisis crítico de marcos modificado con lente interseccional, aplicado a dos medios locales y dos nacionales.",4.0,high,,1.0,Busca redefinir problemas de política y abordar mejor las dimensiones sociales de las amenazas ambientales.,1.0,Identifica discursos alternativos que desafían la narrativa dominante y reconocen la agencia comunitaria.,True,"Analiza cómo atributos identitarios que se intersectan (género, raza, indigeneidad) y relaciones de poder operan juntos en narrativas mediáticas.",1.0,"Método, estructuras de poder, identidades entrelazadas y contexto se articulan en un análisis coherente.",empirico_cualitativo,incendio_forestal,Canada
1492,0.0,No aplica: no supera el gate.,0.0,No aplica: no supera el gate.,0.0,No aplica: no supera el gate.,0.0,No aplica: no supera el gate.,0.0,high,,0.0,No aplica: no supera el gate.,0.0,No aplica: no supera el gate.,False,"Declara un 'intersectional approach' pero analiza solo el género (impactos diferenciados entre hombres y mujeres), sin relacionarlo con otros ejes.",0.0,No aplica: no supera el gate.,conceptual_teorico,cambio_climatico_general,Australia; Global
1494,0.5,"Declara género, edad y estado civil, pero los resultados se centran en la dicotomía entre hombres y mujeres.",1.0,Dinámicas de poder arraigadas y performances normativas de género vinculadas a barreras concretas de adaptación.,0.5,Comunidades agrícolas de la Región Central de Ghana; reconoce que la vulnerabilidad varía según lugar y contexto.,0.5,"Entrevistas, grupos focales y fotovoz; no describe muestreo ni análisis por intersecciones.",2.0,medium,,1.0,Orientado a renegociar relaciones de poder inequitativas y a trayectorias de adaptación transformadora.,0.5,"Menciona la subversión del poder y la renegociación como vías, sin documentar estrategias concretas de los sujetos.",True,"Lente de subjetividades interseccionales sobre normas de género, edad y estado civil que habilitan o inhiben la adaptación.",0.5,"Poder, subjetividades y barreras de adaptación se conectan, pero la intersección cede ante una lectura binaria del género.",empirico_cualitativo,cambio_climatico_general,Ghana
1499,0.5,"Colonialidad y raza aparecen fusionadas en un paradigma, pero el resumen no analiza cómo co-construyen posiciones sociales concretas.",1.0,"Teoriza el 'colonial entrapment': normas y discursos coloniales del siglo XX, violencia colonial (Fanon) y la junta de supervisión de PROMESA.",1.0,"Situado en Puerto Rico: PROMESA (2016), 'La Junta', normas coloniales del siglo XX y el escenario posterior al huracán María.",0.0,Ensayo teórico sin operacionalización empírica de las intersecciones.,2.0,low,,1.0,Ofrece herramientas teóricas y prácticas para un movimiento de resistencia orientado a una conciencia nacional descolonial.,1.0,"Documenta una 'heterogeneous resistance': movimientos políticos organizados, debates intelectuales y 'practices of everyday resistance'.",True,Articula colonialidad y raza como una misma relación ('PR-USA colonial/racial relations') y propone una resistencia con 'wider intersectional approach'.,0.5,"Estructura colonial, contexto, resistencia y escenario post-María se articulan, pero el componente interseccional queda apenas enunciado.",conceptual_teorico,ciclon_huracan_tormenta,Puerto Rico
1500,1.0,"Desde el feminismo negro trata racismo, clasismo y sexismo como opresiones entrelazadas que la investigación sobre vulnerabilidad no nombra.",1.0,"Subraya la 'institutional and systemic nature of racism, classism and sexism' y la respuesta federal y estatal; marco de planificación radical.",0.5,"Katrina y la Costa del Golfo sirven de contexto, pero el análisis versa sobre el concepto general de vulnerabilidad social.",0.0,Análisis conceptual de la literatura sin operacionalización empírica de intersecciones.,2.5,medium,,1.0,Propone la planificación radical y el activismo comunitario como claves para un cambio significativo frente a la inequidad.,0.5,"Reclama centrar el conocimiento comunitario y el activismo, pero no documenta estrategias concretas de los sujetos.",True,"Relaciona pobreza, género y raza en la vulnerabilidad tras Katrina y exige identificar 'intersectional oppressions' desde el feminismo negro.",1.0,"El feminismo negro enlaza opresiones estructurales, vulnerabilidades entrelazadas y propuesta de praxis en un argumento coherente.",conceptual_teorico,desastres_multiples; ciclon_huracan_tormenta; inundacion,United States
1501,0.0,No aplica (gate_pass=false).,0.0,No aplica (gate_pass=false).,0.0,No aplica (gate_pass=false).,0.0,No aplica (gate_pass=false).,0.0,medium,,0.0,No aplica (gate_pass=false).,0.0,No aplica (gate_pass=false).,False,El enfoque cruza racismo y explotación ambiental; el género solo aparece como antecedente en la literatura y no se relaciona con la raza.,0.0,No aplica (gate_pass=false).,conceptual_teorico,cambio_climatico_general,Nigeria; United States; Brazil
1503,0.0,No aplica (gate_pass=false).,0.0,No aplica (gate_pass=false).,0.0,No aplica (gate_pass=false).,0.0,No aplica (gate_pass=false).,0.0,high,,0.0,No aplica (gate_pass=false).,0.0,No aplica (gate_pass=false).,False,"Menciona racismo ambiental, Sur global y 'intersectional mobilizations' como modelos organizativos por separado, sin relacionar ejes de diferenciación.",0.0,No aplica (gate_pass=false).,conceptual_teorico,cambio_climatico_general,Global
1504,0.0,No aplica: no supera el gate.,0.0,No aplica: no supera el gate.,0.0,No aplica: no supera el gate.,0.0,No aplica: no supera el gate.,0.0,high,,0.0,No aplica: no supera el gate.,0.0,No aplica: no supera el gate.,False,La interseccionalidad figura como uno de cuatro valores del movimiento juvenil; no se nombran ni relacionan ejes de diferenciación social.,0.0,No aplica: no supera el gate.,empirico_cualitativo,cambio_climatico_general,United States
1506,0.5,"Nombra raza, género y economía como dimensiones de un problema interseccional, pero su análisis queda como tarea pendiente en la conclusión.",1.0,"Vincula el carbón con colonialismo, imperio y capitalismo, agendas de desarrollo e industria fósil, desde las políticas culturales.",0.5,"Contexto posterior al Acuerdo de París y alianzas transnacionales, sin casos situados ni especificidades locales en el resumen.",0.0,Artículo conceptual sin diseño empírico que opere intersecciones.,2.0,medium,,1.0,Enmarcado en la justicia climática y orientado a una transición justa y a las luchas contra el carbón.,1.0,Analiza movimientos sociales que resisten minas y centrales de carbón y las alianzas transnacionales entre comunidades.,True,"Presenta el cambio climático como 'intersectional issue encompassing racial, gender, and economic justice' y habla de 'intersecting inequalities'.",0.5,"Poder estructural, resistencia y justicia se articulan, pero las desigualdades interseccionales solo se enuncian como agenda.",conceptual_teorico,mitigacion_transicion; cambio_climatico_general,Global
1507,0.5,No todas las mujeres ni todos los hombres son igual de vulnerables; cruce de género y condiciones contextuales planteado sin ejes concretos.,0.5,"Nombra estructura social y de género y motores socioeconómicos de cambio, sin teorizar mecanismos de poder.",0.5,"Vulnerabilidad situada 'in a particular location and at a particular time' en el Hindu Kush Himalaya, sin detalle histórico-político.",0.0,"Revisión de literatura y marco conceptual, sin operacionalización empírica.",1.0,medium,,0.0,No plantea orientación de justicia ni recomendaciones transformadoras.,0.0,Sin referencia a agencia o estrategias de los sujetos.,True,Afirma que el género 'intersects with other contextual conditions to shape vulnerabilities' y que la posición en la estructura social y de género importa.,0.5,"El marco reúne género, condiciones contextuales y motores de cambio, aunque sin poder ni praxis.",conceptual_teorico,cambio_climatico_general,Hindu Kush Himalaya
1508,0.0,No aplica: no supera el gate.,0.0,No aplica: no supera el gate.,0.0,No aplica: no supera el gate.,0.0,No aplica: no supera el gate.,0.0,high,,0.0,No aplica: no supera el gate.,0.0,No aplica: no supera el gate.,False,"La interseccionalidad solo aparece como vacío: los estudios no usan epistemologías críticas para examinar 'politics, power, and intersectionality'.",0.0,No aplica: no supera el gate.,revision,glaciares_criosfera,Hindu Kush Himalaya
1511,0.0,No aplica: no supera el gate.,0.0,No aplica: no supera el gate.,0.0,No aplica: no supera el gate.,0.0,No aplica: no supera el gate.,0.0,high,,0.0,No aplica: no supera el gate.,0.0,No aplica: no supera el gate.,False,"Califica de 'intersectional' a los ecoactivismos y alude a visiones queer, sin nombrar ni relacionar ejes de diferenciación social.",0.0,No aplica: no supera el gate.,conceptual_teorico,cambio_climatico_general,No especificado
1512,1.0,"Examina cómo casta, 'dirty work' y dignidad se intersecan en la posición específica de los conserjes dalit.",1.0,Las relaciones de casta reproducen desigualdad devaluando el trabajo dalit; su construcción discursiva impone condiciones laborales inseguras.,1.0,"Situado en las inundaciones de Chennai de 2015 y en relaciones de casta que estigmatizan a los dalit, antes 'intocables'.",1.0,"Muestreo intencional de conserjes dalit; entrevistas, redes sociales y prensa analizados según cómo se intersecan casta, trabajo y dignidad.",3.5,medium,,0.5,"El título plantea la 'decasticization' y denuncia daños a la dignidad, sin desarrollar propuestas de transformación en el resumen.",1.0,Los dalit elaboran contranarrativas para preservar la memoria de su trauma y sostener reclamos de dignidad.,True,Relaciona casta y clase/trabajo: las relaciones de casta devalúan el trabajo dalit de limpieza como 'dirty work' tras las inundaciones.,1.0,"La estructura de casta explica la devaluación del trabajo y los daños a la dignidad, analizados en narrativas situadas.",empirico_cualitativo,inundacion,India
1513,0.0,No aplica: no supera el gate.,0.0,No aplica: no supera el gate.,0.0,No aplica: no supera el gate.,0.0,No aplica: no supera el gate.,0.0,high,,0.0,No aplica: no supera el gate.,0.0,No aplica: no supera el gate.,False,Solo menciona 'social and intersectional vulnerabilities to disasters' como objetivo didáctico; no nombra ni relaciona ejes de diferenciación social.,0.0,No aplica: no supera el gate.,conceptual_teorico,desastres_multiples,Global
1518,0.5,"Género, edad, educación y lugar se analizan como variables separadas; la mayor vulnerabilidad femenina se afirma 'irrespective of age'.",0.5,"Atribuye la vulnerabilidad a acceso limitado a recursos, vivienda precaria, exclusión decisoria y carga doméstica, sin teorizar estructuras de poder.",0.5,"Situado en tres asentamientos informales de Accra y en el Sur global, con escaso contexto histórico-político.",0.0,"Los ejes entran como variables paralelas o de control, sin interacciones ni subgrupos interseccionales (regla 4).",1.0,high,,0.5,"Recomienda medidas de adaptación sensibles al género y al contexto, sin desarrollar una orientación de justicia.",0.0,Las mujeres aparecen como más vulnerables y menos informadas; no se documentan estrategias ni agencia.,True,"Enfoque 'critical feminist intersectional' sobre la interacción de género, factores socioeconómicos y lugar; compara por género, edad y educación.",0.5,"El marco interseccional enuncia la interacción de factores, pero los resultados son aditivos y centrados en el género.",empirico_cuantitativo,cambio_climatico_general,Ghana
1519,0.5,"Entrecruzamiento de género con otras condiciones y categorías afirmado, sin analizar ejes concretos ni su co-construcción.",0.5,"Nombra condiciones políticas y económicas y motores como globalización y urbanización, sin teorizar mecanismos de poder.",0.5,"Perspectiva regional del Hindu Kush Himalaya; reconoce variación según contexto, sin detalle histórico-político.",0.0,"Presentación de número temático, sin método propio.",1.0,medium,,0.0,"Orientación descriptiva: suma conocimiento sobre vulnerabilidades, sin dimensión de justicia o transformación.",0.0,Sin referencias a agencia o estrategias de los sujetos.,True,"Vulnerabilidades diferenciadas para 'women and men from different categories, groups and locations', fruto del entrecruzamiento de condiciones sociales, de género y económicas.",0.5,"Articula condiciones contextuales entrecruzadas y motores de cambio para explicar vulnerabilidades de género, de forma general.",otro,cambio_climatico_general,Hindu Kush Himalaya
1520,1.0,"Trata la posición de mujeres mayores blancas como específica: edad, blanquitud y género se combinan como recurso de solidaridad.",0.5,"Habla de 'axes of power' y del privilegio blanco frente a activistas racializados, sin teorizar mecanismos como racismo o edadismo.",1.0,Situado en la ShellNo Action Coalition de Seattle contra las plataformas de Shell rumbo al Ártico; subraya los contextos específicos.,1.0,"Caso intencional de un grupo definido por edad y género; discusión grupal con otros miembros de la coalición, observación participante y análisis mediático.",3.5,high,,1.0,Orientado a la justicia climática intergeneracional y a la praxis de solidaridad en protestas de primera línea.,1.0,"Documenta prácticas de solidaridad de las Grannies en protestas de primera línea y más allá, junto a jóvenes y activistas racializados.",True,"Examina cómo 'dynamics of age intersect with other axes of power': las Grannies movilizan edad, blanquitud y género en solidaridad con activistas racializados.",1.0,"Las posiciones entrelazadas de edad, raza y género explican las prácticas de solidaridad observadas en un contexto concreto.",empirico_cualitativo,cambio_climatico_general,United States
1522,0.5,"La interacción de etnia, clase y educación con el género solo se menciona como vacío; el análisis es solo de género.",0.5,"Critica políticas que ignoran dinámicas de género y aumentan la carga laboral femenina, sin nombrar ni teorizar estructuras de poder.",0.0,"Síntesis global de 131 artículos con conclusiones generales, sin situar los hallazgos en contextos específicos.",0.0,Revisión sistemática que no opera intersecciones; solo constata que pocos estudios lo hacen.,0.5,medium,,0.5,"Recomienda mayor atención al género en el diseño de políticas de medios de vida, sin desarrollar una orientación de justicia.",0.0,Las mujeres aparecen como participantes o beneficiarias de intervenciones; no se documenta agencia ni estrategias propias.,True,"Señala que etnia, clase y educación 'modify gender disparities' en los impactos de las intervenciones, aunque como vacío de la literatura.",0.0,La mención interseccional queda yuxtapuesta a un análisis centrado exclusivamente en el género.,revision,cambio_climatico_general,Global
1523,0.5,"Indigeneidad e intocabilidad definen a la comunidad, pero el resumen no analiza cómo se co-construyen ante los impactos del ciclón.",0.0,"Atribuye las amenazas a los desastres climáticos; no articula estructuras como el casteísmo, el colonialismo o el despojo.",0.5,"Detalle geográfico (Kalinchi, Shyamnagar, Satkhira, Sundarbans) y del ciclón Aila de 2009, con poco contexto histórico-político.",0.5,"Autoetnografía con grupos focales e historias de vida en una comunidad adivasi, sin análisis interaccional de los ejes.",1.0,medium,,0.0,Descriptivo: documenta impactos y resiliencia sin orientación explícita a la justicia ni a la transformación.,1.0,"Documenta la resiliencia de los medios de vida tradicionales (miel, pesca, cangrejos) de la comunidad munda.",True,La población combina indigeneidad y casta ('untouchable Adivasi Munda Community'): ejes implícitos sin ambigüedad según la regla 3.,0.0,La palabra clave interseccional y la condición adivasi intocable no se conectan con el análisis de impactos y resiliencia.,empirico_cualitativo,ciclon_huracan_tormenta,Bangladesh
1524,0.0,No aplica: no supera el gate.,0.0,No aplica: no supera el gate.,0.0,No aplica: no supera el gate.,0.0,No aplica: no supera el gate.,0.0,low,,0.0,No aplica: no supera el gate.,0.0,No aplica: no supera el gate.,False,"Solo el género como eje social; los 'interlinked factors' son altitud, terreno y acceso a capitales, no categorías sociales relacionadas con el género.",0.0,No aplica: no supera el gate.,empirico_cualitativo,cambio_climatico_general,India
1525,0.0,No aplica: no supera el gate.,0.0,No aplica: no supera el gate.,0.0,No aplica: no supera el gate.,0.0,No aplica: no supera el gate.,0.0,medium,,0.0,No aplica: no supera el gate.,0.0,No aplica: no supera el gate.,False,"Lo 'intersectional' cruza escalas (personal, comunitaria, nacional) del activismo de ayuda; solo aparece la condición diaspórica, sin relacionarla con otros ejes.",0.0,No aplica: no supera el gate.,empirico_cualitativo,ciclon_huracan_tormenta,Philippines
1526,0.0,No aplica: no supera el gate.,0.0,No aplica: no supera el gate.,0.0,No aplica: no supera el gate.,0.0,No aplica: no supera el gate.,0.0,high,,0.0,No aplica: no supera el gate.,0.0,No aplica: no supera el gate.,False,"Destaca 'historical, spatial, and intersectional modes of analysis' como enfoque deseable, sin nombrar ni relacionar ejes de diferenciación social.",0.0,No aplica: no supera el gate.,conceptual_teorico,desastres_multiples,Middle East
1527,0.5,"Reconoce que las masculinidades interactúan con otros factores y varían por posición, sin analizar cómo se co-construyen con raza o clase.",0.5,"Usa la masculinidad hegemónica y vincula conductas masculinas con procesos destructivos, sin teorizar mecanismos estructurales.",0.5,"Rechaza estereotipos universalizantes y sitúa los estudios en contextos específicos, aunque como revisión global no detalla ninguno.",0.0,Revisión de 160 publicaciones sin operacionalización propia de intersecciones.,1.0,medium,,0.5,"Busca mejorar la investigación y la práctica hacia dinámicas más saludables, sin desarrollar una orientación explícita de justicia.",0.5,"Señala conductas masculinas de cuidado que apoyan o pueden apoyar cambios, reconociendo agencia de forma marginal.",True,"Aplica interseccionalidad a masculinidades plurales de hombres 'diversely positioned', situadas en contextos 'sociocultural, ethnoracial' específicos.",0.5,"Masculinidades, interseccionalidad y contexto se conectan parcialmente en una síntesis organizada por ámbitos temáticos.",revision,cambio_climatico_general; desastres_multiples,Global
1529,0.5,"Opresiones entrelazadas vía matriz de dominación; solo se explicita la indigeneidad, sin analizar cómo se co-construyen ejes.",1.0,"Petro-hegemonía (consentimiento, acatamiento, coerción) desde Gramsci y Collins: mecanismos explícitos del poder de la industria fósil.",1.0,Lucha contra el oleoducto DAPL en Dakota del Norte; tensiona universalismo y particularismo.,0.0,Trabajo fundamentalmente teórico con trabajo de campo preliminar; no opera intersecciones.,2.0,low,,1.0,Busca estrategias para organizar la justicia climática y contrarrestar la petro-hegemonía.,1.0,Levantamiento liderado por indígenas y matriz de resistencia basada en liberación colectiva.,True,"Teoriza la 'matrix of domination' de Collins y una 'matrix of resistance' interseccional: estructuras de poder entrelazadas, aunque no nombra categorías.",0.5,"Dominación, resistencia y contexto bien articulados; las identidades entrelazadas quedan implícitas en el concepto de matriz.",conceptual_teorico,mitigacion_transicion; cambio_climatico_general,United States
1531,0.0,No aplica: no supera el gate.,0.0,No aplica: no supera el gate.,0.0,No aplica: no supera el gate.,0.0,No aplica: no supera el gate.,0.0,low,,0.0,No aplica: no supera el gate.,0.0,No aplica: no supera el gate.,False,"Combina perspectivas feministas y decoloniales sobre políticas del conocimiento, pero no relaciona género y colonialidad como ejes entrelazados de diferenciación.",0.0,No aplica: no supera el gate.,conceptual_teorico,cambio_climatico_general,North America
1535,0.5,"Presenta los ejes como características que interactúan, pero como lista genérica, sin analizar cómo se co-construyen.",0.5,"Nombra «power relationships» como factor, sin especificar estructuras (racismo, patriarcado, colonialismo) ni teorizar mecanismos.",0.5,"Comunidades rurales e indígenas del Norte global y «context-specific experiences», pero contexto amplio y sin anclaje histórico-político.",0.0,Revisión rápida y marco analítico para guiar investigación futura; no hay operacionalización empírica de intersecciones.,1.0,medium,,0.5,Alude a respuestas adaptativas «socially equitable and culturally appropriate» sin desarrollar una orientación transformadora.,0.5,"Menciona cómo los individuos «experience and respond to such hazards», sin documentar estrategias propias.",True,"Define la interseccionalidad como «power relationships and interacting social characteristics such as gender, race, ethnicity, class, location, and age».",0.5,"El marco vincula poder, características que interactúan y contexto, pero de forma programática y sin análisis empírico.",revision,incendio_forestal; inundacion; sequia,Global North
1538,0.5,"Las formas de invisibilidad se declaran «inter-related», pero no se analiza cómo estatus migratorio y marginación espacial se co-construyen.",1.0,«structural imbalances in power and resources»; gubernamentalidad y legibilidad estatal como mecanismo que otorga derechos y expone a reubicación forzada.,0.5,"América Latina, Amazonía y contextos poscoloniales; reconoce «context-dependent tensions», pero el alcance es regional e ilustrativo.",0.0,Ensayo conceptual con taxonomía; aboga por investigación interseccional pero no la operacionaliza empíricamente.,2.0,medium,,1.0,"Propone «strategies of social accountability, empowerment and trans-disciplinary research» para una acción climática socialmente justa.",0.5,"Menciona el empoderamiento y que los marginados «reach out for greater power», sin documentar sus estrategias.",True,"Propone teoría interseccional para abordar invisibilidades interrelacionadas: marginación social, migrantes y marginación espacial, entre otras.",0.5,"El argumento estructural y las estrategias de justicia se conectan, pero los ejes interseccionales quedan poco desarrollados.",conceptual_teorico,cambio_climatico_general; inundacion,Latin America
1539,1.0,"Interpreta posiciones combinadas: «black women trust less than all other race–gender groups, and white men trust the most».",0.0,"No nombra estructuras de poder (racismo, patriarcado); las diferencias se describen como efectos de grupo, sin teorización.",0.5,"Encuesta de opinión pública de EE. UU. sobre huracanes; contexto superficial, sin anclaje histórico o político.",1.0,Interacción triple raza × clase × género y comparación entre sobrevivientes y observadores (regla 4).,1.0,high,,0.0,"La implicación es gerencial («allows managers to manage critical events better»), sin orientación a la justicia.",0.0,Los sujetos aparecen como encuestados cuya confianza se mide; no se aborda agencia ni estrategias.,True,"Modela una «three-way interaction between race, class, and gender» en la confianza política tras huracanes.",0.5,"Identidades y método se articulan en el modelo de interacción, pero sin explicación estructural ni contextual.",empirico_cuantitativo,ciclon_huracan_tormenta,United States
1542,0.0,No aplica: no supera el gate.,0.0,No aplica: no supera el gate.,0.0,No aplica: no supera el gate.,0.0,No aplica: no supera el gate.,0.0,high,,0.0,No aplica: no supera el gate.,0.0,No aplica: no supera el gate.,False,Enumera 'intersectionality-based policy analysis' entre seis literaturas útiles para la EIS; no nombra ni relaciona ejes de diferenciación social.,0.0,No aplica: no supera el gate.,revision,cambio_climatico_general,Global
1543,1.0,"Las jefas de hogar adoptan más que las casadas, cuyo papel es ser «implementers of spouse’s decisions»: posición específica género-estado civil.",0.5,"Señala relaciones de poder intradoméstico y propiedad de tierra y activos, pero como «socio-cultural dynamics», sin teorizar estructuras.",1.0,Malawi y Zambia; los enfoques de género occidentales «are not fully applicable to local contexts and realities».,1.0,Diseño mixto secuencial; la encuesta cruza género y estado civil/jefatura e interpreta las posiciones combinadas (regla 4).,2.5,medium,,1.0,Recomienda «gender policy reforms incorporating local gender contexts» y critica el mainstreaming orientado a requisitos de donantes.,0.5,"Registra decisiones de adopción y desadopción de agricultores y jefas de hogar, sin desarrollar estrategias o saberes propios.",True,"Cruza género y estado civil/jefatura: hombres casados, mujeres jefas de hogar de jure y mujeres casadas, con marco de feminismos africanos e interseccionalidad.",0.5,"Poder intradoméstico, posiciones género-estado civil y contexto local se conectan, aunque el análisis estructural es limitado.",empirico_mixto,cambio_climatico_general; desastres_multiples,Malawi; Zambia
1544,1.0,"El cruce género × etnia revela resultados distintos a los de cada eje por separado: posiciones combinadas, aunque poco detalladas.",0.0,"Atribuye la variación a «demographic characteristics»; solo menciona la desatención histórica de las políticas de desarrollo, sin teorizar poder.",0.5,Condado de Isiolo (Kinna y Burat) y cuatro grupos étnicos; lugar concreto pero sin contexto histórico-político.,1.0,"338 encuestas de hogares con análisis interseccional género × etnia, además de efectos por separado (regla 4).",2.0,medium,,0.5,"Recomienda integrar percepciones diversas en la construcción de resiliencia para reducir la pobreza, sin desarrollar una crítica de justicia.",0.5,"Valora las percepciones locales como insumo para la resiliencia, pero no documenta estrategias ni saberes de los hogares.",True,«An intersectional analysis of gender and ethnicity found more nuanced results than looking at gender or ethnicity alone».,0.5,"Identidades cruzadas y método se integran, pero sin explicación estructural que dé sentido a las diferencias.",empirico_cuantitativo,sequia; cambio_climatico_general,Kenya
1545,0.5,"Identifica intersecciones relevantes, pero reconoce «the incompleteness of its intersectional analysis»; hallazgos preliminares.",0.0,Enumera grupos vulnerables sin nombrar estructuras de poder ni mecanismos que produzcan la vulnerabilidad.,0.5,"Atolón de Laamu, Maldivas; intersecciones relevantes «for the Laamu Atoll context», sin contexto histórico o político.",0.5,"Diez entrevistas con 24 actores; las intersecciones emergen inductivamente, sin muestreo ni codificación interseccional deliberados.",1.0,medium,,0.5,"Menciona la aplicabilidad para «policy and practice» de reducción de riesgo, sin desarrollar orientación a la justicia.",0.0,"Los grupos aparecen solo como vulnerables, según las percepciones de los actores consultados; no se aborda su agencia.",True,"«Intersections between location, youth and gender or disability, as well as gender and marital status emerged as relevant».",0.5,"Vincula intersecciones y contexto local de vulnerabilidad de forma preliminar, sin articulación estructural.",empirico_cualitativo,cambio_climatico_general,Maldives
1548,0.0,No aplica: no supera el gate.,0.0,No aplica: no supera el gate.,0.0,No aplica: no supera el gate.,0.0,No aplica: no supera el gate.,0.0,high,,0.0,No aplica: no supera el gate.,0.0,No aplica: no supera el gate.,False,Enumera 'feminist or intersectional approaches' junto a diversidad cultural y derechos humanos; no nombra ni relaciona ejes de diferenciación social.,0.0,No aplica: no supera el gate.,otro,cambio_climatico_general,Colombia; Mexico; Canada; Germany; Russia; Tanzania; Indonesia; Pacific Islands
1549,0.5,"El análisis se centra en relaciones de género; raza y clase aparecen como efectos específicos, sin analizar su co-construcción.",1.0,«structural political economic mechanisms of hierarchization» y mecanismos estatales y de la sociedad civil que regulan las opciones de adaptación.,0.0,"Marco conceptual sin anclaje en historia, geografía o política específicas.",0.0,"Propuesta teórica de análisis relacional, sin operacionalización empírica.",1.0,medium,,0.5,"Critica el discurso esencialista de la vulnerabilidad femenina y alude a la transformación socioecológica, sin desarrollar orientación a la justicia.",0.5,"Rechaza la «victimization» y atiende al «scope of action» individual y colectivo, sin documentar agencia concreta.",True,"Mecanismos de regulación con «gender-, race- and class-specific effects», desde el debate interseccional y la ecología política feminista.",0.5,"Conecta mecanismos estructurales con efectos diferenciados y el nivel del sujeto, pero los ejes más allá del género quedan poco integrados.",conceptual_teorico,cambio_climatico_general,No especificado
1550,1.0,"Muestra cómo «multiple marginalities are produced, reinforced and contested», articulando posición social, género y poder político.",1.0,"Gobernanza institucional, «mechanisms of marginalisation and relations of authority and power», intrusión y ausencia institucional; marco de ecología política.",1.0,Inundaciones en Villahermosa y reasentamientos en Oromia; compara similitudes y diferencias entre contextos del Sur global.,0.5,"Etnografía con entrevistas, observación, documentos y encuestas; no describe muestreo ni codificación que operen las intersecciones.",3.5,high,,1.0,Marco de justicia ambiental y crítica situada de la gobernanza que produce marginaciones múltiples.,0.5,"Señala que las marginalidades son «contested», sin documentar las estrategias de los residentes.",True,"Análisis interseccional de injusticias con «interlinkages between social position, gender and political power».",1.0,"La gobernanza explica las marginaciones entrelazadas, analizadas etnográficamente en dos contextos y leídas desde la justicia ambiental.",empirico_mixto,inundacion,Mexico; Ethiopia
1551,0.0,No aplica: gate no superado.,0.0,No aplica: gate no superado.,0.0,No aplica: gate no superado.,0.0,No aplica: gate no superado.,0.0,low,,0.0,No aplica: gate no superado.,0.0,No aplica: gate no superado.,False,Raza (comunidades negras) y liderazgo de mujeres aparecen como lecciones separadas; la «intersectionality» se refiere a geografía y sector.,0.0,No aplica: gate no superado.,conceptual_teorico,cambio_climatico_general,Nigeria; Haiti; Honduras; United States
1552,0.5,"Señala a las mujeres indígenas como grupo de mayor riesgo, pero el análisis se centra en impactos de género entre mujeres y hombres.",0.5,"Nombra la relación «entangled» entre clima y colonialismo y las inequidades de género y poder, sin teorizar mecanismos.",0.5,"Canadá y colonialismo; critica la categoría «Aboriginality», pero sin contexto histórico detallado.",0.0,Comentario sin diseño empírico propio.,1.5,medium,,1.0,Propone «public health analysis and action» y áreas de acción para abordar inequidades de salud y poder.,0.5,"Incluye la agencia de las mujeres entre los ámbitos afectados, sin documentar estrategias propias.",True,"«Indigenous and historically marginalized women at increased risk», dentro de un «radical intersectional approach» sobre clima y colonialismo.",0.5,"Colonialismo, género y acción en salud pública se enlazan, pero la intersección con la indigeneidad no se desarrolla.",conceptual_teorico,cambio_climatico_general,Canada
1553,0.5,"Identifica una posición privilegiada (edad, clase, profesión) que domina el discurso, sin analizar cómo los ejes se co-construyen.",0.5,"Nombra privilegio, intereses profesionales y desarrollo costero que eluden las causas, sin teorizar estructuras de poder.",1.0,Sitúa el análisis en «a particular time (pre-2015) and place (Southeast Florida)» con indagación crítica de lugar.,0.5,"Análisis de medios, eventos, imágenes y datos «resident-researcher»; identifica quién habla, sin diseño interseccional explícito.",2.0,medium,,1.0,"Lentes de justicia ambiental y climática; critica un discurso que elude alfabetización, justicia e inclusión.",0.5,"Incluye datos «resident-researcher» y ve la diversidad como recurso potencial, sin documentar agencia de los grupos omitidos.",True,"Enfoque relacional de interseccionalidad: narrativas de profesionales «middle-aged, middle-class» frente a la omisión de historias migratorias y futuros generacionales.",0.5,"Privilegio, lugar y justicia se conectan al explicar omisiones del discurso, pero la intersección de ejes es poco analizada.",empirico_cualitativo,cambio_climatico_general; nivel_mar_costas,United States
1554,0.5,"Reconoce que «not all women experience the same obstacles», pero presenta barreras múltiples acumuladas más que posiciones co-construidas.",0.5,"Señala dominio disciplinar y del Norte global y desequilibrio de género en la autoría, sin teorizar mecanismos.",0.5,"Contexto institucional del IPCC (1990 a la actualidad), sin situar histórica o políticamente las experiencias.",0.5,"Series de autoría por género y respuestas de más de 100 autoras leídas por identificadores sociales, sin diseño interaccional.",1.5,medium,,0.5,"Identifica «opportunities to diversify climate science», con justificación instrumental y sin desarrollar orientación a la justicia.",0.5,"Recoge la experiencia de las autoras y su capacidad de influir en el informe, sin documentar estrategias.",True,"Analiza barreras de autoras del IPCC «not only as women but also at the intersection of nationality, race, command of English, and discipline».",0.5,"Heterogeneidad entre mujeres, desequilibrios institucionales y diversificación se conectan de forma parcial.",empirico_mixto,cambio_climatico_general,Global
1556,0.0,No aplica: no supera el gate.,0.0,No aplica: no supera el gate.,0.0,No aplica: no supera el gate.,0.0,No aplica: no supera el gate.,0.0,medium,,0.0,No aplica: no supera el gate.,0.0,No aplica: no supera el gate.,False,'Class and intersectionality' es solo un eje temático de una agenda de investigación; no se articula cómo la clase se cruza con otras categorías.,0.0,No aplica: no supera el gate.,conceptual_teorico,cambio_climatico_general,Global
1557,0.0,No aplica: no supera el gate.,0.0,No aplica: no supera el gate.,0.0,No aplica: no supera el gate.,0.0,No aplica: no supera el gate.,0.0,low,,0.0,No aplica: no supera el gate.,0.0,No aplica: no supera el gate.,False,"Propone un método 'rooted in intersectional feminist theory' y alude a la 'complexity of identity', sin relacionar ejes ni teorizar su cruce.",0.0,No aplica: no supera el gate.,conceptual_teorico,mitigacion_transicion; cambio_climatico_general,No especificado
1559,0.5,"Identifica una posición combinada (varones cazadores y mayores), pero trata las diferencias «around age or gender» como alternativas.",0.5,"Nombra «power differences at play within communities» y sesgos de autoría masculina, sin teorizar estructuras.",0.5,"Norte circumpolar y cuatro décadas de investigación, con contexto regional amplio y sin anclaje histórico-político.",0.5,Revisión sistemática que codifica la demografía de participantes; describe subgrupos sin análisis interaccional.,2.0,medium,,0.5,"Propone mejorar la investigación «challenging assumptions and collaborating with a wider range of individuals», sin marco de justicia desarrollado.",1.0,"Centra a las comunidades como poseedoras de saberes locales y tradicionales («local expertise», «multiple kinds of knowledge»).",True,"Sesgo hacia «male knowledge-holders, usually hunters and Elders, over women and youth», leído con la lente de la interseccionalidad.",0.5,"Relaciona diferencias de poder por edad y género con sesgos en la producción de conocimiento, de forma parcial.",revision,cambio_climatico_general,Arctic
1560,0.5,Enumera seis categorías de análisis sin mostrar cómo se co-construyen.,0.5,"Alude a la «liberation from oppression» y al sistema que divide, desde la Conciencia Negra, sin teorizar mecanismos.",0.5,"Se ancla en la Conciencia Negra de Biko y en saberes indígenas, pero sin situar geografía ni historia explícitamente.",0.0,Ensayo teórico-epistemológico sin operacionalización empírica.,2.0,low,,1.0,Llama a la acción climática y a la responsabilidad ética: «we ought to act on climate change».,1.0,"Centra saberes indígenas, experiencia vivida y capacidad de elegir: recuperar la cultura para «refuse complicity with the system».",True,"Piensa la incertidumbre climática «using race, class, gender, sexual orientation, indigeneity, and disability as categories of analysis» en un enfoque interseccional.",0.5,"Epistemología indígena, liberación y acción climática se enlazan, pero las categorías interseccionales solo se enumeran.",conceptual_teorico,cambio_climatico_general,No especificado
1565,0.0,No aplica: no supera el gate.,0.0,No aplica: no supera el gate.,0.0,No aplica: no supera el gate.,0.0,No aplica: no supera el gate.,0.0,low,,0.0,No aplica: no supera el gate.,0.0,No aplica: no supera el gate.,False,El abstract solo vincula cambio climático con 'various forms of inequality' y discriminación; no nombra ni relaciona ejes sociales.,0.0,No aplica: no supera el gate.,conceptual_teorico,cambio_climatico_general,Global
1566,0.0,No aplica: no supera el gate.,0.0,No aplica: no supera el gate.,0.0,No aplica: no supera el gate.,0.0,No aplica: no supera el gate.,0.0,low,,0.0,No aplica: no supera el gate.,0.0,No aplica: no supera el gate.,False,El abstract solo describe efectos físicos y sanitarios del cambio climático; no menciona ejes de diferenciación social ni su relación.,0.0,No aplica: no supera el gate.,conceptual_teorico,cambio_climatico_general,Global
1570,0.5,"Enumera muchos ejes y pide desagregar el género, pero no muestra cómo se co-construyen posiciones concretas.",1.0,Sistemas socioculturales de privilegio y exclusión previos al desastre producen la vulnerabilidad al bloquear el acceso a recursos.,0.5,"Sitúa el caso en Nueva Orleans antes y después de Katrina, sin desarrollo histórico-político en el abstract.",0.5,"Propone desagregar datos por ingreso, edad, etnia, orientación sexual o discapacidad; no describe un análisis interaccional propio.",2.0,medium,,1.0,"Recomienda fortalecer la capacidad local de los más vulnerables y reducir disparidades en preparación, recuperación y reconstrucción.",0.5,"Critica la imagen esencializada de 'disaster victims' y menciona capacidades locales, sin documentar estrategias de los sujetos.",True,"Examina las intersecciones de género, raza, clase y otros grupos marginados en la producción de vulnerabilidad posdesastre en Nueva Orleans.",0.5,"El poder estructural explica la vulnerabilidad interseccional, pero ejes y contexto quedan como listas poco articuladas.",conceptual_teorico,ciclon_huracan_tormenta,United States
1574,0.0,No aplica: no supera el gate.,0.0,No aplica: no supera el gate.,0.0,No aplica: no supera el gate.,0.0,No aplica: no supera el gate.,0.0,medium,,0.0,No aplica: no supera el gate.,0.0,No aplica: no supera el gate.,False,La interseccionalidad es un tema de discusión metodológica del colectivo investigador; no se nombran ni relacionan ejes de diferenciación social.,0.0,No aplica: no supera el gate.,conceptual_teorico,ciclon_huracan_tormenta,United States
1578,0.5,"Cuestiona la homogeneización de personas sin hogar y analiza identidades entrecruzadas, sin especificar qué ejes se co-construyen.",0.5,"Nombra marginación y resultados desiguales desde la justicia ambiental, sin teorizar estructuras ni mecanismos.",0.5,"Situado en las inundaciones de Colorado de 2013; reconoce factores contextuales, con detalle limitado.",0.5,"Entrevistas, grupos focales y observación participante orientados a identidades entrecruzadas, sin muestreo ni codificación interseccional explícitos.",1.0,medium,,0.5,"Pide integrar análisis interseccionales en la investigación sobre desastres y justicia ambiental, sin desarrollar propuestas.",0.0,No documenta agencia ni estrategias de las personas sin hogar.,True,Analiza 'the intersecting identities of homeless participants' y los 'intersecting traits and contextual factors that result in unequal disaster and environmental outcomes'.,0.5,"Enfoque, método cualitativo y caso conectados para mostrar heterogeneidad, aunque sin articulación con poder estructural.",empirico_cualitativo,inundacion,United States
1579,1.0,"Muestra que género, casta, ingreso, edad y hogar se cruzan para crear experiencias y saberes heterogéneos entre pescadoras.",0.5,"Nombra casta y relaciones de género, pero no teoriza mecanismos estructurales como patriarcado, sistema de castas o acuicultura.",0.5,"Dos comunidades pesqueras de Chilika con acuicultura, desastres y emigración; escaso desarrollo histórico y político en el abstract.",1.0,"Análisis interseccional que compara dinámicas entre grupos de pescadoras diferenciados por casta, ingreso, ubicación y edad.",2.0,medium,,0.0,Describe impactos y adaptaciones diferenciados por género sin implicaciones de justicia ni recomendaciones.,1.0,"Documenta percepciones sobre los motores del cambio, respuestas de afrontamiento, adaptaciones y conocimientos de las pescadoras.",True,"El género se cruza con casta, ingreso, ubicación geográfica, edad y pertenencia al hogar, generando experiencias heterogéneas entre pescadoras.",0.5,"Ejes, método comparativo y agencia se articulan en el caso, pero sin marco de poder ni orientación a la justicia.",empirico_cualitativo,desastres_multiples,India
1580,1.0,"Analiza cómo clase, género y raza se intersecan para producir perspectivas específicas de recuperación, no efectos sumados.",0.5,"Identifica racismo 'colorblind' en los relatos de residentes blancos, sin teorizar los mecanismos estructurales de la recuperación desigual.",1.0,Pregunta cómo los contextos sociohistóricos de Joplin y Tuscaloosa moldean las percepciones; los hallazgos difieren según la ciudad.,1.0,"Trabajo de campo 2013–2016, archivo y 162 entrevistas; analiza la variación dentro y entre grupos sociales y contextos.",2.0,medium,,0.5,"Cuestiona el relato del 'leveling effect' y el racismo daltónico, sin desarrollar implicaciones de justicia o propuestas.",0.5,Las personas de color rechazan el relato dominante de nivelación; la agencia aparece solo como contranarrativa.,True,Muestra cómo la clase social se cruza con género y raza para producir perspectivas particulares sobre la recuperación tras tornados.,0.5,"Contexto y raza se articulan bien, pero la intersección clase-género-raza se presenta como un hallazgo aparte.",empirico_cualitativo,ciclon_huracan_tormenta,United States
1583,0.0,No aplica: no supera el gate.,0.0,No aplica: no supera el gate.,0.0,No aplica: no supera el gate.,0.0,No aplica: no supera el gate.,0.0,high,,0.0,No aplica: no supera el gate.,0.0,No aplica: no supera el gate.,False,La interseccionalidad solo aparece en la lista de campos de interés del libro; no se nombran ni relacionan ejes de diferenciación social.,0.0,No aplica: no supera el gate.,conceptual_teorico,desastres_multiples,No especificado
1585,0.5,"Nombra raza, clase y género y el predominio de varones europeos, sin analizar cómo se co-construyen.",0.5,"Señala la dominación masculina y eurocéntrica de la computación, pero la atribuye a la 'hubris' del grupo sin teorizar mecanismos.",0.0,"No sitúa el análisis en un lugar, historia o política específicos.",0.0,Capítulo conceptual sin diseño empírico ni operacionalización de intersecciones.,1.5,medium,,1.0,Aboga por una educación en computación culturalmente sostenible que impulse un movimiento social y ambientalmente responsable.,1.0,Recupera epistemologías indígenas y saberes ancestrales como fuente de la propuesta y de revitalización cultural.,True,"Usa teoría interseccional para abordar raza, clase y género ante el cambio climático y critica el dominio de varones de ascendencia europea.",0.5,"Crítica interseccional, saberes indígenas y propuesta educativa se enlazan, pero sin contexto situado ni análisis de los ejes.",conceptual_teorico,cambio_climatico_general,No especificado
1591,0.0,No aplica: gate no superado.,0.0,No aplica: gate no superado.,0.0,No aplica: gate no superado.,0.0,No aplica: gate no superado.,0.0,low,,0.0,No aplica: gate no superado.,0.0,No aplica: gate no superado.,False,"Solo trabaja un eje (pueblos nativos americanos); lo 'intersectional' une justicia ambiental y social, no ejes de diferenciación.",0.0,No aplica: gate no superado.,conceptual_teorico,cambio_climatico_general,United States
1599,0.5,"Cada factor (educación, edad, etnia Luo/Kalenjin) se analiza por separado; no examina posiciones combinadas con el género.",0.0,Atribuye las diferencias a la alfabetización y a 'social and cultural norms'; no nombra estructuras de poder.,0.5,"Sitúa el estudio en el oeste de Kenia, con comunidades Luo y Kalenjin, sin desarrollar historia ni política.",0.0,"Encuesta a 51 agricultores y grupos focales; porcentajes de adopción por un solo factor, sin interacciones (regla 4).",1.0,medium,,0.5,"Recomienda 'targeted interventions' según necesidades locales, sin desarrollar una orientación de justicia.",0.5,"Presenta a los agricultores como adoptantes que 'are coping', sin documentar saberes ni estrategias propias.",True,"Bajo una lente de interseccionalidad de género, examina cómo etnia, edad, educación y estado civil, además del género, condicionan la adopción de CSA.",0.5,"La conclusión vincula la lente con el contexto local y las intervenciones, pero los ejes quedan yuxtapuestos como factores sueltos.",empirico_mixto,cambio_climatico_general,Kenya
1601,0.0,No aplica: no supera el gate.,0.0,No aplica: no supera el gate.,0.0,No aplica: no supera el gate.,0.0,No aplica: no supera el gate.,0.0,medium,,0.0,No aplica: no supera el gate.,0.0,No aplica: no supera el gate.,False,"Menciona traer el enfoque de interseccionalidad al cambio ambiental global y sus retos metodológicos, sin nombrar ni relacionar ejes sociales.",0.0,No aplica: no supera el gate.,revision,cambio_climatico_general,Global
1602,1.0,Teoriza la conexión e interacciones entre dimensiones sociales: el riesgo reproduce 'intersections of privilege and subordination'.,1.0,Marco crítico feminista: la gestión del riesgo y las relaciones de poder reproducen privilegio y subordinación.,0.5,"Reconoce que el riesgo se constituye en espacios sociales y geográficos, pero no sitúa el análisis en un contexto concreto.",0.0,Artículo teórico; propone una perspectiva sin operacionalización empírica.,1.5,medium,,0.5,"Critica que la gestión del riesgo reproduce desigualdades, sin desarrollar propuestas de transformación.",0.0,No aborda la agencia ni la resistencia de los sujetos.,True,"Propone investigar cómo los discursos de riesgo se entrelazan con el 'doing' de clase, género y raza.",0.5,"Articula poder y ejes entrelazados en una teoría del riesgo coherente, pero sin contexto ni método que la concreten.",conceptual_teorico,cambio_climatico_general,No especificado
1603,0.5,"Critica la dicotomía hombres-mujeres y relaciona género con desigualdades entrecruzadas, sin analizar ejes concretos.",0.5,Señala la falta de atención al poder y a relaciones sociales y políticas; critica la 'feminization of vulnerability'.,0.0,Revisión de 41 artículos sin contextualización histórica ni geográfica.,0.0,Revisión de cómo se enmarca el género; no opera intersecciones empíricamente.,1.0,medium,,0.5,"Propone revelar vías emancipatorias en la adaptación, sin desarrollar propuestas concretas.",0.5,"Cuestiona el discurso de victimización y reclama visibilizar la agencia, sin documentarla.",True,Desde el título vincula género con 'intersecting inequalities' y teoriza impactos que moldean y son moldeados por dinámicas de poder sociales y políticas.,0.5,"Conecta la crítica a la dicotomía de género, el poder y la agencia en un argumento coherente pero general.",revision,cambio_climatico_general,Global
1604,1.0,"Concibe sexualidad, raza y género como co-constitutivos de las relaciones de poder y cuestiona el binarismo 'women and men'.",1.0,"Biopolítica foucaultiana y economía política: relaciones de poder macroeconómicas y militarizadas atravesadas por sexualidad, raza y género.",0.5,"Nombra Haití y reconoce la especificidad histórica y geográfica, pero el abstract no desarrolla el contexto.",0.0,Capítulo argumentativo sin diseño empírico.,1.5,low,,0.5,"Critica las políticas que excluyen a personas de género no conforme en los desastres, sin desarrollar propuestas.",0.0,No menciona la agencia ni la resistencia de los sujetos.,True,"Articula sexualidad, raza y género: masculinidades y feminidades 'intersect with race and ethnicity in historically and geographically specific ways'.",0.5,"Integra poder biopolítico e identidades entrelazadas en un argumento coherente, sin contexto desarrollado ni método.",conceptual_teorico,desastres_multiples,Haiti
1605,0.0,No aplica: no supera el gate.,0.0,No aplica: no supera el gate.,0.0,No aplica: no supera el gate.,0.0,No aplica: no supera el gate.,0.0,medium,,0.0,No aplica: no supera el gate.,0.0,No aplica: no supera el gate.,False,"Analiza roles y desigualdades de género de mujeres y hombres rurales; la ruralidad es el escenario, no un eje relacionado con el género.",0.0,No aplica: no supera el gate.,empirico_cualitativo,cambio_climatico_general,Nicaragua
1606,0.0,No aplica: gate no superado.,0.0,No aplica: gate no superado.,0.0,No aplica: gate no superado.,0.0,No aplica: gate no superado.,0.0,low,,0.0,No aplica: gate no superado.,0.0,No aplica: gate no superado.,False,Analiza a un solo colectivo (LGBTI) frente a instituciones religiosas; el cruce religión-sexualidad solo se propone como investigación futura.,0.0,No aplica: gate no superado.,empirico_cualitativo,desastres_multiples,Australia
1607,0.5,"Nombra raza, género y clase bajo una lente interseccional, pero el abstract no muestra cómo se co-construyen.",0.0,"No nombra estructuras ni mecanismos de poder; alude a 'political, cultural and personal landscapes'.",0.0,"Enfoque global sin situar hallazgos en historia, geografía ni política concretas.",0.0,Volumen colectivo sin método descrito.,0.5,low,,0.5,"Se orienta a soluciones y a 'intersectional theories and practices' para la sostenibilidad, sin desarrollar una agenda de justicia.",0.0,No menciona la agencia ni la resistencia de los sujetos.,True,"Aborda raza, género y clase 'through an intersectional lens' como intersecciones en el cambio climático global.",0.0,Resumen editorial que enumera propósitos; los elementos no se articulan en un análisis.,otro,cambio_climatico_general,Global
1608,1.0,Critica la división sexo-desagregada y sostiene que la capacidad adaptativa surge de la intersección de categorías identitarias.,0.0,No menciona poder ni estructuras; se centra en roles y responsabilidades.,0.0,Generaliza sobre 'agrarian settings' sin situar el análisis en contextos concretos.,0.0,Revisión de literatura sin operacionalización empírica.,1.0,medium,,0.5,"Sostiene que mejora la programación y los resultados de la adaptación, sin orientación explícita a la justicia.",0.0,"Habla de capacidades de adaptación, no de agencia ni resistencia.",True,"Roles y responsabilidades emergen 'at the intersection of' género, edad, antigüedad, etnia, estado civil y medios de vida.",0.5,"Vincula identidades interseccionales con la programación de adaptación, pero sin poder ni contexto que articulen el argumento.",revision,cambio_climatico_general,Global
1609,0.0,No aplica: no supera el gate.,0.0,No aplica: no supera el gate.,0.0,No aplica: no supera el gate.,0.0,No aplica: no supera el gate.,0.0,low,,0.0,No aplica: no supera el gate.,0.0,No aplica: no supera el gate.,False,"Las 'intersections of identity, experience, and the social environment' cruzan identidad, experiencia y entorno; no relaciona categorías sociales entre sí.",0.0,No aplica: no supera el gate.,conceptual_teorico,desastres_multiples,United States
1611,0.5,"Nombra el cruce entre injusticias culturales y de género, pero lo trata en un ángulo de análisis separado del climático.",0.5,"Habla de desigualdades extremas e injusticias culturales desde teorías de la justicia, sin teorizar mecanismos estructurales.",0.5,"Defiende un enfoque contextual basado en situaciones extremas (violaciones masivas, migraciones climáticas), sin lugares ni historias concretas.",0.0,"Filosofía normativa y aplicada, sin diseño empírico.",1.0,medium,,1.0,Orientación normativa explícita a la justicia global: defiende un 'reasonable interculturalism' frente a negaciones del pluralismo cultural.,0.0,Los sujetos aparecen como víctimas de situaciones extremas; no se aborda su agencia.,True,Examina las 'intersections between cultural injustices and gender inequalities': relaciona pertenencia etnocultural y género.,0.5,"Ambos ángulos (género-cultura y clima-cultura) confluyen en la propuesta normativa, pero se analizan por separado.",conceptual_teorico,cambio_climatico_general,Global
1613,0.5,Relaciones de desigualdad entrecruzadas con el género frente a supuestos esencialistas; el abstract no especifica los otros ejes.,1.0,Mecanismo explícito: focalización esencialista y participación en organizaciones existentes que silencian voces marginadas y aumentan la marginación.,1.0,"Programa REDD+ de Burkina Faso, dos aldeas y uso de PFNM; afirma que la desigualdad debe entenderse en contexto.",0.5,"Análisis documental y datos de uso de recursos en dos aldeas, sin muestreo ni codificación interseccional explícitos.",3.0,medium,,1.0,Crítica situada de la política REDD+ por su escasa promesa de cambio real y riesgo de mayor marginación.,0.5,"Alude a voces marginadas y prácticas de uso de recursos, sin documentar estrategias de los sujetos.",True,"Analiza, desde la teoría interseccional, cómo ignorar las 'intersecting relations of inequality' junto al género margina a ciertos grupos en REDD+.",1.0,"La teoría interseccional explica, con datos situados, cómo el diseño de la política reproduce desigualdades entrecruzadas.",empirico_cualitativo,mitigacion_transicion,Burkina Faso
1614,0.5,El género se cruza con otros factores no especificados; el análisis y las conclusiones siguen un esquema binario.,0.5,"Atribuye la mayor vulnerabilidad femenina a diferencias socioeconómicas y relaciones de poder desiguales, sin teorizar mecanismos.",0.5,"Inundaciones de Tokwe Mukosi 2013/14 y reasentamiento en Chingwizi, con escaso detalle histórico-político.",0.0,El abstract no describe un método que opere intersecciones.,1.0,low,,0.5,"Recomienda una reducción del riesgo inclusiva y equilibrada en género, sin desarrollar una orientación de justicia.",0.5,"Reconoce que las personas afectadas 'find ways to survive differently', sin documentar estrategias.",True,"Afirma que 'an intersection of factors, most importantly gender, mediates how people experience flooding' y rechaza homogeneizar a las víctimas.",0.5,"El cruce de factores se enuncia, pero las conclusiones vuelven a un enfoque de género binario.",empirico_cualitativo,inundacion,Zimbabwe
1615,0.0,No aplica: no supera el gate.,0.0,No aplica: no supera el gate.,0.0,No aplica: no supera el gate.,0.0,No aplica: no supera el gate.,0.0,high,,0.0,No aplica: no supera el gate.,0.0,No aplica: no supera el gate.,False,"Solo destaca la 'relevance of intersectional framings' en un artículo del número; el texto vincula género y cambio ambiental, no ejes sociales.",0.0,No aplica: no supera el gate.,otro,cambio_climatico_general,Global
1616,0.5,"Trata la intersección como acumulación de factores de riesgo (migración, pobreza, salud), no como posiciones co-constituidas.",0.5,"Nombra pobreza, barrios desfavorecidos y desigualdades en salud, sin teorizar mecanismos estructurales.",0.5,"Sitúa el estudio en Viena (2014) y en barrios densos y desfavorecidos con islas de calor, sin historia ni política migratoria.",0.5,Compara intencionalmente una familia multigeneracional de origen turco con otra sin origen migrante; resultados descriptivos.,1.0,medium,,0.0,Solo reclama un enfoque diferenciado de investigación; no conecta con justicia ni políticas.,0.0,Presenta resultados descriptivos sin documentar estrategias ni agencia de las familias.,True,"Riesgo de las personas migrantes por 'the intersection of several risk factors': estatus social (pobreza, trabajo manual), barrio y salud.",0.5,"La intersección de factores de riesgo guía la comparación de casos, pero sin articular poder ni contexto.",empirico_cualitativo,calor_extremo,Austria
1617,0.0,No aplica: no supera el gate.,0.0,No aplica: no supera el gate.,0.0,No aplica: no supera el gate.,0.0,No aplica: no supera el gate.,0.0,high,,0.0,No aplica: no supera el gate.,0.0,No aplica: no supera el gate.,False,La interseccionalidad figura como uno de tres compromisos metodológicos; el abstract no nombra ni relaciona ejes de diferenciación social.,0.0,No aplica: no supera el gate.,conceptual_teorico,cambio_climatico_general,Bangladesh
1618,1.0,El estado civil pesa para las mujeres pero no para los hombres; viudas y divorciadas ocupan posiciones específicas de desventaja.,0.5,"Muestra desventajas estructuradas por género y estado civil en el acceso, sin teorizar los mecanismos de poder que las producen.",0.5,"Sitúa el estudio en la Tanzania rural, sin detallar historia, instituciones ni política local.",1.0,"Clasificación cruzada de hombres y mujeres solteros, casados, divorciados y viudos con regresión logística y grupos focales (regla 4).",2.0,high,,0.5,"Subraya la importancia del enfoque interseccional para la política y la práctica climática, sin desarrollar la dimensión de justicia.",1.0,Documenta estrategias propias: las divorciadas asumen más actividades no agrícolas y los hogares diversifican por especialización individual.,True,Examina cómo las estrategias adaptativas 'are mediated through their gender and marital statuses' con un marco interseccional.,0.5,"Método, posiciones combinadas y estrategias se articulan en una tipología, pero sin poder estructural ni contexto que las expliquen.",empirico_mixto,cambio_climatico_general,Tanzania
1619,0.0,No aplica: no supera el gate.,0.0,No aplica: no supera el gate.,0.0,No aplica: no supera el gate.,0.0,No aplica: no supera el gate.,0.0,low,,0.0,No aplica: no supera el gate.,0.0,No aplica: no supera el gate.,False,"Critica el binario hombres/mujeres y explora 'potential benefits' de perspectivas interseccionales, sin teorizar cómo el género se cruza con otras categorías.",0.0,No aplica: no supera el gate.,conceptual_teorico,cambio_climatico_general; mitigacion_transicion,Global
1620,0.5,"Reconoce que raza, clase, lugar y edad complican el género, pero el análisis descrito se centra en la masculinidad.",1.0,Explica cómo el movimiento reprodujo el liderazgo masculino y naturalizó la masculinidad; marco crítico profeminista sobre el masculinismo.,1.0,"Huracán Katrina, Costa del Golfo (agosto de 2005) y el movimiento por una 'Just Reconstruction'.",0.0,No describe un método que opere las intersecciones.,2.0,low,,1.0,Orientado a una respuesta profeminista ambiental y a intervenciones en el movimiento por una reconstrucción justa.,1.0,Documenta la organización de base y la 'occasional subversion' de las masculinidades dominantes.,True,"Examina la masculinidad a través de otras posiciones: 'intersections of race, class, place, age and political experience complicate reductive notions of gender'.",0.5,"Poder de género, contexto, agencia y justicia se articulan, pero las intersecciones con raza, clase y edad quedan periféricas.",empirico_cualitativo,ciclon_huracan_tormenta; cambio_climatico_general,United States
1622,0.0,No aplica: gate no superado.,0.0,No aplica: gate no superado.,0.0,No aplica: gate no superado.,0.0,No aplica: gate no superado.,0.0,medium,,0.0,No aplica: gate no superado.,0.0,No aplica: gate no superado.,False,"Menciona datos por sexo y edad y el análisis interseccional como requisitos metodológicos, sin relacionar esos ejes entre sí.",0.0,No aplica: gate no superado.,conceptual_teorico,cambio_climatico_general; desastres_multiples,Global
1624,0.0,No aplica: no supera el gate.,0.0,No aplica: no supera el gate.,0.0,No aplica: no supera el gate.,0.0,No aplica: no supera el gate.,0.0,low,,0.0,No aplica: no supera el gate.,0.0,No aplica: no supera el gate.,False,Recomienda datos por sexo y edad y análisis 'intersectional' como pauta metodológica; enumera ejes sin relacionarlos.,0.0,No aplica: no supera el gate.,empirico_cualitativo,cambio_climatico_general; desastres_multiples,United Kingdom
1627,0.5,"Declara un enfoque no aditivo de raza, clase y género, pero el abstract no muestra cómo se co-construyen.",0.5,"Vincula raza, clase y género con 'injustice and inequity' y 'systemic crises', sin teorizar mecanismos concretos.",0.0,Volumen global sin situar los análisis en contextos históricos o geográficos concretos.,0.0,Volumen colectivo sin método descrito.,0.5,low,,0.5,"Enmarca el análisis en experiencias de injusticia y propone vínculos teórico-prácticos, sin desarrollar una agenda transformadora.",0.0,No menciona la agencia ni la resistencia de los sujetos.,True,"Critica ver raza, clase y género como categorías separadas y aborda cómo sus 'multiple intersections' producen injusticia e inequidad.",0.0,Resumen editorial que enumera propósitos del volumen; los elementos no se articulan en un análisis.,otro,cambio_climatico_general,Global
1628,1.0,"Dimensiones identitarias múltiples (casta, riqueza, edad, género) se intersectan con relaciones de poder y generan respuestas adaptativas diferenciadas.",0.5,"Nombra relaciones de poder, negociación intradoméstica y dinámicas institucionales, sin teorizar estructuras como casta o patriarcado.",1.0,Contrasta Bihar y Uttarakhand; preferencias 'geographically determined' e interacciones 'situation-specific' según el contexto socioecológico.,0.5,"Compara casos contrastados y grupos, pero el abstract no describe un método que opere las intersecciones.",3.0,medium,,0.5,Identifica barreras a la adaptación entre grupos; las implicaciones se dirigen sobre todo a la investigación futura.,1.0,Documenta estrategias de adaptación diversas y la negociación en el hogar y la comunidad.,True,"'Intersecting identities, such as caste, wealth, age and gender, influence decisions' sobre la adaptación.",1.0,"Identidades entrelazadas, poder y contexto situado se articulan para explicar la diversidad de estrategias adaptativas.",empirico_mixto,cambio_climatico_general,India
1629,0.0,No aplica: gate no superado.,0.0,No aplica: gate no superado.,0.0,No aplica: gate no superado.,0.0,No aplica: gate no superado.,0.0,high,,0.0,No aplica: gate no superado.,0.0,No aplica: gate no superado.,False,"Solo analiza el género (masculinidad hegemónica, masculinismo); la interseccionalidad aparece como literatura citada, sin un segundo eje.",0.0,No aplica: gate no superado.,conceptual_teorico,cambio_climatico_general; desastres_multiples,Global
1632,0.5,"Anuncia un énfasis en la intersección raza-clase, pero el abstract no muestra cómo se co-construyen.",0.0,"Habla de 'cultural politics' sin nombrar estructuras (racismo, capitalismo) ni mecanismos.",0.5,"Katrina 2005, la Costa del Golfo y Nueva Orleans como escenario; contexto sociohistórico apenas desarrollado.",0.0,"Perspectivas interdisciplinarias sobre producciones culturales, sin método que opere intersecciones.",0.5,medium,,0.0,Sin orientación explícita a la justicia o la transformación.,0.0,"Analiza representaciones (documental, serie, poesía); no aborda la agencia de las personas afectadas.",True,Enfatiza explícitamente 'the intersections of the categories race and class' en las respuestas culturales a Katrina.,0.0,"La intersección raza-clase se declara como énfasis, sin articularse con poder, contexto ni método.",empirico_cualitativo,ciclon_huracan_tormenta,United States
1633,1.0,"Conceptualiza la 'gendered indigeneity' como posición específica que configura vulnerabilidad y resiliencia, no como suma de ejes.",1.0,El colonialismo de asentamiento acoplado al cambio climático como fuente de vulnerabilidades; colonización basada en opresiones de raza y género.,1.0,"Pueblos nativos de EE. UU. (American Indians, Alaska Natives, Native Hawaiians); relaciones recíprocas generizadas 'in many indigenous communities'.",0.5,"Síntesis que cruza tres literaturas (género-clima, indígenas-clima, roles de género nativos); sin datos propios.",3.5,high,,0.5,"Crítica del colonialismo de asentamiento e implicaciones para la resiliencia, sin recomendaciones ni agenda de justicia desarrolladas.",1.0,'gendered knowledge and gender-based activism and initiatives may foster climate change resilience'.,True,Articula género e indigeneidad/raza: 'intersecting layers of oppression in which race and gender are major determinants'; 'gendered indigeneity'.,1.0,El colonialismo explica la vulnerabilidad de la indigeneidad generizada en contextos nativos; saberes y activismo se ligan a la resiliencia.,revision,cambio_climatico_general,United States
1634,0.0,No aplica: no supera el gate.,0.0,No aplica: no supera el gate.,0.0,No aplica: no supera el gate.,0.0,No aplica: no supera el gate.,0.0,medium,,0.0,No aplica: no supera el gate.,0.0,No aplica: no supera el gate.,False,La 'intersectionality of the cosmopolitan space' alude a pertenencias performativas en la gobernanza climática; no nombra ni relaciona ejes de diferenciación social.,0.0,No aplica: no supera el gate.,conceptual_teorico,cambio_climatico_general,China
1635,0.5,Mujeres y personas GLBTQ se presentan en paralelo; solo el carácter generizado del sobreconsumo del primer mundo sugiere co-construcción.,1.0,"'ideologies and economies of domination, exploitation and colonialism'; retóricas de control poblacional, antiinmigración y militarismo como mecanismos.",0.0,"Argumento global sobre el discurso climático, sin situarlo en historia, geografía o política específicas.",0.0,Ensayo teórico sin operacionalización empírica.,1.5,medium,,1.0,Exige transformar ideologías y economías de dominación y enfrentar las corrientes antifeministas de la respuesta científica al clima.,0.5,"Menciona los temas en torno a los cuales se organizan mujeres y personas GLBTQ, sin desarrollar su agencia.",True,"Reúne género, sexualidad (GLBTQ), especie y migración mediante 'the intersectional lens of ecofeminism' y 'linked rhetorics'.",0.5,"El lente ecofeminista conecta estructuras de dominación con género, sexualidad y especie, pero sin contexto ni análisis situado.",conceptual_teorico,cambio_climatico_general,Global
1636,0.5,"Nombra la intersección raza-clase-género como objeto potencial, sin mostrar cómo se co-construye en el caso.",0.5,Marco ecofeminista crítico sobre la vulnerabilidad de las mujeres; no especifica estructuras ni mecanismos.,0.5,"Caso ilustrativo de mujeres de Sri Lanka tras el tsunami de 2004, con contexto apenas descrito.",0.0,Artículo teórico con caso ilustrativo; sin diseño que opere intersecciones.,1.0,medium,,0.5,"Perspectiva crítica ecofeminista; solo anuncia implicaciones para la investigación sobre desastres, no para la justicia.",0.0,Las mujeres aparecen solo desde sus vulnerabilidades y consecuencias negativas.,True,"Propone el ecofeminismo para explorar 'the intersection of race, class, and gender in the aftermath of disaster'.",0.5,"Vincula marco ecofeminista, intersección de ejes y caso, pero de forma programática y poco desarrollada.",conceptual_teorico,desastres_multiples,Sri Lanka
1637,1.0,"'specific combinations of factors shape their own social position' y afectan poder, opresión y vulnerabilidad.",1.0,Kiriarcado como teoría de las estructuras de poder que produce la interseccionalidad; poder y opresión en la planificación.,0.0,"Marco general para 'our cities' y la planificación, sin contexto histórico o geográfico específico.",0.0,Propuesta conceptual sin operacionalización empírica.,1.5,high,,1.0,Marco orientado a la justicia social en planificación y adaptación; aborda la injusticia urbana.,0.0,No se refiere a la agencia ni a las estrategias de los sujetos.,True,"Raza, clase, género, etnia y sexualidad como 'multiple, co-constituting axes of difference and identity'.",0.5,"Integra conceptualmente kiriarcado, posiciones interseccionales y vulnerabilidad, pero sin aplicarlo a un contexto ni a datos.",conceptual_teorico,cambio_climatico_general,No especificado
1641,0.5,Identidad interseccional y situacional frente a determinantes a priori; el abstract no especifica qué ejes se co-construyen.,0.0,"Critica marcos esencialistas y desajustes de escala espacial, sin teorizar estructuras de poder.",1.0,Comunidad del sur de Zambia; sostiene que la identidad es situacional y que los determinantes generales fallan localmente.,1.0,Usa el enfoque Livelihoods as Intimate Government para operacionalizar marcos interseccionales y situacionales de identidad.,1.5,medium,,0.5,"Busca mejorar el diseño de intervenciones de reducción del riesgo, sin orientación explícita de justicia.",0.0,No aborda agencia ni estrategias de los sujetos.,True,"Contrapone marcos esencialistas de identidad al 'intersectional, situational character of identity' y lo operacionaliza para explicar vulnerabilidades diferenciadas a inundaciones.",0.5,"Teoría de identidad, método y contexto bien conectados, pero sin articulación con poder estructural ni praxis.",empirico_cualitativo,inundacion,Zambia
1642,1.0,"Analiza la posición específica de las mujeres que quedan atrás en hogares marginales, mediada por relaciones de clase y casta.",1.0,"Procesos político-económicos locales y macro, formación social estratificada y migración masculina que redistribuye trabajo y recursos.",1.0,"Llanuras del Ganges oriental (Nepal, India); estrés agrario y 'stratified social formations' como contexto específico.",0.5,"Investigación de campo que distingue subgrupos (mujeres de hogares marginales), pero el abstract no describe un diseño interaccional.",3.5,medium,,1.0,"Políticas climáticas serán ineficaces 'without addressing the deeper structural intersections between class, caste and gender'.",0.5,"La migración aparece como estrategia de respuesta, pero las mujeres se retratan sobre todo desde su vulnerabilidad.",True,"Relaciona género con clase y casta: vulnerabilidad estratificada; mujeres de hogares marginales y arrendatarios, las más vulnerables.",1.0,"La economía política explica la vulnerabilidad estratificada por clase, casta y género en su contexto agrario y fundamenta la recomendación.",empirico_cualitativo,cambio_climatico_general; sequia,Nepal; India
1643,0.5,"Teoriza categorizaciones sociales dinámicas y no esencialistas, pero sin analizar cómo se co-construyen ejes concretos.",1.0,"Estructuras de poder y categorizaciones que se refuerzan, desafían y renegocian; marco de teoría feminista crítica.",0.5,"Reconoce categorizaciones 'context-specific', pero sin situar el análisis en un contexto concreto.",0.0,Conceptual; ofrece preguntas sensibilizadoras sin operacionalización empírica.,2.0,high,,0.5,"Interseccionalidad como herramienta crítica que habilita solidaridad; orientación transformadora enunciada, no desarrollada.",0.5,"Menciona agencia y renegociación de estructuras más allá de las categorías, sin documentarla.",True,Individuos y grupos se relacionan distinto con el clima por su 'situatedness in power structures based on context-specific and dynamic social categorisations'.,1.0,"Articula coherentemente poder estructural, categorizaciones situadas, antiesencialismo y agencia en un marco analítico.",conceptual_teorico,cambio_climatico_general,No especificado
1645,0.5,"Concibe el género en intersección con otras identidades frente al binario, sin analizar ejes concretos.",0.0,No teoriza estructuras de poder; la crítica se dirige a marcos analíticos binarios de donantes e implementadores.,0.5,"Reconoce especificidad de 'particular places' en contextos agrarios, sin situarse en un caso concreto.",0.0,Revisión; reclama innovaciones metodológicas aún no desarrolladas.,1.0,high,,0.5,Advierte que el análisis binario genera intervenciones maladaptativas que aumentan la vulnerabilidad de los más marginados.,0.0,No aborda agencia ni estrategias de los sujetos.,True,"Trata el género como 'a social categorization that takes meaning from its intersection with other identities, roles, and responsibilities'.",0.5,"Conecta género interseccional, invisibilización de grupos y riesgo de maladaptación, de forma parcial.",revision,cambio_climatico_general,No especificado
1646,0.5,"Mujeres, personas de color y LGBT aparecen como grupos paralelos cuyas identidades se activan, sin analizar su cruce.",0.0,"Lente psicosocial (autoverificación, apego al lugar); no teoriza estructuras de poder.",0.5,"Upper 9th Ward de Nueva Orleans post-Katrina, con un 'brief economic and cultural examination of the area'.",0.0,Entrevistas y observación sin muestreo ni codificación por subgrupos interseccionales.,1.0,low,,0.0,Describe problemas sociales comunitarios sin orientación a la justicia o la transformación.,1.0,Documenta las conductas de ayuda voluntaria y la participación comunitaria de los residentes.,True,"Considera identidades de género, raza y sexualidad (mujeres, personas de color, LGBT) en la participación; keyword Intersectionality.",0.5,"Liga la activación de identidades marginadas con la participación comunitaria, pero lo interseccional queda periférico al análisis psicosocial.",empirico_cualitativo,ciclon_huracan_tormenta,United States
1647,0.5,"Nombra la intersección género-clase, pero el desarrollo posterior se centra en el género (mujeres y hombres).",1.0,Normas patriarcales y relaciones de poder sitúan diferencialmente a mujeres y hombres; tareas hídricas productivas y reproductivas; ecología política feminista.,0.5,"Foco regional en Asia del Sur y sociedades agrarias, pero afirma que los temas pueden aplicarse en otros lugares.",0.0,Artículo conceptual sin operacionalización empírica.,1.5,high,,0.5,"Busca informar mejor las políticas y programas de adaptación, sin desarrollar una agenda de justicia.",0.5,"Reconoce cómo distintos grupos comprenden, responden y afrontan la variabilidad, sin documentar estrategias concretas.",True,"'Intersectionalities of social difference, especially along gender and class lines' diferencian cómo se experimentan los impactos climáticos.",0.5,"Articula patriarcado, geografías de género y agua y política, pero la clase queda poco integrada en el análisis.",conceptual_teorico,cambio_climatico_general,South Asia
1648,0.5,El análisis se centra en dinámicas de género; la intersección con la clase aparece sobre todo en la conclusión.,1.0,"Políticas coloniales y poscoloniales, promoción del maíz, políticas neoliberales y migración masculina como mecanismos; ecología política feminista.",1.0,Norte de Malawi con historia colonial y poscolonial; saberes 'situated in material and gendered practices' en un lugar dado.,0.0,"Entrevistas, grupos focales, archivos y observación, sin diseño que opere intersecciones.",2.0,low,,0.5,"Recomienda que la resiliencia social atienda la interseccionalidad, sin desarrollar una orientación de justicia.",1.0,Documenta saberes indígenas y la persistencia del mijo pese al desaliento de gobiernos coloniales y poscoloniales.,True,"Pide atender 'the intersectionality of gender, class, and other subjectivities' que producen prácticas y saberes agrícolas.",0.5,"Integra políticas, género y saberes en su contexto, pero la interseccionalidad género-clase no articula el análisis.",empirico_cualitativo,sequia,Malawi
1650,0.5,Trata a las poblaciones LGBTI como grupo; las intersecciones con otros ejes aparecen como advertencia final.,0.5,"Critica la ausencia LGBTI en agendas académicas y de política desde un enfoque queer, sin teorizar mecanismos.",0.5,"Reconoce la ubicación regional o nacional como factor diferenciador, pero no detalla el contexto de los casos.",0.0,"Revisión crítica de cinco estudios de caso, sin análisis interaccional.",1.5,high,,1.0,"Insta a investigadores, responsables políticos y agencias de ayuda a reconocer las necesidades LGBTI; propone vías para investigación queer.",0.5,Menciona las 'resilient capacities' de las poblaciones LGBTI sin desarrollarlas.,True,"Necesidades LGBTI 'wrought by intersections of socio-economic resources, gender, race/ethnicity, age and regional or national location'.",0.5,"La crítica queer se conecta con recomendaciones, pero la interseccionalidad se añade al final sin articular el análisis.",revision,desastres_multiples,No especificado
1656,1.0,"Analiza la heterogeneidad de las mujeres y la posición específica de las jefas de hogar, no el género aislado.",0.5,"Políticas de desarrollo que generan acceso desigual a agua, tierras forestales y crédito, sin marco crítico explícito.",1.0,"Comuna Ky Nam, Vietnam central, Programa Nacional climático; pide políticas específicas al contexto frente a 'one-size-fits-all packages'.",0.5,"Métodos mixtos que diferencian subgrupos de mujeres, sin describir un análisis interaccional.",3.5,high,,1.0,Exige rediseñar los programas de desarrollo y clima para atender necesidades diferenciadas y relaciones desiguales.,1.0,Documenta las adaptaciones diferenciadas de las mujeres a la escasez de agua agrícola.,True,"Género, clase, jefatura del hogar, edad y etapa vital configuran experiencias diferenciadas de las mujeres; 'intersectional dynamics'.",1.0,Las políticas y el acceso desigual a recursos explican la vulnerabilidad y adaptación diferenciadas de las mujeres en su contexto y fundamentan recomendaciones.,empirico_mixto,sequia,Vietnam
1658,0.5,"Poblaciones definidas por cruces de raza, clase y ciudadanía, pero el abstract no analiza su co-construcción.",1.0,Intereses de clase y élites urbanas usan el desastre para confiscar espacios de los pobres; marco crítico de David Harvey.,1.0,Chinatown de San Francisco en 1906 y vivienda pública de Nueva Orleans en 2005; resultados muy distintos en cada caso.,0.5,"Comparación histórica de dos casos centrados en grupos interseccionales, sin análisis interaccional explícito.",2.0,medium,,0.5,"Crítica del despojo urbano de poblaciones marginadas, sin propuestas ni orientación transformadora explícita.",0.0,Las poblaciones aparecen como objeto de los intentos de las élites; no se menciona su agencia.,True,"Relaciona clase, raza y ciudadanía: chinos en 1906 y afroamericanos de bajos ingresos en 2005 como poblaciones vulnerables.",0.5,"El poder de clase explica el despojo de grupos racializados en contextos históricos, pero la intersección apenas se articula.",empirico_cualitativo,ciclon_huracan_tormenta; otro,United States
1661,0.5,Los ejes se enumeran como conjunto que estructura la vulnerabilidad; la interseccionalidad queda como tarea futura.,0.5,"Desigualdades de raza, clase y género estructuran el desastre, sin teorizar mecanismos.",0.0,Revisión general sin situar los hallazgos en contextos específicos.,0.0,Revisión de literatura; solo pide mejores metodologías.,1.0,high,,0.5,"Señala que las poblaciones marginadas sufren más y afrontan mayores obstáculos de recuperación, sin desarrollar implicaciones de justicia.",0.0,Poblaciones marginadas representadas solo desde su vulnerabilidad.,True,"Muestra cómo raza, clase y género estructuran la experiencia del desastre; propone sumar 'other intersectional dimensions'.",0.5,"Conecta estructuras de desigualdad y vulnerabilidad, pero sin articular intersecciones, contexto ni método.",revision,desastres_multiples,No especificado
1666,0.0,No aplica: no supera el gate.,0.0,No aplica: no supera el gate.,0.0,No aplica: no supera el gate.,0.0,No aplica: no supera el gate.,0.0,medium,,0.0,No aplica: no supera el gate.,0.0,No aplica: no supera el gate.,False,La intersección es entre agendas de justicia climática y reproductiva; el abstract no relaciona ejes de diferenciación social como entrelazados.,0.0,No aplica: no supera el gate.,conceptual_teorico,cambio_climatico_general,No especificado
1668,0.0,No aplica: no supera el gate.,0.0,No aplica: no supera el gate.,0.0,No aplica: no supera el gate.,0.0,No aplica: no supera el gate.,0.0,low,,0.0,No aplica: no supera el gate.,0.0,No aplica: no supera el gate.,False,"Describe un giro 'from gendered vulnerability ... to fragmented identities and intersectionality' como zona de indagación, sin teorizar cruces de categorías.",0.0,No aplica: no supera el gate.,revision,cambio_climatico_general,Global
1669,1.0,"Segunda pregunta: cómo 'the intersection of race, gender, and social class influenced their experiences' en mujeres negras.",0.0,"No nombra estructuras (racismo, patriarcado) ni mecanismos; la teoría resultante se centra en afrontamiento y espiritualidad individuales.",0.5,"Situado en Katrina y su posdesastre, sin desarrollo histórico, geográfico ni político del contexto.",1.0,Muestra de 15 mujeres afroamericanas (subgrupo interseccional) y teoría fundamentada que explora la intersección raza-género-clase.,2.0,medium,,0.0,"Sin orientación explícita a justicia, política o transformación; el foco es descriptivo sobre el afrontamiento.",1.0,"Documenta resiliencia, espiritualidad y estrategias de afrontamiento de las mujeres durante y después del huracán.",True,"Estudia mujeres afroamericanas y explora explícitamente cómo la intersección de raza, género y clase social moldeó sus experiencias tras Katrina.",0.5,"Intersección, muestra y agencia se conectan, pero sin poder estructural ni contexto que expliquen esa posición social.",empirico_cualitativo,ciclon_huracan_tormenta,United States
1671,1.0,"Relaciones de poder de género, raza y clase 'enacted and reconstituted'; trabajadoras mayoritariamente mujeres y personas de color como 'outsiders-within'.",1.0,"Alianza gobierno/corporaciones, economía política macro y 'gendered and racialized mechanisms of marginalization and exclusion' en el acceso a recursos.",1.0,"Costa del Golfo de Mississippi, 2007-2008, recuperación posKatrina y economía política local; posición situada de las trabajadoras.",0.5,"Observación, documentos y 32 entrevistas con análisis multinivel, sin muestreo ni codificación explícitamente interseccionales.",3.5,high,,1.0,"Crítica situada del control de recursos y de las inequidades en salud, enmarcada en justicia social y trabajo de incidencia.",0.5,"Reconoce la incidencia de las trabajadoras, pero el análisis enfatiza su desgaste, estrés y marginación.",True,"Marco feminista interseccional que examina cómo las relaciones de poder de género, raza y clase se ejercen y reconstituyen tras Katrina.",1.0,"El poder estructural explica las cargas de salud de mujeres y personas de color, analizadas en su contexto y en varios niveles.",empirico_cualitativo,ciclon_huracan_tormenta,United States
1673,0.5,"Desigualdades múltiples y complejas e interseccionalidad social planteadas en abstracto, sin ejes concretos ni análisis de co-construcción.",0.5,"Critica el dualismo de la seguridad ambiental y nombra desigualdades complejas, sin especificar estructuras ni mecanismos.",0.0,"Argumento teórico sobre política internacional, sin contexto histórico ni geográfico específico.",0.0,Teórico; la teoría de la complejidad se propone sin operacionalización empírica.,0.5,medium,,0.0,"Reformulación crítica de la seguridad ambiental, sin orientación explícita a la justicia o la transformación.",0.0,No aborda agencia ni resistencia de los sujetos.,True,Sostiene que 'multiple and complex inequalities shape the environmental impact of different populations' y que las relaciones ambientales se caracterizan por 'social intersectionality'.,0.5,"La teoría de la complejidad articula interseccionalidad social y co-constitución sociedad-naturaleza, aunque de forma abstracta.",conceptual_teorico,cambio_climatico_general,Global
1678,0.5,"Casta, clase y género figuran como 'factors' conjuntos; la intersección se invoca en la recomendación, sin mostrar su co-construcción.",0.5,"Nombra relaciones sociales de casta, clase y género y la erosión de activos, sin teorizar mecanismos estructurales.",0.5,"Aldea costera de Tarasahi (Orissa) con superciclón de 1999, inundaciones y sequía; escaso contexto histórico-político.",0.5,Entrevistas en profundidad a doce hogares encabezados por mujeres; no describe análisis cruzado por casta y clase.,2.0,medium,,1.0,Recomienda una RRD integrada y multiamenaza basada en el reconocimiento de la intersección casta-clase-género.,1.0,"Documenta estrategias de afrontamiento de las mujeres con activos sociales y naturales, aunque aumentan su vulnerabilidad.",True,"Analiza hogares encabezados por mujeres y concluye que las relaciones sociales de casta, clase y género acentúan el impacto de desastres múltiples.",0.5,"Hallazgos y recomendación se conectan, pero la intersección aparece más en la conclusión que en el análisis.",empirico_cualitativo,ciclon_huracan_tormenta; inundacion; sequia,India
1679,0.0,No aplica: gate no superado.,0.0,No aplica: gate no superado.,0.0,No aplica: gate no superado.,0.0,No aplica: gate no superado.,0.0,medium,,0.0,No aplica: gate no superado.,0.0,No aplica: gate no superado.,False,La intersección discapacidad-clase-género-etnia solo aparece en una cita inicial de otros autores; la revisión trata la discapacidad como eje único.,0.0,No aplica: gate no superado.,revision,desastres_multiples; ciclon_huracan_tormenta,United States
1680,1.0,Analiza la racialización de la pobreza ('given a Black and disreputable face') como fusión de raza y clase; género apenas desarrollado.,1.0,Vincula el legado de 'institutionalized racism' y la negligencia política con guiones mediáticos que moldean opinión pública y política.,1.0,"Sitúa el discurso en la historia estadounidense de pobreza racializada, sus redescubrimientos periódicos y la cobertura de Katrina.",0.0,Capítulo interpretativo sin diseño empírico ni operacionalización de las intersecciones.,2.0,medium,,0.5,"Critica estereotipos que sostienen la opinión y la política sobre pobreza, sin desarrollar propuestas de transformación.",0.0,"Las personas pobres aparecen como objeto del discurso mediático y político, sin agencia documentada.",True,"Examina la intersección de raza, clase, género y pobreza revelada por Katrina, con la pobreza asociada a una 'urban Black underclass'.",0.5,"Racismo institucional, pobreza racializada y contexto se conectan; género y cultura quedan enumerados y falta método.",conceptual_teorico,ciclon_huracan_tormenta,United States
1683,0.5,"La interseccionalidad es sobre todo coalicional (vincular agendas); género, clase y comunidad no se analizan como posiciones co-constituidas.",1.0,Explica cómo el capitalismo globalizado y las políticas neoliberales de privatización y desregulación erosionan la reproducción social.,0.5,"Movimientos y organizaciones de EE. UU. en el marco neoliberal, sin detalle histórico o geográfico de los casos.",0.0,"Ensayo que se apoya en ejemplos de movimientos de base, sin método empírico que opere intersecciones.",2.0,medium,,1.0,"Orientación explícita a la justicia ambiental y a coaliciones capaces de impulsar cambio socioambiental, incluido frente al calentamiento global.",1.0,Activistas y organizaciones de base vinculan justicia ambiental y derechos reproductivos en sus luchas cotidianas.,True,Articula género y clase mediante la reproducción social marxista-feminista en coaliciones de mujeres diversas por justicia ambiental y reproductiva.,0.5,"Estructura, agencia y justicia se articulan bien; la dimensión identitaria interseccional y el método quedan poco integrados.",conceptual_teorico,cambio_climatico_general,United States
1685,0.5,"Raza y clase se presentan unidas como implicación del análisis del espectáculo, sin examinar cómo se co-construyen.",1.0,"Teoría crítica: lógica del espectáculo y mercantilización del desastre, respuesta gubernamental y divisiones raciales y de clase.",0.5,"Caso de Katrina en Nueva Orleans y la respuesta federal, con contexto histórico-político escaso.",0.0,Análisis teórico de un caso sin método empírico que opere intersecciones.,1.5,medium,,0.5,"Crítica de la política federal y del espectáculo, sin orientación desarrollada a la justicia o la transformación.",0.5,"Menciona souvenirs y turismo de desastre que critican la política federal, sin precisar sujetos ni estrategias.",True,Examina la crítica inmanente de las divisiones raciales y de clase y busca ilustrar 'the intersection of race and class in US cities'.,0.5,"La intersección raza-clase aparece como implicación del análisis del espectáculo, parcialmente conectada con la teoría crítica.",conceptual_teorico,ciclon_huracan_tormenta,United States
1690,0.5,"La raza se cruza con otras desigualdades, pero el cruce se plantea programáticamente y el análisis se centra en la raza.",1.0,"Ideología, actitudes e instituciones de la democracia estadounidense que encarnan y reproducen desigualdades; poder y jerarquías adscriptivas.",1.0,Katrina y Nueva Orleans como producto típico de la historia política estadounidense; cuestiona el excepcionalismo.,0.0,"Ensayo programático para la ciencia política, sin operacionalización empírica.",2.0,low,,1.0,Llama a repolitizar el estudio de la desigualdad racial y a estudiar el poder; igualdad racial como tarea pendiente.,0.0,No aborda agencia ni resistencia de los sujetos afectados.,True,Propone estudiar 'the ways that race intersects with other forms of inequality' y cómo las instituciones las reproducen; un eje cruzado con otros.,0.5,"Poder, contexto y justicia se articulan en torno a la raza; el cruce interseccional queda como propuesta.",conceptual_teorico,ciclon_huracan_tormenta,United States
1693,1.0,La intersección género-clase es el objeto central y muestra variaciones complejas 'within and between social groups'.,0.5,"Rechaza que los desastres igualen y señala desigualdades de clase y género, sin teorizar mecanismos estructurales.",0.5,"Inundaciones de Perth (1993) y Strathclyde (1994) en Escocia, sin desarrollo histórico o político del contexto.",0.5,"Compara grupos de clase media y obrera por género, pero el abstract no describe método ni análisis interaccional.",2.0,medium,,0.5,"Pide una mejor apreciación de género y clase en la gestión de desastres, sin desarrollar orientación a la justicia.",0.5,"Equilibra resiliencia y vulnerabilidad y cuestiona la imagen de víctimas indiferenciadas, sin documentar estrategias concretas.",True,"Explora la intersección de género y clase social en dos inundaciones escocesas, con variaciones dentro y entre clases media y obrera.",0.5,"La intersección organiza el análisis, pero estructura, método y agencia se conectan solo parcialmente.",empirico_cualitativo,inundacion,United Kingdom
