paper_id,Title,Year,Document Type,idioma,nivel_ancla,elig_interseccional,elig_clima,elegible,motivo_exclusion,confidence,retractado
0,21 Labor,2026,Book chapter,en,A_nucleo,True,False,False,"Falla elig_clima: el capítulo trata la geografía feminista del trabajo y la crisis climática solo aparece como línea futura de investigación, no como objeto.",high,False
1,A Bayesian network framework for quantitative analysis of education continuity under earthquake risk: integrating physical and social vulnerabilities,2026,Article,en,A_nucleo,True,False,False,Falla elig_clima: la amenaza estudiada es sísmica (continuidad educativa ante terremotos en Cagayan de Oro) y el registro no la vincula con el clima.,high,False
2,A Critical Assessment of Changing Livelihood Patterns of Transgender Communities: A Case of Pune City,2026,Book chapter,en,A_ampliada,True,False,False,Falla elig_clima: el objeto son los medios de vida de personas trans en Pune ante cambios urbanos y económicos; el cambio climático aparece en una sola frase de contexto.,medium,False
3,A Machine Learning Framework for Assessing Systemic Societal Vulnerability to Coastal Flooding,2026,Article,en,A_nucleo,True,True,True,,medium,False
4,A Relational Approach to Social Infrastructures for Socially Just Climate Adaptation,2026,Review,en,A_nucleo,True,True,True,,low,False
5,"A Scoping Review of the Vulnerabilities of Syrian Refugees Amid Overlapping Crises in Jordan, Lebanon, and Türkiye",2026,Article,en,A_nucleo,True,False,False,"Falla elig_clima: las crisis analizadas son la guerra civil siria, la COVID-19 y los sismos de 2023, sin vínculo explícito con el clima.",high,False
6,A gendered perspective on climate change and flood risks in urban informal spaces: a case study of Kibera informal settlement,2026,Article,en,A_nucleo,True,True,True,,high,False
7,A scoping review of literature on adoption and impact of climate smart agricultural technologies by smallholder farmers in Africa,2026,Review,en,A_nucleo,True,True,True,,high,False
8,A social equity perspective on Nature-based Solutions for urban heat resilience,2026,Review,en,A_nucleo,True,True,True,,high,False
9,"A socioecological approach to understanding and positively affecting the intersectionality between disability, race and ethnicity, climate change, and rehabilitation outcomes: A scoping review",2026,Article,en,A_nucleo,True,True,True,,medium,False
10,A systematic review of gendered access to climate information through community radio in Africa,2026,Review,en,A_nucleo,True,True,True,,high,False
11,A world free of racial discrimination: Integrating legal redress into the United Nations development goals,2026,Article,en,A_nucleo,True,False,False,Falla elig_clima: el objeto es la discriminación racial en la agenda de desarrollo de la ONU; la acción climática aparece solo como ejemplo entre otros ámbitos.,medium,False
12,AB-SAM: A SAM-Based Asymmetric Boundary-Aware Model for the Semantic Segmentation of Small and Medium-Sized Landslides,2026,Article,en,A_ampliada,False,False,False,"Falla elig_interseccional: 'Intersection over Union' es una métrica de segmentación; además, el registro no vincula los deslizamientos con lluvias ni con el clima.",high,False
13,ADDRESSING GENDER INEQUALITY IN THE FACE OF A GLOBAL CLIMATE CRISIS,2026,Book chapter,en,A_ampliada,True,True,True,,medium,False
14,AI-Based Approach for Statistical Downscaling Using Convection-Permitting Model Outputs and GFS Data for Immersive Intersectional Discussion in Environmental Management and Urban Planning,2026,Conference paper,en,A_nucleo,True,True,True,,high,False
15,Accessing sexual and reproductive health services during climate change-related environmental disruptions in coastal Ghana: a privilege or human right for young women with disabilities?,2026,Article,en,A_ampliada,True,True,True,,high,False
16,Addressing the Polycrisis With the Same Logic That Created It? A Critical Analysis of Sustainability Discourses in the EU Strategic Agendas Between 2014 and 2024,2026,Article,en,A_nucleo,True,True,True,,low,False
17,Agriculture and Food (In)Security in East Africa: A Critical Gendered Analysis,2026,Book chapter,en,A_ampliada,False,True,False,"Falla elig_interseccional: 'intersection of agriculture, gender, and food (in)security' es un cruce de temas; no relaciona categorías sociales ni sistemas de opresión.",medium,False
18,"Agroecology, ubuntu, and indigenous knowledge: reviving cultural and ecological resilience in Chimanimani, Zimbabwe",2026,Article,en,A_ampliada,False,True,False,"Falla elig_interseccional: 'intersection of agroecology, indigenous knowledge, and cultural practices' es un cruce de temas, sin sentido teórico-social interseccional.",high,False
19,Agroforestry and Indigenous Knowledge: Bridging Biodiversity Conservation and Community Resilience,2026,Book chapter,en,A_ampliada,False,True,False,"Falla elig_interseccional: 'intersection of agroforestry and indigenous knowledge systems' designa un cruce de campos, sin sentido teórico-social interseccional.",high,False
20,"An intersectional analysis of the collective efficacy-drought adaptation nexus among small-scale farmers in uMkhanyakude District Municipality, South Africa",2026,Article,en,A_nucleo,True,True,True,,medium,False
21,Archetypes of heat risk: An intersectional perspective on relative within-country differences,2026,Article,en,A_nucleo,True,True,True,,high,False
22,Are Barcelona's climate shelters accessible to vulnerable residents? A mobility justice analysis,2026,Article,en,A_nucleo,True,True,True,,high,False
23,Assessing individual level power outage vulnerability through synthetic populations,2026,Article,en,A_nucleo,True,True,True,,medium,False
24,Assessing intersectional inequities in climate finance across Atlantic Canada,2026,Article,en,A_nucleo,True,True,True,,medium,False
25,"BEYOND VULNERABILITY: Gender, Climate Change, and National Security",2026,Book chapter,en,A_ampliada,False,True,False,Falla elig_interseccional: 'intersections of climate change and gender' designa el cruce de dos temas; no relaciona categorías sociales entre sí.,high,False
26,"Banned, blamed, but beneficial: The fatbike as a critical but contested enabler of accessibility, affordability, and autonomy",2026,Article,en,A_ampliada,False,True,False,"Falla elig_interseccional: la 'intersection with identity, lifestyle, and autonomy' es un cruce de temas; no relaciona categorías sociales ni opresiones.",high,False
27,"Beyond Ingrained Stigma: a Critical Intersectional Analysis of Sex Work, Social Equity, and Canada’s PCEPA Legislation",2026,Article,en,A_nucleo,True,False,False,Falla elig_clima: el análisis interseccional de la ley PCEPA sobre trabajo sexual no trata el clima; 'political climate' tiene sentido no físico.,high,False
28,Beyond discrete indicators: Modeling intersectional flood vulnerability,2026,Article,en,A_nucleo,True,True,True,,high,False
29,"Beyond service learning: Student, partner, and relationship outcomes in a place-based university-community partnership for climate justice",2026,Article,en,A_nucleo,True,True,True,,medium,False
30,"Beyond the binary: a systematic review of the intersectionality of gender, social capital and disaster",2026,Article,en,A_nucleo,True,True,True,,medium,False
31,"Beyond victims and saviors: gendered and intersectional vulnerabilities and the efficacy of adaptation strategies in Hamer pastoralists of South Omo, Ethiopia",2026,Article,en,A_nucleo,True,True,True,,medium,False
32,"Bibliometric analysis of Indigenous knowledge systems and climate change adaptation literature, 1993–2023",2026,Article,en,A_ampliada,False,True,False,"Falla elig_interseccional: 'intersection between Indigenous knowledge systems and climate change adaptation' es un cruce de campos, sin sentido teórico-social.",high,False
33,Bioethical Responsibilities in Twenty-First Century Crises,2026,Book,en,A_nucleo,True,True,True,,low,False
34,Borders that hurt: the link between anti-immigration attitudes in Europe and the epidemic of chronic pain in immigrant adolescents,2026,Article,en,A_nucleo,True,False,False,Falla elig_clima: el estudio trata actitudes antiinmigración y dolor crónico; los desastres ambientales aparecen solo en una frase de contexto sobre migración.,high,False
35,Bridging Indigenous Knowledge and Climate Science for Sustainable Adaptation: A Systematic Review,2026,Book chapter,en,A_ampliada,False,True,False,Falla elig_interseccional: 'intersection of climate adaptation with gender and power dynamics' cruza un campo con un tema; no relaciona categorías sociales entre sí.,medium,False
36,Bridging the gender data gap: measuring welfare losses from climate-related disasters for men and women,2026,Article,en,A_nucleo,True,True,True,,high,False
37,Building and sustaining equitable and inclusive transdisciplinary research teams: A case for in-person collaboration,2026,Article,en,A_nucleo,True,True,True,,medium,False
38,CLIMATE JUSTICE IN ACTION: Activism and Adaptation in Eastern Africa,2026,Book,en,A_nucleo,True,True,True,,medium,False
39,COMMUNITY SOLUTIONS TO THE CLIMATE CRISIS BASED ON BLACK BRAZILIAN WOMEN'S TRADITIONAL KNOWLEDGE,2026,Article,en,A_nucleo,True,True,True,,medium,False
40,"Capabilities, Empowerment, and Citizenship Among Women in Coastal Areas of North Jakarta: Response to Climate Change",2026,Book chapter,en,A_nucleo,True,True,True,,medium,False
41,Caregiving mobilities: strategies and advocacy of mothers who cycle in Toronto,2026,Article,en,A_nucleo,True,True,True,,medium,False
42,Challenges and Opportunities for Integrating Intersectionality Into Social Vulnerability Assessment for Flood Risk Analysis,2026,Article,en,A_nucleo,True,True,True,,medium,False
43,Climate Change Adaptation Strategies and Sustainable Livelihoods of Smallholder Women Farmers in Sub-Saharan Africa: A Scoping Review,2026,Review,en,A_nucleo,True,True,True,,medium,False
44,Climate Change-Related Risks of Gender-Based Violence (GBV) Among 2SLGBTQIA+ University Students and Emergent Adults: A Scoping Review,2026,Article,en,A_nucleo,True,True,True,,medium,False
45,Climate Finance Distribution and Gender Mainstreaming in Africa,2026,Book chapter,en,A_nucleo,True,True,True,,medium,False
46,Climate Fitness: A Theoretical Framework for Assessing Urban Adaptation and Mitigation Strategies,2026,Conference paper,en,A_nucleo,True,True,True,,high,False
47,Climate Justice Principles,2026,Book chapter,en,A_nucleo,True,True,True,,low,False
48,Climate Justice: Resisting Marginalization,2026,Book,en,A_nucleo,True,True,True,,medium,False
49,Climate Relief Maps: A methodological framework for exploring everyday experiences of climate change through an intersectional lens,2026,Article,en,A_nucleo,True,True,True,,medium,False
50,"Climate Vulnerability and Legal Equity: Legal Pathways for Indigenous Peoples, Climate Migrants, and Vulnerable Groups",2026,Book chapter,en,A_nucleo,True,True,True,,low,False
51,Climate and health governance: Opportunities and challenges addressing extreme heat in the United States,2026,Article,en,A_nucleo,True,True,True,,medium,False
52,Climate and relationality: Transforming gendered relations from vulnerability to resilience,2026,Article,en,A_ampliada,False,True,False,Falla elig_interseccional: 'the intersection of gender and vulnerability' cruza una categoría con un tema; no relaciona categorías sociales ni sistemas de opresión.,medium,False
53,Climate change and the collective: understanding climate change through the lens of collective trauma and ecological systems theory,2026,Article,en,A_nucleo,True,True,True,,medium,False
54,Climate change exacerbates disparities of energy resilience in New York City,2026,Article,en,A_nucleo,True,True,True,,high,False
55,Climate change experiences among women with psychiatric illness – a qualitative exploration of lived experiences and service needs,2026,Article,en,A_nucleo,True,True,True,,medium,False
56,Climate change litigation and intersectionality in climate justice,2026,Article,en,A_nucleo,True,True,True,,medium,False
57,Climate change vulnerabilities and adaptation strategies in rural communities: an intersectional approach in the Baham sub-division of Cameroon,2026,Article,en,A_nucleo,True,True,True,,high,False
58,"Climate change, social (In)equity and the politics of water in the Hindi movie Kaun Kitney Paani Mein",2026,Article,en,A_nucleo,True,True,True,,low,False
59,"Climate change-related weather emergencies, aging and inequalities among racialized older adults: An intersectional climate justice framework informed scoping review",2026,Article,en,A_nucleo,True,True,True,,medium,False
60,Climate emotions and climate justice: exploring the role of affective engagement and existential experience in sport for development and peace,2026,Article,en,A_ampliada,True,True,True,,medium,False
61,"Climate governance and indigenous women: narratives from institutions and personal perspectives; [Governança climática e mulheres indígenas, narrativas a partir das instituições e perspectivas próprias]; [Gobernanza climática y mujeres indígenas, narrativas desde la institucionalidad y perspectivas propias]",2026,Article,en,A_nucleo,True,True,True,,medium,False
62,Climate unemployment,2026,Note,en,A_ampliada,True,True,True,,medium,False
63,"Climate, care, and community health: Co-designing a disaster resilience network in Shreveport, Louisiana",2026,Article,en,A_nucleo,True,True,True,,medium,False
64,"Climate, conflicts and crafting solutions: A case of the ‘Climate Brides’ podcast",2026,Article,en,A_nucleo,True,True,True,,low,False
65,Climate-induced vulnerability and (Im)mobility in Uttarakhand: a review of livelihoods and local climate adaptation,2026,Review,en,A_nucleo,True,True,True,,medium,False
66,Closing the Preparedness Divide: A Case for Inclusive Climate-Disaster Communication for People With Intellectual and Developmental Disabilities in the United States,2026,Article,en,A_nucleo,True,True,True,,medium,False
67,"Co-Creating an Intersectional Water Justice Toolkit and Documentary in Cape Town, South Africa",2026,Article,en,A_nucleo,True,True,True,,medium,False
68,Coming Together in Uncertain Times: Using Collaborative Autoethnography to Strengthen Intergenerational 2S/LGBTQ+ Solidarity,2026,Article,en,A_ampliada,True,False,False,"Falla elig_clima: 'clima' aparece solo en sentido político ('uncertain political climate'); el trabajo trata la solidaridad intergeneracional 2S/LGBTQ+, no el cambio climático.",high,False
69,Communicating multispecies planetary health through multimodal humour and satire,2026,Article,en,A_ampliada,True,False,False,Falla elig_clima: el objeto es la comunicación satírica de la salud planetaria multiespecie; el cambio climático aparece solo como frase de contexto en la conclusión.,medium,False
70,Communicating purpose(fully) in the Global South,2026,Book chapter,en,A_nucleo,False,True,False,"Falla elig_interseccional: 'intersectionality' designa el cruce del género con sectores (salud, educación, clima), un sentido intersectorial, no intersecciones entre categorías sociales.",medium,False
71,Compounding social-ecological crises drive spatial mobility and land abandonment in Morocco’s High Atlas,2026,Article,en,A_nucleo,True,True,True,,medium,False
72,Conceptualising Climate Violence: A Systematic Scoping Review,2026,Review,en,A_nucleo,True,True,True,,low,False
73,Conceptualising and operationalising gender-transformative climate change adaptation,2026,Article,en,A_nucleo,True,True,True,,low,False
74,Country conscious: everyday attention to the changing climate of childhood with children and country,2026,Article,en,A_nucleo,True,True,True,,low,False
75,Critical Language Awareness and Educational Dignity in Science Teacher Preparation,2026,Article,en,A_ampliada,True,False,False,Falla elig_clima: la crisis climática aparece solo como ejemplo de contexto; el objeto es la formación docente en ciencias y la conciencia lingüística crítica.,high,False
76,DOWN CAME THE RAIN: A Critical Examination of the Intersectionality of Ecological Disaster,2026,Book chapter,en,A_nucleo,True,True,True,,high,False
77,Disability and climate justice: From marginalization to leadership,2026,Book chapter,en,A_nucleo,True,True,True,,medium,False
78,"Disaster governance and inequality-responsive accounting: Grenfell and Grand Kartal fires in times of institutional neglect, spatial justice and the evasion of accountability",2026,Article,en,A_nucleo,True,False,False,"Falla elig_clima: analiza incendios de edificios (Grenfell, Grand Kartal), desastres tecnológicos sin vínculo explícito con el clima.",high,False
79,"Displaced masculinities: young men navigating manhood, education and the climate crisis in urban Uganda",2026,Article,en,A_nucleo,True,True,True,,high,False
80,Distributional impact of the revision of the Energy Taxation Directive in the EU: a gender perspective,2026,Article,en,A_nucleo,True,True,True,,medium,False
81,Does Climate Finance Empower or Exclude Women? Evidence from Bangladesh,2026,Article,en,A_nucleo,True,True,True,,medium,False
82,Does Social Practice Theory Explain Energy Use in All Contexts? An Overview,2026,Book chapter,en,A_nucleo,True,False,False,Falla elig_clima: el objeto es la teoría de prácticas sociales y el consumo energético doméstico; calentamiento global y emisiones son menciones incidentales.,medium,False
83,"Doing Gender in Media, Art, and Culture: A Contemporary Guide to Gender Studies: Third Edition",2026,Book,en,A_nucleo,True,False,False,"Falla elig_clima: manual de estudios de género en medios, arte y cultura; el cambio climático figura solo en una lista de temas.",high,False
84,Doomsday environmentalism: socio-environmental justice beyond hope in Gaelic Scotland,2026,Article,en,A_nucleo,True,True,True,,low,False
85,Duoethnography as Collaborative and Transformative Praxis: Modeling Critical Onto-Epistemological Work in Teacher Education,2026,Article,en,A_ampliada,True,False,False,"Falla elig_clima: 'climate' es el clima sociopolítico (prohibición de libros, leyes anti-CRT); el trabajo trata la formación docente, no el cambio climático.",high,False
86,Dwelling with climate change: Homes as sites of everyday impacts and agency,2026,Article,en,A_nucleo,True,True,True,,medium,False
87,EQUAL: Entity-Enhanced QUery Expansion for EquitAble Crisis Summarization via KnowLedge Graphs,2026,Conference paper,en,A_nucleo,True,True,True,,low,False
88,Ecocultural Identity and the Anthropocentric Avoidance Gesture in Intercultural Communication,2026,Article,en,A_nucleo,True,True,True,,medium,False
89,Embodied Experiences of Thermal Injustice: Truth-Telling Through Disabilities,2026,Article,en,A_nucleo,True,True,True,,low,False
90,Embracing new practices in plant breeding for agroecological transition: A diversity-driven research agenda,2026,Article,en,A_nucleo,True,False,False,Falla elig_clima: el objeto es una agenda de fitomejoramiento para la transición agroecológica; el cambio climático aparece solo en una lista de desafíos globales.,medium,False
91,Empowering from the margins: Women's locally grounded climate resilience in rural Iran,2026,Article,en,A_nucleo,True,True,True,,medium,False
92,Enabling multi-decadal braided river monitoring through FloodMamba-Net and task-equivalent Landsat-to-Sentinel-2 data synthesis,2026,Article,en,A_ampliada,False,True,False,"Falla elig_interseccional: 'intersection' solo aparece en la métrica geométrica Intersection-over-Union, sin sentido social.",high,False
93,Enduring climate stress: Climate justice in a warming destination,2026,Article,en,A_nucleo,True,True,True,,high,False
94,Energy efficiency and norm compliance drivers amongst industry decision-makers: evidence of intersectionality and the role of morality,2026,Article,en,A_nucleo,False,True,False,"Falla elig_interseccional: 'intersectionality' designa la coexistencia de varios tipos de impulsores normativos en decisiones empresariales, no categorías sociales.",high,False
95,Entrepreneurship Amongst the Baster People of Namibia (Hardap Region),2026,Book chapter,en,A_ampliada,False,False,False,"Fallan ambos criterios: la 'intersection' cruza identidad étnica, resiliencia histórica y agencia empresarial (temas), y el clima solo aparece en 'climate-resilient agribusiness'.",high,False
96,Environmental chronic emergencies and future generations,2026,Book chapter,en,A_nucleo,True,True,True,,low,False
97,Environmental displacement and the principle of common but differentiated responsibilities: a systematic review,2026,Article,en,A_nucleo,True,True,True,,high,False
98,Environmental justice and One Health: Toward an integrated framework for equitable and sustainable health outcomes,2026,Review,en,A_nucleo,True,True,True,,medium,False
99,Equity or exclusion? An alternative framework to disaster risks assessment metrics,2026,Article,en,A_nucleo,True,True,True,,medium,False
100,"Everyday consumer experiences and geo-socialisation of young people in Bulgaria. ‘Look, I’m not the type of person like Greta Thunberg’; [Expériences quotidiennes du consommateur et géo-socialisation des jeunes en Bulgarie. « Tiens, je suis pas du genre à aimer Greta Thunberg. »]; [Experiencias cotidianas de consumo y geo socialización de los jóvenes en Bulgaria. “Mira, no soy como Greta Thunberg”.]",2026,Article,en,A_nucleo,True,True,True,,low,False
101,"Examining pathways between stigma, extreme weather exposure, resource insecurities and ART adherence among young men who have sex with men and female sex workers living with HIV in Kampala, Uganda",2026,Article,en,A_nucleo,True,True,True,,medium,False
102,Examining the socio-economic vulnerability to climate change of persons with visual impairments in the Global South: a scoping study through the lens of the capability approach,2026,Review,en,A_nucleo,True,True,True,,high,False
103,"Experiences and Agency of South African Black Rural Women of KwaZulu-Natal Province, South Africa",2026,Article,en,A_nucleo,True,True,True,,high,False
104,Female-headed household vulnerability: A ten-year review and synthesis,2026,Review,en,A_nucleo,True,True,True,,high,False
105,Feminist epistemic justice: reimagining knowledge and power in EU politics,2026,Editorial,en,A_nucleo,True,False,False,Falla elig_clima: introducción sobre justicia epistémica feminista en la política de la UE; la gobernanza climática es solo uno de ocho temas listados.,high,False
106,"Flood disasters, minority health, and community-led adaptations in Bangladesh's wetlands: an intersectional and relational analysis",2026,Article,en,A_nucleo,True,True,True,,medium,False
107,Flooding and extreme heat experiences among Ohio’s queer communities: Learnings from a regional survey in the United States,2026,Article,en,A_nucleo,True,True,True,,high,False
108,From Ecosickness to Ecowellness: The Environment of Infection in Amitav Ghosh's The Calcutta Chromosome (1995) and Ashoke Mukhopadhyay's A Ballad of Remittent Fever (2017),2026,Book chapter,en,A_nucleo,False,False,False,"Fallan ambos criterios: el 'intersectional disaster' cruza crisis ecológica y médica (temas), y el análisis literario trata epidemias coloniales, no el clima.",high,False
109,From livelihoods to empowerment: What else matters for women during climate mobility in the Global South?,2026,Book chapter,en,A_nucleo,True,True,True,,medium,False
110,GENDER ESSENTIALISM IN WPS: The Political Erasure of Trans Women in North American Security Discourse,2026,Book chapter,en,A_nucleo,True,False,False,"Falla elig_clima: 'political climate' es el clima político norteamericano; el capítulo trata la exclusión de mujeres trans en la agenda Mujeres, Paz y Seguridad.",high,False
111,Gender Differentials in Climate Impacts: Experience from Nigeria,2026,Book chapter,en,A_nucleo,True,True,True,,medium,False
112,Gender Justice in the Triple Planetary Crisis: A Scoping Review,2026,Review,en,A_nucleo,True,True,True,,medium,False
113,Gender Mainstreaming & Other Development Fantasies,2026,Book chapter,en,A_nucleo,True,False,False,Falla elig_clima: crítica del enfoque Género y Desarrollo; la crisis climática aparece solo en una enumeración final de contextos.,high,False
114,Gender and Climate Finance in Africa: Addressing Inequalities and Bridging Gaps,2026,Book,en,A_nucleo,True,True,True,,high,False
115,Gender and climate change: differential risks and resilience among internal migrants at their urban destination in coastal Bangladesh,2026,Article,en,A_nucleo,True,True,True,,medium,False
116,Gender at the crossroads of mental health and climate change: A scoping review,2026,Review,en,A_nucleo,True,True,True,,medium,False
117,Gender dimension of climate-induced migration and access to ecosystem services in the Tatale/Sanguli District of the Northern Region of Ghana,2026,Article,en,A_ampliada,True,True,True,,low,False
118,Gender dynamics and remittances in the adoption of sustainable agricultural practices in Nepal,2026,Article,en,A_nucleo,True,True,True,,medium,False
119,Gender equality and social inclusion in agricultural systems: A systematic review and bibliometric analysis,2026,Article,en,A_nucleo,True,False,False,Falla elig_clima: revisión bibliométrica sobre igualdad de género e inclusión social en agricultura; resiliencia y riesgos climáticos aparecen solo en listas de temas y factores.,medium,False
120,Gender in climate (im) mobility governance: insights from Peru and Chile,2026,Book chapter,en,A_nucleo,True,True,True,,medium,False
121,Gender in climate relocation policies and practices: Review from Oceania,2026,Review,en,A_nucleo,True,True,True,,low,False
122,"Gender, Climate, and Finance in Africa: Strategies for a More Equitable Future",2026,Book chapter,en,A_nucleo,True,True,True,,medium,False
123,"Gender, power, and tokenism in nature-based solutions to climate change",2026,Article,en,A_nucleo,True,True,True,,medium,False
124,"Gender, vulnerability, and power in Indonesia’s climate policies",2026,Article,en,A_nucleo,True,True,True,,medium,False
125,Gendered (im)mobilities and everyday adaptation in Accra’s informal settlements: rethinking climate governance from below,2026,Article,en,A_nucleo,True,True,True,,high,False
126,Gendered Climate Vulnerability and Adaptation in the Himalayas: A Feminist and Intersectional Systematic Review (2015–2025),2026,Article,en,A_nucleo,True,True,True,,medium,False
127,Gendered Food Insecurity: Achieving SDG 2 for Climate-Affected Women in Rural Economies,2026,Article,en,A_nucleo,True,True,True,,medium,False
128,"Gendered climate migration and women's employment in Pakistan: A provincial and regional thematic synthesis of informal labor, green jobs, and climate governance",2026,Article,en,A_nucleo,True,True,True,,medium,False
129,Gendered dimensions of climate mobilities in the Northern Bolivian Altiplano,2026,Book chapter,en,A_nucleo,True,True,True,,medium,False
130,"Gendered dimensions of climate-induced disasters: Unequal burdens and non-economic losses in the lesser Himalaya, Nepal",2026,Article,en,A_nucleo,True,True,True,,high,False
131,Gendered perceptions of resilience: Understanding of communities’ responses to disasters,2026,Article,en,A_nucleo,True,True,True,,medium,False
132,"Gendered resilience on India’s fluvial margins: Kaivartta and Mising women’s adaptive strategies in Majuli, Assam",2026,Article,en,A_nucleo,True,True,True,,high,False
133,Gendered social capital and adaptive capacity: exploring the role of women farmers in climate adaptation in Aotearoa New Zealand,2026,Article,en,A_ampliada,False,True,False,"Falla elig_interseccional: 'intersection of gender, social capital, and climate adaptation' es un cruce de temas, sin intersecciones entre categorías sociales.",high,False
134,Gendered time poverty in rice farming households: Evidence from the haor ecosystem of Bangladesh,2026,Article,en,A_nucleo,True,True,True,,medium,False
135,Gendering urban resilience: A critical approach to policymaking for sustainable and inclusive cities,2026,Article,en,A_nucleo,True,True,True,,medium,False
136,Global Perspectives on Gender,2026,Book,en,A_nucleo,True,True,True,,medium,False
137,"Globalization, Social Dividend, and Sustainable Development Goals: Some Concluding Remarks",2026,Book chapter,en,A_nucleo,True,True,True,,medium,False
138,Green Transition and Intersectionality in Africa Challenges and Opportunities,2026,Book chapter,en,A_nucleo,True,True,True,,medium,False
139,Green bonds as adaptation finance: climate justice insights from Cape Town and San Francisco,2026,Article,en,A_nucleo,True,True,True,,medium,False
140,Harnessing Ethnobotany and Traditional Knowledge for Sustainable Agri-Productivity: The Role of Beneficial Microbes in Hunger Alleviation,2026,Book chapter,en,A_ampliada,False,False,False,"Fallan ambos criterios: 'intersection' designa el cruce entre saber etnobotánico e intervenciones microbianas, y la tolerancia a la sequía es una mención incidental.",high,False
141,Harnessing Indigenous Knowledge and Place-Based Learning for Sustainability,2026,Book,en,A_ampliada,False,False,False,"Falla elig_interseccional: 'intersection' designa el cruce entre perspectivas indígenas y educación para la sostenibilidad, no entre categorías sociales; el clima es solo contexto.",high,False
142,Harnessing Social Capital for Post-COVID-19 Resilience: A Study of Asian Businesses in New York City,2026,Article,en,A_ampliada,True,False,False,"Falla elig_clima: el desastre estudiado es la pandemia de COVID-19, amenaza no climática sin vínculo explícito con el clima.",high,False
143,"Health Inequalities, Scientific Evidence, and Climate Litigation: A Preliminary Transnational Study",2026,Review,en,A_nucleo,True,True,True,,medium,False
144,"Heat, health and inequalities in the WHO European region – a scoping review with an intersectional lens",2026,Review,en,A_nucleo,True,True,True,,high,False
145,How disasters and crises reshape economic vulnerability among small-scale fishers in Brazil,2026,Article,en,A_nucleo,True,False,False,"Falla elig_clima: las crisis analizadas son un derrame de petróleo y la pandemia de COVID-19, amenazas no climáticas sin vínculo explícito con el clima.",high,False
146,How effective Cyclone Preparedness Programme (CPP) is in promoting inclusive disaster resilience in Bangladesh?,2026,Article,en,A_nucleo,True,True,True,,medium,False
147,How gender norms shape opportunities for building resilience to climate change in low-and middle-income countries,2026,Article,en,A_nucleo,True,True,True,,high,False
148,Human mobility as a climate and disaster risk management strategy: Addressing intersectional vulnerability and enhancing women's agency,2026,Article,en,A_nucleo,True,True,True,,medium,False
149,INTRODUCTION,2026,Book chapter,en,A_nucleo,True,True,True,,high,False
150,Identifying the (gendered) elephants in the room: women’s invisible work within transdisciplinary climate change and sustainability efforts,2026,Article,en,A_nucleo,True,True,True,,medium,False
151,Imaginary Wor(l)ds: A Creative Methodology to Explore Future Imaginaries of Climate Change-Induced (Im)mobilities1; [Imaginary wor(l)ds: una metodología creativa para explorar imaginarios futuros de (in)movilidades inducidas por el cambiamento climático],2026,Article,en,A_nucleo,True,True,True,,high,False
152,Impact of Climate-change-induced Disaster on the Livelihood of the Madheshi Dalit Women of Nepal,2026,Article,en,A_nucleo,True,True,True,,medium,False
153,Impact of Heat Stress on the Mental Health of Rural Workers in Rajasthan,2026,Note,en,A_nucleo,True,True,True,,medium,False
154,Inclusive and Resilient Rural Entrepreneurship in Zimbabwe: A Gender and Disability Lens,2026,Book chapter,en,A_ampliada,True,False,False,Falla elig_clima: el cambio climático aparece solo como factor de contexto; el objeto es el emprendimiento rural de mujeres con discapacidad en Zimbabue.,high,False
155,Indigenous Textile Traditions and Sustainable Fashion: A Model for Climate-resilient Economic Development,2026,Book chapter,en,A_ampliada,False,True,False,"Falla elig_interseccional: 'intersection' designa el cruce entre saber textil indígena, moda sostenible y soberanía económica, no entre categorías sociales.",high,False
156,"Informing climate adaptation for women’s and children’s health: A cross-sectional survey on knowledge, attitudes, and practices in a climate-vulnerable setting",2026,Article,en,A_ampliada,False,True,False,"Falla elig_interseccional: 'intersection' cruza los riesgos climáticos con la desigualdad de género (tema y categoría), no dos o más categorías sociales.",medium,False
157,Interdisciplinary and Participatory Research for the Elimination of Socially Determined Diseases in the Amazon: A Narrative Review,2026,Review,en,A_nucleo,True,False,False,Falla elig_clima: la sequía amazónica de 2023 aparece en una sola frase de contexto; el objeto son las enfermedades socialmente determinadas.,medium,False
158,"Interlinked effects of climate change on youth sexual reproductive health and rights, gender equality and access to education: a review of the literature and stakeholder insights from Malawi, Mozambique and Zambia",2026,Article,en,A_ampliada,True,True,True,,low,False
159,Intersecting Vulnerabilities: Climate Change Impacts and Coping Strategies Among Women with Disabilities in Eastern Africa,2026,Book chapter,en,A_nucleo,True,True,True,,high,False
160,Intersecting identities: sociodemographic heterogeneity in right-wing climate attitudes in the UK,2026,Article,en,A_ampliada,True,True,True,,high,False
161,"Intersecting marginalizations amplify adolescent girls’ climate change vulnerabilities in Kilifi, Kenya",2026,Article,en,A_nucleo,True,True,True,,high,False
162,Intersecting vulnerabilities: A review of climate change and the wellbeing of girls and young women in sub-saharan Africa,2026,Review,en,A_nucleo,True,True,True,,high,False
163,Intersectional Approaches to Young People’s Climate and Environmental Action,2026,Book chapter,en,A_nucleo,True,True,True,,low,False
164,"Intersectional Futures: The Case for Youth and First Nations Voices in Water Politics, Management, and Discourse",2026,Book chapter,en,A_nucleo,True,True,True,,medium,False
165,Intersectional Lenses of DEI: Bioethicists’ Duty to Advocate,2026,Article,en,A_nucleo,True,False,False,"Falla elig_clima: 'climate' se usa en sentido político-cultural; el trabajo trata DEI y bioética clínica, sin relación con el clima físico.",high,False
166,Intersectional Vulnerabilities of the Sama Badjao in the Face of Climate Change and Disasters,2026,Article,en,A_nucleo,True,True,True,,medium,False
167,Intersectional Water Insecurity of Farmers on the Delhi Floodplains,2026,Article,en,A_nucleo,True,True,True,,high,False
168,"Intersectional climate justice: semi-structured interviews with LGBTQIA+ people of colour on their climate experiences in the Mid-Atlantic, United States",2026,Article,en,A_nucleo,True,True,True,,high,False
169,Intersectional perceptions of climate justice: young women and gender-diverse perspectives and experiences of procedural justice in Aotearoa New Zealand,2026,Article,en,A_nucleo,True,True,True,,high,False
170,"Intersectional vulnerabilities and women’s everyday resilience in landslide-affected areas: a qualitative insight from Gilgit-Baltistan, Pakistan",2026,Article,en,A_nucleo,True,True,True,,low,False
171,Intersectional vulnerabilities in climate change adaptation: challenges of integrating them into urban planning in Vienna,2026,Article,en,A_nucleo,True,True,True,,low,False
172,"Intersectional vulnerabilities to extreme weather among transgender, nonbinary, and genderqueer respondents in Ohio, USA",2026,Article,en,A_nucleo,True,True,True,,high,False
173,"Intersectionality and Women’s Perceptions of Climate Change and Adaptation Among NTFP-Dependent Households in Limpopo Province, South Africa",2026,Article,en,A_nucleo,True,True,True,,high,False
174,"Introduction: Children’s Rights and Climate Change in Zimbabwe—Vulnerabilities, Adaptation, and Resilience",2026,Book chapter,en,A_nucleo,True,True,True,,medium,False
175,Invisible strain: Emotional and economic burdens of women's informal labour in Kerala,2026,Article,en,A_nucleo,True,False,False,Falla elig_clima: las perturbaciones climáticas aparecen solo como uno de varios factores agravantes; el objeto es el trabajo informal femenino en Kerala.,medium,False
176,Is Barbie a feminist film? A decolonial feminist perspective,2026,Note,en,A_nucleo,True,False,False,"Falla elig_clima: análisis fílmico de Barbie desde el feminismo decolonial, sin relación alguna con el clima.",high,False
177,Islamophobia in the Future,2026,Book chapter,en,A_ampliada,False,False,False,"Fallan ambos criterios: 'intersection' enlaza temas (identidad, migración, calentamiento global, conflictos) y el clima es una mención incidental sobre islamofobia.",high,False
178,Italian Political Agendas on LGBTQIA+ Issues: Perceived Stigma and Civic Engagement Among Sexual and Gender Marginalized Communities,2026,Article,en,A_nucleo,True,False,False,"Falla elig_clima: 'political climate' alude al clima político italiano; el estudio trata estigma y participación cívica LGBTQIA+, sin vínculo climático.",high,False
179,Just and inclusive enough? Designing inclusive NBS to support communities in their just transition towards sustainability and resilience,2026,Review,en,A_nucleo,True,True,True,,high,False
180,"Just transition through the lens of women, children and nature rights in Kenya",2026,Article,en,A_nucleo,True,True,True,,medium,False
181,"Latin American Women and Climate Displacement: Ancestral Knowledge, Environmental Crisis, and the Making of New Futures",2026,Book,en,A_nucleo,True,True,True,,low,False
182,"Layers of neglect: Tracing the historical, political, and social roots of Grenfell",2026,Article,en,A_nucleo,True,False,False,"Falla elig_clima: el incendio de la torre Grenfell es un desastre tecnológico-urbano, sin vínculo con amenazas climáticas.",high,False
183,Life after climate-related planned relocation: a review of well-being outcomes,2026,Review,en,A_nucleo,True,True,True,,low,False
184,Limits and barriers to climate adaptation among Indigenous women: Insights from Vedda communities in Sri Lanka,2026,Article,en,A_nucleo,True,True,True,,high,False
185,Locating Caste in SDGs: A Critical Analysis of Caste Discrimination and Its Implications for India’s Development Agenda,2026,Article,en,A_nucleo,True,False,False,Falla elig_clima: el cambio climático solo aparece en la enumeración de temas de los ODS; el objeto es la discriminación de casta en India.,high,False
186,"Managing Rural Sustainable Livelihood and Climate-Resilient Adaptation by Garo Tribal Knowledge System: A Case Study in Assam’s Cleanest Village, Rangsapara",2026,Book chapter,en,A_ampliada,False,True,False,"Falla elig_interseccional: 'intersection' designa el cruce entre saber indígena y resiliencia climática, no entre categorías sociales.",high,False
187,Mapping two decades of research on climate change and women’s reproductive health: A bibliometric analysis (2000–2024),2026,Article,en,A_nucleo,True,True,True,,high,False
188,"Mass Media Communication and Intersectional Crises: Gender, Climate, and Migration",2026,Book,en,A_nucleo,True,True,True,,low,False
189,"Mental Health Challenges at the Intersection of First-Year, First-Generation College Students and Second-Generation Immigrant Identities: A Qualitative Study",2026,Article,en,A_ampliada,True,False,False,Falla elig_clima: 'climate' designa el clima sociopolítico; el estudio trata la salud mental de universitarios de primera generación hijos de inmigrantes.,high,False
190,"Mental health, social determinants and One Health in skin neglected tropical diseases (NTDs): A scoping review",2026,Article,en,A_nucleo,False,False,False,"Fallan ambos criterios: 'intersectional' describe la relación entre salud mental, determinantes sociales y One Health (campos), y el clima es una mención incidental.",high,False
191,Methodologies of intersectionality for disaster risk studies,2026,Article,en,A_nucleo,True,True,True,,medium,False
192,Millets and Women: A Changing Feminist Political Ecology of Agricultural Innovations,2026,Book chapter,en,A_nucleo,True,False,False,Falla elig_clima: los riesgos climáticos aparecen solo como uno de varios factores del declive del mijo; el objeto es la innovación agrícola y las relaciones de género.,medium,False
193,Mobilising political intersectionality in Czechia’s climate movement: Opportunities and pitfalls of coalition building in a post-socialist semi-periphery,2026,Article,en,A_nucleo,True,True,True,,medium,False
194,Mother Earth in Danger: Changing Conceptualisations of the Climate Crisis in Contemporary Esoteric Movements,2026,Book chapter,en,A_nucleo,True,True,True,,low,False
195,"Multiple jeopardies, intersectional vulnerabilities: A black feminist analysis of disasters and ecological crises in Cap-Haïtien, Haiti",2026,Article,en,A_nucleo,True,True,True,,high,False
196,Multiple vulnerabilities. Adaptation strategies of people experiencing multiple vulnerabilities to heat in Vienna,2026,Article,en,A_nucleo,True,True,True,,low,False
197,Muslim activism in Madrid: attachment to urban space and collective engagement,2026,Article,en,A_nucleo,True,False,False,Falla elig_clima: 'climate' y 'storms' se usan metafóricamente (clima de prejuicio); el estudio trata el activismo musulmán en Madrid.,high,False
198,NEXUS BETWEEN GENDER INCLUSION AND CLIMATE FINANCE: Bridging Gaps for Sustainable Development,2026,Book chapter,en,A_nucleo,True,True,True,,low,False
199,Nature identification and gender spill-over: an intersectional analysis of Umeå’s local climate policy,2026,Article,en,A_nucleo,True,True,True,,medium,False
200,"Navigating Change: Examining the Intersectionality of Women in Environmental Challenges, Maritime and Governance in Global South Oceania",2026,Book chapter,en,A_nucleo,True,True,True,,low,False
201,Navigating Climate Governance: Intersectional Youth Visions of Just Urban Adaptation,2026,Article,en,A_nucleo,True,True,True,,high,False
202,Navigating the Tensions Between Activism and Diplomacy: A Case Study of the UN’s Youth Advisory Group On Climate Change,2026,Article,en,A_nucleo,True,True,True,,medium,False
203,No Safe Place: A Qualitative Examination of Minority Stress Experiences Among 2SLGBTQ+ Individuals in the Waterloo Region,2026,Article,en,A_nucleo,True,False,False,Falla elig_clima: 'climate' alude al clima sociopolítico canadiense; el estudio trata el estrés de minorías en personas 2SLGBTQ+.,high,False
204,Not all farmers are the same – Analysing the agricultural policy landscape of India for climate change adaptation planning,2026,Article,en,A_nucleo,True,True,True,,medium,False
205,Nuclear technology curricula and news media in Canada: insights for environmental education and communication,2026,Article,en,A_nucleo,True,False,False,"Falla elig_clima: el objeto es el discurso sobre tecnología nuclear en currículos y medios canadienses, y el cambio climático aparece solo como uno de los temas cubiertos.",medium,False
206,"Obesity and the experienced cultural, economic and climate variations among immigrants to high-income countries: An umbrella review of the literature",2026,Review,en,A_nucleo,True,False,False,"Falla elig_clima: el 'clima' es el de los países receptores (frío, menor insolación) como determinante de la obesidad, no el cambio climático ni una amenaza climática.",low,False
207,Of house and immigrants: How did low-income immigrants end up in a sinking neighbourhood,2026,Article,en,A_nucleo,True,True,True,,medium,False
208,"On race, racism and racialization: reflections on climate mobility",2026,Note,en,A_ampliada,False,True,False,"Falla elig_interseccional: 'intersection' designa el cruce de campos (estudios migratorios y raza) y el texto trabaja un solo eje, sin marco interseccional.",medium,False
209,"On the need for a hazardous flood vulnerability index: A critical review and conceptual framework for health, environment, and equity",2026,Review,en,A_nucleo,True,True,True,,medium,False
210,"Operationalising a toolkit for gender-equitable co-design: a case study of urban climate change adaptation in Dar es Salaam, Tanzania",2026,Article,en,A_nucleo,True,True,True,,high,False
211,Operationalising heat vulnerability mapping: analysing nine approaches in Barcelona,2026,Article,en,A_nucleo,True,True,True,,high,False
212,Planning and evaluating climate resilience programs in Southern Africa,2026,Article,en,A_nucleo,True,True,True,,low,False
213,"Political Ecology, Gender, and the Environment in Latin America: An Introduction to the Field",2026,Article,en,A_ampliada,False,False,False,"Fallan ambos criterios: la 'intersección' une campos (ecología política, género y ambiente) con un solo eje social, y el clima aparece solo de paso.",medium,False
214,"Political ecology: past, present, and future",2026,Review,en,A_nucleo,True,True,True,,medium,False
215,Pregnant women and new mothers’ experiences and needs in Australian natural disasters: a narrative review,2026,Article,en,A_nucleo,True,True,True,,medium,False
216,Purposeful educational leadership and intersectionality: a conceptual insight for enhancing inclusive and climate-responsive schooling in Ghana,2026,Conference paper,en,A_nucleo,True,True,True,,low,False
217,"Queer climate narratives: identity, place, and climate change perceptions among LGBTQ+ undergraduates in Appalachia, USA",2026,Article,en,A_ampliada,True,True,True,,medium,False
218,"RETRACTED: Empowering women in humanitarian logistics: a systematic review of roles, barriers and resilient pathways for inclusive crisis response",2026,Review,en,A_nucleo,True,True,False,Trabajo retractado (excluido por regla).,high,True
219,Racial-Ethnic and Regional Disparities in Climate Event Exposures in a National United States Sample,2026,Article,en,A_ampliada,True,True,True,,low,False
220,Racialized Aging in the Context of Climate Extremes: Post-Flood Healthy Aging and Recovery Among Older Adults in Quilombola Communities of Southern Brazil,2026,Article,en,A_nucleo,True,True,True,,high,False
221,Radical interdisciplinarity: Addressing wicked problems through a feminist of color approach,2026,Article,en,A_nucleo,True,False,False,Falla elig_clima: el objeto es la colaboración interdisciplinaria universitaria ante problemas complejos; el clima solo figura como palabra clave.,medium,False
222,"Rainy season rights, dry season displacements: A feminist political ecology of seasonality, tenure fluidity and land access in irrigation valleys in Northern Ghana",2026,Article,en,A_nucleo,True,True,True,,low,False
223,"Readings for Diversity and Social Justice, Fifth Edition",2026,Book,en,A_nucleo,True,False,False,Falla elig_clima: antología general de justicia social en la que la justicia climática es solo uno de muchos temas listados.,high,False
224,Reclaiming Ibu Pertiwi: Kendeng women's protest songs as feminist archive of ecological knowledge and climate resilience in Java,2026,Article,en,A_ampliada,False,True,False,"Falla elig_interseccional: la 'intersection' une campos académicos (archivos feministas, saberes indígenas, investigación climática), sin marco interseccional en sentido social.",medium,False
225,Reclaiming the Climate Agenda: Indigenous Knowledge and Global Sustainability,2026,Book,en,A_ampliada,False,True,False,"Falla elig_interseccional: las 'intersections' vinculan saberes ecológicos tradicionales e innovación científica, no categorías sociales ni sistemas de opresión.",high,False
226,Reframing heat pump transitions: a care perspective,2026,Article,en,A_nucleo,True,True,True,,high,False
227,Reframing sustainability through feminist political economy: A systematic review of gendered power and environmental governance in the Global South,2026,Review,en,A_nucleo,True,False,False,Falla elig_clima: revisión sobre economía política feminista y gobernanza ambiental en la que la adaptación climática aparece solo como ejemplo en una lista.,medium,False
228,Reimagining International Affairs Education Through the Leadership and Voices of Black Women,2026,Book chapter,en,A_nucleo,True,False,False,Falla elig_clima: el objeto es la educación en relaciones internacionales; el cambio climático aparece solo en una lista de problemas transnacionales.,high,False
229,Reimagining Macro Social Work to Advance Environmental Justice and Health Equity in the Climate Crisis,2026,Article,en,A_nucleo,True,True,True,,medium,False
230,Reimagining climate justice through Indigenous ecological knowledge and community-led digital knowledge hubs,2026,Note,en,A_nucleo,True,True,True,,low,False
231,Repurposing mines for renewable energy: Socio-environmental implications for local communities in Australia and Germany,2026,Short survey,en,A_nucleo,True,True,True,,low,False
232,Research priorities in sexual and reproductive health and rights and climate change: Results of a consensus building and prioritisation process,2026,Article,en,A_nucleo,True,True,True,,low,False
233,Research progress of cross-domain few-shot object detection in aerial remote sensing scenes; [航空遥感场景跨域少样本目标检测进展研究],2026,Article,en,A_ampliada,False,False,False,Fallan ambos criterios: 'intersection' es la métrica geométrica IoU y el clima solo aparece como factor de imagen o ámbito de aplicación.,high,False
234,"Resilience and Sustainability Through Interlinkages of Gender, Disaster, and Climate Change: A Systematic Literature Review",2026,Article,en,A_nucleo,True,True,True,,medium,False
235,Rethinking gender disadvantage: Unpacking gendered constraints to the adoption of sustainable land management practices in southeast Nigeria,2026,Article,en,A_nucleo,True,True,True,,medium,False
236,"Review article: Reviewing Berlin's urban parks from the perspectives of socio-economic inequality, climate resilience, and sustainable management",2026,Review,en,A_nucleo,False,True,False,"Falla elig_interseccional: 'intersectionality' designa el cruce entre temas (gestión, biodiversidad, gobernanza, desigualdad), no entre categorías sociales.",medium,False
237,Rural Women and the Feminization of Poverty: Agrarian Distress and Livelihood Insecurity,2026,Book chapter,en,A_nucleo,True,True,True,,low,False
238,"Rural women and coping with extreme heat in South Western Zimbabwe: livelihoods, water and energy",2026,Article,en,A_nucleo,True,True,True,,high,False
239,SETTLER ECOLOGIES AND THEIR DECOLONIZATION: Three En-Visions of Ecological Futures,2026,Book chapter,en,A_ampliada,False,True,False,"Falla elig_interseccional: la 'intersection' vincula campos (justicia ambiental, multiespecie y racial) y naturaleza con colonialismo, no categorías sociales entrecruzadas.",medium,False
240,SUICIDE IN POPULAR MEDIA AND CULTURE: Studies in Framing a Social Catastrophe,2026,Book,en,A_ampliada,False,False,False,"Falla elig_clima: trata el suicidio en medios y cultura popular sin vínculo con el clima; además, 'intersections' designa el cruce del suicidio con categorías sociales, no entre categorías.",high,False
241,"Same storm, different boats: Robust yet unequal links between adverse childhood experiences and depression in 12,638 Chinese emerging adults",2026,Article,en,A_nucleo,True,False,False,"Falla elig_clima: estudia experiencias adversas en la infancia y depresión en universitarios chinos, y 'same storm' es una metáfora, no una amenaza climática.",high,False
242,Seeing Indigenous Peoples in Urban Environmental and Climate Justice: Transformations and Intersectionalities,2026,Book chapter,en,A_nucleo,True,True,True,,medium,False
243,Sexual and reproductive health and rights in anticipatory action for disasters,2026,Article,en,A_nucleo,True,True,True,,medium,False
244,Shifting the Perspective: A Political Ecology of Migration attentive to gendered and racialised inequalities; [Replanteando la perspectiva: hacia una ecología política de las migraciones sensible a las desigualdades de género y racializadas],2026,Article,en,A_nucleo,True,True,True,,medium,False
245,Silenced Voices to Scholarly Triumphs: Decoding Systemic Barriers for Women in STEM Higher Education Across Kashmir,2026,Article,en,A_nucleo,True,False,False,"Falla elig_clima: el objeto son las barreras de doctorandas STEM en Cachemira, y el clima severo y la infraestructura resiliente son menciones incidentales.",high,False
246,Sowing Seed of Equality: A Narrative Review of Gender and Generational Dynamic in Agriculture,2026,Review,en,A_ampliada,True,False,False,"Falla elig_clima: revisión sobre género y generación en la agricultura, donde la variabilidad climática solo aparece como frase de contexto inicial.",medium,False
247,Strengthening climate resilience in coastal Bangladesh: Analyzing the role of NGOs in adaptation governance from an intersectionality lens,2026,Article,en,A_nucleo,True,True,True,,high,False
248,Striving for Rural Heat Resilience: A Systematic Literature Review,2026,Review,en,A_nucleo,True,True,True,,low,False
249,Sustainable Innovation in Africa: An Introduction,2026,Book chapter,en,A_nucleo,False,False,False,"Falla elig_interseccional: 'intersectionality' designa el cruce de modelos de innovación e indicadores de desempeño, no de categorías sociales; el clima es mención incidental.",high,False
250,"Syndemic displacement: unpacking climate, conflict, and development crises in Ethiopia",2026,Review,en,A_nucleo,True,True,True,,high,False
251,THE FUTURE OF SOCIAL WORK IN TIMES OF DISASTERS: Towards a Multispecies Ethics,2026,Book chapter,en,A_nucleo,True,True,True,,medium,False
252,THE ROUTLEDGE HANDBOOK ON CULTURAL HERITAGE AND CLIMATE JUSTICE,2026,Book,en,A_nucleo,True,True,True,,medium,False
253,"TRANSITION TO A POST-OIL NIGERIA: Youth, Development, Social Justice, and the Environment",2026,Book chapter,en,A_ampliada,True,True,True,,medium,False
254,Taking a “free” ride: Where do we stand on free or low fare public transport and where do we go next?,2026,Article,en,A_nucleo,True,True,True,,medium,False
255,The Effects of Curb Extensions on Traffic Crashes and Injuries,2026,Article,en,A_ampliada,False,False,False,"Falla elig_interseccional: las 'intersections' son cruces viales, y el programa de aguas pluviales no se vincula con el cambio climático.",high,False
256,"The Intersection of Climate Change, Economy, and Gender: A Multifaceted Global Challenge",2026,Book chapter,en,A_nucleo,True,True,True,,medium,False
257,"The Multifunctional Role of Patatin in Potato Tuber Sink Strength, Starch Biosynthesis, and Stress Adaptation: A Systematic Review",2026,Review,en,A_ampliada,False,False,False,"Falla elig_interseccional: 'intersection' alude a funciones bioquímicas de la patatina, y el clima solo aparece como aplicación futura de cultivares.",high,False
258,"The Participatory Role of Indigenous Women: Environmental Conservation in the Himalaya Region, Volume 2",2026,Book,en,A_ampliada,False,True,False,"Falla elig_interseccional: 'the intersection of gender, environmental stewardship, and policy frameworks' cruza temas y no invoca la interseccionalidad en sentido teórico-social.",medium,False
259,The Pit as a Sacrifice Zone: Environmental Injustice in Jesmyn Ward’s Salvage the Bones,2026,Article,en,A_ampliada,True,True,True,,medium,False
260,The Power of Care in Youth-Based Commoning for Climate Justice,2026,Article,en,A_nucleo,True,True,True,,high,False
261,The Social Distribution of Climate Change Risk Perception: Unraveling Intersectional Patterns of Concern in the United States,2026,Article,en,A_nucleo,True,True,True,,medium,False
262,"The Triple Nexus of Driving Sustainable Development: Unveiling the Roles of Ethnicity, Gender, and Sustainability in Marginalized Communities",2026,Review,en,A_nucleo,True,False,False,"Falla elig_clima: revisión sobre etnicidad, género y desarrollo sostenible, donde el clima solo aparece en la alineación con el ODS 13.",medium,False
263,The discursive politics of marginalisation: an intersectional analysis of European just transition plans,2026,Article,en,A_nucleo,True,True,True,,medium,False
264,The disproportionate effects of climate change on women and youth: a systematic review,2026,Review,en,A_nucleo,True,True,True,,medium,False
265,"The dynamics of environmentalism: theories, practices and governance for sustainability and justice",2026,Review,en,A_ampliada,False,True,False,"Falla elig_interseccional: 'the intersection of values and gender' cruza un tema con una categoría, sin sentido teórico interseccional.",high,False
266,The gender gap in fisheries and climate policy: Insights from Southeast Asia,2026,Article,en,A_nucleo,True,True,True,,low,False
267,"The gendered trap: climate policy, inequality, and adaptation lock-ins in Global South Cities",2026,Article,en,A_ampliada,True,True,True,,medium,False
268,The power of place-based Future Visioning: Centring climate justice in urban adaptation,2026,Article,en,A_nucleo,True,True,True,,medium,False
269,"The relevance of behavioral patterns in dealing with human-induced climate change: Results from a survey with 1,510 researchers",2026,Article,en,A_nucleo,True,True,True,,high,False
270,Thematic analysis of climate change awareness and mitigation agency in the children of Indian Himalayan region of Uttarakhand,2026,Article,en,A_nucleo,True,True,True,,medium,False
271,Three historical processes on land tenure in south-central Chile; [Três processos históricos sobre a posse de terra na região centro-sul do Chile]; [TRES PROCESOS HISTÓRICOS SOBRE TENENCIA DE TIERRA EN LA ZONA CENTRO-SUR DE CHILE],2026,Article,es,A_nucleo,True,False,False,"Falla elig_clima: analiza procesos históricos de tenencia de la tierra en Chile, y el cambio climático solo enmarca el inicio y un ejemplo final.",medium,False
272,Time for a vision exam: diagnosing problems in the pursuit of equitably transformative resilience in food systems,2026,Note,en,A_nucleo,True,False,False,Falla elig_clima: el cambio climático solo aparece en la frase de contexto inicial junto a otras crisis; el objeto es la resiliencia de los sistemas alimentarios en general.,medium,False
273,Towards an integrated framework for community resilience to compounding conflict and climate crises,2026,Article,en,A_ampliada,True,True,True,,low,False
274,Trapped in Place: Changing Mobility Patterns and Lifestyles of Thai Moken,2026,Article,en,A_nucleo,True,True,True,,low,False
275,Uncovering inequities: the role of epidemiology in confronting racism; [Desvelando iniquidades: o papel da epidemiologia no enfrentamento do racismo],2026,Article,en,A_nucleo,True,False,False,Falla elig_clima: el cambio climático solo figura en una lista de temas a analizar en el futuro; el objeto es el racismo en la epidemiología brasileña.,high,False
276,Uncovering the Intersections of Women’s Empowerment and Gender Equality in Climate Adaptive Capacities in Climate Hotspots for Women in Zambia,2026,Article,en,solo_index_keywords,False,True,False,"Falla elig_interseccional: 'intersections' designa la relación entre empoderamiento de las mujeres e igualdad de género, un solo eje, no intersecciones entre categorías sociales.",high,False
277,"Understanding Gender, Disability and Disasters in Health and Well-being: A Qualitative Study Among Rural Women in Selected Districts of Nepal",2026,Article,en,A_nucleo,True,True,True,,medium,False
278,"Understanding How Race, Partisanship, and Gender Affect Attitudes on the Environment and Climate Change in the U.S.",2026,Article,en,A_nucleo,True,True,True,,medium,False
279,Understanding lived experiences of climate change adaptation processes: Diversification subjectivities among Maasai pastoralists in southern Kenya,2026,Article,en,A_nucleo,True,True,True,,high,False
280,Understanding vulnerability to flood-induced disasters: a comprehensive scoping review on at-risk individuals and evacuation challenges,2026,Review,en,A_nucleo,True,True,True,,low,False
281,"Unequal Adaptation: Climate Uncertainty, Agrarian Change, and Social Vulnerability in the Indian Himalayas",2026,Book chapter,en,A_nucleo,True,True,True,,high,False
282,Unincorporated and Unequal: Housing and Environmental Inequality Among Women Farmworkers in Rural California,2026,Article,en,A_nucleo,True,True,True,,low,False
283,University Classroom Initiatives on Climate Change Education and Cultural Transformation: A Faculty/Student Case Study,2026,Book chapter,en,A_nucleo,True,True,True,,medium,False
284,Unjust transitions? Class experience in Portugal’s coal phase-out and the limits of climate governance,2026,Article,en,A_nucleo,True,True,True,,medium,False
285,"Urban ecological risk and social vulnerability assessment for equitable climate resilience planning in Siliguri, India",2026,Article,en,A_nucleo,True,True,True,,medium,False
286,Urban heatscapes and environmental injustice: Structural drivers and governance pathways for equitable climate adaptation – A scoping review,2026,Review,en,A_nucleo,True,True,True,,medium,False
287,Visual art and rethinking the future in anthropogenic climate change debates: a case of Bulawayo artists in Zimbabwe,2026,Article,en,A_nucleo,False,True,False,"Falla elig_interseccional: 'intersectionality of phenomena' alude al cruce del cambio climático con la política, la economía y las relaciones sociales, no a categorías sociales.",high,False
288,Voices from the Margins: A Decolonial Analysis of Climate Change Narratives in People's Archive of Rural India (PARI),2026,Article,en,A_ampliada,True,True,True,,medium,False
289,Vulnerability Revisited: Advancing Feminist Political Ecology Approaches in Climate and Health Studies,2026,Article,en,A_nucleo,True,True,True,,low,False
290,Vulnerability and food insecurity in the light of climate change: a comprehensive framework for the household context,2026,Article,en,A_nucleo,True,True,True,,medium,False
291,Vulnerable knowledge: responding to the uncertainties of climate change-related disaster,2026,Article,en,A_nucleo,True,True,True,,medium,False
292,"WOMEN, PEACE AND SECURITY IN CANADA AND THE UNITED STATES: A Fragmented Peace",2026,Book,en,A_nucleo,True,False,False,"Falla elig_clima: la seguridad climática es solo uno de varios temas enumerados; el objeto es la agenda Mujeres, Paz y Seguridad en Norteamérica.",medium,False
293,"Walking in Two Worlds: State School Nurse Consultants' COVID-19 Pandemic Roles and Experiences, Results of a Qualitative Study",2026,Article,en,A_nucleo,False,False,False,Fallan ambos criterios: 'intersectionality' designa la posición puente entre salud y educación (sentido intersectorial) y el objeto es la pandemia de COVID-19.,high,False
294,Water security from Indigenous knowledge perspective: A scoping review,2026,Review,en,A_ampliada,False,False,False,"Fallan ambos criterios: 'intersection' cruza los conceptos de seguridad hídrica y conocimiento indígena, y el cambio climático solo aparece como vacío de investigación.",high,False
295,Weak chemsex as cultural scripts: Understanding how Chinese gay men narrate sexualised drug use,2026,Article,en,A_ampliada,False,False,False,"Fallan ambos criterios: las 'intersections' son temáticas (salud, placer, sexualidad) y 'climate' se usa en sentido sociopolítico.",high,False
296,Where Stress and Inequity Collide: Community Voices of Young Women in Kampala’s Informal Settlements,2026,Article,en,A_nucleo,True,False,False,Falla elig_clima: las amenazas de inundación son solo un elemento en una lista de estresores ambientales; el objeto es el estrés y la salud de mujeres jóvenes.,medium,False
297,Women and Water Management in Central Asia: Exploring Participation and Regional Differences,2026,Review,en,A_ampliada,False,True,False,"Falla elig_interseccional: 'the intersection of gender inequality, water governance, and climate change' es un cruce de temas con un solo eje social.",high,False
298,Women and climate adaptation in South Africa: a gender-responsive policy review,2026,Article,en,A_nucleo,True,True,True,,medium,False
299,Women in the quest for achieving food security and agricultural sustainability in Zimbabwe,2026,Article,en,A_nucleo,True,True,True,,medium,False
300,Women of Marathwada: Negotiated Care and Intersectional Vulnerabilities of Migrant Women Farmer and Workers,2026,Article,en,A_nucleo,True,True,True,,medium,False
301,Women's Well-Being and Everyday Adaptation to Heat,2026,Article,en,A_nucleo,True,True,True,,medium,False
302,"Women, climate change, and violence: healthcare perspectives",2026,Article,en,A_nucleo,True,True,True,,medium,False
303,"Women, tourism enterprises, and regenerative climate justice: relationships and consequences",2026,Book chapter,en,A_ampliada,False,True,False,"Falla elig_interseccional: 'the intersection of gender, tourism, and climate change' es un cruce temático con un solo eje social.",high,False
304,Women’s Agency and the PERMA- C Framework for Climate- Affected Communities: Voices of Resilience,2026,Book chapter,en,A_nucleo,True,True,True,,medium,False
305,"Women’s contributions, opportunities, and challenges in Indian agriculture: A systematic review",2026,Review,en,A_nucleo,True,True,True,,medium,False
306,"Yellow panic: Yao Zi, popular literature and gendered modernity in Cold War Malaya",2026,Article,en,A_ampliada,True,False,False,Falla elig_clima: es un estudio histórico-literario sobre la Malasia de la Guerra Fría sin relación con el clima.,high,False
307,Z-topia: Gen Z perspectives on mental health in a changing climate,2026,Note,en,A_nucleo,True,True,True,,high,False
308,"‘Care is not only the goal, it’s the way’: working with men and boys for climate and gender justice",2026,Article,en,A_nucleo,True,True,True,,medium,False
309,"‘It hurts when they don’t listen to you’: young people’s perceptions, emotions, and experiences engaging in youth-led climate activism",2026,Article,en,A_nucleo,True,True,True,,low,False
310,‘It's good what we're doing and it's scary what we're facing’: young people’s care-ful environmental action in the UK,2026,Article,en,A_nucleo,True,True,True,,low,False
311,"“A bounded existence”: examining the entanglement of scalar and intersectional experiences of water scarcity in the townships of Cape Town, South Africa",2026,Article,en,A_nucleo,True,True,True,,medium,False
312,“Following Indigenous Leadership”: Addressing Power Inequalities between White and Indigenous Activists in the Movement to Stop Line 3,2026,Article,en,A_nucleo,True,True,True,,low,False
313,"“Heat within, heat without– nowhere to escape”: an intersectional perspective on Israeli women’s challenges during menopause",2026,Article,en,A_nucleo,True,True,True,,low,False
314,"“How Do You Fight A System That You Live In?”: Youth Climate Activists’ Experiences of Burnout, Grief, and Calls for Transformation",2026,Article,en,A_nucleo,True,True,True,,medium,False
315,"“It was so strong, instinctive”: Do it yourself hormone therapy as adaptive response to structural barriers among transgender and gender diverse individuals in and outside carceral settings",2026,Article,en,A_nucleo,True,False,False,Falla elig_clima: 'political climate' se usa en sentido sociopolítico; el objeto es la hormonoterapia autogestionada de personas trans.,high,False
316,“The Stones Will Cry Out”: Entangled Climate Rage and More-than-Human Voices of Creation,2026,Article,en,A_nucleo,True,True,True,,high,False
317,“Trying to Keep Things as Normal as Possible for the Kids”: Parenting Stress and Resilience within Wildfire Disasters,2026,Article,en,A_ampliada,True,True,True,,medium,False
318,“We Live in Fear”: The Vulnerability of Woman-Headed Households During Floods in South Africa,2026,Article,en,A_ampliada,True,True,True,,high,False
319,"“Who speaks for us”: Claiming rights, protest, and gender (in)justice in South Asia",2026,Article,en,A_nucleo,True,False,False,Falla elig_clima: el clima solo aparece al describir 'climate-vulnerable areas' en uno de los casos; el objeto es la protesta y la justicia de género.,medium,False
320,"""Climate change is draining my body"": Narratives of Dalit women's health experiences in the southwestern region of Bangladesh",2025,Book chapter,en,A_ampliada,True,True,True,,medium,False
321,3D Semantic Segmentation Network for Post-disaster Assessment with Unmanned Aerial Vehicles,2025,Conference paper,en,A_ampliada,False,True,False,"Falla elig_interseccional: 'intersection over union' es una métrica de segmentación de imágenes, sin sentido social.",high,False
322,A Case for the Literary Eco-Crip: (Re)Producing Disability and Nature in Richard Powers’s Bewilderment,2025,Article,en,A_ampliada,False,False,False,"Fallan ambos criterios: la 'intersection' une dos campos académicos y el análisis literario trata discapacidad y naturaleza, no el clima.",high,False
323,A Perfect Storm: Black Feminism and Women’s National Basketball Association Black Athlete Activism,2025,Article,en,A_nucleo,True,False,False,Falla elig_clima: 'Perfect Storm' y las olas son metáforas; el objeto es el activismo de las jugadoras negras de la WNBA.,high,False
324,A Review Analysis of Heirs’ Property Challenges in Sustainable Land Use,2025,Review,en,A_ampliada,False,False,False,"Fallan ambos criterios: 'intersection' cruza derecho de propiedad, equidad racial y sostenibilidad, y la resiliencia climática solo aparece en las recomendaciones finales.",high,False
325,A Sense of Direction: A Conversation with Icelandic Anthropologist Kristín Loftsdóttir,2025,Article,en,A_nucleo,True,False,False,Falla elig_clima: la crisis climática es solo uno de los temas de la entrevista; el objeto es la trayectoria y la obra de una antropóloga.,high,False
326,A Tale of Two Working Mothers The Intersectionof COVID19 and Feminism in the United States,2025,Book chapter,en,A_ampliada,True,False,False,"Falla elig_clima: el objeto es la pandemia de COVID-19 y 'disaster' se usa en sentido metafórico, sin vínculo climático.",high,False
327,A landscape study on the intersection between climate change and gender-based violence in Uganda,2025,Article,en,A_nucleo,True,True,True,,medium,False
328,A review of intersectionality and climate change and the potential of intersectional participatory methods and storytelling to co-produce climate justice,2025,Article,en,A_nucleo,True,True,True,,medium,False
329,A review of the role of nature-based solutions in mitigating food insecurity in Africa,2025,Article,en,A_nucleo,True,True,True,,high,False
330,A super-duper wicked problem: Expanding intersectional climate adaptation,2025,Book chapter,en,A_nucleo,True,True,True,,medium,False
331,A systematic literature review on the international trends of indigenous peoples’ political participation,2025,Review,en,A_ampliada,False,False,False,"Fallan ambos criterios: 'intersection' cruza temas de investigación futura sin sentido social, y la justicia climática es solo uno de cinco temas de una revisión sobre participación política indígena.",medium,False
332,APPLYING INTERSECTIONALITY IN CLIMATE POLICY AND PLANNING: Experiences from Gothenburg and Malmö,2025,Book chapter,en,A_nucleo,True,True,True,,medium,False
333,Ableism’s Impact on Body and Identity in Indra Sinha’s Animal’s People,2025,Article,en,A_ampliada,False,False,False,"Fallan ambos criterios: el desastre es industrial (Bhopal) y la 'intersection of power, disability, and identity' no cruza categorías sociales.",high,False
334,Acting on power and health inequities: An essential approach to global environmental challenges,2025,Book chapter,en,A_nucleo,True,True,True,,high,False
335,Activating Ecocentrism: How Young Women Environmental Activists Produce Identity on Instagram,2025,Article,en,A_nucleo,True,True,True,,medium,False
336,Adaptive Social Protection (ASP) for Post-disaster Recovery in Indonesia: Building Resilience and Inclusion Through Intersectional Framework,2025,Book chapter,en,A_nucleo,True,True,True,,medium,False
337,Adult life course,2025,Book chapter,en,A_nucleo,True,False,False,Falla elig_clima: el cambio climático solo aparece en una lista de disrupciones futuras que investigar; el objeto es el curso de vida adulto.,high,False
338,Advancing New Governance Models for Gender Data in Climate Resilience Funding,2025,Article,en,A_ampliada,False,True,False,Falla elig_interseccional: 'the intersection of gender data and climate resilience funding' es un cruce temático con un solo eje social.,high,False
339,"Aging, Ageism, and Climate Change: From Climate Anxiety to Climate Hope Through Multigenerational Solidarity",2025,Book chapter,en,A_nucleo,True,True,True,,high,False
340,An Intersectional Analysis of Climate Change and Atrocity Crimes: Life on Earth is in Crisis,2025,Book,en,A_nucleo,True,True,True,,medium,False
341,An Intersectional Analysis of Gender Equality and Climate Change Vulnerabilities Capacities and Policy Gaps in Sub Saharan Africa,2025,Review,en,A_nucleo,False,True,False,"Falla elig_interseccional: 'intersectional' e 'intersect' designan el cruce entre desigualdad de género y cambio climático como temas, no entre categorías sociales.",medium,False
342,An Introduction to Disability Inclusive Disaster Risk Reduction: Intersecting Terrains,2025,Book,en,A_ampliada,False,True,False,"Falla elig_interseccional: 'intersections' refiere al cruce de discapacidad, desastres y reducción del riesgo como campos; género y etnicidad solo se listan como temas.",medium,False
343,An approach to Hemequity: Identifying the barriers and facilitators of iron deficiency reduction strategies in low- to middle-income countries,2025,Review,en,A_nucleo,True,False,False,Falla elig_clima: el objeto es la anemia ferropénica en países de ingreso bajo y medio; los desastres naturales aparecen solo como barrera incidental de suministro.,high,False
344,An essay on relatıonal analysıs of relatıonal socıology,2025,Article,en,A_nucleo,True,False,False,Falla elig_clima: ensayo sobre la sociología relacional en Turquía; medio ambiente y desastres aparecen solo en una lista de problemas sociales.,high,False
345,An intersectional analysis of climate risk and susceptibility among urban schools across 20 major U.S. cities,2025,Article,en,A_nucleo,False,True,False,"Falla elig_interseccional: 'intersectional' designa la convergencia espacial de riesgo climático con pobreza escolar y entorno construido, no el cruce de categorías sociales.",medium,False
346,An intersectional approach to climate activism—Fridays For Future in the pursuit of inclusivity; [Klimaaktivismus intersektional gedacht – Die Fridays For Future im Streben nach Inklusivität],2025,Article,en,A_nucleo,True,True,True,,medium,False
347,An investigation in synergy: The intersection of historic building retrofit and the heritage of traditional building craft practices in the United Kingdom,2025,Article,en,A_nucleo,False,True,False,"Falla elig_interseccional: 'intersection' e 'intersectional approach' aluden al cruce entre rehabilitación histórica y oficios tradicionales, no a categorías sociales.",high,False
348,Anthropocene and the Deranged Others: Situating Planetary Subalterns in Literary Representations from Northeast India,2025,Book chapter,en,A_nucleo,True,True,True,,low,False
349,Anti-racist reorientations to land through gardening with newcomer youth of color,2025,Article,en,A_nucleo,True,True,True,,medium,False
350,Applying a Human Rights Framework to the Just Transition: Implications for Social Work,2025,Article,en,A_nucleo,True,True,True,,medium,False
351,"Applying an intersectional climate justice lens to understand climate crisis impacts on sexual and reproductive health and rights and identify local solutions: Qualitative findings from Khulna, Bangladesh",2025,Article,en,A_nucleo,True,True,True,,high,False
352,Artificial Intelligence as a Driver for Women’s Empowerment in Agriculture: A Theoretical Ecosystem for Inclusive Leadership and Sustainable Development,2025,Article,en,A_nucleo,True,False,False,Falla elig_clima: el objeto es la inteligencia artificial para el empoderamiento de mujeres rurales; el clima solo aparece en el nombre de una iniciativa usada como caso.,medium,False
353,Assessing the distributive equity of adaptation finance: a framework,2025,Article,en,A_nucleo,True,True,True,,high,False
354,Assessing the impact of heatwaves on emergency visits for major depression and suicidal ideation in youth with attention-deficit/hyperactivity disorder,2025,Article,en,A_nucleo,True,True,True,,high,False
355,"Assessment of gendered vulnerability, climate change awareness, and resilience patterns among coastal women regarding urban flooding disasters in Bozkurt, Turkiye",2025,Article,en,A_ampliada,True,True,True,,medium,False
356,"BLURRING LINES: Youth Development, Colonisation and Climate Change",2025,Book chapter,en,A_nucleo,True,True,True,,low,False
357,Balancing Immediate Relief and Resilience: Centring Local Voices for Disaster Aid and Capacity Building in Climate-Conflict Vulnerable Communities,2025,Article,en,A_nucleo,False,True,False,"Falla elig_interseccional: 'intersectional vulnerabilities' designa el cruce de clima y conflicto armado como amenazas, no de categorías sociales o sistemas de opresión.",high,False
358,Barriers to Healthcare Access for Homeless Women: Perspectives of Social Intervention Professionals,2025,Article,en,A_nucleo,True,False,False,"Falla elig_clima: estudio sobre barreras de acceso sanitario de mujeres sin hogar en España, sin vínculo con el clima ni con amenazas climáticas.",high,False
359,"Being a migrant woman during disasters: A phenomenological study to unveil experiences during the COVID-19 pandemic in Milan, Italy",2025,Article,en,A_nucleo,True,False,False,"Falla elig_clima: el desastre estudiado es la pandemia de COVID-19 en Milán, una amenaza no climática sin vínculo explícito con el clima.",high,False
360,Between flood vulnerability and watery pedagogies: A critical review of children and young people's voices and experiences,2025,Article,en,A_nucleo,True,True,True,,medium,False
361,Beyond Disability and Disaster: The Affect of Debilitation in Indra Sinha's Animal's People,2025,Article,en,A_ampliada,True,False,False,Falla elig_clima: analiza una novela sobre un desastre industrial ficticio en Khaufpur; el desastre no es climático y el análisis no trata el clima.,high,False
362,Beyond redistribution: a framework for reparative just transitions,2025,Article,en,A_nucleo,True,True,True,,low,False
363,"Birthing in burning places: intersecting climate crises, maternal health challenges and structured vulnerabilities in Sindh Province of Pakistan",2025,Article,en,A_ampliada,True,True,True,,medium,False
364,Bridging Sectors and Disciplines to Gain a Critical Understanding of the Eco-Social Determinants of Health Inequities: The ESDHI-EU Conference,2025,Article,en,A_nucleo,True,True,True,,high,False
365,Bridging the gap: Gender-sensitive climate information and its implications for cowpea production in Mali,2025,Article,en,A_ampliada,False,True,False,Falla elig_interseccional: 'intersection' cruza dinámicas de género y fuentes de información climática como temas; edad y sexo entran como variables separadas.,high,False
366,Bringing Climate Change Back Down to Earth Intersectional Climate Justice Communication Strategies in South Africa and Beyond,2025,Book chapter,en,A_nucleo,True,True,True,,medium,False
367,CHANGING TOXIC BEAUTY CULTURE AND THE CLIMATE CRISIS IN NIGERIA,2025,Article,en,A_nucleo,True,True,True,,medium,False
368,"CLASS, CLIMATE AND CITIES: Why is ‘Sustainability’ Most Popular at an Urban Scale?",2025,Article,en,A_ampliada,False,True,False,Falla elig_interseccional: 'intersections' cruza clase y escala geográfica; la escala no es una categoría social y el análisis marxista es de un solo eje.,high,False
369,COPING STRATEGIES OF WOMEN FACING SOCIONATURAL DISASTERS: AN INTERSECTIONAL ANALYSIS IN RURAL AND URBAN CONTEXTS; [ESTRATEGIAS DE AFRONTAMIENTO DE MUJERES ANTE DESASTRES SOCIONATURALES: UN ANÁLISIS INTERSECCIONAL EN CONTEXTOS RURALES Y URBANOS DE CHILE],2025,Article,es,A_nucleo,True,True,True,,medium,False
370,CRT and LRP: Investigating Content-Teacher Perspectives of the Intersectionality of Race and Language for Antiracist ESOL Practice,2025,Book chapter,en,A_nucleo,True,False,False,"Falla elig_clima: estudio sobre formación docente antirracista en ESOL; 'political climate' es clima en sentido político, no físico.",high,False
371,"Capabilities and challenges of Chinese women in community-based disaster management: evidence from urban, rural and minority rural communities",2025,Article,en,A_nucleo,True,True,True,,high,False
372,Characterization of wildfire severity using deep learning and satellite time series analysis,2025,Conference paper,en,A_ampliada,False,True,False,"Falla elig_interseccional: 'Intersection over Union' es una métrica de segmentación de imágenes, sin sentido social.",high,False
373,"Characterizing an intersection between heat-related illness and overdose deaths in Arizona: Analysis of data from the State Unintentional Drug Overdose Reporting System, 2019–2023",2025,Article,en,A_nucleo,True,True,True,,medium,False
374,Churchgoers’ climate change beliefs and attitudes in Nigeria: Do gender and marital status matter?,2025,Article,en,A_nucleo,True,True,True,,high,False
375,Claiming a role for planning in intersectional climate justice,2025,Article,en,A_nucleo,True,True,True,,low,False
376,Class and racial privilege and marginalisation in environmental protest,2025,Book chapter,en,A_nucleo,True,True,True,,low,False
377,"Climate Adaptation as Relational Capacity: an Intersectional Study of Pastoralist Women in Kajiado, Kenya",2025,Article,en,A_nucleo,True,True,True,,high,False
378,Climate Change Conversations Gender-Based Violence Interventions in Dominica-Before and After the Storms: An Interview with Ms. Tina Alexander,2025,Book chapter,en,A_ampliada,False,True,False,"Falla elig_interseccional: 'intersection' cruza cambio climático, violencia de género y gestión de desastres como temas, sin intersecciones entre categorías sociales.",high,False
379,Climate Change and Cultural Security in the Postcolony,2025,Article,en,A_nucleo,True,True,True,,high,False
380,Climate Change and health: vulnerability pathways and resilience policies; [Cambio climático y salud: trayectorias de vulnerabilidad y políticas de resiliencia],2025,Review,en,A_nucleo,True,True,True,,medium,False
381,Climate Extremes and Disproportionate Burden on Women in the Global South: A Way Forward,2025,Book chapter,en,A_ampliada,True,True,True,,medium,False
382,"Climate Justice and Heat Inequity in Poor Urban Communities: The Lens of Transitional Justice, Green Climate Gentrification, and Adaptation Praxis",2025,Review,en,A_nucleo,True,True,True,,medium,False
383,Climate Justice through the Capability Approach: Addressing Gender Inequality and Human Development in the Era of Climate Change,2025,Article,en,A_ampliada,False,True,False,"Falla elig_interseccional: 'intersection' cruza cambio climático, desigualdad de género y desarrollo humano como temas; no relaciona categorías sociales.",high,False
384,Climate Litigation and Vulnerabilities: Global South Perspectives,2025,Book,en,A_nucleo,True,True,True,,medium,False
385,"Climate adaptation, geopolitics, and structural exclusion in South African agriculture",2025,Note,en,A_nucleo,True,True,True,,medium,False
386,"Climate change and gender-based violence in Colombia: Peacebuilding, feminism and the special jurisdiction for peace",2025,Book chapter,en,A_nucleo,True,True,True,,medium,False
387,Climate change and persons with disabilities in Africa,2025,Book chapter,en,A_nucleo,False,True,False,"Falla elig_interseccional: 'intersectionality of disability and climate change' designa el cruce de una categoría social con el clima como tema, no de dos categorías sociales.",medium,False
388,Climate change and persons with disabilities in Asia,2025,Book chapter,en,A_ampliada,False,True,False,"Falla elig_interseccional: 'intersection of disability and climate change' cruza una categoría social con el clima como tema, sin intersecciones entre categorías sociales.",high,False
389,Climate change and persons with disabilities in Australasia,2025,Book chapter,en,A_ampliada,False,True,False,"Falla elig_interseccional: 'the intersection of disability and climate change' cruza un eje social con el clima como tema, no categorías sociales entre sí.",high,False
390,Climate change and persons with disabilities in South and Central America,2025,Book chapter,en,A_nucleo,False,True,False,"Falla elig_interseccional: los 'intersectional factors' son geografía, accesibilidad y políticas, factores contextuales cruzados con un solo eje social, la discapacidad.",medium,False
391,"Climate change and the operation of power: intersectionality, dispossession, and knowledge politics in pastoral communities",2025,Article,en,A_nucleo,True,True,True,,low,False
392,Climate change impacts on health in Aotearoa New Zealand: a scoping review,2025,Article,en,A_nucleo,True,True,True,,medium,False
393,"Climate change, disability, and physical and rehabilitation medicine: A call for inclusive health action",2025,Review,en,A_ampliada,False,True,False,"Falla elig_interseccional: 'intersection' cruza cambio climático, discapacidad y salud como temas; la discapacidad es el único eje social.",high,False
394,"Climate change, disasters, and disability A critical view and the implications for disability-inclusive disaster risk reduction",2025,Book chapter,en,A_nucleo,True,True,True,,medium,False
395,"Climate emotions in remote, rural, and small communities across Canada: Exploring lived experiences through interviews and letters",2025,Article,en,A_nucleo,True,True,True,,low,False
396,Climate transition and climate adaptation: The experiences of older immigrants from the former Soviet Union in Israel,2025,Article,en,A_nucleo,True,True,True,,medium,False
397,Climate-Related Disasters and Gender Inequalities: Unveiling Key Elements Through Disaggregated Data Tool,2025,Book chapter,en,A_nucleo,True,True,True,,medium,False
398,Climate-related vulnerabilities and the European Court of Human Rights: Reimagining victim status through intersectional thinking,2025,Article,en,A_nucleo,True,True,True,,low,False
399,"Colombia’s redd+: Challenges at the intersection of climate action, indigenou rights and participatory safeguards",2025,Article,en,A_ampliada,False,True,False,"Falla elig_interseccional: 'intersection' cruza acción climática, derechos indígenas y salvaguardas participativas como temas; solo trabaja el eje indígena.",high,False
400,Community climate justice and sustainable development,2025,Book,en,A_ampliada,False,True,False,"Falla elig_interseccional: 'intersection' cruza justicia climática, derechos indígenas y desarrollo sostenible como temas, sin intersecciones entre categorías sociales.",high,False
401,"Compounding care burdens: women’s everyday experiences of climate preparedness and adaptation in Banaskantha, India",2025,Article,en,A_nucleo,True,True,True,,medium,False
402,Conceptualizing Missingness: A Case Study in Rural Mississippi,2025,Article,en,A_nucleo,True,False,False,"Falla elig_clima: estudio de antropología forense sobre personas desaparecidas en Misisipi, sin vínculo con el clima ni con amenazas climáticas.",high,False
403,Conclusion Inequalities and Human Factors,2025,Book chapter,en,A_nucleo,True,False,False,Falla elig_clima: capítulo de conclusiones sobre bienestar de trabajadores de plataformas; el calor y el cambio climático aparecen solo en una frase incidental.,medium,False
404,Conclusion: Key lessons and a future research agenda for climate litigation and vulnerabilities,2025,Book chapter,en,A_nucleo,True,True,True,,medium,False
405,"Conflict, environmental disaster and their aftermath: Repairing our broken world through art",2025,Editorial,en,A_nucleo,True,True,True,,high,False
406,Confronting Human Rights Justifications in Climate Litigation: Developing a New Methodological Approach for the Systematic Ongoing Direct Civil Society Engagement,2025,Article,en,A_nucleo,True,True,True,,medium,False
407,Coping with the invisible impacts of COVID-19 in a context of polycrises: wellbeing strategies of marginalised urban and Indigenous Brazilian youth,2025,Article,en,A_nucleo,True,False,False,Falla elig_clima: el objeto es el bienestar juvenil tras la pandemia de COVID-19; la emergencia climática solo aparece en una lista de crisis de contexto.,medium,False
408,Counternarratives of COVID-19: Girls' stories of disrupted schooling in Malawi,2025,Article,en,A_nucleo,True,False,False,Falla elig_clima: el objeto es la escolarización de niñas malauíes durante la COVID-19; el cambio climático solo aparece como un elemento en una lista de condiciones sindémicas.,medium,False
409,Creating Time and Space for the Intersection of Climatological Disasters and Racial Inequalities Curricula in the Classroom,2025,Article,en,A_ampliada,False,True,False,"Falla elig_interseccional: 'intersection' designa el cruce de dos temas (desastres climatológicos y desigualdad racial) y solo se trata un eje social, la raza.",high,False
410,DIETARY DIVERSITY FOR SUSTAINABLE DEVELOPMENT: Local-Global Policy Lessons from Tanzania,2025,Book,en,A_ampliada,False,False,False,"Fallan ambos criterios: la 'intersection' es entre campos (sistemas alimentarios, cultura, género, nutrición) y el cambio climático solo aparece como contexto inicial.",high,False
411,DIGGING HER GRAVE: GENDER-RESPONSIVE CLIMATE LEGISLATION AND LITIGATION TO ADDRESS CLIMATE CHANGE IMPACTS ON MATERNAL MORTALITY IN SUB-SAHARAN AFRICA,2025,Article,en,A_nucleo,True,True,True,,high,False
412,Data Feminisms for Intersectional Climate Justice in Artificial Intelligence,2025,Conference paper,en,A_nucleo,True,True,True,,medium,False
413,Deformed bodies and the decolonial turn: unthinking and rethinking the colonial episteme in animal’s people,2025,Article,en,A_nucleo,True,False,False,"Falla elig_clima: lectura de una novela sobre el desastre industrial de Bhopal (1984), amenaza tecnológica sin vínculo con el clima.",high,False
414,Differential Mortality Trends at the Intersection of Climate Change and Urban Growth From 13th to 18th Century Berlin,2025,Article,en,solo_index_keywords,False,True,False,"Falla elig_interseccional: 'intersection' designa el cruce entre cambio climático y urbanización, y el único eje social analizado es el sexo estimado.",high,False
415,Disability meets natural-hazard related disasters during violent conflict and forced migration,2025,Book chapter,en,A_nucleo,True,True,True,,low,False
416,"Disability, intersectionality, and equity: Thinking about the interaction between disability and other identities in disaster risk reduction policy and practice",2025,Book chapter,en,A_nucleo,True,True,True,,medium,False
417,"Disability, sexuality, and ‘cure’ in Indra Sinha’s Animal’s people",2025,Article,en,A_ampliada,True,False,False,"Falla elig_clima: análisis literario de una novela sobre la fuga de gas de Bhopal, desastre industrial sin vínculo con el clima.",high,False
418,Dissensus Rhetoric in Youth Climate Justice Activism,2025,Article,en,A_nucleo,True,True,True,,medium,False
419,Diversity in leadership: analysing representation in global committees on climate and health,2025,Article,en,A_nucleo,True,True,True,,high,False
420,"EMBODYING AND RESISTING URBAN HEAT INJUSTICE: Migrant Vulnerabilities and Radical Adaptations in El Raval, Barcelona",2025,Article,en,A_nucleo,True,True,True,,high,False
421,ENCOUNTERING THE BENGAL TIGER IN THE CLIMATE ‘HOTSPOT’ OF THE SUNDARBANS,2025,Book chapter,en,A_nucleo,True,True,True,,medium,False
422,EXPLORING URBAN SPACES OF SOCIO-ENVIRONMENTAL ENTANGLEMENT IN LAGOS: A collaboration between a researcher and a visual artist,2025,Book chapter,en,A_nucleo,True,True,True,,low,False
423,Echoes of Survival: Climate Change Impact & Typologies of Adaptation among Vulnerable Communities toward Climate-Induced Food Insecurity in Pakistan,2025,Article,en,A_nucleo,True,True,True,,medium,False
424,Ecological Grand Narratives: What New Stories for an Age of Climate Crisis?,2025,Article,en,A_nucleo,True,True,True,,high,False
425,Elevating women's voices in transnational climate litigation: The case of Asmania et al. v Holcim,2025,Book chapter,en,A_nucleo,True,True,True,,medium,False
426,Embodied Thermal Insecurity and Counter-Hegemonic Heat Mapping,2025,Article,en,A_nucleo,True,True,True,,high,False
427,Emergent Findings from a Multisystem Partnership to Advance and Sustain Climate Change Literacy and Action in California PK-12 Schools,2025,Book chapter,en,A_nucleo,True,True,True,,high,False
428,Emerging Feminist Peace from Below and Disaster Recovery: A Quilted Ethnography,2025,Book,en,A_nucleo,True,False,False,"Falla elig_clima: estudia la recuperación tras el terremoto de Kachchh (Gujarat, 2001), amenaza no climática sin vínculo explícito con el clima.",high,False
429,Emotions and gendered experiences of livelihood migration: memos from Nicaragua and Guatemala: GPC special issue: ‘towards feminist geographies of livelihoods’,2025,Note,en,A_nucleo,True,True,True,,medium,False
430,Engaging young people with alternative climate futures: cultivating political imagination through participatory methodologies,2025,Review,en,A_ampliada,True,True,True,,low,False
431,"Environmental Exposures and COVID-19 Experiences in the United States, 2020–2022",2025,Article,en,A_nucleo,True,True,True,,high,False
432,Environmental displacement and human migration in the most vulnerable nations,2025,Book chapter,en,A_nucleo,True,True,True,,medium,False
433,Environmental law and policy and Indigenous peoples,2025,Book chapter,en,A_ampliada,False,False,False,"Falla elig_interseccional: 'intersection' une derecho ambiental y derechos indígenas (campos) con un solo eje social; además, el clima es un ítem más de una lista.",high,False
434,Environmental policy in agricultural landscapes: The need for balancing ecosystem health and biodiversity conservation,2025,Article,en,A_nucleo,False,False,False,"Falla elig_interseccional: 'intersectional environmental policies' significa políticas transversales (intersectoriales); además, el cambio climático solo aparece en una lista de problemas.",high,False
435,Environmental racism: From theory to praxis,2025,Book chapter,en,A_nucleo,True,True,True,,medium,False
436,"Equity, diversity and inclusion promises, exclusive practices? How to move towards effective and just energy transitions",2025,Short survey,en,A_nucleo,True,True,True,,medium,False
437,Ethnoecological perspectives on environmental stewardship: Tenets and basis of reciprocity in Gitxsan and nłeʔkepmx (Nlaka'pamux) Territories,2025,Article,en,A_ampliada,False,False,False,"Falla elig_interseccional: la 'intersection' es entre saberes indígenas y occidentales, no entre categorías sociales; el clima solo aparece como implicación final.",high,False
438,"Evaluating the Sustainability of Local Women's Climate Change Adaptation Strategies in Durban, South Africa: A Feminist Political Ecology and Intersectionality Perspective",2025,Article,en,A_nucleo,True,True,True,,medium,False
439,Eve in the community Garden: Black ecofeminist pedagogies as intervention in Western Christian environmentalism,2025,Article,en,A_nucleo,True,True,True,,medium,False
440,Everyday Ecocide in Palestine,2025,Note,en,A_nucleo,True,True,True,,low,False
441,Exploration of Racial Dynamics and Climate Change Experience: Insights from Underrepresented Communities in Interior Alaska,2025,Article,en,A_ampliada,False,True,False,Falla elig_interseccional: 'intersection of climate change and race' es un cruce de temas y solo se analiza la raza (APIDA y negros frente a blancos).,high,False
442,Exploring Intersections Between Trauma and Discrimination in Youth of Color Seeking Mental Health Services,2025,Article,en,A_ampliada,True,False,False,Falla elig_clima: el objeto es trauma y discriminación en jóvenes de color; la exposición a desastres naturales es solo uno de once eventos traumáticos.,medium,False
443,Exploring disability inclusion in Ghana’s climate change policies and commitments,2025,Article,en,A_nucleo,True,True,True,,medium,False
444,Exploring the Intersectionality of Internal Displacement and Gender-Based Violence in Africa,2025,Book chapter,en,A_nucleo,True,False,False,Falla elig_clima: el objeto es el nexo entre desplazamiento interno y violencia de género en África; los desafíos climáticos son una frase de contexto.,low,False
445,"Exploring the intersection of climate change, gender, and food security in Latin America; [Explorando la intersección entre cambio climático, género y seguridad alimentaria en Latinoamérica]",2025,Article,en,A_ampliada,False,True,False,"Falla elig_interseccional: la 'intersección' une cambio climático, género y seguridad alimentaria (temas); no invoca la interseccionalidad, aunque enumera grupos de mujeres.",medium,False
446,"Extreme Weather, Vulnerable Populations, and Mental Health: The Timely Role of AI Interventions",2025,Article,en,A_nucleo,True,True,True,,medium,False
447,Feminism for the World,2025,Book,en,A_nucleo,True,False,False,Falla elig_clima: libro sobre feminismo internacional sin contenido climático; 'flooded' se usa en sentido metafórico.,high,False
448,Feminist Climate Justice as a Framework for Inclusive Climate Governance,2025,Conference paper,en,A_nucleo,True,True,True,,low,False
449,Feminist Foreign Policy Without Migration? Examining Exclusions in Germany’s FFP Guidelines,2025,Article,en,A_nucleo,True,False,False,Falla elig_clima: el objeto es la exclusión de la migración en las directrices alemanas de política exterior feminista; la política climática solo figura como un ámbito listado.,high,False
450,Filipino Migrant and Returnee Nurses Resisting and Adapting to the Pressures of Becoming “Ideal Migrants”,2025,Article,en,A_nucleo,True,True,True,,medium,False
451,Final Reflections,2025,Book chapter,en,A_nucleo,True,True,True,,high,False
452,Financial inclusion for sustainable agriculture: Pathways among smallholder women farmers in rural Zambia,2025,Article,en,A_ampliada,False,True,False,"Falla elig_interseccional: la 'intersection' une inclusión financiera, igualdad de género y agricultura sostenible (temas); no invoca la interseccionalidad.",high,False
453,Folk Performance as Indigenous Social Commentary: Stories from Karnataka India and Gilgit-Baltistan Pakistan,2025,Book chapter,en,A_nucleo,True,True,True,,medium,False
454,"Formation of Climate Community for People of Colour on Digital Platforms: The Importance of Anonymity, Safety and Representation",2025,Article,en,A_nucleo,True,True,True,,high,False
455,Fostering effective intersectional disaster risk governance in Dominica: the role of social networks and trust in information dissemination,2025,Article,en,A_nucleo,True,True,True,,low,False
456,"Fostering leadership and gender equality in climate action among underserved, rural and Indigenous women: a qualitative exploration of opportunities and limitations in Peru",2025,Article,en,A_nucleo,True,True,True,,high,False
457,From inequalities to vulnerability paradoxes: juxtaposing older adults’ heat mortality risk and heat experiences,2025,Article,en,A_ampliada,True,True,True,,medium,False
458,From rationalized exploitation to supra sacrifice zones: Tracing sacrifice zones as a keyword of environmental sociology,2025,Article,en,A_nucleo,True,True,True,,low,False
459,"Fuelling the Development of a Caribbean Criminology, Volume I: Crime, Crime Trends and Criminal Justice Reform",2025,Book,en,A_nucleo,True,False,False,Falla elig_clima: volumen de criminología caribeña donde el cambio climático es solo un tema en una lista; la interseccionalidad corresponde al volumen II.,high,False
460,"Gender Equality in Education: Mapping Challenges, Innovations, and Unexplored Dimensions; [Igualdad de género en la educación: mapeo de desafíos, innovaciones y dimensiones inexploradas]",2025,Review,en,A_nucleo,True,False,False,Falla elig_clima: revisión sobre igualdad de género en educación donde los riesgos educativos climáticos son solo una de varias áreas emergentes listadas.,high,False
461,"Gender Justice and Food Security in Cape Town, South Africa",2025,Conference paper,en,A_ampliada,False,False,False,"Falla elig_interseccional: la 'intersection' une alimentación, género e injusticia (temas) sin invocar la interseccionalidad; además, el clima es una presión más en una lista.",medium,False
462,Gender and Disaster Resilience,2025,Book chapter,en,A_nucleo,True,True,True,,medium,False
463,"Gender and Sexual Diversity and the Urban Climate Crisis: Intersectional Injustices of Housing and Livelihoods in Kampala, Uganda",2025,Book chapter,en,A_nucleo,True,True,True,,medium,False
464,"Gender and Work Part A: Investigating contexts, impacts, and effects",2025,Article,en,A_nucleo,True,False,False,Falla elig_clima: editorial de una colección sobre género y trabajo donde la crisis climática es solo uno de los contextos enumerados.,high,False
465,Gender based knowledge difference on social-environmental risk: a study on secondary school students of southwest coastal areas of Bangladesh,2025,Article,en,A_nucleo,True,True,True,,high,False
466,Gender dynamics in climate information services: a systematic review of intersectional influences and strategies for smallholder farmers in Sub-Saharan Africa,2025,Review,en,A_nucleo,True,True,True,,medium,False
467,Gender dynamics in forest governance and climate adaptation: evidence from Myanmar,2025,Article,en,A_nucleo,True,True,True,,medium,False
468,"Gender dynamics within food systems in displacement contexts: experiences from displaced populations in Nampula, Mozambique",2025,Article,en,A_ampliada,False,True,False,Falla elig_interseccional: la 'intersection' une género y sistemas alimentarios (tema); no invoca la interseccionalidad ni cruza categorías sociales en ese sentido.,medium,False
469,"Gender dynamics, climate change threats and illegal, unreported, and unregulated fishing",2025,Review,en,A_ampliada,False,True,False,"Falla elig_interseccional: las 'intersections' son del género con estresores ambientales y sociales (cambio climático, pesca ilegal), no entre categorías sociales.",medium,False
470,Gender in India’s Indo-Pacific foreign policy: a critical analysis of the Act East Policy and the Quadrilateral Security Dialogue (Quad),2025,Article,en,A_ampliada,False,False,False,"Falla elig_interseccional: 'intersection of gender and security' es un cruce de temas; además, el cambio climático es solo uno de varios desafíos de seguridad listados.",high,False
471,"Gender, intersectionality and climate smart agriculture in South Asia: A review",2025,Review,en,A_nucleo,True,True,True,,medium,False
472,"Gender, mobility, and climate policy: assessing English and German climate action plans with a gender just lens",2025,Article,en,A_nucleo,True,True,True,,high,False
473,"Gender-Transformative Adaptation for Food Security, Rural Livelihoods, and Agriculture: The Case Study of Mal Pahariya Women in Eastern Coalfield Regions of India",2025,Book chapter,en,A_nucleo,True,True,True,,high,False
474,Gender-group membership intersectionality and determinants of indigenous climate adaptation of smallholder farmers for climate risk management in northern Ghana,2025,Article,en,A_nucleo,True,True,True,,medium,False
475,"Gendered vulnerabilities and sexual violence: Intersecting inequalities during the 2024 floods in Porto Alegre, Brazil",2025,Article,en,A_nucleo,True,True,True,,medium,False
476,Getting Real: How Intersectionality Challenges the ‘One Size Fits All’ Approach to Global Mental Health,2025,Article,en,A_nucleo,True,False,False,Falla el criterio climático: el cambio climático solo figura como keyword; título y abstract tratan la salud mental global sin vincular el objeto con el clima.,low,False
477,Gina Shmukler’s the line: the portrayal of migrant women on the South African stage,2025,Article,en,A_nucleo,True,False,False,Falla el criterio climático: 'climate' solo aparece como clima político; el objeto es la xenofobia hacia mujeres migrantes en una obra teatral sudafricana.,high,False
478,Global Political Economy: Theory and Practice: Ninth Edition,2025,Book,en,A_nucleo,True,False,False,"Falla el criterio climático: manual general de economía política internacional donde el cambio climático es un tema más en una lista de actualizaciones, no el objeto.",high,False
479,Global knowledge structure of eco-anxiety and climate action: a multidimensional bibliometric analysis,2025,Article,en,A_nucleo,True,True,True,,high,False
480,Graphic narratives as pedagogical tools: Diversifying the curriculum of science in schools,2025,Article,en,A_nucleo,False,True,False,"Falla el criterio interseccional: 'disciplinary intersectionality' designa el cruce de disciplinas, no la intersección de categorías sociales o sistemas de opresión.",high,False
481,"Green Dreams, Concrete Realities: Overcoming Climate Hurdles in American Mid-Sized Cities",2025,Article,en,A_nucleo,False,True,False,"Falla el criterio interseccional: 'intersectional nature of economic and political context' alude al cruce de contextos, no a categorías sociales o sistemas de opresión.",high,False
482,Green Hydrogen Economy: Paving the Way for a Just and Inclusive Energy Transition,2025,Book chapter,en,A_nucleo,True,True,True,,high,False
483,"Habitability for a connected, unequal and changing world",2025,Short survey,en,A_nucleo,True,True,True,,medium,False
484,Health equity in the wake of disasters and extreme weather: evidence from an umbrella review,2025,Review,en,A_nucleo,True,True,True,,high,False
485,Heat-Related Health Risks for People Experiencing Homelessness: A Rapid Review,2025,Review,en,A_nucleo,True,True,True,,high,False
486,Hopeful pedagogies in precarious times,2025,Editorial,en,A_nucleo,True,True,True,,high,False
487,How Does Green Patriarchy Shape Climate Action? A Critical Analysis on Gendered Inequities in Climate Solutions,2025,Article,en,A_nucleo,True,True,True,,medium,False
488,How Gender-Sensitive Disaster Management is Addressed in the Turkish Parliament: A Qualitative Study from Feminist Bioethics Perspective,2025,Article,en,A_nucleo,True,False,False,"Falla el criterio climático: trata la gestión de desastres tras los sismos de 2023 en Türkiye, amenaza no climática sin vínculo explícito con el clima.",high,False
489,How climate change affects sexual and gender diverse individuals with disabilities,2025,Book chapter,en,A_ampliada,True,True,True,,medium,False
490,How climate-induced weather shocks affect sexual and reproductive health: evidence from Vietnam,2025,Article,en,A_nucleo,True,True,True,,high,False
491,"How differential vulnerability and empowerment dynamics work to determine the agricultural performance of women-operated smallholdings: Evidence from Assam, North-East India",2025,Article,en,A_nucleo,True,True,True,,medium,False
492,How is adaptation intention shaped in urban Pakistan? A multigroup gender analysis,2025,Article,en,A_nucleo,True,True,True,,medium,False
493,How is the Theory of Intersectionality Helping us Rethink the Contemporary Issue of Lack of Access to WASH?,2025,Article,en,A_nucleo,True,True,True,,medium,False
494,"Human rights-based climate litigation, national courts, and Indigenous peoples: An exploratory study",2025,Article,en,A_ampliada,False,True,False,"Falla el criterio interseccional: 'intersection of Indigenous peoples and climate litigation' es el cruce de un grupo y un tema, no de categorías sociales o sistemas de opresión.",high,False
495,IDP perspectives on IDP participation,2025,Article,en,A_nucleo,True,True,True,,low,False
496,INTRODUCTION,2025,Editorial,en,A_nucleo,True,True,True,,medium,False
497,INTRODUCTION: CONSIDERATIONS ON THE INTERSECTION BETWEEN RACE AND ARCHITECTURE,2025,Editorial,en,A_ampliada,False,False,False,"Fallan ambos criterios: 'intersection' cruza raza y arquitectura (categoría y disciplina), y los desastres naturales solo aparecen como mención de contexto.",high,False
498,Identities in Disasters: opportunities and challenges for developing inclusive disaster risk governance networks for gender and sexual minorities in Dominica and neighbouring small Caribbean islands,2025,Book chapter,en,A_nucleo,True,True,True,,low,False
499,Impact of the 2010 Chilean Earthquake and Tsunami on Gender and Sexual Minorities,2025,Book chapter,en,A_nucleo,True,False,False,"Falla el criterio climático: estudia el terremoto y tsunami de Chile en 2010, amenazas geofísicas sin vínculo explícito con el clima.",high,False
500,Inclusion of children and youth in the Intergovernmental Panel on Climate Change Assessment Reports (AR1-AR6),2025,Article,en,A_nucleo,True,True,True,,high,False
501,Inclusivity Overlooked: A Case Study of People with Disabilities’ Inclusion in Climate Resilience Planning in Massachusetts,2025,Article,en,A_ampliada,True,True,True,,medium,False
502,Incorporation of intersectionality in climate adaptation governance with special emphasis on Bangladesh: a review,2025,Review,en,A_nucleo,True,True,True,,medium,False
503,Indigenous Climate Justice in the Lake Chad Basin,2025,Book,en,A_nucleo,True,True,True,,low,False
504,"Indigenous Knowledge System and Agricultural Drought Adaptation in the uMkhanyakude District Municipality, KwaZulu-Natal",2025,Article,en,A_nucleo,True,True,True,,medium,False
505,Indigenous women-led climate crisis solutions from decolonial feminist perspectives in Western Canada,2025,Article,en,A_ampliada,True,True,True,,medium,False
506,Influence of natural hazards on farmers’ livelihoods and mental health in the Southern African development community: a scoping review,2025,Review,en,A_nucleo,True,True,True,,high,False
507,"Infrastructure, knowledge and climate resilience technologies enhancing food security: Evidence from Northern Pakistan",2025,Article,en,A_nucleo,True,True,True,,low,False
508,Innovative communication strategies for promoting urban wildlife habitat conservation,2025,Article,en,A_nucleo,False,False,False,Fallan ambos criterios: el 'intersectional analysis' cruza disciplinas (planificación y museología) y el cambio climático solo aparece como contexto de la conservación urbana.,high,False
509,"Insights on integrated Nature, Society, and Culture",2025,Article,en,A_nucleo,True,False,False,"Falla el criterio climático: presentación de un número sobre paisajes acuáticos interiores donde las 'climate crises' son una mención de contexto entre otras, no el objeto.",low,False
510,Integrating Intersectionality Into Climate Risk Assessments: Review of Gendered Vulnerability in South Africa,2025,Review,en,A_nucleo,True,True,True,,medium,False
511,"Integrating health in ecosystem-based adaptation initiatives across the Pacific Islands region: A policy analysis of Fiji, Solomon Islands, and Vanuatu",2025,Review,en,A_nucleo,True,True,True,,medium,False
512,Intercultural teaching practices and sustainability–a case study from Norway,2025,Article,en,A_nucleo,True,True,True,,medium,False
513,Intergenerational Climate Justice: Applying Theory to Policy in the Anthropocene,2025,Article,en,A_nucleo,True,True,True,,high,False
514,"Internal migration following local environmental disasters: the intersection of race, socioeconomic status, and local family ties",2025,Article,en,A_ampliada,True,True,True,,medium,False
515,Intersecting inequalities and urban heat adaptation,2025,Article,en,A_nucleo,True,True,True,,medium,False
516,Intersectional Climate Action,2025,Book chapter,en,A_nucleo,True,True,True,,medium,False
517,Intersectional Disaster Response in the Globalized World Via Equitable Crisis Communication,2025,Article,en,A_nucleo,True,False,False,"Falla el criterio climático: la amenaza analizada es la pandemia de COVID-19, no climática y sin vínculo explícito con el clima.",high,False
518,Intersectional analysis for science and technology,2025,Article,en,A_nucleo,True,False,False,Falla el criterio climático: guía general de análisis interseccional en ciencia y tecnología donde el cambio climático es solo uno de varios ejemplos ilustrativos.,high,False
519,"Intersectional approaches to disasters: Gender, race and artifcial intelligence",2025,Book chapter,en,A_nucleo,True,True,True,,low,False
520,Intersectional inequalities in heat-related mortality risks in South Korea,2025,Article,en,A_nucleo,True,True,True,,medium,False
521,Intersectional perspectives on gendered adaptation and social hierarchies in agricultural communities of the Indian Himalaya,2025,Article,en,A_nucleo,True,True,True,,medium,False
522,"Intersectional vulnerabilities in disaster resilience: Gender, geography, and poverty in Zimbabwe's agrarian communities",2025,Article,en,A_nucleo,True,True,True,,medium,False
523,Intersectionality and Adaptation Justice in Sweden: Where are We - and Where Next?,2025,Article,en,A_nucleo,True,True,True,,medium,False
524,Intersectionality and Intimate Partner Violence: Risk Factors and Vulnerabilities During the COVID-19 Pandemic and Other Humanitarian Emergencies,2025,Review,en,A_nucleo,True,True,True,,low,False
525,Intersectionality as a legal concept? Applications and implications of the notion (within and) beyond non-discrimination law,2025,Article,en,A_nucleo,True,True,True,,medium,False
526,"Intersectionality between young people, environmental disasters and the criminal justice system in Australia",2025,Short survey,en,A_nucleo,True,True,True,,low,False
527,"Intersectionality in residental solar adoption: Examining socio-demographics, racial diversity, geography, solar suitability, and policy in the United States",2025,Article,en,A_nucleo,True,True,True,,low,False
528,"Intersectionality of environmental justice, democratic struggles and women’s rights",2025,Book chapter,en,A_nucleo,False,True,False,"Falla el criterio interseccional: 'intersectionality of environmental justice, democratic struggles, and women's rights' es el cruce de tres agendas temáticas, no de categorías sociales.",medium,False
529,"Intimate Partner Violence, COVID-19 Stressors, and Intersectionality During the Perinatal Period: Dissecting the Perfect Storm",2025,Article,en,A_nucleo,True,False,False,"Falla el criterio climático: estudia violencia de pareja perinatal y estresores de la COVID-19, sin relación con el clima ni con amenazas climáticas.",high,False
530,Intra-Family Relationship Transformation and Service Recommendations After 2023 Türkiye Earthquake: An Intersectional Analysis,2025,Article,en,A_nucleo,True,False,False,"Falla el criterio climático: analiza las familias tras el terremoto de 2023 en Türkiye, amenaza sísmica sin vínculo explícito con el clima.",high,False
531,Introduction,2025,Editorial,en,A_nucleo,True,False,False,"Falla el criterio climático: introducción a un compendio de geografía social y cultural donde el cambio climático es un tema más de una lista, no el objeto.",high,False
532,Introduction: Designing approaches,2025,Editorial,en,A_nucleo,True,False,False,Falla el criterio climático: el objeto es el diseño urbano sensible al género y la seguridad; la justicia climática solo aparece en una enumeración de enfoques.,medium,False
533,"Introduction: Linking Global South vulnerability, intersectionality, and climate litigation",2025,Editorial,en,A_nucleo,True,True,True,,medium,False
534,Investigating the Role of Ethnicity and Perceived Inequality in Shaping Resilience in Malaysia: Insights for Advancing SDG No. 11 in the Face of Climate Change,2025,Book chapter,en,A_ampliada,True,True,True,,medium,False
535,"Investigating the psychological impact of COVID-19 on Rob Ferreira Hospital healthcare workers in Mpumalanga Province, South Africa",2025,Article,en,A_nucleo,True,False,False,"Falla el criterio climático: estudia el impacto psicológico de la COVID-19 en personal sanitario, pandemia sin vínculo con el clima.",high,False
536,It’s not just about women: broadening perspectives in gendered environmental mobilities research,2025,Review,en,A_nucleo,True,True,True,,low,False
537,Just urban greening for climate adaptation & health equity planning: Lessons learned from 5 cities in the Global North,2025,Article,en,A_nucleo,True,True,True,,high,False
538,Kurdish Women’s Activism in Iranian Kurdistan: Between Abeyance and Mobilization,2025,Book chapter,en,A_nucleo,True,False,False,Falla el criterio climático: 'climate' solo aparece como clima político; el objeto es el activismo de mujeres kurdas en Irán.,high,False
539,Make / believe: We and they on a digital planet,2025,Book,en,A_nucleo,True,True,True,,high,False
540,Making a Case for (En)Gendering Energy Transition: Legal Basis and Levers for change,2025,Article,en,A_nucleo,True,True,True,,high,False
541,Maternal responsibilization in times of crisis: transition to motherhood and collective anxiety in Canada,2025,Article,en,A_nucleo,True,False,False,Falla el criterio climático: el cambio climático es una crisis más en una lista de contexto; el objeto es la responsabilización materna en Canadá.,high,False
542,Meaningful Participation or Tokenism? Sámi Children and Youth in Norway's Climate and Green Energy Transition,2025,Article,en,A_ampliada,True,True,True,,low,False
543,Merger formula: Integrating the class and ecological axes; [Fusionsformel: Wie sich die Klassen- und die ökologische Achse verbinden lassen],2025,Article,en,A_ampliada,False,True,False,"Falla el criterio interseccional: 'the intersection of class and climate struggles' cruza una categoría social con una agenda política, no dos categorías o sistemas de opresión.",medium,False
544,Methodological and empirical insights from gender vulnerability and adaptation responses to climate change in South Asia–a systematic review,2025,Review,en,A_nucleo,True,True,True,,medium,False
545,Migrating injustices in the small city: drought-impacted interstate migrant workers’ experiences in Tiruppur’s sanitation sector,2025,Article,en,A_nucleo,True,True,True,,medium,False
546,"Migration, identity and resistance in the postcolonial nation-state",2025,Book,en,A_ampliada,False,True,False,"Falla el criterio interseccional: 'intersections of power, space, and identity' cruza conceptos analíticos, no categorías sociales ni sistemas de opresión.",medium,False
547,Misrepresentation or inclusion: promises of generative artificial intelligence in climate change education,2025,Article,en,A_nucleo,True,True,True,,low,False
548,"Navigating food futures post-disaster: the intersectional politics of race, gender, disability and access; [Navegando hacia un futuro alimentario tras desastres climáticos: La interseccionalidad de la raza, el género, la discapacidad y el acceso]",2025,Article,en,A_nucleo,True,True,True,,medium,False
549,Navigating justice in climate adaptation: Gender and class complexities under neo-liberal development in the Sundarbans delta of Bangladesh,2025,Article,en,A_nucleo,True,True,True,,medium,False
550,Navigating the Duality of Cultural Mistrust and Understanding the Declining Significance of Data Within Identity Politics: Navigating the Duality of Cultural Mistrust,2025,Book chapter,en,A_nucleo,True,False,False,"Falla el criterio climático: 'political climates' alude al clima político, no al cambio climático ni a amenazas de origen climático.",high,False
551,"Navigating the future of early modernwomen's writing: Pedagogy, feminism, and literary theory",2025,Book chapter,en,A_ampliada,False,False,False,"Fallan ambos criterios: 'intersection between gender and form' cruza una categoría social con la forma literaria, y 'political climate' no es clima físico.",high,False
552,New directions in climate justice? A dialogue between critical climate justice and policy studies scholars,2025,Article,en,A_nucleo,True,True,True,,high,False
553,"No climate justice without sexual and reproductive health, rights and justice (SRHRJ): past, present, and future challenges faced by the Sexual and Reproductive Health and Rights and Climate Justice Coalition",2025,Article,en,A_nucleo,True,True,True,,medium,False
554,"No time: ‘Our house is on fire’, climate change and colonisation",2025,Book chapter,en,A_nucleo,True,True,True,,medium,False
555,"Nurturing Identity, Shaping Communities, and Forging New Pathways: Racially Minoritized Youth Climate Justice Activists’ Perspectives",2025,Article,en,A_nucleo,True,True,True,,medium,False
556,On intersectionality and ecofeminism: Outdoor sports professionals as a case study,2025,Article,en,A_nucleo,True,True,True,,medium,False
557,On moving towards a more inclusive understanding of disaster risk reduction: A sexual and gender minorities perspective through the lens of global flood risk,2025,Article,en,A_nucleo,True,True,True,,medium,False
558,"On the concepts of human security, dignity and vulnerability: understanding the mechanisms of being ‘at risk’",2025,Article,en,A_nucleo,True,False,False,Falla el criterio climático: la migración climática aparece solo como ejemplo de aplicación de un marco conceptual sobre vulnerabilidad en derechos humanos.,medium,False
559,"One voice, so many: an intersectional reading of Julie Okoh’s In Our Own Voices",2025,Article,en,A_nucleo,True,False,False,Falla el criterio climático: es una lectura literaria sobre patriarcado y mujeres africanas; 'impending disaster(s)' tiene sentido figurado y no remite al clima.,high,False
560,Opening Editorial: The contested nature of climate change: Feminist and decolonial perspectives for transformative adaptation,2025,Editorial,en,A_nucleo,True,True,True,,medium,False
561,"Operationalizing accessibility in environmental sustainability efforts: Challenges, barriers, and opportunities",2025,Article,en,A_nucleo,True,False,False,Falla el criterio climático: la justicia climática solo enmarca el texto; el objeto es la accesibilidad en proyectos de sostenibilidad y gestión de residuos.,low,False
562,Ordinary Life: Evacuee Mothers and the Politics of Home in Post-3.11 Japan,2025,Article,en,A_nucleo,True,False,False,"Falla el criterio climático: estudia la evacuación tras el desastre nuclear de Fukushima, una amenaza tecnológica sin vínculo con el clima.",high,False
563,PLANETARY AND WORKERS' HEALTH: EXPLORING THE INTERSECTIONAL BINOMIAL,2025,Article,en,A_nucleo,False,True,False,"Falla el criterio interseccional: el 'intersectional binomial' une dos campos (salud planetaria y salud laboral), no categorías sociales ni sistemas de opresión.",high,False
564,Panic activism or crisis solidarity? Reworking crisis narratives in climate activism through the COVID-19 pandemic,2025,Article,en,A_nucleo,True,True,True,,high,False
565,Patient Perceptions About the Environmental Impact of Hospitals and Surgical Care,2025,Article,en,A_nucleo,False,True,False,"Falla el criterio interseccional: 'intersectionality of health care and climate change' designa el cruce de dos temas, no de categorías sociales.",high,False
566,Permaculture in Primary Teaching: Decolonizing and Building a More Socially and Environmentally Responsible World,2025,Book chapter,en,A_ampliada,False,False,False,"Fallan ambos criterios: la 'intersection' es entre ciencia indígena y occidental, y el cambio climático solo aparece como contexto de ansiedad juvenil.",high,False
567,Perspectives on Food in the Sustainable City,2025,Editorial,en,A_nucleo,True,False,False,Falla el criterio climático: el cambio climático aparece solo como uno de varios factores de contexto; el objeto son los sistemas alimentarios urbanos sostenibles.,medium,False
568,Political ecology of climate change and environmental justice,2025,Book chapter,en,A_nucleo,False,True,False,"Falla el criterio interseccional: 'intersectionality of climate justice and political ecology' designa el cruce de dos campos, no de categorías sociales.",high,False
569,Post-Disaster Social Connectedness in Parent–Child Dyads: A Qualitative Investigation of Changes in Coping and Social Capital of Rural Australian Families Following Bushfires,2025,Article,en,A_nucleo,True,True,True,,medium,False
570,"Pregnant Multiplicities: Bodies, Reproduction, and Climate Change",2025,Article,en,A_nucleo,True,True,True,,low,False
571,Primate conservation: A public issue?,2025,Note,en,A_nucleo,False,False,False,"Fallan ambos criterios: 'intersectional' alude a desafíos intersectoriales e interdisciplinarios de conservación, y el cambio climático solo aparece como comparación.",high,False
572,"Principles in Global Governance: A Global Constitutional Approach to Care, Climate Justice, and the Welfare State",2025,Book chapter,en,A_nucleo,True,True,True,,medium,False
573,Profiles of social vulnerability for flood risk reduction,2025,Article,en,A_nucleo,True,True,True,,high,False
574,Progressive politics? The European climate movement and Black Lives Matter,2025,Book chapter,en,A_nucleo,True,True,True,,high,False
575,Promoting Women’s Leadership in Climate Resilience: A Strategy for South Asia,2025,Conference paper,en,A_ampliada,False,True,False,Falla el criterio interseccional: 'intersection of gender and climate governance' cruza un eje social con un campo de política y no invoca interseccionalidad ni marcos afines.,high,False
576,"Psychological and Mental Health Implications of Emerging Issues: Climate Change, Climate Mobilities, and COVID-19",2025,Book chapter,en,A_nucleo,True,True,True,,medium,False
577,Queering Up Psychoanalysis–An Integrative Model with the Power to Meet the Moment,2025,Note,en,A_nucleo,True,False,False,Falla el criterio climático: el cambio climático solo aparece en una lista de amenazas existenciales que enmarcan un modelo psicoanalítico.,high,False
578,"Racism-related stress, health outcomes, substance use, and PrEP attitudes among Asian sexual minority men",2025,Article,en,A_nucleo,True,False,False,"Falla el criterio climático: 'political climate' es clima político; el estudio trata estrés por racismo y salud, sin vínculo con el clima físico.",high,False
579,Radical pedagogies for territorial contestations,2025,Review,en,A_nucleo,True,False,False,Falla el criterio climático: el clima solo aparece como parte de la 'polycrisis' que enmarca un editorial sobre pedagogías radicales y disputas territoriales.,medium,False
580,"Re-Configuring Social Work, Indigenous Strategies and Sustainability in Remote Communities: Is Eco-Social Work a Workable Paradigm?",2025,Article,en,A_nucleo,True,True,True,,low,False
581,Re-evaluating the ‘who’ in environmentalism using latent profile analysis,2025,Article,en,A_nucleo,True,True,True,,medium,False
582,Reconceptualizing urban flood modeling: Toward intersectional and equitable urban flood risk planning,2025,Article,en,A_nucleo,True,True,True,,low,False
583,Reflections on Community and Interconnectedness,2025,Book chapter,en,A_ampliada,False,True,False,"Falla el criterio interseccional: la 'intersection' une identidades LGBTQ+ y contextos ambientales, y las demás identidades se tratan en secciones separadas, sin marco interseccional.",medium,False
584,Reflections on illuminations: unforgetting and other expansions in pursuing a gender agenda in environmental education research,2025,Note,en,A_nucleo,True,False,False,Falla el criterio climático: el cambio climático aparece solo en una lista de direcciones futuras de una reflexión sobre género y educación ambiental.,medium,False
585,Reimagined pasts to envision the possibility of new future(s),2025,Note,en,A_nucleo,True,False,False,"Falla el criterio climático: 'political climate' es clima político; la reseña trata un marco radical de reparaciones, sin vínculo con el clima.",high,False
586,Reimagining Ecofeminism: Religious Hermeneutics and Ecotheology as Conceptual Tools for Intergenerational Climate Ethics,2025,Article,en,A_nucleo,True,True,True,,high,False
587,Relational processes for transformative climate justice policymaking: insights from a Western Australian community of practice,2025,Article,en,A_nucleo,True,True,True,,low,False
588,Relevance of ecosystem services and disservices from green infrastructure perceived by the inhabitants of two Portuguese cities dealing with climate change: implications for environmental and intersectional justice,2025,Article,en,A_nucleo,True,True,True,,medium,False
589,Reproductive justice in an era of climate change and gender inequality,2025,Article,en,A_ampliada,False,True,False,"Falla el criterio interseccional: 'intersection of reproductive justice, gender equality and climate justice' cruza agendas o campos, no categorías sociales.",medium,False
590,Rethinking climate vulnerability in post-colonial Ghana,2025,Article,en,A_nucleo,True,True,True,,high,False
591,Safe Spaces for Queer Couples: A Case Study,2025,Article,en,A_nucleo,True,False,False,Falla el criterio climático: 'political climates' alude al clima político; el estudio trata la terapia con parejas queer.,high,False
592,"School Climate, Intersectional Identity, and the Role of Teacher Support: A Qualitative Study",2025,Article,en,A_nucleo,True,False,False,"Falla el criterio climático: 'school climate' es clima escolar, no cambio climático ni amenazas de origen climático.",high,False
593,School disaster preparedness for children with access and functional needs,2025,Article,en,A_ampliada,True,True,True,,low,False
594,"Sexism and sustainability: Women, feminism, and the response to the climate crisis",2025,Book chapter,en,A_nucleo,True,True,True,,medium,False
595,Shedding light on the hidden struggles: Intersectional vulnerabilities of urban women in Deyang during the COVID-19,2025,Article,en,A_nucleo,True,False,False,"Falla el criterio climático: la amenaza estudiada es la pandemia de COVID-19, sin vínculo explícito con el clima.",high,False
596,Shedding light on vulnerability: Intersectional energy planning for development,2025,Article,en,A_nucleo,True,True,True,,medium,False
597,Social inequalities in exposure to heat stress and related adaptive capacity: a systematic review,2025,Review,en,A_nucleo,True,True,True,,medium,False
598,Soo or Lut: An Indigenous Traditional Method of Grass Storage in the Uttarakhand Himalayan Hills,2025,Note,en,A_ampliada,False,True,False,"Falla el criterio interseccional: la 'intersection' une saber indígena, sostenibilidad agrícola e ingenio ecológico, no categorías sociales.",high,False
599,Stolen Identity Schemes and Drought in the Trickster Narratives of Igbo Extraction,2025,Article,en,A_ampliada,False,False,False,"Fallan ambos criterios: la 'intersection' cruza dos metáforas literarias y la sequía es un motivo narrativo, no una amenaza climática analizada.",high,False
600,Stories of country women: Advancing feminist intersectionality for climate change adaptation in Australia,2025,Article,en,A_nucleo,True,True,True,,medium,False
601,"Strategic Corporate Diversity Responsibility (CDR) as a Catalyst for Sustainable Governance: Integrating Equity, Climate Resilience, and Renewable Energy in the IMSD Framework",2025,Article,en,A_nucleo,True,True,True,,medium,False
602,Strategies for urban climate adaptation: Pathways towards equitable resilience in Barcelona and Berlin,2025,Article,en,A_nucleo,True,True,True,,high,False
603,"Sujaan: a social enterprise of socio-economically disadvantaged women in rural Sindh, Pakistan",2025,Book chapter,en,A_ampliada,False,False,False,"Fallan ambos criterios: la 'intersection' une emprendimiento social, empoderamiento de género y desarrollo, y el clima solo aparece como contexto regional.",high,False
604,"Surviving in a Disaster! How Disabled People Deal With Natural Disasters: Toward an Inclusive Disaster Response (a Case Study From South Lampung, Indonesia)",2025,Article,en,A_nucleo,True,False,False,"Falla el criterio climático: el caso estudiado es el tsunami de 2018 en Lampung del Sur, una amenaza explícitamente no climática.",medium,False
605,"Synergising 6G technologies, artificial intelligence, and green innovations: A path towards sustainable and intelligent connectivity",2025,Article,en,A_nucleo,False,False,False,Fallan ambos criterios: 'intersectionality' une tres dominios tecnológicos y el cambio climático solo aparece como contexto de las tecnologías verdes.,high,False
606,"TEMPORALITY, CYCLONES, AND PLANETARY FICTION: The Case of Mutiny by Lindsay Collen",2025,Book chapter,en,A_ampliada,False,True,False,"Falla el criterio interseccional: 'intersection of gender violence, climate change and temporality' cruza temas de estudio, no categorías sociales.",medium,False
607,"THE INTERSECTION OF CLIMATE CHANGE, GENDER EQUALITY, AND LEGAL FRAMEWORK: Analyzing the Impact of Environmental Policies on Women's Rights and Opportunities in Sri Lanka's Fragile Democracy",2025,Book chapter,en,A_ampliada,False,True,False,"Falla el criterio interseccional: 'intersection of climate change, gender equality, and legal framework' cruza temas y marcos jurídicos, no categorías sociales.",high,False
608,THE WILEY BLACKWELL COMPANION TO CULTURAL AND SOCIAL GEOGRAPHY,2025,Book,en,A_nucleo,True,False,False,Falla el criterio climático: el cambio climático aparece solo en una enumeración de temas de un manual general de geografía social y cultural.,high,False
609,Teaching about climate change in US classrooms,2025,Article,en,A_nucleo,True,True,True,,high,False
610,Tech Dude Vs Environmental Crisis: White Masculinity and Technofetishism in the Anglo-American Eco-documentary,2025,Article,en,A_nucleo,True,True,True,,medium,False
611,The Challenges of Addressing Sexual and Gender-based Violence and Climate (In)justice: Tensions and Challenges for the Sport for Development and Peace Sector,2025,Book chapter,en,A_ampliada,True,True,True,,low,False
612,The Climate Crisis as a Poverty Crisis: How climate change amplifies (im)mobility and gendered vulnerabilities,2025,Article,en,A_nucleo,True,True,True,,medium,False
613,"The Effect of Climate Change on Menstrual Health: A Qualitative Study of Gabura Union, Shyamnagar, Satkhira, Bangladesh",2025,Article,en,A_nucleo,True,True,True,,medium,False
614,"The Gendering of Hope: Rural and Farming Women's Biographies of Hope, Care and Resistance",2025,Book,en,A_nucleo,True,False,False,Falla elig_clima: las crisis climáticas son solo un tema más en una lista de experiencias vitales; el objeto es la esperanza y el género en la ruralidad.,medium,False
615,The Historical Foundations of Adolescence and Emerging Adulthood,2025,Book chapter,en,A_nucleo,True,False,False,"Falla elig_clima: capítulo sobre teorías de la adolescencia sin relación con el clima; 'storm and stress' alude a la teoría psicológica, no a amenazas climáticas.",high,False
616,The IACtHR Climate Emergency Advisory Opinion: A Legal Analysis of the State Obligations,2025,Article,en,A_nucleo,True,True,True,,high,False
617,The Intersection of Climate Change and Gender-Based Violence in Sub-Saharan Africa: A Synthesis,2025,Book chapter,en,A_nucleo,True,True,True,,low,False
618,The Intersectional Lens: Unpacking the Socio-Ecological Impacts of Oil Palm Expansion in Rural Indonesia,2025,Article,en,A_nucleo,True,True,True,,medium,False
619,"The Intersections of Ethnicity, Exposure to Extreme Temperature and Mortality under a Decolonial Spotlight",2025,Book chapter,en,A_ampliada,False,True,False,"Falla elig_interseccional: las 'intersecciones' cruzan etnicidad, exposición térmica y mortalidad (un solo eje social con variables ambientales y de salud), sin vocabulario interseccional.",medium,False
620,The L Word’s Afterlives: Queer Media Convergence and the Logics of Diversitainment,2025,Article,en,A_nucleo,True,False,False,Falla elig_clima: ensayo sobre representación queer en televisión; los 'desastres comerciales' no remiten al clima.,high,False
621,The Place of Justice and Vulnerability in Climate Resilience,2025,Article,en,A_nucleo,True,True,True,,medium,False
622,"The Role of Courts and the Legal Profession in Climate Litigation: A Tripartite Analysis of Access to the Kenyan, East African, and African Court Systems",2025,Book chapter,en,A_nucleo,False,True,False,"Falla elig_interseccional: 'intersectionality of the world' alude a la interconexión global, no a categorías sociales ni sistemas de opresión.",high,False
623,"The Voices of Zionist Women in Responding to Disasters in Chivi District, Masvingo Province in Zimbabwe",2025,Article,en,A_nucleo,True,True,True,,medium,False
624,"The feminist politics of Muslim women in the Shaheen Bagh protests: Reimagining identity, secularism, and citizenship in India",2025,Book chapter,en,A_nucleo,True,False,False,Falla elig_clima: 'political climate' es clima en sentido político; el capítulo trata protestas feministas de mujeres musulmanas en India.,high,False
625,The future of decent work: Forecasting heat stress and the intersection of sustainable development challenges in India's brick kilns,2025,Article,en,A_nucleo,False,True,False,"Falla elig_interseccional: 'SDG intersectionality' designa la interconexión entre Objetivos de Desarrollo Sostenible, un sentido intersectorial, no social.",high,False
626,"The intersections of climate change, gender, migration, and sexual and reproductive health in Sub-Saharan Africa: A scoping review",2025,Review,en,A_ampliada,False,True,False,"Falla elig_interseccional: las 'intersecciones' cruzan temas (clima, género, migración, salud sexual y reproductiva), sin vocabulario ni marco interseccional en sentido social.",medium,False
627,The pace of pastoral mobility: Exploring adaptations to climate and socio-economic change in Western India,2025,Article,en,A_ampliada,True,True,True,,medium,False
628,The role of intersectionality in shaping adaptive capacity of smallholder farmers in the Talensi district of Ghana,2025,Article,en,A_nucleo,True,True,True,,medium,False
629,The role of visual ethnography in co-producing climate information services in cities,2025,Article,en,A_nucleo,False,True,False,"Falla elig_interseccional: los 'intersectional framings' designan la interrelación de problemas climáticos entre distintos ODS, un sentido intersectorial.",high,False
630,"The unequal effects of resettlement in coastal regions: An intersectional vulnerability analysis of resettled fisher communities in Saint Louis, Senegal",2025,Article,en,A_nucleo,True,True,True,,high,False
631,The uneven landscape of disability around the world: A view from the field,2025,Book chapter,en,A_ampliada,False,True,False,"Falla elig_interseccional: 'intersection of disability and climate change' cruza un eje social con un tema, sin interseccionalidad en sentido social.",high,False
632,Thinking Ecologically with Ruskin and Dickens,2025,Book chapter,en,A_nucleo,True,False,False,Falla elig_clima: estudio literario de Ruskin y Dickens sobre degradación ambiental victoriana; el cambio climático solo aparece como mención final.,low,False
633,Tornado diary: Material vulnerability and art education,2025,Article,en,A_nucleo,True,True,True,,high,False
634,Toward a Critical Psychology of Climate Justice: Encouraging Radical Political Imagination to Shape Our Collective Futures,2025,Article,en,A_nucleo,True,True,True,,high,False
635,"Toward transformative youth climate justice: Why youth agency is important and six critical areas for transformative youth activism, policy, and research",2025,Article,en,A_nucleo,True,True,True,,medium,False
636,"Towards a decolonial heat-health nexus: Disrupters, enablers and energy properties of heat from the 19th century to the present day",2025,Review,en,A_nucleo,True,True,True,,high,False
637,"Towards an intersectional justice approach to carbon taxation: Energy poverty, vulnerable households, and revenue recycling in Ireland",2025,Article,en,A_nucleo,True,True,True,,medium,False
638,Transgenerational Trauma: The Entanglement of Family Memories in Twenty-First Century Diasporic Women’s Literatures from the Global South,2025,Book chapter,en,A_nucleo,False,False,False,"Falla elig_clima (y elig_interseccional): estudio literario sobre trauma transgeneracional sin vínculo climático; la 'intersectionality' se refiere a historias violentas, no a categorías sociales.",high,False
639,"Understanding Intersections of Caste, Gender and Migration in Uttarakhand Through Cinematic Representations of Trauma and Memory in Dev Bhoomi",2025,Book chapter,en,A_ampliada,True,True,True,,low,False
640,Understanding energy struggles through systems of power: A systematic review of intersectionality in energy social science and humanities,2025,Review,en,A_nucleo,True,True,True,,medium,False
641,Understanding the Impacts of Arctic Climate Change Through the Lens of Political Ecology,2025,Article,en,A_nucleo,False,True,False,"Falla elig_interseccional: 'intersectionality between politics, ecology, and climate change impacts' designa el cruce de campos, no de categorías sociales.",medium,False
642,Unequal Distribution of Climate Change Impacts across Regions: Towards Climate Justice*,2025,Article,en,A_nucleo,True,True,True,,high,False
643,"Unpacking the progression of climate uncertainty into precarity in the urban context of drylands: the case of floods in Lodwar, Turkana",2025,Article,en,A_nucleo,True,True,True,,low,False
644,"Unveiling climate extremes: A bibliometric odyssey through resilience, adaptation, and sustainable development goal synergies",2025,Review,en,A_nucleo,False,True,False,"Falla elig_interseccional: 'intersectionality of severe events' alude a la relación entre eventos extremos y estrategias de respuesta, sin sentido social.",high,False
645,Urgent Imperatives: Advancing Gender Equality in Climate Action,2025,Article,en,A_nucleo,True,True,True,,medium,False
646,Use of tall-growing Florida native Vaccinium stamineum in breeding highbush blueberry cultivars,2025,Conference paper,en,A_nucleo,False,False,False,Falla elig_interseccional y elig_clima: 'intersectional hybrids' son cruces entre secciones botánicas y el clima monzónico es solo un rasgo agronómico.,high,False
647,Vegan sociology: An introduction and review,2025,Article,en,A_nucleo,True,False,False,Falla elig_clima: revisión sobre sociología vegana donde el cambio climático solo aparece como mención de contexto junto a alimentación y salud.,high,False
648,Viewing the Family Court Experiences of Affirming Parents and Their Transgender and Gender Diverse Children Through the Lens of Intersectionality,2025,Article,en,A_nucleo,True,False,False,Falla elig_clima: estudio de caso sobre tribunales de familia y menores trans; 'political climate' es clima en sentido político.,high,False
649,"Voice and responsiveness at the intersection of gender, disability and disasters",2025,Book chapter,en,A_ampliada,True,True,True,,medium,False
650,Vulnerability based prioritization in disaster planning efforts: benefits and trade-offs,2025,Article,en,A_nucleo,True,True,True,,high,False
651,Weather shocks and resilience to food insecurity: Exploring the role of gender and kinship norms,2025,Article,en,A_nucleo,True,True,True,,medium,False
652,Weathering the STORM and Forecasting Equity for Older Black Women: Expanding Social Determinants of Health,2025,Note,en,A_nucleo,True,False,False,"Falla elig_clima: 'weathering' y 'STORM' son metáforas sobre salud y envejecimiento de mujeres negras mayores, sin vínculo climático.",high,False
653,When gender is not enough: Intersectional perspectives on hierarchies in aid relationships,2025,Book chapter,en,A_nucleo,True,False,False,"Falla elig_clima: estudia jerarquías de género, raza y clase en organizaciones de ayuda; los contextos posdesastre son solo escenario, no objeto.",high,False
654,Where heat does not come in waves: a framework for understanding and managing chronic heat,2025,Article,en,A_nucleo,True,True,True,,high,False
655,Where's the justice?: The need for critical social science across US food-energy-water systems as illustrated by unconventional drilling,2025,Review,en,A_nucleo,True,True,True,,high,False
656,Who speaks for climate migrants? A justice-oriented bibliometric analysis of Global South research,2025,Review,en,A_nucleo,True,True,True,,high,False
657,"Wisdom of the Past, Power for the Future: Centering Local Traditions in Community Organizing to Codevelop Climate Adaptation Practices",2025,Article,en,A_nucleo,True,True,True,,medium,False
658,Women in Transport During Natural Disaster: Facts and Figures from Policy Making Perspectives,2025,Book chapter,en,A_ampliada,False,True,False,"Falla elig_interseccional: 'intersection of gender, transportation, and natural disaster management' cruza temas y solo aborda el eje de género.",high,False
659,"Women in the midst: an intersectionality study of Canadian climate change, poverty and health media reporting",2025,Article,en,A_nucleo,True,True,True,,medium,False
660,"Women inventors in Italy, 1861–1939",2025,Article,en,A_ampliada,False,False,False,Falla elig_clima (y elig_interseccional): historia de inventoras italianas; 'intersection of gender dynamics and political climate' cruza género con el clima político del fascismo.,high,False
661,"Women, Finance, and Resilience: Challenging Inequities in Climate Finance",2025,Book chapter,en,A_ampliada,False,True,False,"Falla elig_interseccional: 'intersections of gender, climate finance, and systemic inequalities' cruza un eje con temas y no invoca la interseccionalidad social.",medium,False
662,"Women, Wars and Public Policies: From Hostile Shores to Storming Seas",2025,Book,en,A_nucleo,True,False,False,"Falla elig_clima: libro sobre supremacía blanca, guerras y políticas migratorias; 'Storming Seas' es metáfora, sin vínculo climático.",high,False
663,Women-Centric Approaches in Framing Proactive Disaster Management Strategies in the Indian State of Odisha,2025,Book chapter,en,A_nucleo,True,True,True,,medium,False
664,Women’s Experiences in the Context of Climatic Crisis: An African Theo-Eco-feminist Approach to food insecurity in Kenya,2025,Article,en,A_nucleo,True,True,True,,low,False
665,"Women’s Leadership, Local Wisdom and Household Resilience during Multiple Crisis (Tsunami, Conflict, Pandemic) in Ambon, Indonesia",2025,Conference paper,en,A_nucleo,True,False,False,"Falla elig_clima: las crisis estudiadas (tsunami, conflicto social de 1999 y COVID-19) son amenazas explícitamente no climáticas.",high,False
666,Writing Beyond the Archive to Hear Within the Narrative: (Re)Imagining Disaster Response in Five Days at Memorial,2025,Article,en,A_nucleo,True,True,True,,low,False
667,Writing Borders and Other Barriers in the Era of Climate Crisis: Communities of Engagement,2025,Book,en,A_nucleo,True,True,True,,high,False
668,YOUNG PEOPLE AND OLD TREES: Posthuman intersectionality in Swedish climate litigation,2025,Book chapter,en,A_nucleo,True,True,True,,low,False
669,"Young people's climate and environmental activism in Britain: Cooperation, confrontation and fragmentation in intersectional prefigurative politics",2025,Book chapter,en,A_nucleo,True,True,True,,medium,False
670,Youth-led theatre for climate resilience and action at COP26,2025,Article,en,A_nucleo,True,True,True,,medium,False
671,‘We Herders Are Often Chased About by Drought’: A Systems Analysis of Natural Resource Degradation Within the Climate–(Im)mobility–Violence–Health Nexus in Sahel,2025,Review,en,A_nucleo,True,True,True,,low,False
672,“Are you prepared or not?”: An intersectional analysis of a community-engaged climate change vulnerability assessment and adaptation planning process with Tsáá? Ché Ne Dane,2025,Article,en,A_nucleo,True,True,True,,medium,False
673,"“Environment” (SDGs 6, 7, 11, 13, 14, and 15) and HRM",2025,Book chapter,en,A_nucleo,True,False,False,Falla elig_clima: capítulo sobre gestión verde de recursos humanos y sostenibilidad ambiental; el clima solo figura entre varios ODS y como palabra clave.,low,False
674,"“I think we all just got a bit too proud of ourselves too soon”: heteronormativity, whiteness, and Far-Right extremism in Caroline O’Donoghue’s All Our Hidden Gifts trilogy",2025,Article,en,A_nucleo,True,False,False,Falla elig_clima: análisis literario de una trilogía juvenil irlandesa; 'political climate' es clima en sentido político y cultural.,high,False
675,"“I’d Do Things to You That You Can’t Even Imagine, but You’d Love Them …”: Situating #MeToo Among Spanish Youth",2025,Article,en,A_nucleo,True,False,False,"Falla elig_clima: encuesta sobre violencia sexual en universitarios españoles, sin ningún vínculo con el clima o con amenazas climáticas.",high,False
676,"“Let the Kids Go, I Die”: the Experiences of Older Adults Who Survived the Earthquakes in Türkiye Through Intersectional Perspective",2025,Article,en,A_nucleo,True,False,False,"Falla elig_clima: estudia a supervivientes mayores de los terremotos de 2023 en Türkiye, una amenaza explícitamente no climática.",high,False
677,''We've Reimagined the Way We Serve'': Strategies of Community-Based Organizations in New York City to Support Immigrant Women During and After COVID-19,2024,Article,en,A_nucleo,True,False,False,"Falla elig_clima: analiza el apoyo de organizaciones comunitarias a mujeres inmigrantes durante la COVID-19, una pandemia sin vínculo climático.",high,False
678,"(Re)envisioning inclusive futures: Applying narrative foresight to deconstruct the problem of urban flooding in the slums of Bengaluru, India",2024,Article,en,A_nucleo,True,True,True,,medium,False
679,20 years of studies of risk and intersectionality: a bibliometric overview,2024,Article,en,A_nucleo,True,False,False,Falla elig_clima: bibliometría sobre riesgo e interseccionalidad en general; el cambio climático solo aparece como una de las áreas emergentes.,high,False
680,2024 NCSA Presidential Address: Back to the Future: The Past and Potential Future Impacts of Natural Disasters,2024,Article,en,A_ampliada,True,True,True,,medium,False
681,A Beirut blast: how inclusive disaster management for refugees and hosts reassembled a community in a disintegrated city,2024,Article,en,A_nucleo,True,False,False,Falla elig_clima: la explosión del puerto de Beirut es un desastre industrial-tecnológico sin vínculo explícito con el clima.,high,False
682,"A Critical Feminist Perspective on Climate Change Adaptation Plans: Mapping Municipal Recognition, Dialog, and Budgeting",2024,Article,en,A_nucleo,True,True,True,,medium,False
683,A Feminist Policy Analysis of the Gender and Climate Change Nexus in the Colombian Coal and Energy Sector,2024,Book chapter,en,A_nucleo,True,True,True,,medium,False
684,A Rapid Review of the Impacts of Climate Change on the Queer Community,2024,Review,en,A_ampliada,True,True,True,,medium,False
685,AI for Climate Justice: Assessing Large Language Models from an Intersectional Lens,2024,Conference paper,en,A_nucleo,True,True,True,,low,False
686,"Advancing disability-inclusive climate research and action, climate justice, and climate-resilient development",2024,Review,en,A_ampliada,False,True,False,"Falla elig_interseccional: 'intersection' designa el cruce de dos campos (discapacidad y cambio climático), sin articular categorías sociales ni usar el concepto en sentido teórico.",high,False
687,Advancing the science of adverse childhood experiences and resilience: A case for global and ecological perspectives,2024,Article,en,A_nucleo,False,False,False,"Fallan ambos criterios: 'intersectionality' alude a la interrelación entre factores de adversidad y ecológicos, no a categorías sociales, y el cambio climático es solo un ítem de una lista.",medium,False
688,Afterword: A Methodological Side-note: Disrupting the Animal-Industrial Complex: A Counter-map to Guide Heterotopic Interventions and Radical Imaginaries,2024,Book chapter,en,A_nucleo,True,False,False,Falla elig_clima: el cambio climático solo aparece en una enumeración de efectos del orden institucional global; el objeto es el complejo animal-industrial.,high,False
689,Against White Cripistemology: Seeing Race and Global Disability in King Lear,2024,Book chapter,en,A_ampliada,True,False,False,"Falla elig_clima: analiza adaptaciones escénicas y fílmicas de King Lear; la tormenta es un recurso dramático, no un objeto climático.",high,False
690,Age-Friendliness as a Framework for Equity in Aging,2024,Book chapter,en,A_nucleo,True,False,False,Falla elig_clima: las crisis climáticas solo aparecen en una frase de contexto; el objeto es el movimiento de ciudades amigables con las personas mayores.,high,False
691,An Assessment Methodology about the Effectiveness of Mobility IT Solutions: Application to Six Demo Sites,2024,Article,en,A_nucleo,False,False,False,"Fallan ambos criterios: 'intersectional assessment' es una evaluación cruzada entre proveedores y viajeros, sin sentido social, y el clima solo motiva el estudio.",high,False
692,An inconvenient praxis: Envisioning and transforming knowledge production as the new normal,2024,Book chapter,en,A_ampliada,False,False,False,"Fallan ambos criterios: 'intersection' cruza influencias sociales, políticas, ambientales y económicas (dominios), y el cambio climático es una mención incidental.",high,False
693,An intersectionality approach to protection during disasters: gender and human mobility in Ecuador,2024,Book chapter,en,A_nucleo,True,True,True,,low,False
694,Animal health emergencies: a gender-based analysis for planning and policy,2024,Article,en,A_nucleo,True,False,False,Falla elig_clima: trata emergencias de salud animal (crisis humanitarias y brotes infecciosos) sin vínculo explícito con el clima.,medium,False
695,Anti-Racism and the Fight against Discrimination Today,2024,Article,en,A_ampliada,True,False,False,Falla elig_clima: el objeto es la labor antirracista del Consejo Mundial de Iglesias; el cambio climático aparece en una sola frase como ámbito relacionado.,medium,False
696,Art and sustenance in the work of Sara Baume,2024,Article,en,A_nucleo,False,True,False,"Falla elig_interseccional: 'intersectional crisis' designa el entrelazamiento de crisis ecológica y neoliberal, no intersecciones entre categorías sociales.",high,False
697,"Assessing local government's response to black women's vulnerability and adaptation to the impacts of floods in the context of intersectionality: The case of eThekwini metropolitan municipality, South Africa",2024,Article,en,A_nucleo,True,True,True,,medium,False
698,At the intersection of climate justice and reproductive justice,2024,Article,en,A_nucleo,True,True,True,,medium,False
699,Between evidence first and political fight–understanding dynamics of (de-)politicization in US climate movements’ future narratives,2024,Article,en,A_nucleo,True,True,True,,high,False
700,Beyond climate strikes: Intersectionality and environmental care,2024,Book chapter,en,A_nucleo,True,True,True,,medium,False
701,Beyond the turn to human rights: a call for an intersectional climate justice approach,2024,Article,en,A_nucleo,True,True,True,,low,False
702,"Beyond tokenism, toward resilience: furthering a paradigmatic shift from intersecting narratives of disaster and disability realities in East Java, Indonesia",2024,Article,en,A_ampliada,False,True,False,Falla elig_interseccional: 'intersection' cruza los temas desastre y discapacidad; no relaciona categorías sociales ni invoca la interseccionalidad.,high,False
703,Bodies as spectacles of horror: visualisation of famine and plague in Western dark travelogues on colonial India,2024,Article,en,A_nucleo,True,False,False,"Falla elig_clima: analiza la representación visual de hambruna y peste en relatos de viaje coloniales, sin vínculo explícito con el clima o la sequía.",medium,False
704,Book banning and contractual expectations of white cisheteropatriarchy: a praxis for epistemic justice in K–12 schools,2024,Article,en,A_ampliada,True,False,False,Falla elig_clima: 'climate' se usa en sentido político (clima anti-CRT y anti-LGBTQ+); el objeto es la censura de libros en escuelas K-12.,high,False
705,Breaking the Mold: Have gendered dynamics been overlooked in South Asian Adaptation Challenges?,2024,Article,en,A_nucleo,True,True,True,,medium,False
706,Bridging Silos: Environmental and Reproductive Justice in the Climate Crisis,2024,Article,en,A_nucleo,True,True,True,,medium,False
707,Bridging decoloniality and sustainability in fashion,2024,Book chapter,en,A_nucleo,True,True,True,,high,False
708,"Bridging the gender, climate, and health gap: the road to COP29",2024,Review,en,A_nucleo,True,True,True,,medium,False
709,Bridging underrepresented disaster scholars and national science foundation-funded resources,2024,Article,en,A_nucleo,True,True,True,,low,False
710,"Building Agrifood Worker Power: A Memo for Students on the Food Chain Workers Alliance, 2023 Richard Cloward and Frances Fox Piven Award Recipient",2024,Article,en,A_nucleo,True,False,False,Falla elig_clima: el objeto es el poder de los trabajadores agroalimentarios (FCWA); el cambio climático solo aparece en una lista de temas de investigación posibles.,high,False
711,Building Community Resilience: Strategies of Women and Nonbinary-led Grassroots Organisations in New York City,2024,Article,en,A_nucleo,True,True,True,,medium,False
712,Building evaluation capacity,2024,Book chapter,en,A_ampliada,False,False,False,"Fallan ambos criterios: 'intersection' une pensamiento sistémico y ciencia de datos, y las crisis climáticas solo se citan como entorno frágil de evaluación.",high,False
713,Can History Teaching Contribute Towards Saving the Planet? Reflections on the Value of Including Environmental History in the Zimbabwean Advanced Level History Curriculum,2024,Book chapter,en,A_nucleo,True,False,False,Falla elig_clima: el objeto es incluir historia ambiental en el currículo zimbabuense; el cambio climático solo aparece como contexto entre otros problemas ambientales.,medium,False
714,"Classifying climate vulnerability and inequalities in India, Mexico, and Nigeria: a latent class analysis approach",2024,Article,en,A_nucleo,True,True,True,,medium,False
715,Climate Change and Its Impact on Female Reproductive Health; [Изменение климата и его влияние на репродуктивное здоровье женщин],2024,Review,en,A_nucleo,True,True,True,,high,False
716,Climate Change and Mental Health Equity,2024,Book,en,A_nucleo,True,True,True,,medium,False
717,Climate Crisis and Social Media Activism in FridaysForFuture-Rome,2024,Article,en,A_nucleo,True,True,True,,high,False
718,Climate Justice in India,2024,Book,en,A_nucleo,True,True,True,,medium,False
719,Climate Migration: A Gendered Perspective,2024,Article,en,A_nucleo,True,True,True,,low,False
720,Climate action from a gender perspective: A systematic review of the impact of climate policies on inequality,2024,Article,en,A_nucleo,True,True,True,,high,False
721,Climate change and environmental degradation in Yanomami People's Land: Intersectional threats and the need for improved policy-making,2024,Article,en,A_nucleo,True,True,True,,low,False
722,"Climate change and its impact on the mental health well-being of Indigenous women in Western cities, Canada",2024,Article,en,A_nucleo,True,True,True,,low,False
723,"Climate change, biodiversity loss, and Indigenous Peoples’ health and wellbeing: a systematic umbrella review protocol",2024,Article,en,A_ampliada,False,True,False,"Falla elig_interseccional: 'intersections' cruza temas (salud indígena, cambio climático, pérdida de biodiversidad), no categorías sociales ni sistemas de opresión.",high,False
724,"Climate change, livelihood resilience, and gender: An intersectional analysis of Vietnam's forest-dependent communities",2024,Article,en,A_nucleo,True,True,True,,medium,False
725,Climate justice: Five angles on the crisis and the movement,2024,Book,en,A_nucleo,True,True,True,,medium,False
726,Climate migration: A gendered perspective,2024,Book chapter,en,A_nucleo,True,True,True,,low,False
727,Climate transformation through feminist ethics of care,2024,Article,en,A_nucleo,True,True,True,,medium,False
728,Climate-resilient aquatic food systems require transformative change to address gender and intersectional inequalities,2024,Article,en,A_nucleo,True,True,True,,medium,False
729,Colonial erasures in gender and climate change solutions,2024,Article,en,A_nucleo,True,True,True,,medium,False
730,"Community health promotion and disaster recovery: a PhotoVoice project in Comerío, Puerto Rico",2024,Article,en,A_nucleo,True,True,True,,medium,False
731,Community-Based Adaptation to climate change. Approaches; [Adaptation à Base Communautaire au changement climatique. Approches]; [Adaptação baseada na Comunidade às mudanças climáticas. Abordagens]; [Adaptación basada en Comunidades para el cambio climático. Abordajes],2024,Article,es,A_nucleo,True,True,True,,high,False
732,Complicating Cultural Reproduction Theory: A Critical Multilevel Analysis of Systematic Inequality in U.S. Schools,2024,Article,en,A_nucleo,True,False,False,Falla elig_clima: 'climate' designa el clima académico escolar; el estudio trata desigualdades de aprendizaje en escuelas de Estados Unidos.,high,False
733,Conclusion: Mapping the Multidisciplinary Study of Home and Homeland,2024,Book chapter,en,A_nucleo,True,False,False,Falla elig_clima: el cambio climático solo aparece en una lista de causas del desarraigo; el objeto son las representaciones del hogar en arte y literatura.,high,False
734,Conclusion: Toward intersectional inclusive education,2024,Book chapter,en,A_nucleo,True,False,False,Falla elig_clima: el cambio climático aparece solo en una lista de crisis emergentes; el objeto es la educación inclusiva interseccional.,high,False
735,Concurrent Heat and Air Pollution Exposures among People Experiencing Homelessness,2024,Note,en,A_nucleo,True,True,True,,medium,False
736,Creating solidarity in decolonial counterpublics,2024,Book chapter,en,A_nucleo,True,False,False,Falla elig_clima: el objeto es el periodismo feminista de Todas; el huracán María y la justicia climática son solo contexto de origen y un tema más de su cobertura.,medium,False
737,"Critical geographies of disaster, and the geographical imagination",2024,Article,en,A_nucleo,True,True,True,,high,False
738,Cultivating Diverse Environmental Children's Picturebooks Using Rudine Sim Bishop's Framework for Multicultural Texts,2024,Article,en,A_nucleo,True,True,True,,high,False
739,DISASTER COMMUNICATION AND CAPACITY BUILDING WITH REFUGEES AND MIGRANTS,2024,Book chapter,en,A_nucleo,True,True,True,,low,False
740,Decolonizing environmentalism: Alternative visions and practices of environmental action,2024,Book,en,A_nucleo,True,True,True,,medium,False
741,Decolonizing meanings climate crisis and land-based adaptions: From Indigenous women's perspectives in Western Canada,2024,Article,en,A_ampliada,True,True,True,,medium,False
742,Digital Images Translating Climate Justice Online to inspire Transformative Ecological Visions of World Order from the Margins,2024,Article,en,A_nucleo,True,True,True,,medium,False
743,Digital and analogue spaces of care: How older adults are redefining care practices in the COVID-19 pandemic,2024,Article,en,A_nucleo,True,False,False,"Falla elig_clima: trata el cuidado digital de personas mayores durante la COVID-19, pandemia sin vínculo climático; los huracanes solo sirven de contraste.",high,False
744,Disability and ableism in the COVID-19 pandemic,2024,Book chapter,en,A_nucleo,True,False,False,"Falla elig_clima: analiza discapacidad y capacitismo en la pandemia de COVID-19 en Estados Unidos, sin vínculo con el clima.",high,False
745,"Disability, Indigeneity, and Climate Justice",2024,Book chapter,en,A_nucleo,True,True,True,,medium,False
746,Disproportionate impact of climate change: Housing crisis and displacement among the transgender community in India,2024,Book chapter,en,A_ampliada,True,True,True,,medium,False
747,Distribution of Nature-based Solutions in cities across Europe,2024,Article,en,A_nucleo,True,True,True,,high,False
748,Diversity and Community,2024,Book chapter,en,A_ampliada,True,False,False,"Falla elig_clima: la adaptación al cambio climático aparece solo en la frase de contexto; el objeto es la inequidad en salud de personas LGBTIQA+ y con discapacidad, con foco en COVID-19 y migración.",medium,False
749,Diversity of perspectives,2024,Book chapter,en,A_nucleo,True,True,True,,high,False
750,Eco-Femagogy: A Red-Green Perspective for Transforming Social Work Education in the Post-Covid World,2024,Book chapter,en,A_nucleo,True,True,True,,medium,False
751,Eco-Teen Films,2024,Book,en,A_nucleo,True,True,True,,high,False
752,Ecocritical Explorations of the Climate Crisis: Planetary Precarity and Future Habitability,2024,Book,en,A_nucleo,True,True,True,,high,False
753,Ecological and Intersectional Perspectives to Reduce Young Adults’ Climate Distress: Reflections from a Work That Reconnects Program,2024,Book chapter,en,A_nucleo,True,True,True,,low,False
754,Ecotourism and Indigenous Environmental Populism,2024,Book chapter,en,A_ampliada,False,True,False,"Falla elig_interseccional: 'intersection' designa el cruce entre ecoturismo, populismo ambiental indígena y acción estatal, no entre categorías sociales o sistemas de opresión.",high,False
755,"Edmonia Lewis, the Greek Slave Statue, and the #SayHerName Movement: (Act One) Kindling the Fire, Hearing Her Voice",2024,Book chapter,en,A_nucleo,True,False,False,"Falla elig_clima: 'Wildfire' es el apodo de la escultora y el fuego es metáfora; el ensayo trata arte, esclavitud, raza y género, no el clima.",high,False
756,Empowerment and integration of refugee women: a transdisciplinary approach,2024,Article,en,A_ampliada,True,True,True,,medium,False
757,"Entanglements, Narratives, and the Environment: Inter-American Perspectives",2024,Book,en,A_nucleo,True,True,True,,high,False
758,Environmental Racism and Climate (In)Justice in the Anthropocene: Addressing the Silences and Erasures in Management and Organization Studies,2024,Article,en,A_nucleo,True,True,True,,medium,False
759,"Environmental Reproductive Justice, Indigenous Health Knowledge and Indigenous Women on the Climate Frontlines",2024,Article,en,A_nucleo,True,True,True,,high,False
760,Envisioning Disabled and Just Futures: Mutual Aid as an Adaptive Strategy for Environmental Change and Ecological Disablement,2024,Article,en,B_afin,True,True,True,,medium,False
761,Envisioning spatial justice in health geographies and groundwater governance of Kashmir Himalayas using socio-geospatial approach,2024,Article,en,A_nucleo,True,False,False,"Falla elig_clima: el clima cambiante solo contextualiza la importancia del agua subterránea; el objeto es la calidad del agua, el saneamiento y la incidencia de enfermedades en Cachemira.",low,False
762,Episodic populist backlashes against urban climate actions,2024,Article,en,A_nucleo,True,True,True,,high,False
763,Ethical Adaptation to Climate Change and People-Centered Development,2024,Book chapter,en,A_nucleo,True,True,True,,medium,False
764,Examining community-level protection from Alaska Native suicide: An Indigenous knowledge-informed extension of the legacy of Michael Chandler and Christopher Lalonde,2024,Article,en,A_nucleo,False,False,False,"Fallan ambos criterios: 'intersectional' alude al cruce entre significación individual y colectiva, y el estudio trata la prevención del suicidio sin vínculo climático.",high,False
765,Expanding Black and Indigenous Ecologies,2024,Article,en,A_ampliada,True,False,False,"Falla elig_clima: el cambio climático aparece en una sola cláusula de contexto; el número trata ecologías negras e indígenas, racismo ambiental y legados coloniales.",low,False
766,"Experiences Accessing Health and Social Services during and after Natural Disasters among People Who Use Drugs in Houston, Texas",2024,Article,en,B_afin,True,True,True,,medium,False
767,Exploring counter hegemony and action research to address the climate crisis,2024,Note,en,A_nucleo,True,True,True,,low,False
768,Exploring the nexus of gender and environment in the H2020 PHOENIX project: insights from the design of a gender equality plan,2024,Article,en,A_ampliada,False,True,False,"Falla elig_interseccional: 'intersection' cruza género con investigación e innovación, y género, clase y raza solo se enumeran como vulnerabilidades ignoradas.",high,False
769,Extreme weather events and health inequalities: Exploring vulnerability and resilience in marginalized communities,2024,Article,en,A_nucleo,True,True,True,,high,False
770,"FERC, hydropower, and tribal rights: Confrontations at the Little Colorado River",2024,Article,en,A_ampliada,False,True,False,"Falla elig_interseccional: 'intersection' designa el cruce entre las facultades de FERC y la soberanía tribal, no entre categorías sociales o sistemas de opresión.",high,False
771,FOREST SEMANTIC SEGMENTATION BASED ON DEEP LEARNING USING SENTINEL-2 IMAGES,2024,Conference paper,en,A_ampliada,False,False,False,Fallan ambos criterios: 'Intersection' es la métrica Intersection over Union y el clima solo contextualiza un estudio de segmentación de especies forestales.,high,False
772,FORGING A PATH FORWARD: SAFEGUARDING INDIGENOUS COMMUNITIES FROM THE IMPACT OF CLIMATE CHANGE,2024,Article,en,A_ampliada,False,True,False,"Falla elig_interseccional: 'intersection' cruza cambio climático, derechos indígenas y derecho internacional; no relaciona categorías sociales ni sistemas de opresión.",high,False
773,"Fbi, ice, police & pollution: A spy in the struggle",2024,Book chapter,en,A_nucleo,True,False,False,"Falla elig_clima: el análisis literario trata racismo ambiental, contaminación y violencia estatal; la crisis climática solo figura en enumeraciones de problemas.",medium,False
774,Female Leadership and Everyday Hazards: Care Practices and Solidarity Networks in Campamento Dignidad,2024,Book chapter,en,A_nucleo,True,True,True,,low,False
775,Female migrants into Fukushima: A qualitative approach to their migration-support needs after the nuclear accident,2024,Article,en,A_nucleo,True,False,False,"Falla elig_clima: el desastre estudiado es el accidente nuclear de Fukushima, de tipo tecnológico y radiológico, sin vínculo con el clima.",high,False
776,Feminisation of adaptation interventions in Bangladesh: An intersectional analysis,2024,Article,en,A_nucleo,True,True,True,,medium,False
777,Feminism and mobility justice: examining relations of care and mobilities across scales,2024,Book chapter,en,A_nucleo,True,False,False,Falla elig_clima: transición baja en carbono y justicia climática solo figuran en la enumeración final de ámbitos; el objeto son las movilidades de cuidado.,medium,False
778,"Feminist Cybernetic, Critical Race, Postcolonial, and Crip Propositions for the Theoretical Future of Human-Machine Communication",2024,Article,en,A_nucleo,True,False,False,Falla elig_clima: el cambio climático solo aparece en una lista de temas a los que la comunicación humano-máquina podría aportar.,high,False
779,Feminist perspectives on environmental justice and health in Jamaica,2024,Article,en,A_nucleo,True,False,False,"Falla elig_clima: la justicia climática se menciona como campo de aporte, pero el análisis trata residuos sólidos y minería de bauxita, no el clima.",medium,False
780,Feminist urban futures: Envisioning the future of Ukrainian cities through the lens of the displaced community in Valencia (Spain),2024,Article,en,A_nucleo,True,False,False,Falla elig_clima: el objeto es la reconstrucción urbana tras la guerra en Ucrania; la sostenibilidad y los espacios verdes no lo vinculan con el clima.,high,False
781,"First They Came for Us All: Responding to Anti-Transgender Structural Violence With Collective, Community-Engaged, and Intersectional Health Equity Research and Advocacy",2024,Article,en,A_nucleo,True,False,False,Falla elig_clima: 'clima' se usa en sentido político; el artículo trata la violencia estructural antitrans en Estados Unidos.,high,False
782,Formal education as a contested pastoral adaptation pathway: insights from southern Kenya,2024,Article,en,A_nucleo,True,True,True,,high,False
783,Fostering gender transformative cities around the world,2024,Article,en,A_nucleo,True,False,False,Falla elig_clima: el cambio climático aparece solo en la frase de contexto; el objeto es la planificación urbana con perspectiva de género y edad.,medium,False
784,Framing Queer Climate Justice,2024,Article,en,A_nucleo,True,True,True,,medium,False
785,Framing vulnerability: An ecolinguistic analysis of gender and climate change discourse,2024,Article,en,A_ampliada,True,True,True,,medium,False
786,From Gender-Blind to Gender Bind: Foregrounding Gender in the History of the UNFCCC,2024,Article,en,A_nucleo,True,True,True,,medium,False
787,"From fast to slow risks: Shifting vulnerabilities of flood-related migration in Lodwar, Kenya",2024,Article,en,A_nucleo,True,True,True,,high,False
788,From gender gaps to gender-transformative climate-smart agriculture,2024,Review,en,A_nucleo,True,True,True,,medium,False
789,Funny climate activism? A collaborative storied analysis of young climate advocates’ digital activisms,2024,Article,en,A_nucleo,True,True,True,,medium,False
790,GENDER AND CLIMATE JUSTICE,2024,Book chapter,en,B_afin,True,True,True,,medium,False
791,GENDER AND SUSTAINABILITY SYMBIOSIS IN SEWA COOPERATIVE: A Case of Holistic Development,2024,Book chapter,en,A_ampliada,False,True,False,"Falla elig_interseccional: 'intersection' cruza género, cultura y desarrollo como temas; no relaciona categorías sociales ni sistemas de opresión.",medium,False
792,"Gender Equality, Climate Action, and Technological Innovation for Sustainable Development in Africa",2024,Book chapter,en,A_ampliada,False,True,False,Falla elig_interseccional: 'the intersection of gender and climate change' cruza dos temas; el libro trata el género como eje único.,high,False
793,Gender Politics: Toward a Feminist Rethinking of Disaster Response,2024,Book chapter,en,A_nucleo,True,True,True,,medium,False
794,Gender and race vulnerability and the intersectional view at disasters; [Vulnerabilidade de gênero e raça e os desastres socionaturais]; [Vulnerabilidad de género y raza y la mirada interseccional de los desastres],2024,Article,en,A_nucleo,True,True,True,,low,False
795,Gender in Climate Litigation in Latin America: Epistemic Justice Through a Feminist Lens,2024,Article,en,A_nucleo,True,True,True,,medium,False
796,"Gender, Activist Citizenship, and Climate Change",2024,Book chapter,en,A_nucleo,True,True,True,,medium,False
797,"Gender, Mental Health, and Climate Change: Impacts on Women and Gender Minorities",2024,Book chapter,en,A_ampliada,False,True,False,"Falla elig_interseccional: 'intersection' cruza disparidades de salud mental sensibles al clima y basadas en género, no categorías sociales entre sí.",medium,False
798,"Gender, environment, and human rights: An intersectional exploration",2024,Book,en,A_nucleo,False,True,False,"Falla elig_interseccional: lo 'interseccional' designa el cruce entre género, ambiente y derechos humanos como temas, no entre categorías sociales.",medium,False
799,Gender-based climate (in)justice: An overview,2024,Review,en,A_nucleo,True,True,True,,medium,False
800,Gender-based vulnerability and adaptive capacity in the disaster-prone coastal areas from an intersectionality perspective,2024,Article,en,A_nucleo,True,True,True,,medium,False
801,Gendered Perspectives on Climate Change Resilience: Exploring Women’s Leadership and the Power of Collectives in Community Management of Commons in India,2024,Book chapter,en,A_ampliada,False,True,False,Falla elig_interseccional: 'the intersection of gender and commons' cruza un eje social con un tema; casta y tribalidad aparecen sin marco interseccional.,medium,False
802,Gendered mobilities and climate change,2024,Book chapter,en,A_nucleo,True,True,True,,high,False
803,Gendering the Impact of Climate Change on Agriculture in Asia,2024,Book chapter,en,A_nucleo,True,True,True,,medium,False
804,"Geographies of violence and informalization: The case of mathare slums in Nairobi, Kenya",2024,Book chapter,en,A_nucleo,True,False,False,Falla elig_clima: el clima solo aparece en una palabra clave; el capítulo analiza la violencia y la informalización en Mathare.,high,False
805,Geography and climate vulnerabilities,2024,Note,en,A_nucleo,True,True,True,,high,False
806,Girls fighting for the planet: Climate activism as caring intimate counterpublics,2024,Book chapter,en,A_nucleo,True,True,True,,medium,False
807,"Girls, education and climate crisis in Pakistan: From ‘what-connects’ to a sense of ‘self’ and education after the 2022 floods",2024,Article,en,A_nucleo,True,True,True,,medium,False
808,Governing intersectional climate justice: Tactics and lessons from Barcelona,2024,Article,en,A_nucleo,True,True,True,,low,False
809,Green bond market practices: exploring the moral ‘balance’ of environmental and financial values,2024,Article,en,A_nucleo,True,True,True,,low,False
810,"Guest Editors’ Introduction Reframing Disaster Justice: Conceptual Provocations, Practical Insights, and Research Directions",2024,Article,en,A_nucleo,True,True,True,,high,False
811,Health Equity and Health Inequity of Disabled People: A Scoping Review,2024,Review,en,A_nucleo,True,False,False,Falla elig_clima: el cambio climático solo figura en las palabras clave; la revisión trata la cobertura académica de la equidad en salud de personas con discapacidad.,high,False
812,Health threats of climate change: from intersectional analysis to justicebased radicalism,2024,Article,en,A_nucleo,True,True,True,,medium,False
813,"Heat on the Brain: The Impacts of Rising Temperatures on Psychiatric Functioning, Potential Causes, and Related Compounding Factors",2024,Article,en,A_nucleo,True,True,True,,high,False
814,"Hermeneutics, narratives, and terministic screens in a time of climate crisis: Exploring opportunities for new paradigms",2024,Book chapter,en,A_nucleo,True,True,True,,medium,False
815,"How Gender-Sensitive Are Environmental Institutions, Climate Adaptation, and Mitigation Actions? A Narrative from the Global South",2024,Review,en,A_nucleo,True,True,True,,medium,False
816,How to Decolonise Art and Science?: On the African Origins of European Civilisation,2024,Article,en,A_nucleo,True,True,True,,low,False
817,"INFORMING ACADEMIA THROUGH UNDERSTANDING OF THE TECHNOLOGY USE, INFORMATION GATHERING BEHAVIORS, AND SOCIAL CONCERNS OF GEN Z",2024,Article,en,A_nucleo,True,False,False,Falla elig_clima: el cambio climático aparece solo como una más de las preocupaciones sociales encuestadas; el objeto es el uso de tecnología e información de la Generación Z.,high,False
818,INTERSECTIONALITY AND DISASTERS,2024,Book chapter,en,A_nucleo,True,True,True,,medium,False
819,INTO ABOLITIONIST THEATRE: A Guidebook for Liberatory Theatre-making,2024,Book,en,A_nucleo,True,False,False,"Falla elig_clima: la justicia climática figura solo en una lista de prácticas afines al teatro abolicionista, sin formar parte del objeto.",high,False
820,INTRODUCTION TO SECTION THREE: Social Work Practice with Specific Populations,2024,Book chapter,en,A_nucleo,True,True,True,,medium,False
821,INTRODUCTION: Feminist anthropology in interesting times,2024,Editorial,en,A_nucleo,True,False,False,Falla elig_clima: los desastres ambientales y el Antropoceno aparecen en listas de fenómenos contemporáneos; el objeto es la antropología feminista como campo.,high,False
822,"Identifying groups at-risk to extreme heat: Intersections of age, race/ethnicity, and socioeconomic status",2024,Article,en,A_nucleo,True,True,True,,high,False
823,Imagining Intergenerational Climate Justice: Critical Notes on Jan Terlouw's Het hebzuchtgas,2024,Article,en,A_nucleo,True,True,True,,medium,False
824,"Impact of heatwaves, demographics, and environment on hospitalization rates in Paris",2024,Article,en,A_nucleo,False,True,False,"Falla elig_interseccional: 'intersectional' designa la interacción entre olas de calor, variables ambientales y factores demográficos, no intersecciones de categorías sociales.",high,False
825,Increased domestic violence during the COVID-19 pandemic: India's response,2024,Article,en,A_nucleo,True,False,False,"Falla elig_clima: trata la violencia doméstica durante la pandemia de COVID-19, una amenaza no climática, sin vínculo con el clima.",high,False
826,Indigenous Land-Based Knowledge and Sustainability: Settler Colonialism and the Environmental Crisis,2024,Book,en,A_ampliada,False,True,False,"Falla elig_interseccional: 'intersections' alude al cruce de temas (saberes indígenas, sostenibilidad, colonialismo de asentamiento, crisis ambiental), no de categorías sociales.",high,False
827,Indigenous Peoples’ Rights Discourse: Toward Hemispheric Indigenous Climate and Environmental Justice,2024,Article,en,A_ampliada,False,True,False,"Falla elig_interseccional: la 'intersection' une cosmovisiones indígenas y cuidado ambiental, un cruce temático sin categorías sociales ni sistemas de opresión en intersección.",high,False
828,"Indigenous Rights, Climate Change and Governance: Measuring Success and Data",2024,Book,en,A_ampliada,False,True,False,"Falla elig_interseccional: la 'intersection' entre derechos indígenas y tierras, territorios y recursos es un cruce temático, no social-teórico.",high,False
829,Indonesian Tourism Workers on Volcanoes and Geotourism’s Colonial Origins: Making a Subaltern History Visible,2024,Article,en,A_ampliada,True,False,False,Falla elig_clima: el objeto es la historia laboral colonial del turismo volcánico en Indonesia; los volcanes son una amenaza no climática.,high,False
830,Infrastructure and gender: navigating urban energy transitions,2024,Book chapter,en,A_nucleo,True,True,True,,high,False
831,Integrating Women's Rights and Climate Migrant Protection: Bridging Gaps in Vietnam,2024,Article,en,A_nucleo,True,True,True,,high,False
832,"Integrating the personal, relational, and political: empowering climate action through decolonial feminist action research; [Integrando lo personal, relacional y político: empoderando la acción climática a través de la investigación-acción decolonial feminista]",2024,Article,en,A_nucleo,True,True,True,,medium,False
833,"Intersection Between Age and Race-Ethnicity on Exposure to Heat Wave, Severe Weather, and Wildfire Events in a National U.S. Sample",2024,Article,en,A_ampliada,True,True,True,,high,False
834,Intersectional Victims as Agents of Change in International Human Rights-Based Climate Litigation,2024,Article,en,A_nucleo,True,True,True,,high,False
835,"Intersectional Water Justice in India: At the Confluence of Gender, Caste, and Climate Change",2024,Book chapter,en,A_nucleo,True,True,True,,medium,False
836,Intersectional climate action: the role of community-based organisations in urban climate justice,2024,Article,en,A_nucleo,True,True,True,,low,False
837,Intersectional perspectives on land relations of oil palm plantations: A decolonial feminist approach on Indonesia's bioeconomy,2024,Article,en,A_nucleo,True,True,True,,high,False
838,"Intersectionality in youth climate activism as educational practice: political, pragmatic, and pedagogical dimensions",2024,Article,en,A_nucleo,True,True,True,,high,False
839,Intersectionality shapes the access to various adaptive resources in climate-vulnerable contexts,2024,Article,en,A_nucleo,True,True,True,,medium,False
840,Introduction,2024,Book chapter,en,A_ampliada,False,True,False,"Falla elig_interseccional: las 'intersections' refieren al cruce de saberes indígenas con sostenibilidad, colonialismo y crisis ambiental, no a categorías sociales.",high,False
841,Introduction to Part III,2024,Editorial,en,A_nucleo,True,True,True,,medium,False
842,Introduction to the Research Handbook on Asylum and Refugee Policy,2024,Book chapter,en,A_nucleo,True,False,False,Falla elig_clima: el cambio climático aparece solo en una lista de causas de migración; el objeto es la política de asilo y refugio.,high,False
843,Introduction: A world supposed to be borderless,2024,Editorial,en,A_nucleo,True,False,False,Falla elig_clima: el cambio climático se menciona de pasada como problema que mueve a las personas; el objeto son las fronteras y los límites.,high,False
844,Introduction: Climate Mobilities and Climate Mobility Justice in the Anthropocene,2024,Book chapter,en,A_nucleo,True,True,True,,high,False
845,Introduction: Storying the ecocatastrophe: from doom-and-gloom scenarios to messages of hope,2024,Editorial,en,A_nucleo,True,True,True,,medium,False
846,Introductory commentary: Marine conflicts and pathways to sustainability in an era of Blue Growth and climate change,2024,Review,en,A_nucleo,True,True,True,,high,False
847,"Involving older people in the preparedness, response, and recovery phases in humanitarian emergencies: a theoretical framework on ageism, epistemic injustice, and participation",2024,Review,en,A_ampliada,True,False,False,"Falla elig_clima: trata emergencias humanitarias en general, sin especificar amenazas ni vincularlas con el clima o con fenómenos hidrometeorológicos.",medium,False
848,Just Participatory Research with Young People Involved in Climate Justice Activism,2024,Note,en,A_nucleo,True,True,True,,high,False
849,Learning collective care to support young climate justice advocates,2024,Article,en,A_nucleo,True,True,True,,medium,False
850,Leveraging Human–Natural World Intersections for Climate Change Adaptation,2024,Book chapter,en,A_ampliada,False,True,False,"Falla elig_interseccional: 'intersections' designa la relación entre sociedad humana y mundo natural, no intersecciones de categorías sociales.",high,False
851,Locally led adaptation metrics for Africa: a framework for building resilience in smallholder farming sectors,2024,Review,en,A_nucleo,True,True,True,,medium,False
852,Long-range transport and source apportionment of marine fine particles in the Taiwan Strait and South China Sea Intersection: Spatiotemporal variations and chemical fingerprints,2024,Article,en,A_nucleo,False,False,False,"Fallan ambos criterios: la 'intersection' es geográfica (estrecho de Taiwán y mar de China Meridional) y el objeto es la contaminación por PM2.5, no el clima.",high,False
853,Look to Norway?: Queer(y)ing the Potential for Coalitional Solidarity in Building Climate-Just Futures,2024,Book chapter,en,A_nucleo,True,True,True,,high,False
854,Looking at gender is not enough—How diversity of farmers’ marginalization relates to varietal trait preferences,2024,Article,en,A_nucleo,True,False,False,Falla elig_clima: el clima aparece solo en una frase de contexto sobre adaptación; el objeto son las preferencias de rasgos varietales y su adopción.,medium,False
855,MODERN DISASTER FRAGMENTATION,2024,Article,en,A_nucleo,False,True,False,"Falla elig_interseccional: el 'intersectional analysis' combina derecho, historia, equidad y diseño institucional, un sentido interdisciplinar y no social-teórico.",high,False
856,MOTHERING IN THE DECOLONIAL MOMENT,2024,Book chapter,en,A_nucleo,True,False,False,"Falla elig_clima: 'political climate' alude al clima político sudafricano; el trabajo trata la maternidad negra, no el clima físico.",high,False
857,"Marginalisation of Adat Communities: Intersectionality of Land Grabbing, Human Rights, Climate Adaptation, and Human Mobility in Indonesia",2024,Book chapter,en,A_nucleo,False,True,False,"Falla elig_interseccional: 'intersectionality' designa el cruce de temas (acaparamiento de tierras, derechos humanos, adaptación, movilidad), no de categorías sociales.",medium,False
858,Mastering the Craft of Diverse and Inclusive Screenwriting: Find Your Screenwriting Superpower,2024,Book,en,A_nucleo,True,False,False,Falla elig_clima: el cambio climático figura solo en una lista de temas para guiones; el objeto es la enseñanza de la escritura de guion.,high,False
859,Mental Health and Psychosocial Support (MHPSS) In the Context of the Climate and Ecological Crisis,2024,Book chapter,en,A_nucleo,True,True,True,,high,False
860,"Meritocracy and inequality in the climate debate in Edinburgh, Scotland",2024,Article,en,A_nucleo,True,True,True,,medium,False
861,"Multispecies lawscapes in the anthropocene: priorities for a critical, constitutional turn in climate change and biodiversity law",2024,Book chapter,en,A_nucleo,True,True,True,,high,False
862,NORDIC PERSPECTIVES ON HUMAN RIGHTS EDUCATION: Research and Practice for Social Justice,2024,Book,en,A_nucleo,True,False,False,Falla elig_clima: los movimientos de justicia climática solo contextualizan la época; el objeto es la educación en derechos humanos.,high,False
863,Narratives of hope: Teachers' and students' roles in climate justice activism,2024,Book chapter,en,A_nucleo,True,True,True,,high,False
864,Natural disasters and perinatal mental health: what are the impacts on perinatal women and the service system?,2024,Article,en,A_nucleo,True,True,True,,medium,False
865,Navigating resettlement in the Peruvian Amazon: Gender inequalities in Nueva Ciudad de Belén; [Naviguer dans la réinstallation en Amazonie péruvienne: inégalités de genre à Nueva Ciudad de Belén]; [Navegando pelo reassentamento na Amazônia peruana: Desigualdades de gênero na Nueva Ciudad de Belén]; [Navegando el reasentamiento en la Amazonía peruana: Desigualdades de género en la Nueva Ciudad de Belén],2024,Article,es,A_nucleo,True,True,True,,medium,False
866,"No Country for Aunties: Gender, Age, South-Asian Diaspora, and Stereotypes in Brown Feminist Instagram Art",2024,Book chapter,en,A_nucleo,True,False,False,"Falla elig_clima: el capítulo analiza arte feminista en Instagram sobre la figura de la 'aunty' surasiática, sin relación con el clima.",high,False
867,"Older women workers, the pandemic, employment discrimination and lifetime disadvantage",2024,Book chapter,en,A_nucleo,True,False,False,"Falla elig_clima: trata el impacto de la pandemia de COVID-19 en trabajadoras mayores, una amenaza no climática.",high,False
868,Organised dispossession and development as disaster: analysing caste and gender in disaster policymaking,2024,Article,en,A_nucleo,True,True,True,,medium,False
869,Overview and Introduction,2024,Book chapter,en,A_nucleo,True,True,True,,high,False
870,"Pandemic fissures: COVID-19, Dehumanisation, and the obsolescence of freedom in India",2024,Book,en,A_nucleo,False,False,False,"Fallan ambos criterios: el 'intersectional framework' se refiere a los papeles de gobiernos y organizaciones comunitarias (sentido intersectorial) y el objeto es la COVID-19, amenaza no climática.",high,False
871,"Pandemic, Reverse-Migration and Gender: A Review of Socio-Cultural and Economic Consequences for Women in India",2024,Book chapter,en,A_nucleo,True,False,False,Falla elig_clima: el objeto es la migración inversa de mujeres por la COVID-19; los desastres ambientales solo aparecen como causa genérica de migración.,high,False
872,"Persisting inequalities: An intersectional view of climate change, gender and violence",2024,Book chapter,en,A_nucleo,False,True,False,"Falla elig_interseccional: la 'intersectional view' designa el cruce de temas (cambio climático, género y violencia) y los grupos vulnerables se enumeran por separado.",medium,False
873,Perspectives of racialized immigrant communities on adaptability to climate disasters following the UN Roadmap for Sustainable Development Goals (SDGs) 2030,2024,Article,en,A_nucleo,True,True,True,,high,False
874,Poverty (Number 1 Goal of the SDG) of Disabled People through Disability Studies and Ability Studies Lenses: A Scoping Review,2024,Review,en,A_nucleo,True,False,False,Falla elig_clima: el cambio climático es solo una categoría de conteo en la revisión (dos resúmenes); el objeto es la pobreza de personas con discapacidad.,high,False
875,Preliminary Development of the Climate and Racial Justice Scale,2024,Article,en,A_ampliada,False,True,False,"Falla elig_interseccional: las 'intersections between climate and racial justice' son un cruce de campos, con la raza como único eje social.",high,False
876,Principles for the consideration of intersectionality in place-based disaster risk governance in islands,2024,Article,en,A_nucleo,True,True,True,,medium,False
877,Promoting community health and climate justice co-benefits: insights from a rural and remote island climate planning process,2024,Article,en,A_nucleo,True,True,True,,high,False
878,Public City as Network of Networks: A Toolkit for Healthy Neighbourhoods,2024,Article,en,A_nucleo,False,True,False,"Falla elig_interseccional: 'in its intersectional sense' alude a integrar componentes físicos y socioeconómicos (sentido intersectorial), pese a la palabra clave 'intersectional climate justice'.",medium,False
879,"Public Initiatives to Combat Health Disinformation in Argentina and Spain: A Gender, Social, and Environmental Analysis",2024,Article,en,A_nucleo,True,False,False,Falla elig_clima: el objeto es la desinformación sanitaria en torno a la COVID-19; el clima aparece en un solo documento analizado y en palabras clave.,high,False
880,Pushing the borders of social policy analysis,2024,Article,en,A_nucleo,True,False,False,"Falla elig_clima: el cambio climático es solo una de cuatro crisis que contextualizan un debate sobre política social, bienestar y migración.",medium,False
881,QUEER POLITICAL CULTURE IN THE FACE OF THE CLIMATE CRISIS,2024,Book chapter,en,A_nucleo,True,True,True,,medium,False
882,REFLECTIONS ON SECTION IV,2024,Book chapter,en,A_nucleo,True,False,False,Falla elig_clima: la justicia climática aparece en una lista de luchas afines al teatro abolicionista; el objeto es la práctica teatral.,high,False
883,Realizing Climate Justice through Agroecology and Women’s Collective Land Rights,2024,Book chapter,en,A_nucleo,True,True,True,,medium,False
884,Reasons for challenges with food security in India,2024,Book chapter,en,A_nucleo,False,True,False,"Falla el criterio interseccional: 'intersectional coordination' significa coordinación intersectorial entre actores (ONG, instituciones privadas, organizaciones comunitarias), no interseccionalidad social.",high,False
885,Reclaiming inclusion in an age of indignation,2024,Article,en,A_nucleo,True,False,False,Falla el criterio climático: trata la inclusión escolar y la política identitaria; las 'storms of outrage' son metafóricas y no hay vínculo con el clima.,high,False
886,Redefining Our Climate Future: New Approaches to Writing Climate Fiction,2024,Article,en,A_nucleo,True,True,True,,low,False
887,Rely on Available Resources: Designing Sustainability Education Technologies for Low Resources Scenarios,2024,Book chapter,en,A_nucleo,True,True,True,,high,False
888,Rematriation and climate justice: Intersections of indigenous health and place,2024,Article,en,A_ampliada,False,True,False,"Falla el criterio interseccional: 'intersections' designa el cruce de temas (salud indígena, lugar, soberanía, rematriación), no de categorías sociales ni de sistemas de opresión.",medium,False
889,"Representing Sex Workers: The Experiences of Shae, Ros and Daisy in Game of Thrones (2011–2019)",2024,Book chapter,en,A_nucleo,True,False,False,Falla el criterio climático: 'political climate' es clima en sentido político; el capítulo analiza la representación de trabajadoras sexuales en Game of Thrones.,high,False
890,Research handbook on Inequalities and work,2024,Book,en,A_nucleo,True,False,False,Falla el criterio climático: la crisis climática aparece solo en una lista de cambios globales de contexto; el objeto son las desigualdades en el trabajo.,high,False
891,"Research to Confront Climate Change Complexity: Intersectionality, Integration, and Innovative Governance",2024,Note,en,A_nucleo,True,True,True,,high,False
892,Resistant Breathing: Ruined and Decolonial Ecologies in a Middle Eastern Heritage Site,2024,Article,en,A_nucleo,True,False,False,Falla el criterio climático: el cambio climático aparece en una sola frase de contexto; el objeto es la ruina ecológica por ocupación colonial y genocidio en Diyarbakır.,medium,False
893,Rethinking Vulnerability in the Nordic countries: Lessons from the COVID-19 Pandemic,2024,Article,en,A_nucleo,True,False,False,"Falla el criterio climático: analiza la vulnerabilidad ante la pandemia de COVID-19 en los países nórdicos, amenaza no climática; las amenazas naturales solo se mencionan por contraste.",high,False
894,Reversing the Gaze: Developing Indigenous and Western Media Frames to Compare Coverage of Climate Change and Indigenous Peoples in the News Media*,2024,Article,en,A_nucleo,True,True,True,,high,False
895,Roots or Branches: The Climate Crisis and Other Injustices,2024,Article,en,A_nucleo,True,True,True,,low,False
896,Routledge handbook of climate change and society,2024,Book,en,A_nucleo,False,True,False,"Falla el criterio interseccional: 'intersectionality of climate change with various social, economic, and political factors' designa el cruce entre clima y sociedad, no entre categorías sociales.",medium,False
897,Rural women and disaster: an ethnographic account of their experiences of cyclone ‘Fani’,2024,Article,en,A_nucleo,True,True,True,,medium,False
898,"SOCIAL WORK, DISASTERS, AND RURAL PRACTICE",2024,Book chapter,en,A_nucleo,True,True,True,,medium,False
899,Saved by the snowy owl: An intersectional analysis of indigenous rights and biodiversity in the Kvalsund wind power project in Norway,2024,Article,en,A_nucleo,True,True,True,,low,False
900,School Climate From the Perspective of Black Girls With and Without Disabilities: Preliminary Findings From an Intersectional Examination of the Impact of Relationships,2024,Article,en,A_nucleo,True,False,False,Falla el criterio climático: 'school climate' es clima escolar; estudia percepciones de niñas negras con y sin discapacidad en escuelas de Georgia.,high,False
901,Senses of justice after managed retreat in New York city,2024,Article,en,A_nucleo,True,True,True,,medium,False
902,Social inequality - An omnipresent hurdle of East African countries,2024,Book chapter,en,A_ampliada,True,False,False,Falla el criterio climático: el cambio climático es solo uno de varios factores externos que agravan la desigualdad; el objeto es la desigualdad social general en África oriental.,medium,False
903,"Still sacrificial lambs? Yes! Minority groups in Canadian federal elections, 2015–2021",2024,Article,en,A_nucleo,True,False,False,"Falla el criterio climático: estudia la nominación de candidaturas de grupos minoritarios en elecciones federales canadienses, sin vínculo con el clima.",high,False
904,Summary: Creating systems innovation platforms for transformative pathways in circular economy,2024,Book chapter,en,A_nucleo,True,False,False,Falla el criterio climático: la adaptación climática es solo uno de los temas enumerados de los capítulos; el objeto es la economía circular.,medium,False
905,Sustainable Design is Not Sustainable,2024,Book chapter,en,A_nucleo,True,True,True,,high,False
906,TEACHING AND SUPPORTING STUDENTS WITH DISABILITIES DURING TIMES OF CRISIS: Culturally Responsive Best Practices from Around the World,2024,Book,en,A_ampliada,False,False,False,"Fallan ambos criterios: 'intersection of education and disability human rights' es un cruce de campos y la crisis tratada es la pandemia de COVID-19, no climática.",high,False
907,THE ROLE OF SOCIAL MEDIA IN SHAPING CLIMATE CHANGE (CC) AWARENESS AMONG ARAB UNIVERSITY STUDENTS,2024,Article,en,A_nucleo,True,True,True,,medium,False
908,THE ROLE OF SOCIAL WORK IN RESPONDING TO THE IMPACTS OF CLIMATE CHANGE,2024,Book chapter,en,A_nucleo,True,True,True,,medium,False
909,THE ROUTLEDGE HANDBOOK OF FEMINIST ANTHROPOLOGY,2024,Book,en,A_nucleo,True,False,False,Falla el criterio climático: los desastres ambientales extremos aparecen solo en una lista de rasgos del momento histórico; el objeto es la antropología feminista.,high,False
910,Takumbeng embodied arts of resistance in Cameroon,2024,Book chapter,en,B_afin,True,False,False,"Falla el criterio climático: analiza la protesta de las mujeres Takumbeng en Camerún contra sistemas de opresión entrelazados, sin vínculo con el clima.",high,False
911,"Teaching Climate Change for Grades 6–12: Activating Science Teachers to Take on the Climate Crisis Through NGSS, Second Edition",2024,Book,en,A_nucleo,True,True,True,,high,False
912,"The Body, the Earth. The Participation of Disabled People in the Environmental Discourse",2024,Article,en,A_ampliada,False,True,False,"Falla el criterio interseccional: 'the intersection of disability and environmental damage' cruza un eje (discapacidad) con un tema, no categorías sociales entre sí.",medium,False
913,The Energy Transition and Gender Considerations of the Workforce Transformation: A Critical Review of the Dutch Case,2024,Book chapter,en,A_ampliada,False,True,False,"Falla el criterio interseccional: 'at the intersection of gender, energy transition, and the climate change combat' es un cruce de temas con un solo eje (género).",high,False
914,The Ethics of Care in Disaster Contexts from a Gender and Intersectional Perspective,2024,Article,en,A_nucleo,True,True,True,,medium,False
915,"The Intersectionality of Environmental Injustice, Other Societal Harms, and Farmed Animal Welfare",2024,Article,en,A_nucleo,True,True,True,,low,False
916,The Other Greta Effect (OGE): Recognizing Youth Climate Activists Beyond Thunberg,2024,Article,en,A_nucleo,True,True,True,,low,False
917,The Politics of Gender Equality: Australian Lessons in an Uncertain World,2024,Book chapter,en,A_nucleo,True,False,False,Falla el criterio climático: el cambio climático es uno más en una lista de temas que afectan a las mujeres; el objeto es la política de igualdad de género en Australia.,high,False
918,"The Sociology of Hope: Classical Sources, Structural Components, Future Agenda",2024,Article,en,A_nucleo,True,False,False,Falla el criterio climático: la crisis climática aparece solo en una lista de problemas de contexto; el objeto es la sociología de la esperanza.,high,False
919,"The Weight of Emotions: Exploring How Young Activists Feel About Their Identity, Agency and Political Participation",2024,Article,en,A_nucleo,True,True,True,,medium,False
920,"The biased narrative of vulnerable women: gender analysis of smallholder farmers’ contextual vulnerability to climate change in the Taita Hills, Kenya",2024,Article,en,A_nucleo,True,True,True,,medium,False
921,The elgar companion to migration and the sustainable development goals,2024,Book,en,A_nucleo,True,True,True,,high,False
922,"The impact of the COVID-19 pandemic on migrant women in Milan, Italy: A qualitative study involving key informants working in third sector organizations and public hospitals",2024,Article,en,A_nucleo,True,False,False,"Falla el criterio climático: el desastre estudiado es la pandemia de COVID-19, amenaza explícitamente no climática.",high,False
923,The influence of climate resilience governmentality on vulnerability in regional Australia,2024,Article,en,A_nucleo,True,True,True,,medium,False
924,The intersectional impact of climate change and gender inequalities in Africa,2024,Note,en,A_nucleo,False,True,False,Falla el criterio interseccional: 'intersectional impact of climate change and gender inequalities' cruza clima y género como temas; solo hay un eje social.,medium,False
925,The intersectionality of climate change and post-stroke aphasia,2024,Article,en,A_nucleo,True,True,True,,medium,False
926,"The limits of migration as adaptation. A conceptual approach towards the role of immobility, disconnectedness and simultaneous exposure in translocal livelihoods systems",2024,Note,en,A_nucleo,True,True,True,,high,False
927,The links between climate change and migration: a review of South Asian experiences,2024,Review,en,A_nucleo,True,True,True,,high,False
928,The mediated circulation of the United Kingdom’s YouthStrike4Climate movement’s discourses and actions,2024,Article,en,A_nucleo,True,True,True,,medium,False
929,The nested hierarchy of urban vulnerability within land use policies fails to address climate injustices in Turkey,2024,Article,en,A_nucleo,True,True,True,,high,False
930,The routledge handbook of non-ideal theory,2024,Book,en,A_ampliada,False,False,False,Fallan ambos criterios: las 'intersections' refieren al cruce con campos teóricos y la justicia climática es solo una aplicación en una lista.,medium,False
931,There is no word for ‘nature’ in our language: rethinking nature-based solutions from the perspective of Indigenous Peoples located in Canada,2024,Article,en,A_ampliada,False,True,False,Falla el criterio interseccional: 'the intersection of NbS and Indigenous Peoples' es un cruce de temas y no articula intersecciones entre categorías sociales.,medium,False
932,"Three-Legged Stool: A Peace Education Framework for Weaving Together Spirituality, Science, and Technology",2024,Article,en,A_nucleo,True,True,True,,high,False
933,To live with floods or not: Intersectionality of drivers of urban households' adaptation and relocation intentions,2024,Article,en,A_nucleo,True,True,True,,low,False
934,Toward Equitable Interventions in Public Mental Health: A Review,2024,Review,en,A_nucleo,True,False,False,Falla el criterio climático: el cambio climático aparece solo como uno de los desafíos globales de contexto; el objeto son las intervenciones en salud mental pública.,high,False
935,Trails of Erasure: imagining the reality of co-migrations in contemporary climate fiction,2024,Article,en,A_nucleo,True,True,True,,low,False
936,Transformer-Based Deep Learning Approach for Wildfire Burn Severity Estimation Using Drone Imagery in South Korea,2024,Article,en,A_ampliada,False,True,False,"Falla el criterio interseccional: 'intersection over union' es una métrica de segmentación de imágenes, sin sentido social.",high,False
937,Translocal social resilience dimensions of migration as adaptation to environmental change,2024,Article,en,A_nucleo,True,True,True,,medium,False
938,Twenty-first-century demographic and social inequalities of heat-related deaths in Brazilian urban areas,2024,Article,en,A_nucleo,True,True,True,,high,False
939,Uncovering effects of climate-sensitive health risks on historically marginalized youth in Washington State: creating opportunities for maximum involvement,2024,Article,en,A_nucleo,True,True,True,,low,False
940,"Understanding Indo-Fijian girls’ experiences in sport, physical activity and physical education: an intersectional study",2024,Article,en,A_nucleo,True,False,False,Falla el criterio climático: 'unstable political climate' es clima en sentido político; estudia a niñas indofiyianas en el deporte.,high,False
941,Understanding the Impacts of COVID-19 and Other Disaster Experiences on Motivations to Prepare for Future Disasters,2024,Article,en,A_nucleo,True,True,True,,medium,False
942,"Understanding the interplay of occupational, public health, and climate-related risks for informal workers: A new framework with findings from Zimbabwe and India",2024,Article,en,A_nucleo,True,True,True,,medium,False
943,Understanding thermal justice and systemic cooling poverty from the margins: intersectional perspectives from Rio de Janeiro,2024,Article,en,A_nucleo,True,True,True,,medium,False
944,Uneven geographies of COVID-19: Reviewing geographical research agendas and concepts from a syndemics perspective,2024,Article,en,A_nucleo,True,False,False,Falla elig_clima: el objeto es la geografía desigual de la COVID-19 desde la perspectiva sindémica; la crisis climática solo aparece en una lista de crisis concurrentes.,high,False
945,Unfamiliar families and disturbing climate futures,2024,Article,en,A_nucleo,True,True,True,,medium,False
946,Unpacking the invisible complex realities: intersections of gender and marital status in determining the intrinsic vulnerability of smallholder farmers to climate change in Northwestern Ethiopia,2024,Article,en,A_nucleo,True,True,True,,high,False
947,Urban Land Surface Temperature Downscaling in Chicago: Addressing Ethnic Inequality and Gentrification,2024,Article,en,A_ampliada,False,True,False,"Falla elig_interseccional: la 'intersection' cruza temas (desarrollo urbano, desigualdad étnica, inequidades ambientales) y solo se analiza un eje social, la etnicidad.",high,False
948,VEGANISM AND DISABILITY IN CATASTROPHIC TIMES,2024,Book chapter,en,A_ampliada,True,True,True,,medium,False
949,Virginia Woolf and the Anthropocene,2024,Book,en,A_ampliada,False,True,False,"Falla elig_interseccional: las 'intersections' cruzan el medio ambiente con temas (género, sexualidad, guerra, imperialismo, raza, ciencia), no categorías sociales entre sí.",high,False
950,Voices for Change: Qualitative Content Analysis of Environmental Activists with Autism in the News,2024,Article,en,A_nucleo,True,True,True,,medium,False
951,"War, Economic Strife, Climate Change: Understanding Intersectional Threats to Inclusion and Security",2024,Editorial,en,A_nucleo,True,True,True,,high,False
952,"Water, Sanitation, and Hygiene: Gender and Climate Resiliency",2024,Book chapter,en,A_ampliada,False,True,False,"Falla el criterio interseccional: 'intersections of gender and climate resiliency' designa un cruce de temas (género, resiliencia climática, agua y saneamiento), no de categorías sociales.",high,False
953,What role do social-ecological factors play in ecological grief?: Insights from a global scoping review,2024,Review,en,A_nucleo,True,True,True,,medium,False
954,"Where we live, learn and play: Environmental racism and early childhood development in review",2024,Article,en,A_ampliada,False,True,False,"Falla el criterio interseccional: 'the intersection of environmental racism and early childhood' designa el cruce de dos campos de literatura, sin marco interseccional ni afín en sentido social.",medium,False
955,Who plans for women? Representation of power in planning for climate change adaptation in Bangladesh,2024,Article,en,A_ampliada,True,True,True,,medium,False
956,Womanist Therapies in Alice Walker’s The Color Purple : Black Art as Spiritual Revival,2024,Article,en,B_afin,True,False,False,Falla el criterio clima: 'climate disaster' aparece solo en una lista de experiencias de opresión; el objeto son las terapias artísticas womanistas en The Color Purple.,high,False
957,Women's Experiences and Agency in the Gender and Climate Mobility Nexus,2024,Book chapter,en,A_nucleo,True,True,True,,medium,False
958,Women’s Participation in Community-Based Adaptation to Climate Change (CBACC): An Intersectional Analysis,2024,Article,en,A_nucleo,True,True,True,,medium,False
959,Women’s voices in the Samarco disaster: Processes of embodiment and empowerment in the face of neo-extractivism in Brazil; [As vozes das mulheres no desastre da Samarco: Processos de acorpamento e apoderamento frente ao neoextrativismo no Brasil]; [Las voces de las mujeres en el desastre de la Samarco: procesos de acuerpamiento y apoderamiento frente al neoextractivismo en Brasil],2024,Article,es,A_nucleo,True,False,False,"Falla el criterio clima: el desastre de Samarco es el colapso de una represa minera (desastre tecnológico ligado al neoextractivismo), sin vínculo explícito con el clima.",high,False
960,Writing romantic climate change: Gendered poetics and critical legacies in the anthropocene,2024,Book,en,A_nucleo,True,True,True,,high,False
961,"‘Just leader? No, lideresa!’ Experiences of female leaders working in climate change disaster risk reduction and environmental sustainability in the global south",2024,Article,en,A_nucleo,True,True,True,,medium,False
962,"‘The Last Time It Snows on Earth’: Environmental Violence, Gothic Pregnancy, and Multivalent Loss in Louise Erdrich’s Future Home of the Living God",2024,Article,en,A_nucleo,True,True,True,,medium,False
963,‘Up and Up!’ Gender-Responsive Climate Action in Bangladesh and the Way Forward,2024,Book chapter,en,A_nucleo,True,True,True,,high,False
964,"‘We live with the floods’–Intersectional Risk Theory in the analysis of household’s flood risk in Monterrey, Mexico",2024,Article,en,A_nucleo,True,True,True,,low,False
965,‘Who is going to talk about my grandad? Who is going to talk about me?’: Spatial politics in the advocacy of youth from the MENA region at COP 27,2024,Article,en,A_nucleo,True,True,True,,medium,False
966,“Happily tired”: A descriptive qualitative study of the impact of the COVID-19 pandemic on women academics in Qatar,2024,Article,en,A_nucleo,True,False,False,Falla el criterio clima: el objeto es el impacto de la pandemia de COVID-19 en académicas de Catar; la alusión a emergencias y desastres es incidental.,high,False
967,“What do I stand for?” - A phenomenological account of an identity crisis in the climate classroom,2024,Article,en,A_nucleo,True,True,True,,medium,False
968,A New Phase of Just Urban Climate Action in the Rocky Mountain West,2023,Article,en,A_nucleo,False,True,False,"Falla el criterio interseccional: 'intersectional planning' designa la colaboración entre departamentos y la interconexión de mitigación, vivienda y justicia social (sentido intersectorial).",medium,False
969,A Nuanced Analysis on Livelihood Resilience of Vietnamese Upland Households: An Intersectional Lens of Ethnicity and Gender,2023,Article,en,A_nucleo,True,True,True,,medium,False
970,A feminist geopolitics of bullying discourses? White innocence and figure-effects of bullying in climate politics,2023,Article,en,A_nucleo,True,True,True,,medium,False
971,A response framework for addressing the risks of climate change for homeless populations,2023,Article,en,A_nucleo,True,True,True,,high,False
972,A time to change direction,2023,Book chapter,en,A_nucleo,True,True,True,,high,False
973,Adaptation at whose expense? Explicating the maladaptive potential of water storage and climate-resilient growth for Māori women in northern Aotearoa,2023,Article,en,A_nucleo,True,True,True,,high,False
974,Adapting to climate change among transitioning Maasai pastoralists in southern Kenya: an intersectional analysis of differentiated abilities to benefit from diversification processes.,2023,Article,en,A_nucleo,True,True,True,,low,False
975,"Addressing Food Security, Nutrition, and Health of Local Communities for Climate Change Resilience",2023,Book chapter,en,A_nucleo,False,True,False,"Falla el criterio interseccional: 'the intersectionality of climate change resilience, food security, food sovereignty, nutrition, and health' designa un cruce de campos temáticos.",high,False
976,Air Pollution and Mortality at the Intersection of Race and Social Class,2023,Article,en,A_ampliada,True,False,False,"Falla el criterio clima: estudia la mortalidad por exposición a PM2.5, contaminación atmosférica que no es amenaza climática; 'Climate Change' solo figura como etiqueta temática.",medium,False
977,Analysis of the United Arab Emirates' contribution to the sustainable development goals with a focus on global health and climate change,2023,Review,en,A_nucleo,True,True,True,,high,False
978,Association between non-optimal temperature and cardiovascular hospitalization and its temporal variation at the intersection of disability,2023,Article,en,A_ampliada,False,True,False,"Falla el criterio interseccional: 'how disability intersects with temperature-related health effects' cruza una categoría social con un efecto de exposición, no dos categorías sociales.",high,False
979,Australia's Black Summer wildfires recovery: A difference-in-differences analysis using nightlights,2023,Article,en,A_nucleo,True,True,True,,low,False
980,Avoiding a Grim Future: The Climate Crisis and Its Effects on Human Aggression and Violence,2023,Review,en,A_nucleo,True,True,True,,high,False
981,"Between prostitution, drug trafficking and corruption: Gender violence in Hurricane Season by Fernanda Melchor; [Entre prostitución, narcotráfico y corrupción: violencia de género en Temporada de huracanes de Fernanda Melchor]",2023,Article,es,B_afin,True,False,False,"Falla el criterio clima: el huracán solo da título a la novela analizada; el análisis trata la violencia de género, el narcotráfico y la corrupción en La Matosa.",high,False
982,"Building a Critical, Place-Based Approach to Climate Displacement: A Future Agenda for Research, Planning, and Practice",2023,Book chapter,en,A_nucleo,True,True,True,,high,False
983,CLASS CAPITALISM IN A POST-LIBERATION STATE: DEMOCRATIC SOUTH AFRICA’S BLACK DIAMONDS,2023,Article,en,A_nucleo,True,False,False,Falla el criterio clima: 'the political climate of class capitalism' usa clima en sentido político; el objeto son las políticas BBBEE y el elitismo en Sudáfrica.,high,False
984,"CLIMATE JUSTICE IN THE MAJORITY WORLD: Vulnerability, Resistance, and Diverse Knowledges",2023,Book,en,A_nucleo,True,True,True,,high,False
985,CONCLUSION: Towards Justice in Climate Justice Research - Feedback from Chapter Contributors,2023,Editorial,en,A_nucleo,True,True,True,,medium,False
986,"CONTEXTUALIZING MULTIRACIALITY IN CAMPUS CLIMATE: Key Considerations for Transformative Diversity, Equity, and Inclusion",2023,Book chapter,en,A_nucleo,True,False,False,"Falla el criterio clima: 'campus climate' designa el ambiente racial e institucional universitario, no el clima físico ni el cambio climático.",high,False
987,Care and Constraints in the Climate Crisis: An Intersectional Rhetorical Analysis of News Comments about the El Dorado Fire,2023,Article,en,A_nucleo,True,True,True,,medium,False
988,Centering gender in the era of digital and green transition: Intersectional perspectives,2023,Book,en,A_nucleo,True,True,True,,medium,False
989,Challenges Faced by Marginalized Communities in a Post-Disaster Context: A Systematic Review of the Literature,2023,Review,en,A_nucleo,True,True,True,,medium,False
990,Climate Justice Is Environmental Justice: System Change for Promoting Planetary Health and a Just Transition From Extractive to Regenerative Action,2023,Note,en,B_afin,True,True,True,,high,False
991,Climate Justice and Intersectionality in the Arctic,2023,Article,en,A_nucleo,True,True,True,,medium,False
992,Climate change and anger: misogyny and the dominant growth paradigm in tourism,2023,Article,en,A_nucleo,False,True,False,"Falla el criterio interseccional: 'the intersectionality of anger, climate change and tourism' designa un cruce de temas, no de categorías sociales ni sistemas de opresión.",medium,False
993,Climate change-triggered vulnerability assessment of the flood-prone communities in Bangladesh: A gender perspective,2023,Article,en,A_nucleo,True,True,True,,medium,False
994,"Climate diplomacy, just transitions, and gender mainstreaming: India’s experiences",2023,Book chapter,en,A_nucleo,True,True,True,,medium,False
995,Climate resilience and resistance in Myanmar: transcripts from voiceless women,2023,Article,en,A_nucleo,True,True,True,,medium,False
996,Climate-smart agricultural practices and technologies in India and South Africa: Implications for climate change adaption and sustainable livelihoods,2023,Book chapter,en,A_nucleo,True,True,True,,high,False
997,Co-envisioning the social-ecological transition through youth eco-activists’ narratives: toward a relational approach to ecological justice,2023,Article,en,A_nucleo,True,True,True,,medium,False
998,Collective Efficacy and Perceived COVID-19 Severity Predict Preparedness and Response Behaviors: A Longitudinal Study of Intersectionally Vulnerable University Students,2023,Article,en,A_nucleo,True,False,False,"Falla el criterio clima: el desastre estudiado es la pandemia de COVID-19, amenaza no climática, sin vínculo con el clima.",high,False
999,Commentary: Making the change possible,2023,Book chapter,en,A_nucleo,True,True,True,,medium,False
1000,Community Forums as Amplifiers of Communities’ Voices: Isolated Communities in Puerto Rico,2023,Article,en,A_nucleo,True,True,True,,high,False
1001,Community Participation Strategies in Nepal’s Disaster Management,2023,Book chapter,en,A_nucleo,True,True,True,,medium,False
1002,Complex climate change risk and emerging directions for vulnerability research in Africa,2023,Short survey,en,A_nucleo,True,True,True,,medium,False
1003,"Connecting the Dots: Assessing the Role of ‘Women, Peace and Security’ Agenda in Conflict Resolution and Peacebuilding in Climate Fragile Zones of the Rohingya Camps in Bangladesh",2023,Book chapter,en,A_nucleo,True,True,True,,low,False
1004,Contesting Anthropocentric Masculinities Through Veganism: Lived Experiences of Vegan Men,2023,Book,en,A_nucleo,True,True,True,,medium,False
1005,Countering colonial nostalgia and heroic masculinity in the age of accelerated climate change: The Arctic artworks of Katja Aglert and Isaac Julien,2023,Article,en,A_nucleo,True,True,True,,medium,False
1006,Covid-19 Pandemic and Women’s Reproductive and Sexual Health,2023,Book chapter,en,A_ampliada,True,False,False,Falla el criterio clima: trata la pandemia de COVID-19 y la salud reproductiva de las mujeres; la pandemia es una amenaza no climática.,high,False
1007,Creating an Ecosocial Welfare Future,2023,Book,en,A_nucleo,True,False,False,Falla el criterio clima: el cambio climático solo aparece en una lista de contextos; el objeto es la transformación del Estado de bienestar irlandés hacia la sostenibilidad ecológica.,low,False
1008,Critical Heat Studies: Deconstructing Heat Studies for Climate Justice,2023,Article,en,A_nucleo,True,True,True,,medium,False
1009,Critical engagements with “Climate Change as Class War”—staying in the ring,2023,Article,en,A_nucleo,True,True,True,,low,False
1010,Dancing Climate Activism in Africa: An interview with Mozambican dancer and choreographer Rosa Mário,2023,Article,en,A_nucleo,True,True,True,,low,False
1011,Decoloniality: Between a travelling concept and a relational onto-epistemic political stance,2023,Book chapter,en,A_ampliada,True,False,False,"Falla el criterio clima: el cambio climático aparece solo en una lista de desafíos futuros para el pensamiento decolonial, cuyo objeto son las trayectorias coloniales nórdicas.",high,False
1012,Digital Ethnography? Our Experiences in the Use of SenseMaker for Understanding Gendered Climate Vulnerabilities amongst Marginalized Agrarian Communities,2023,Article,en,A_nucleo,True,True,True,,low,False
1013,Discover the dynamics: An intersectional analysis of overt and hidden vulnerabilities to flood risk in urban Denmark,2023,Article,en,A_nucleo,True,True,True,,low,False
1014,EMBODYING THE TRICKSTER: SEMITIC ETHICS AT THE EDGE OF THE ABYSS,2023,Article,en,A_nucleo,True,True,True,,high,False
1015,ENVIRONMENTAL AND CLIMATE SUSTAINABILITY: The New Frontier of Social Justice,2023,Book chapter,en,A_nucleo,False,True,False,Falla el criterio interseccional: 'a more intersectional intervention logic' se opone a los programas sectoriales y convoca a varias disciplinas (sentido intersectorial e interdisciplinar).,medium,False
1016,EXTREME CLIMATIC EVENTS AND CLIMATE CHANGE POLICIES: A Call for Climate Justice Action in Mozambique,2023,Book chapter,en,A_nucleo,True,True,True,,medium,False
1017,Ecofeminist Participatory Action Research for Planetary Health,2023,Book chapter,en,A_nucleo,True,False,False,Falla el criterio clima: el cambio climático solo aparece en una lista de crisis actuales; el objeto es una metodología ecofeminista de investigación-acción para la salud planetaria.,low,False
1018,Ecosystem services as systemic enablers for transformation in the Hindu Kush Himalaya: an analytical synthesis,2023,Review,en,A_nucleo,True,False,False,Falla el criterio clima: 'Climate change' solo figura como keyword; el objeto son los servicios ecosistémicos y el desarrollo sostenible en el Hindu Kush Himalaya.,low,False
1019,Energy transition minerals and their intersection with land-connected peoples,2023,Article,en,A_nucleo,False,True,False,"Falla el criterio interseccional: 'intersectionality with territories' designa el solapamiento espacial de proyectos mineros con tierras indígenas y campesinas, un sentido no social.",high,False
1020,Engineering climate for marginalized groups: Connections to peer relations and engineering identity,2023,Article,en,A_ampliada,True,False,False,"Falla elig_clima: 'climate' designa el clima departamental u organizacional de carreras de ingeniería, no el clima físico ni amenazas climáticas.",high,False
1021,"Environment: Envisioning a more just future: feminist activist art, climate change, and the anthropocene",2023,Book chapter,en,A_nucleo,True,True,True,,high,False
1022,Environmental justice in North America,2023,Book,en,A_nucleo,True,True,True,,low,False
1023,Equity concerns in transformative planning: Barcelona’s Superblocks under scrutiny,2023,Article,en,A_nucleo,True,True,True,,high,False
1024,"Exploring the Intersection between Oil Spill Risks, Preparedness, and Climate Change: Preliminary Report from Massachusetts Climate Ready Oil Spill Foresight Workshops",2023,Conference paper,en,A_nucleo,False,True,False,"Falla elig_interseccional: 'intersectional study' e 'intersection' aluden al cruce entre riesgo de derrames de petróleo y cambio climático, no a categorías sociales.",high,False
1025,Feminisms in movement: Theories and practices from the Americas,2023,Book,en,A_nucleo,True,False,False,Falla elig_clima: la crisis climática solo figura en una enumeración de luchas de los feminismos; el objeto son los movimientos feministas de las Américas.,medium,False
1026,"Fragile Peace, Violent Extremism, and Feminist Solutions in Nepal",2023,Book chapter,en,solo_index_keywords,True,False,False,Falla elig_clima: cambio climático y desastres aparecen como factores de contexto entre otros; el objeto es la paz frágil y el extremismo violento en Nepal.,medium,False
1027,GENDERING GREEN CRIMINOLOGY,2023,Book,en,A_nucleo,True,True,True,,high,False
1028,Gender Justice in Public International Organizations’ Procurement Work: A Contrasted View,2023,Book chapter,en,A_nucleo,True,False,False,Falla elig_clima: el cambio climático aparece solo en una lista de consideraciones estructurales; el objeto son las compras públicas con enfoque de género de organismos internacionales.,high,False
1029,Gender and climate change ‘through other eyes’ : Grassroots women’s responses to changing environments in southern Africa,2023,Article,en,A_ampliada,False,True,False,Falla elig_interseccional: 'intersection' designa el cruce entre cambio climático y género como campos; no relaciona categorías sociales ni usa marcos afines.,high,False
1030,Gender and disaster risk anagement: comparative analysis of the international and atin American and Caribbean agendas; [Género y gestión del riesgo de desastres: análisis comparado de la agenda nternacional y latinoamericana y caribeña],2023,Article,es,A_nucleo,True,True,True,,high,False
1031,Gender approach in local disaster risk management in Costa Rica from an intersectional perspective; [Enfoque de género en la gestión local del riesgo de desastres en Costa Rica desde una mirada interseccional],2023,Article,en,A_nucleo,True,True,True,,medium,False
1032,Gender bias and inequity holds women back in their conservation careers,2023,Article,en,A_nucleo,True,False,False,Falla elig_clima: las crisis de clima y biodiversidad solo enmarcan la introducción; el objeto es la inequidad de género en las carreras de conservación de TNC.,medium,False
1033,Gender within the SDGs agenda: Importance and intersectionality,2023,Book chapter,en,A_nucleo,True,True,True,,medium,False
1034,Gender-Ethnicity Intersectionality in Climate Change Adaptation in the Coastal Areas of Bangladesh,2023,Article,en,A_nucleo,True,True,True,,medium,False
1035,Gendered intersections in water and development,2023,Book chapter,en,A_nucleo,True,False,False,"Falla elig_clima: el cambio climático solo aparece en la lista final de temas pendientes; el objeto es género, agua y desarrollo.",high,False
1036,Gendered perceptions and adaptations to climate change in Ghana: what factors influence the choice of an adaptation strategy?,2023,Article,en,A_nucleo,True,True,True,,medium,False
1037,Gendered perceptions of climate change and agricultural adaptation practices: a systematic review,2023,Review,en,A_nucleo,True,True,True,,medium,False
1038,Gendered traditional agroecological knowledge in agri-food systems: a systematic review,2023,Review,en,A_nucleo,True,True,True,,medium,False
1039,"Graffiti, Migrant Women, Intersectionality: Artistic Experiences in Portugal",2023,Conference paper,en,A_nucleo,True,False,False,Falla elig_clima: el cambio climático solo figura entre los eventos de contexto que afectan a migrantes; el objeto es el arte de una grafitera migrante en Portugal.,high,False
1040,"Halin ai: Intersectional Experiences of Disability, Climate Change, and Disasters in Indonesia",2023,Article,en,A_nucleo,True,True,True,,medium,False
1041,"Health Disparities, Disasters, and Crises: Approaches for a Culture of Preparedness",2023,Book,en,A_nucleo,True,True,True,,low,False
1042,Heteronormative classrooms under surveillance: Gay academics’ concerns about addressing queer issues in China,2023,Article,en,A_nucleo,True,False,False,Falla elig_clima: 'political climate' es clima político; el objeto es la heteronormatividad y la vigilancia en universidades chinas.,high,False
1043,Human Rights and Global Public Health,2023,Book chapter,en,A_nucleo,True,False,False,Falla elig_clima: la emergencia climática solo aparece en la conclusión como desafío futuro; el objeto son los derechos humanos en la salud pública global.,high,False
1044,"INTRODUCTION: Ecopoetry, Ecocriticism, and Ecopoetics",2023,Editorial,en,A_nucleo,True,False,False,Falla elig_clima: introducción editorial sobre la ecopoética como campo literario; no trata el cambio climático y los desastres solo aparecen en su alcance temático.,low,False
1045,ISLAMOPHOBIA IN HIGHER EDUCATION: Combating Discrimination and Creating Understanding,2023,Book,en,A_nucleo,True,False,False,Falla elig_clima: 'social and political climate' es clima sociopolítico; el objeto es la islamofobia en la educación superior estadounidense.,high,False
1046,Imagining and assessing future risks: A dynamic scenario-based social vulnerability analysis framework for disaster planning and response,2023,Article,en,A_nucleo,True,False,False,"Falla elig_clima: el marco se evalúa en crisis explícitamente no climáticas (apagón, COVID-19, ciberataque), sin vínculo con amenazas climáticas.",medium,False
1047,Implementing EDI across a large formal research network: Contributing to equitable and sustainable water solutions for a changing climate,2023,Note,en,A_nucleo,True,False,False,"Falla elig_clima: el clima solo enmarca el título y el cierre; el objeto es la estrategia de equidad, diversidad e inclusión de una red de investigación hídrica.",medium,False
1048,"In it together! Cultivating space for intergenerational dialogue, empathy and hope in a climate of uncertainty",2023,Article,en,A_nucleo,True,True,True,,high,False
1049,"In the Intersection of Climate Risk and Social Vulnerabilities: a Case of Poor Urbanites in Lusaka, Zambia",2023,Article,en,A_nucleo,True,True,True,,medium,False
1050,Institutional Gender Mainstreaming in Small-Scale Irrigation: Lessons from Ethiopia,2023,Article,en,A_nucleo,True,False,False,Falla elig_clima: la resiliencia climática solo aparece en la frase inicial; el objeto es la transversalización de género en instituciones de riego en Etiopía.,medium,False
1051,"Intersectional Impacts of the 2021 Mw 7.2 Nippes, Haiti, Earthquake from Geotechnical and Social Perspectives",2023,Article,en,A_nucleo,False,False,False,"Fallan ambos criterios: 'intersectional' designa el cruce entre observaciones geotécnicas y sociales, y la amenaza es un sismo sin vínculo climático.",high,False
1052,"Intersectional climate perceptions: Understanding the impacts of race and gender on climate experiences, future concerns, and planning efforts",2023,Article,en,A_nucleo,True,True,True,,medium,False
1053,Intersectional disparities in climate vulnerability and cancer risk,2023,Note,en,A_nucleo,True,True,True,,medium,False
1054,Intersectional politicization: A facet of youth activists' sociopolitical development,2023,Article,en,A_nucleo,True,True,True,,medium,False
1055,Intersectional polyphyly of the puzzling Scapania obcordata (Marchantiidae) suggests convergent evolution: resurrection and European occurrence of S. jensenii,2023,Article,en,A_nucleo,False,False,False,Fallan ambos criterios: 'intersectional' remite a secciones taxonómicas de briófitas y las inundaciones solo describen el hábitat de las especies.,high,False
1056,Intersectionality & Climate Justice: A call for synergy in climate change scholarship,2023,Article,en,A_nucleo,True,True,True,,medium,False
1057,"Introduction. Women’s Stories of Crisis: Portals to Relationality, Vulnerability and Resistance?",2023,Editorial,en,A_nucleo,True,False,False,Falla elig_clima: el cambio climático es una de varias crisis enumeradas; el objeto son las representaciones literarias y artísticas de crisis hechas por mujeres.,medium,False
1058,Introduction: Exponential Inequalities: What Can Equality Law Do?,2023,Editorial,en,A_nucleo,True,False,False,Falla elig_clima: las emergencias climáticas solo figuran como crisis futuras; el objeto son las desigualdades exponenciales de la pandemia y el derecho de igualdad.,high,False
1059,"Invisible women: barriers for women professionals in the water, energy, food, and environment sectors in Nepal",2023,Article,en,A_nucleo,True,False,False,Falla elig_clima: el cambio climático solo aparece como contexto; el objeto son las barreras de poder para mujeres profesionales en sectores WEFE de Nepal.,medium,False
1060,Irritated by the Anthropocene. For a Sociology of the Anthropocene (As It Unfolds); [Irritadas/os por el Antropoceno. Por una sociología del Antropoceno (mientras sucede)],2023,Article,es,A_ampliada,True,True,True,,medium,False
1061,"JANUS/IN TIME: Universal Openings via Live Arts: Theatre, Dance, and Architecture",2023,Book chapter,en,A_nucleo,True,False,False,Falla elig_clima: la 'storm of pandemic strife' es una metáfora; el objeto es una producción teatral y arquitectónica sin relación con el clima.,low,False
1062,Landscape Assessment of the U.S. Environmental Justice Movement: Transformative Strategies for Climate Justice,2023,Article,en,A_nucleo,True,True,True,,high,False
1063,"Language, Skin Tone, and Attitudes toward Puerto Rico in the Aftermath of Hurricane Maria",2023,Article,en,A_nucleo,True,True,True,,medium,False
1064,Latinas as carceral collateral: Violence in the lives of Latinas across the carceral community,2023,Article,en,A_nucleo,True,False,False,Falla elig_clima: 'perfect storm' es una metáfora; el objeto es la violencia y criminalización de latinas en comunidades carcelarias de California.,high,False
1065,Learning from Irma and Maria: mainstreaming protection and inclusion in disaster risk reduction in the caribbean; [Aprendiendo de Irma y María: transversalización de la protección y la inclusión en la reducción de riesgo de desastres en el Caribe],2023,Article,es,A_nucleo,True,True,True,,medium,False
1066,Learning from wildfire: co-creating knowledge using an intersectional feminist standpoint methodology,2023,Article,en,A_nucleo,True,True,True,,medium,False
1067,Lessons from the Women and Gender Constituency: Interrogating Civil Society Strategies for Organising in the UNFCCC,2023,Article,en,A_nucleo,True,True,True,,medium,False
1068,Leveraging critical race theory to produce equitable climate change adaptation,2023,Article,en,A_nucleo,True,True,True,,medium,False
1069,METHODOLOGICAL APPROACHES FOR THE LIFE SCIENCES AND INTELLECTUAL HISTORY,2023,Book chapter,en,A_nucleo,True,False,False,Falla elig_clima: la crisis climática solo aparece como contexto inicial; el objeto es la historiografía y metodología de las ciencias de la vida.,low,False
1070,Mapping disability and climate change knowledge base in Scopus using bibliometric analysis,2023,Article,en,A_nucleo,True,True,True,,high,False
1071,Mental health of vulnerable groups experiencing a drought or bushfire: A systematic review,2023,Review,en,A_nucleo,True,True,True,,medium,False
1072,"Methodological lessons for negotiating power, political capabilities, and resilience in research on climate change responses",2023,Review,en,A_ampliada,True,True,True,,medium,False
1073,Mobilising critical international political economy for the age of climate breakdown,2023,Article,en,A_nucleo,True,True,True,,high,False
1074,Mountains of inequality: encountering the politics of climate adaptation across the Himalaya,2023,Article,en,A_nucleo,True,True,True,,medium,False
1075,Moving the needle further and faster: Policy and leadership opportunities to support early career nurse faculty and build resilience in establishing and growing their programs of research,2023,Article,en,A_nucleo,True,False,False,Falla elig_clima: 'weather the storms' y 'resilience' son metáforas de la carrera académica; el objeto es el apoyo a docentes noveles de enfermería.,high,False
1076,Multiple Defects Inspection of Dam Spillway Surface Using Deep Learning and 3D Reconstruction Techniques,2023,Article,en,A_ampliada,False,False,False,Fallan ambos criterios: la intersección es la métrica técnica 'intersection over union' y los aliviaderos de presas no se vinculan con el clima.,high,False
1077,"Multiple Stories, Multiple Marginalities: The Labor-Intensive Forest and Fire Stewardship Workforce in Oregon",2023,Article,en,B_afin,True,True,True,,low,False
1078,Navigating Identity: The Intersection of Social and Biological Identity from the World War II Battle of Tarawa,2023,Article,en,A_ampliada,False,False,False,"Fallan ambos criterios: la intersección es entre identidad biológica y social en antropología forense, y el objeto es una batalla de 1943, no el clima.",high,False
1079,Older people's needs in urban disaster response: A systematic literature review,2023,Review,en,A_nucleo,True,True,True,,high,False
1080,On the Ground: Terrestrial Theopoetics and Planetary Politics,2023,Book,en,A_nucleo,True,True,True,,medium,False
1081,Pixel-based mapping of open field and protected agriculture using constrained Sentinel-2 data,2023,Article,en,A_ampliada,False,False,False,Fallan ambos criterios: la intersección es la métrica 'Intersection Over Union' y el cambio climático solo enmarca la introducción sobre agricultura protegida.,high,False
1082,"Placing lost intersectional plots in Houellebecq's Anéantir (2022): Race, climate and scandalous textual necropolitics",2023,Article,en,A_nucleo,True,True,True,,medium,False
1083,"Pluralizing energy justice: Incorporating feminist, anti-racist, Indigenous, and postcolonial perspectives",2023,Short survey,en,A_ampliada,True,True,True,,medium,False
1084,Potato Ethics: What Rural Communities Can Teach Us about Healthcare,2023,Article,en,A_nucleo,True,False,False,"Falla elig_clima: el objeto es una ética profesional de salud rural; la 'everyday disaster-prevention' es una disposición de cuidado, no el estudio de amenazas.",low,False
1085,"Potential Policy and Community Implications of Equitable Organic Waste, Compost, and Urban Agricultural Systems in the United States",2023,Note,en,A_nucleo,False,False,False,"Fallan ambos criterios: 'intersectional partners' designa socios intersectoriales (comunidad, academia, gobierno) y el clima solo motiva el compostaje en la frase inicial.",medium,False
1086,Power for the Plantationocene: solar parks as the colonial form of an energy plantation,2023,Article,en,A_nucleo,True,True,True,,medium,False
1087,"Power, gender, and psychology: Common themes and an agenda for the future",2023,Book chapter,en,A_nucleo,True,False,False,Falla elig_clima: el cambio climático solo aparece en una lista de temas futuros; el objeto es la psicología feminista del poder y el género.,high,False
1088,Praxis of Emerging Liberations: a Transdisciplinary Knowledge-Making of How to Liberate Within-Against-and-Beyond Systems of Violence,2023,Article,en,A_nucleo,True,False,False,Falla elig_clima: la crisis climática aparece solo en una lista de amenazas; el objeto es la praxis del pacifismo y la no violencia.,high,False
1089,Provoking Innovation: Creating Grassroots and Intersectional Programming at Historical Organizations,2023,Book chapter,en,A_nucleo,False,False,False,Fallan ambos criterios: 'intersectional' designa una estrategia de programación cruzada en un museo (sentido no social) y el trabajo no trata el clima.,high,False
1090,Psychoanalysis and the Small Screen: The Year the Cinemas Closed,2023,Book,en,A_nucleo,False,False,False,"Fallan ambos criterios: 'intersections'/'intersectional' remiten al cruce de campos (cine, psicoanálisis) y el desastre tratado es la pandemia de COVID-19, no el clima.",high,False
1091,Queer Ecofeminism: From Binary Environmental Endeavours to Postgender Pursuits,2023,Book,en,A_nucleo,True,True,True,,medium,False
1092,"Queership, Kinship, Careship: Adopting An Ethics of Care in Timothy Findley’s The Wars (1977) and Not Wanted on the Voyage (1984)",2023,Book chapter,en,A_nucleo,False,False,False,"Fallan ambos criterios: 'intersectional' une dos campos (teoría queer y estudios animales) y el Diluvio es un relato bíblico en novelas, sin análisis del clima.",high,False
1093,"Racial Climates, Ecological Indifference: An Ecointersectional Analysis",2023,Book,en,A_nucleo,True,True,True,,low,False
1094,"Racialization, colonialism, and imperialism: a critical autoethnography on the intersection of forced displacement and race in a settler colonial context",2023,Article,en,A_ampliada,True,False,False,Falla elig_clima: 'climate' se usa en sentido sociopolítico y el desplazamiento forzado estudiado no se vincula con amenazas climáticas.,high,False
1095,Re-centring and recovering knowledge about climate-friendly agriculture: Learning from a woman African indigenous knowledge holder,2023,Article,en,A_nucleo,True,True,True,,medium,False
1096,Recasting the agreements to re-humanize STEM education,2023,Article,en,A_nucleo,False,False,False,Fallan ambos criterios: 'intersectional issues' designa problemas interconectados y el cambio climático es una mención incidental en un ensayo sobre educación STEM.,high,False
1097,Reframing Climate Change Resilience: An Intersectional Perspective of Ethnicity and Gender from Vietnam,2023,Article,en,A_nucleo,True,True,True,,medium,False
1098,Reframing environmental responsibility at the intersections of cultural and generational difference: Learning from migrant families in Manchester and Melbourne,2023,Article,en,A_nucleo,True,True,True,,medium,False
1099,Reimagining DRR in Urban Transformation: Confronting the Heterogeneity of Urban and Negotiations in Transforming Urban Landscapes,2023,Book chapter,en,A_nucleo,True,True,True,,medium,False
1100,Research handbook on intersectionality,2023,Book,en,A_nucleo,True,False,False,Falla elig_clima: las 'climate emergencies' figuran solo en una lista de temas de capítulos de un manual general de interseccionalidad; el clima no es el objeto.,medium,False
1101,"Revolutionary possibilities of love in a time of disaster, decolonisation, and diffraction",2023,Note,en,A_nucleo,True,False,False,Falla elig_clima: 'disaster' y el Antropoceno enmarcan un comentario sobre la ética del amor en la geografía; no estudia desastres ni amenazas climáticas.,medium,False
1102,SECURITY POLITICS OF CLIMATE CHANGE IN THE LEVANT,2023,Book chapter,en,A_nucleo,True,True,True,,high,False
1103,Safeguarding youth sexual and reproductive health and rights in the context of increasing climate-related disasters in the Pacific: A scoping review of policies and responses,2023,Review,en,A_nucleo,True,True,True,,medium,False
1104,Seeking refuge? The potential of urban climate shelters to address intersecting vulnerabilities,2023,Article,en,A_nucleo,True,True,True,,medium,False
1105,Shattered glass piling at the bottom: The ‘problem’ with gender equality policy for higher education,2023,Article,en,A_nucleo,True,False,False,Falla elig_clima: 'perfect storm' es una metáfora; el artículo analiza la política de igualdad de género en la educación superior irlandesa.,high,False
1106,"Social justice in the context of climate policy: systematizing the variety of inequality dimensions, social impacts, and justice principles",2023,Article,en,A_nucleo,True,True,True,,medium,False
1107,Social justice pedagogies: Multidisciplinary practices and approaches,2023,Book,en,A_nucleo,True,False,False,Falla elig_clima: la crisis climática aparece solo en una lista de desafíos de un libro sobre pedagogías de justicia social.,high,False
1108,Spirituality and Sustainable Development: A Systematic Word Frequency Analysis and an Agenda for Research in Pacific Island Countries,2023,Article,en,A_nucleo,False,False,False,"Fallan ambos criterios: 'intersectionality' designa el nexo entre desarrollo sostenible y espiritualidad como espacio interdisciplinar, y el clima solo contextualiza la región.",high,False
1109,"Stone liquidities: On gems, bodies, and value in early modern shipwreck",2023,Article,en,A_nucleo,True,False,False,Falla elig_clima: estudia gemas en relatos de naufragios del siglo XVII; el naufragio no se vincula con amenazas climáticas.,high,False
1110,"Stories of loss and healing: connecting non-economic loss and damage, gender-based violence and wellbeing erosion in the Asia–Pacific region",2023,Article,en,A_nucleo,True,True,True,,medium,False
1111,Storm Clouds and Rainbows: Visual Metaphors of Parents of Transgender Children in Aotearoa (New Zealand),2023,Article,en,A_nucleo,True,False,False,Falla elig_clima: 'storm clouds' es una metáfora visual de padres de hijos trans; no hay objeto climático.,high,False
1112,Subjectivity and Social Positions Shape Habitability in the Context of Environmental Change: A Qualitative Case Study in Northern Ghana,2023,Article,en,A_nucleo,True,True,True,,medium,False
1113,Surviving intimate partner violence and disaster,2023,Article,en,A_nucleo,True,False,False,"Falla elig_clima: el 'desastre' estudiado es la pandemia de COVID-19, una amenaza no climática.",high,False
1114,Surviving violent conflicts and climate variability: An intersectional analysis of differentiated access to diversification resources among smallholder farmers in Kuka,2023,Article,en,A_nucleo,True,True,True,,medium,False
1115,THE BLOOMSBURY HANDBOOK TO AGEING IN CONTEMPORARY LITERATURE AND FILM,2023,Book,en,A_nucleo,True,False,False,Falla elig_clima: el cambio climático figura solo entre los temas que abarcan los capítulos de un manual sobre envejecimiento en literatura y cine.,medium,False
1116,Telehealth and digital health innovations: A mixed landscape of access,2023,Review,en,A_nucleo,True,False,False,"Falla elig_clima: los desastres solo enmarcan una revisión sobre determinantes digitales del acceso a la telesalud, centrada en la pandemia de COVID-19.",medium,False
1117,Ten health policy challenges for the next 10 years,2023,Review,en,A_nucleo,False,False,False,Fallan ambos criterios: 'intersectional topics' designa temas transversales de política sanitaria y el clima aparece solo en una lista de temas emergentes.,high,False
1118,The COVID-19 Israeli tapestry: the intersectionality health equity challenge,2023,Article,en,A_nucleo,True,False,False,Falla elig_clima: trata la equidad sanitaria ante la COVID-19 en Israel; la pandemia es una amenaza no climática y los 'global disasters' se mencionan de pasada.,high,False
1119,The Discursive Construction of Veg(etari)anism: A Polyphonic Rhetoric,2023,Book chapter,en,A_nucleo,True,False,False,Falla elig_clima: el cambio climático solo enmarca la exigencia del momento en una teoría retórica del veg(etari)anismo; no es objeto del análisis.,medium,False
1120,The Energy Mix: Understanding People’s Diverging Energy Preferences in Belgium,2023,Article,en,A_nucleo,True,True,True,,medium,False
1121,"The Intersectionality of Gender, Sexual Identity, and Disability in Disaster Risk Reduction in OECD Countries: A Rapid Scoping Review",2023,Review,en,A_nucleo,True,True,True,,medium,False
1122,"The Past, Present, and Future(s) of Feminist Foreign Policy",2023,Article,en,A_ampliada,False,False,False,Fallan ambos criterios: 'policy intersections' son cruces entre áreas de política y el clima es solo uno de varios temas de un foro sobre política exterior feminista.,high,False
1123,The Rebirth of Utopia in 21st-Century Cinema: Cosmopolitan Hopes in the Films of Globalization,2023,Book,en,A_nucleo,True,False,False,"Falla elig_clima: libro de estudios fílmicos sobre utopismo cosmopolita; el cambio climático es contexto de época, no objeto del análisis.",medium,False
1124,The Rhetorical Construction of Vegetarianism,2023,Book,en,A_nucleo,True,False,False,Falla elig_clima: el cambio climático aparece solo en una lista de crisis que el veganismo ayudaría a mitigar; el objeto es la retórica vegetariana.,medium,False
1125,The Transformative Role of Adaptation Strategies in Designing Climate-Resilient and Sustainable Health Systems,2023,Article,en,A_nucleo,True,True,True,,low,False
1126,The forms and adverse effects of insecurities among internally displaced children in Ethiopia,2023,Article,en,A_nucleo,True,False,False,Falla elig_clima: el cambio climático aparece solo como causa contextual del desplazamiento; el estudio trata inseguridades de niños desplazados por conflicto.,medium,False
1127,The impact of climate change on atopic dermatitis and mental health comorbidities: a review of the literature and examination of intersectionality,2023,Review,en,A_nucleo,True,True,True,,low,False
1128,"The multiplicity, contradictions, and shifting status of widowhood in post-earthquake Nepal",2023,Article,en,A_nucleo,True,False,False,"Falla elig_clima: el desastre estudiado son los terremotos de 2015 en Nepal, una amenaza no climática.",high,False
1129,The palgrave handbook of south-south migration and inequality,2023,Book,en,A_nucleo,True,False,False,Falla elig_clima: el cambio climático es solo uno de los temas transversales enumerados en un manual sobre migración Sur-Sur y desigualdad.,medium,False
1130,The potential of online object-based learning activities to support the teaching of intersectional environmentalism in art and design higher education,2023,Article,en,A_nucleo,True,True,True,,medium,False
1131,Theorizing racialized disaster patriarchal capitalism in the age of COVID-19: A framework for feminist policy change,2023,Article,en,A_nucleo,True,False,False,"Falla elig_clima: teoriza el capitalismo de desastre a partir de la pandemia de COVID-19, amenaza explícitamente no climática, sin vínculo con el clima.",medium,False
1132,Thermal (In)equity and incarceration: A necessary nexus for geographers,2023,Article,en,A_nucleo,True,True,True,,low,False
1133,"Time in Practice Temporality, Intersubjectivity, and Listening Differently, Second Edition",2023,Book,en,A_nucleo,True,False,False,Falla elig_clima: el cambio climático aparece solo en una lista de crisis que comenta la nueva edición de un libro de psicoanálisis.,high,False
1134,Together in the Struggle: Puerto Rican Muslims and their Philanthropic Activism from El Barrio to La Perla,2023,Article,en,A_nucleo,True,True,True,,low,False
1135,"Tornadic Black Angels: Vodou, Dance, Revolution",2023,Article,en,A_nucleo,True,False,False,Falla elig_clima: 'tornadic' y el espíritu de las tormentas son figuras religiosas y metafóricas en un ensayo sobre vudú y danza.,high,False
1136,"Towards Inclusive Resilience: Understanding the Intersectionality of Gender, Ethnicity, and Livelihoods in Climate-prone Upland Areas of Central Vietnam",2023,Article,en,A_nucleo,True,True,True,,high,False
1137,"Towards understanding digital support contributing to climate neutral, inclusive, and beautiful cities: A systematic literature review",2023,Conference paper,en,A_nucleo,True,True,True,,high,False
1138,"Transformations of Global Food Systems for Climate Change Resilience: Addressing Food Security, Nutrition, and Health",2023,Book,en,A_nucleo,False,True,False,"Falla elig_interseccional: 'intersectionality and synergisms' designa el cruce de temas (resiliencia climática, seguridad alimentaria, nutrición, salud), no de categorías sociales.",high,False
1139,Transforming US urban green infrastructure planning to address equity,2023,Article,en,A_nucleo,False,True,False,"Falla elig_interseccional: 'intersectional urban challenges' designa desafíos entrecruzados (injusticia, clima, infraestructura), no la intersección de categorías sociales.",medium,False
1140,Translating data into intelligible risk and safety guidelines,2023,Book chapter,en,A_nucleo,True,True,True,,medium,False
1141,Transnational Families: Entangled Inequalities and Emerging Challenges on the Global Scale,2023,Book chapter,en,B_afin,True,False,False,Falla elig_clima: el cambio climático aparece solo en una lista de desafíos emergentes para las familias transnacionales.,high,False
1142,Understanding Intersectionality and Vulnerable Populations: A Missing Part in Building Disaster Resilient Communities?,2023,Book chapter,en,A_nucleo,True,True,True,,medium,False
1143,"Understanding women's work, children and families during the COVID-19 global pandemic: Using science to support women around the globe",2023,Article,en,A_nucleo,True,False,False,"Falla elig_clima: trata el impacto de la pandemia de COVID-19 en las mujeres, una amenaza no climática.",high,False
1144,Undocumented storytellers: Narrating the immigrant rights movement,2023,Book chapter,en,A_nucleo,True,False,False,Falla elig_clima: 'political climate' se usa en sentido político; el libro trata el activismo narrativo de jóvenes indocumentados.,high,False
1145,Unraveling the production of ignorance in climate policymaking: The imperative of a decolonial feminist intervention for transformation,2023,Article,en,A_ampliada,True,True,True,,medium,False
1146,"Unveiling urban households’ livelihood vulnerability to climate change: An intersectional analysis of Hue City, Vietnam",2023,Article,en,A_nucleo,True,True,True,,medium,False
1147,Urban approaches to sustainability: Equity,2023,Book chapter,en,A_nucleo,True,True,True,,medium,False
1148,Urgencie in the Field Three Perspectives,2023,Article,en,A_nucleo,False,False,False,"Fallan ambos criterios: 'intersectionality of public and academic spheres' designa el cruce de esferas profesionales, y el clima es solo una de tres perspectivas del folklore.",high,False
1149,Vulnerability of migrant women during disasters: a scoping review of the literature,2023,Review,en,A_nucleo,True,True,True,,low,False
1150,What Role Should Student Affairs Educators Play in Supporting Undocumented Students in the Current Political Climate?: Confronting Anti-Immigration Rhetoric on Campus: A Student Afairs Imperative,2023,Book chapter,en,A_nucleo,True,False,False,Falla elig_clima: 'political climate' se usa en sentido político; el capítulo trata el apoyo a estudiantes indocumentados.,high,False
1151,Why employment relations matter(s) for governance of problems for labour in the real world of work,2023,Article,en,A_nucleo,True,False,False,Falla elig_clima: la emergencia climática es solo uno de varios temas emergentes enumerados en un artículo programático sobre relaciones laborales.,high,False
1152,Wildlife Equity Theory for Multispecies Tourism Justice,2023,Article,en,A_nucleo,True,False,False,Falla elig_clima: el cambio climático aparece solo en una lista de crisis socioambientales; el objeto es la justicia multiespecie en el turismo de vida silvestre.,medium,False
1153,"Women and COVID-19: A Clinical and Applied Sociological Focus on Family, Work, and Community",2023,Book chapter,en,A_nucleo,True,False,False,Falla elig_clima: libro sobre mujeres y COVID-19 en el que una inundación rural es solo uno de los temas de capítulo enumerados.,medium,False
1154,Women disproportionately shoulder burdens imposed by the global COVID-19 pandemic,2023,Article,en,A_nucleo,True,False,False,"Falla elig_clima: analiza las cargas de la pandemia de COVID-19 sobre mujeres en Estados Unidos, una amenaza no climática.",high,False
1155,Women farmers leading and co-learning in an agroecology movement at the intersections of gender and climate,2023,Article,en,A_nucleo,True,True,True,,medium,False
1156,Women in Movement & Feminisms: Critical Materialisms & Environmentalisms,2023,Article,en,B_afin,True,False,False,Falla elig_clima: el cambio climático aparece solo en una frase de contexto sobre migración; el objeto son los feminismos frente al extractivismo y los fundamentalismos antigénero.,medium,False
1157,"Women with disabilities, and communities of care in wartime Ukraine: Conversations with disability and women's rights activists about feminist and disability solidarities",2023,Article,en,A_nucleo,True,False,False,"Falla elig_clima: la respuesta interseccional a desastres se refiere a la invasión rusa de Ucrania, una guerra sin vínculo explícito con el clima.",high,False
1158,"Work as a social determinant of health in high-income countries: past, present, and future",2023,Review,en,A_nucleo,True,False,False,Falla elig_clima: el cambio climático es solo uno de seis desafíos emergentes enumerados; el objeto de la revisión es el trabajo como determinante social de la salud.,medium,False
1159,"Young People Shaping Democratic Politics: Interrogating Inclusion, Mobilising Education",2023,Book,en,A_nucleo,True,False,False,Falla elig_clima: el cambio climático aparece solo en una lista de injusticias que motivan movilizaciones juveniles; el objeto es la participación política democrática de jóvenes.,high,False
1160,"Young people, radicalisation, and resilience",2023,Book chapter,en,A_nucleo,True,False,False,Falla elig_clima: la emergencia climática es solo una frase de contexto; el objeto es la radicalización y la resiliencia juvenil frente al extremismo violento.,high,False
1161,Youth environmental citizenship formation: Struggled political subjectivities and everyday experiences of young people in Turkey,2023,Article,en,A_nucleo,True,True,True,,medium,False
1162,́We are the limitś performing climate justice commoning in the Czech Klimakemp,2023,Article,en,A_nucleo,True,True,True,,medium,False
1163,‘As a farmer you've just got to learn to cope’: Understanding dairy farmers' perceptions of climate change and adaptation decisions in the lower south Island of Aotearoa-New Zealand,2023,Article,en,A_nucleo,True,True,True,,medium,False
1164,‘Cycling is good’ but ‘cyclists are reckless’:: Discourses of Mobility Justice and Discrimination,2023,Article,en,A_nucleo,True,True,True,,low,False
1165,‘Disability Is an Art. It's an Ingenious Way to Live.’: Integrating Disability Justice Principles and Critical Feminisms in Social Work to Promote Inclusion and Anti-Ableism in Professional Praxis,2023,Article,en,A_nucleo,True,False,False,"Falla elig_clima: el cambio climático es solo un ejemplo ilustrativo; el objeto es la articulación entre justicia de discapacidad, feminismos críticos y trabajo social.",medium,False
1166,‘Lean into the YIKES’: Caring intimate counterpublics and climate justice podcasting,2023,Article,en,A_nucleo,True,True,True,,medium,False
1167,‘No-one knows how to care for LGBT community like LGBT do’1: LGBTQIA+ experiences of COVID-19 in the United Kingdom and Brazil,2023,Article,en,A_nucleo,True,False,False,"Falla elig_clima: el desastre analizado es la pandemia de COVID-19, una amenaza no climática sin vínculo explícito con el clima.",high,False
1168,“LEARNING TO CODE … WITH A GOAL THAT I GET TO DETERMINE”: A Latina Girl’s Literate Intersectional Identities at a STEAM Workshop,2023,Book chapter,en,A_nucleo,True,False,False,Falla elig_clima: el huracán María es solo el tema de la app diseñada; el objeto son las identidades letradas interseccionales en un taller STEAM.,medium,False
1169,"“LISTEN, THERE, TO THE WAY THE REAL WORLD THINKS IN ME”: Cultivating an Empathic Imagination to Support Students’ Visual Stories that Address the Climate Crisis",2023,Book chapter,en,A_nucleo,True,True,True,,medium,False
1170,“Maintaining hope for a better future”: An interview with Dr. Crystal Felima,2023,Article,en,A_nucleo,True,False,False,Falla elig_clima: desastres y cambio climático aparecen en una sola frase sobre la ecología política; el objeto es la formación antropológica y el activismo.,medium,False
1171,"“The most hidden open secret”: Interview with Uhuru Phalafala on Mine Mine Mine (University of Nebraska Press, 2023), conducted by Helene Strauss",2023,Article,en,A_ampliada,True,True,True,,medium,False
1172,"“The religions are engaging: tick, well done”: the invisibilization and instrumentalization of Muslim climate intermediaries",2023,Article,en,A_ampliada,True,True,True,,low,False
1173,"“We Are the Granddaughters of the Witches that You Couldn’t Burn”: Abortion, Witches, Midwives, Intersectionality, and Sorority/Painity in Fictional Texts by Current Latin American Authors; [“Somos las nietas de las brujas que no pudieron quemar”: aborto, brujas, parteras, interseccionalidad y soro/doloridad en textos ficcionales de autoras latinoamericanas actuales]",2023,Article,es,A_nucleo,True,False,False,"Falla elig_clima: Temporada de huracanes es solo el título de una novela analizada; el objeto es el aborto en la ficción latinoamericana, no el clima.",high,False
1174,A Green New Deal for all: The centrality of a worker and community-led just transition in the US,2022,Article,en,A_nucleo,True,True,True,,low,False
1175,A Perfect Storm: How Differences in Privilege and Power Can Lead to Subtle but Potent Inequities in STEM Education,2022,Article,en,A_ampliada,True,False,False,"Falla elig_clima: la tormenta del título es metafórica; el objeto son las inequidades de raza, género y clase en la educación STEM, sin vínculo climático.",high,False
1176,A review of gender in agricultural and pastoral livelihoods based on selected countries in west and east Africa,2022,Review,en,A_nucleo,True,True,True,,medium,False
1177,Adaptation Planning: An Integrated Approach to Understanding Vulnerability in the Lake Victoria Basin,2022,Article,en,A_nucleo,True,True,True,,medium,False
1178,Advancing disaster geographies: From marginalisation to inclusion of gender and sexual minorities,2022,Article,en,A_nucleo,True,True,True,,medium,False
1179,"African Americans and the Mississippi river: Race, history, and the environment",2022,Book,en,A_ampliada,True,True,True,,medium,False
1180,African cities by 2063: Fostering theologies of urban citizenship,2022,Article,en,A_nucleo,True,False,False,Falla elig_clima: no trata el cambio climático ni amenazas climáticas; el objeto son teologías de ciudadanía urbana africana y el desastre es solo una trayectoria genérica.,high,False
1181,Against climate apartheid: Confronting the persistent legacies of expendability for climate justice,2022,Article,en,B_afin,True,True,True,,high,False
1182,Aging queer in a pandemic: intersectionalities and perceptions,2022,Article,en,A_nucleo,True,False,False,"Falla elig_clima: estudia la pandemia de COVID-19 y la epidemia de VIH/sida, amenazas no climáticas sin vínculo con el clima.",high,False
1183,An Integrated Quantitative Assessment of Urban Water Security of a Megacity in the Global South,2022,Article,en,A_nucleo,True,False,False,Falla elig_clima: el cambio climático aparece solo en la frase inicial de contexto; el objeto es la medición de la seguridad hídrica urbana en Calcuta.,medium,False
1184,An intersectional reading of circular economy policies: towards just and sufficiency-driven sustainabilities,2022,Article,en,A_nucleo,True,True,True,,medium,False
1185,Analyzing the Spatial Distribution of LST and Its Relationship With Underlying Surfaces in Different Months by Classification and Intersection,2022,Article,en,A_ampliada,False,True,False,"Falla elig_interseccional: intersection designa una herramienta SIG para cruzar clases de temperatura, sin ningún sentido social.",high,False
1186,"Are managed retreat programs successful and just? A global mapping of success typologies, justice dimensions, and trade-offs",2022,Article,en,A_nucleo,True,True,True,,medium,False
1187,Assessing nuanced social networks and its implication for climate change adaptation in northwestern Ghana,2022,Article,en,A_nucleo,True,True,True,,medium,False
1188,Back to Natural and the Intergenerational Healing of the Natural Black Hair Movement,2022,Article,en,A_ampliada,False,False,False,"Fallan ambos criterios: la intersección une cabello, política e identidad como temas, no ejes sociales, y no hay vínculo climático (storm es metáfora).",high,False
1189,Beyond migration: a critical review of climate change induced displacement,2022,Article,en,A_nucleo,True,True,True,,medium,False
1190,Beyond promises: Realities of climate finance justice and energy transitions in Asia and the Pacific,2022,Article,en,A_nucleo,True,True,True,,low,False
1191,Beyond the Choice of What You Put in Your Mouth: A Systematic Mapping Review of Veganism and Vegan Identity,2022,Review,en,A_nucleo,True,False,False,Falla elig_clima: la crisis climática solo contextualiza el creciente interés por el veganismo; el objeto es la identidad vegana en la psicología social.,high,False
1192,Black Women Comics: Sensuality and Intersectionality,2022,Article,en,A_nucleo,True,False,False,"Falla elig_clima: analiza el humor de comediantes negras desde la teoría interseccional de Collins, sin ningún vínculo con el clima.",high,False
1193,Building a vision for more effective equity indices and planning tools,2022,Article,en,A_nucleo,True,True,True,,medium,False
1194,Building resilience now and for the future: Adolescent skills to address global challenges,2022,Editorial,en,A_nucleo,True,False,False,Falla elig_clima: el cambio climático es una de varias crisis globales enumeradas como motivación; el objeto son las habilidades adolescentes y la educación.,medium,False
1195,CLIMATE CHANGE IS NOT EQUAL TO ALL The contribution of feminist studies to climate change research,2022,Article,en,A_nucleo,True,True,True,,medium,False
1196,Climate Change Hazards + Social Vulnerability = A Recipe for Disaster,2022,Article,en,A_nucleo,True,True,True,,medium,False
1197,"Climate Change and Gender-Based Violence: Outcomes, Challenges and Future Perspectives",2022,Book chapter,en,A_nucleo,True,True,True,,medium,False
1198,Climate change and health in informal settlements: a narrative review of the health impacts of extreme weather events,2022,Article,en,A_nucleo,True,True,True,,low,False
1199,Climate strike or not? Intersectionality of age and culture encountered by young climate activists in Taiwan,2022,Article,en,A_nucleo,True,True,True,,medium,False
1200,Composting (in) the gender studies classroom: Growing feminisms for climate changing pedagogies,2022,Article,en,A_nucleo,True,True,True,,medium,False
1201,Conservation after Sovereignty: Deconstructing Australian Policies against Horses with a Plea and Proposal,2022,Article,en,A_nucleo,True,False,False,Falla elig_clima: los incendios australianos solo contextualizan el caso; el objeto es la ética conservacionista frente a los caballos del parque Kosciuszko.,medium,False
1202,"Cripping Environmental Communication: A Review of Eco-Ableism, Eco-Normativity, and Climate Justice Futurities",2022,Review,en,A_nucleo,True,True,True,,medium,False
1203,Critical climate justice,2022,Note,en,A_nucleo,True,True,True,,medium,False
1204,Crossing the Maelstrom: New Departures in Viking Archaeology,2022,Article,en,A_nucleo,True,False,False,Falla elig_clima: el cambio climático actual solo justifica la prioridad de los estudios ambientales; el objeto es la arqueología vikinga del norte de Europa.,high,False
1205,Decarbonizing power systems: A critical review of the role of energy storage,2022,Review,en,A_nucleo,False,True,False,"Falla elig_interseccional: intersectional strategies across sectors significa estrategias intersectoriales de descarbonización, sin sentido social.",high,False
1206,"Decolonizing Knowledge Upstream: New Ways to Deconstruct and Fight Disinformation in an Era of COVID-19, Extreme Digital Transformation, and Climate Emergency",2022,Review,en,solo_index_keywords,False,False,False,"Fallan ambos criterios: no invoca interseccionalidad ni marcos afines, y la emergencia climática solo contextualiza un estudio sobre desinformación.",high,False
1207,"Democracy's Child: Young People and the Politics of Control, Leverage, and Agency",2022,Book,en,A_nucleo,True,False,False,Falla elig_clima: el clima solo aparece como keyword y mediante el movimiento Sunrise en una lista; el objeto es la política juvenil estadounidense en general.,medium,False
1208,Design as a practice of care: Feminist perspectives on preventing harm and promoting healing through design,2022,Book chapter,en,A_nucleo,True,False,False,Falla elig_clima: el cambio climático aparece en una lista de problemas de contexto; el objeto es el diseño como práctica de cuidado.,high,False
1209,"Diversifying Indigenous Vulnerability and Adaptation: An Intersectional Reading of Māori Women’s Experiences of Health, Wellbeing, and Climate Change",2022,Article,en,A_nucleo,True,True,True,,medium,False
1210,Double exposure to capitalist expansion and climatic change: A study of vulnerability on the Ghanaian coastal commodity frontier,2022,Article,en,A_nucleo,True,True,True,,high,False
1211,"Drought-Induced Challenges and Different Responses by Smallholder and Semicommercial Livestock Farmers in Semiarid Limpopo, South Africa—An Indicator-Based Assessment",2022,Article,en,A_nucleo,False,True,False,"Falla elig_interseccional: intersectional alude al cruce interdisciplinar entre indicadores ecofisiológicos y diferencias socioeconómicas, no a un marco social interseccional.",medium,False
1212,Embodied Activisms: Performative Expressions of Political and Social Action,2022,Book,en,A_nucleo,True,True,True,,low,False
1213,Emotional pathways to climate change responses,2022,Review,en,A_nucleo,True,True,True,,high,False
1214,Entanglements of Identity and Resilience in the Camp Fire’s Network of Disaster‐Specific Facebook Groups,2022,Article,en,A_ampliada,False,True,False,"Falla elig_interseccional: la intersección une conceptos teóricos (trabajo de resiliencia, anclas identitarias, redes) y las identidades son roles grupales, no ejes sociales.",high,False
1215,Envisioning healthy futures: Youth perceptions of justice-oriented environments and communities in Northern British Columbia Canada,2022,Article,en,A_nucleo,True,True,True,,low,False
1216,Equitable and Just by Design: Engaging Youth of Color in Climate Change Education,2022,Book chapter,en,A_nucleo,True,True,True,,medium,False
1217,Evaluating Computer-Aided Design Software as a Barrier to Women's Engagement in Engineering: A Focused Literature Review,2022,Conference paper,en,A_ampliada,False,False,False,"Fallan ambos criterios: la intersección cruza género y software CAD como temas, y el cambio climático solo aparece como problema de contexto.",high,False
1218,"Examining relational social ontologies of disaster resilience: lived experiences from India, Indonesia, Nepal, Chile and Andean territories",2022,Article,en,A_nucleo,True,True,True,,medium,False
1219,Feminist Voices about Ecological Issues in HCI,2022,Conference paper,en,A_nucleo,True,True,True,,low,False
1220,"Foundations in becoming a professional counselor: Advocacy, social justice, and intersectionality",2022,Book,en,A_nucleo,True,False,False,Falla elig_clima: la influencia del cambio climático es uno de varios temas emergentes listados en un manual introductorio de consejería.,high,False
1221,Gender and Public Perception of Disasters: A Multiple Hazards Exploratory Study of EU Citizens,2022,Article,en,A_nucleo,True,True,True,,medium,False
1222,"Gender dimensions of the migration, sustainability and care nexus: The case study of the Mahanadi delta, India",2022,Article,en,A_nucleo,True,True,True,,medium,False
1223,Gender equality and climate justice programming for youth in low- and middle-income countries: an analysis of gaps and opportunities,2022,Article,en,A_nucleo,True,True,True,,medium,False
1224,"Gender, (im)mobility and social relations shaping vulnerabilities in coastal Bangladesh",2022,Article,en,A_ampliada,True,True,True,,medium,False
1225,"Gender, Climate Breakdown and Resistance: The Future of Human Rights in the Shadow of Authoritarianism",2022,Article,en,A_nucleo,True,True,True,,medium,False
1226,Gender-Based Environmental Violence in Colombia: Problematising Dominant Notions of Gender-Based Violence During Peacebuilding,2022,Article,en,A_nucleo,True,True,True,,medium,False
1227,"Gender-Based Violence and Layered Disasters: Place, Culture and Survival",2022,Book,en,A_nucleo,True,True,True,,medium,False
1228,"Gendered exposure, vulnerability, and response: Malaria risk in a changing climate in Western Kenya",2022,Article,en,A_nucleo,True,True,True,,high,False
1229,"Green regeneration for more justice? An analysis of the purpose, implementation, and impacts of greening policies from a justice perspective in Łódź Stare Polesie (Poland) and Leipzig's inner east (Germany)",2022,Article,en,A_nucleo,True,False,False,Falla elig_clima: la adaptación climática solo aparece como uno de varios motivos del reverdecimiento; el objeto es la justicia de la regeneración verde urbana.,medium,False
1230,Hacking the Techno-Transition: The Possibilities of Deep Energy Literacy,2022,Article,en,A_nucleo,True,True,True,,medium,False
1231,Haudenosaunee women's water law: Reclaiming the sacred,2022,Book chapter,en,A_nucleo,True,False,False,Falla elig_clima: el objeto es la inseguridad del agua potable en Six Nations; la crisis climática solo se menciona de pasada en una frase.,medium,False
1232,Human migration in a new era of mobility: intersectional and transnational approaches,2022,Article,en,A_nucleo,True,False,False,Falla elig_clima: es una revisión general sobre migración y la migración inducida por el clima es solo uno de muchos temas enumerados.,medium,False
1233,"Implementing just climate adaptation policy: An analysis of recognition, framing, and advocacy coalitions in Boston, U.S.A.",2022,Article,en,A_nucleo,True,True,True,,low,False
1234,"Including the social in the circular: A mapping of the consequences of a circular economy transition in the city of Umeå, Sweden",2022,Article,en,A_nucleo,True,False,False,Falla elig_clima: el cambio climático solo aparece en una frase de contexto; el objeto son los impactos sociales de la economía circular en Umeå.,medium,False
1235,Indigenous climate change adaptation: New directions for emerging scholarship,2022,Article,en,A_nucleo,True,True,True,,high,False
1236,Inequalities and interrelations: The sociology of disasters at a new crossroads,2022,Article,en,A_nucleo,True,True,True,,high,False
1237,Inequalities in Contexts of Socio-Natural Disasters: Reflections from the Intersectional Living of Female Leaders; [Desigualdades en contextos de desastres socionaturales: reflexiones desde el habitar interseccional de mujeres lideresas],2022,Article,es,A_nucleo,True,False,False,"Falla elig_clima: estudia el terremoto y tsunami de 2010 en Chile, amenazas no climáticas sin vínculo explícito con el clima.",high,False
1238,Inoculating against threats to climate activists’ image: Intersectional environmentalism and the Indian farmers’ protest,2022,Article,en,A_nucleo,True,True,True,,high,False
1239,Integrating Youth Perspectives: Adopting a Human Rights and Public Health Approach to Climate Action,2022,Article,en,A_nucleo,True,True,True,,low,False
1240,Integrative resilience in action: Stories from the frontlines of climate change and the Covid-19 pandemic,2022,Article,en,A_nucleo,True,True,True,,medium,False
1241,Intersectional Approach to People Displaced by Environmental Causes; [Enfoque interseccional en las personas desplazadas por causas medioambientales],2022,Article,en,A_nucleo,True,True,True,,low,False
1242,"Intersectional climate justice: A conceptual pathway for bridging adaptation planning, transformative action, and social equity",2022,Review,en,A_nucleo,True,True,True,,medium,False
1243,Intersectional feminism to reenvision mathematical literacies & precarity,2022,Article,en,A_nucleo,True,False,False,Falla elig_clima: el cambio climático solo se cita como ejemplo de crisis global; el objeto es la alfabetización matemática en el currículo.,high,False
1244,"Intersectional subjectivities and climate change adaptation: An attentive analytical approach for examining power, emancipatory processes, and transformation",2022,Article,en,A_nucleo,True,True,True,,medium,False
1245,"Intersectional vulnerability in post-disaster contexts: lived experiences of Dalit women after the Nepal earthquake, 2015",2022,Article,en,A_nucleo,True,False,False,"Falla elig_clima: estudia el terremoto de Nepal de 2015, amenaza no climática sin vínculo explícito con el clima.",high,False
1246,Intersectionalities of Opportunism: Justin Trudeau and the Politics of “Diversity”,2022,Article,en,A_nucleo,True,True,True,,low,False
1247,Intersectionality and climate policy-making: The inclusion of social difference by three Swedish government agencies,2022,Article,en,A_nucleo,True,True,True,,medium,False
1248,"Intersectionality, gender, and project-induced displacement in the informal city: The struggle over stormwater development in Los Platanitos, Dominican Republic",2022,Article,en,A_nucleo,True,True,True,,high,False
1249,Introduction: Disaster Capitalism Comes to Higher Education,2022,Book chapter,en,A_nucleo,True,False,False,"Falla elig_clima: el desastre analizado es la pandemia de COVID-19 en la educación superior, sin vínculo con el clima.",high,False
1250,"LIVING ON THE FAULT LINES: WOMEN’S GENDER, SEXUALITY, AND REPRODUCTIVE HEALTH IN POSTDISASTER NEPAL",2022,Book chapter,en,A_ampliada,False,True,False,"Falla elig_interseccional: 'intersections' designa vínculos temáticos entre salud reproductiva, género y sexualidad, no cruces de ejes u opresiones.",medium,False
1251,LOUDREADING’ POST-COLONIAL PEDAGOGIES IN THE CARIBBEAN AND BEYOND,2022,Book chapter,en,A_ampliada,True,False,False,Falla elig_clima: trata pedagogías poscoloniales en arquitectura y no tiene contenido climático; el incendio del abstract es metafórico.,high,False
1252,Learning from Habitat Reconstruction Initiatives—New Approach for Reducing Vulnerability of Rural Housing in India,2022,Article,en,A_nucleo,False,True,False,"Falla elig_interseccional: 'intersectionality of sectoral interdependencies' tiene sentido intersectorial, no social.",high,False
1253,"Looking Beyond Rape and War – The Need to Take Violence Prevention Seriously in Women, Peace and Security",2022,Article,en,A_nucleo,True,False,False,"Falla elig_clima: el cambio climático solo aparece en una lista de agendas que deberían vincularse con Mujeres, Paz y Seguridad.",medium,False
1254,Mainstreaming Gender in Global Climate Governance: Women and Gender Constituency in the UNFCCC,2022,Book,en,A_nucleo,True,True,True,,medium,False
1255,Mechanical Engineering Micronarratives and/as Changing Stories of Women in STEM,2022,Book chapter,en,A_nucleo,True,False,False,Falla elig_clima: el objeto son las narrativas de mujeres en ingeniería mecánica; las crisis energética y climática son solo contexto.,high,False
1256,Mental Health Impacts of Climate Change on Women: a Scoping Review,2022,Review,en,A_nucleo,True,True,True,,medium,False
1257,Navigating the Politics and Ethics of Hospitality: Inclusive Practice with Forced Migrants,2022,Article,en,A_nucleo,True,False,False,Falla elig_clima: los desastres climáticos solo se mencionan como contexto del aumento de la migración forzada; el objeto es el trabajo social en Australia.,high,False
1258,New Interdisciplinary Perspectives On and Beyond Autonomy,2022,Book,en,A_ampliada,True,False,False,"Falla elig_clima: la emergencia climática es una de varias presiones enumeradas sobre la autonomía, no el objeto del libro.",high,False
1259,Not by trees alone: Centering community in urban forestry,2022,Short survey,en,A_nucleo,True,False,False,Falla elig_clima: la mitigación climática solo justifica en una frase la urgencia del arbolado urbano; el objeto es la justicia en silvicultura urbana.,medium,False
1260,Nuanced assessment of livelihood resilience through the intersectional lens of gender and ethnicity: Evidence from small-scale farming communities in the upland regions of Vietnam,2022,Article,en,A_nucleo,True,True,True,,medium,False
1261,One health: a comprehensive approach to improve prevention and control strategies in Leptospirosis,2022,Article,en,A_nucleo,False,False,False,"Falla elig_interseccional: 'intersectionality' alude a la coordinación intersectorial en salud; además, las inundaciones son una mención incidental.",high,False
1262,Overcoming Disaster Through Critical Consciousness and Ideological Change,2022,Article,en,A_nucleo,True,False,False,"Falla elig_clima: el desastre analizado es la COVID-19, sin vínculo con el clima.",high,False
1263,Participation in Climate Change Adaptation Programs in Nepal: An Intersectional Study,2022,Article,en,A_nucleo,True,True,True,,high,False
1264,"Pluralising planetary justice beyond the North-South divide: Recentring procedural, epistemic, and recognition-based justice in earth-systems governance",2022,Article,en,A_nucleo,True,True,True,,medium,False
1265,Possibilities of a gender-responsive infrastructure for livelihood-vulnerable women's resilience in rural-coastal Bangladesh,2022,Article,en,A_ampliada,False,True,False,"Falla elig_interseccional: 'intersection of gender, inequality and infrastructure design' es un cruce de temas de investigación, no de ejes sociales.",medium,False
1266,Preliminary Research into Education for Sustainability in Cultural Heritage Conservation,2022,Article,en,A_nucleo,True,False,False,Falla elig_clima: el objeto es la educación para la sostenibilidad en conservación patrimonial; la crisis climática es solo una meta contextual.,medium,False
1267,Queer and present danger: understanding the disparate impacts of disasters on LGBTQ+ communities,2022,Article,en,A_nucleo,True,True,True,,medium,False
1268,Reimagining MTMM Designs for Examining Intersectionality in Latent Variables,2022,Article,en,A_nucleo,True,False,False,"Falla elig_clima: 'school climate' es clima escolar, sin relación con el clima físico.",high,False
1269,Responding to perinatal health and services using an intersectional framework at times of natural disasters: A systematic review,2022,Article,en,A_nucleo,True,True,True,,medium,False
1270,Safeguarding the land to secure food in the highlands of Peru: The case of Andean peasant producers,2022,Article,en,A_nucleo,True,True,True,,medium,False
1271,Sex workers’ experiences following the Canterbury earthquakes: Recovery and rebuild,2022,Article,en,A_nucleo,True,False,False,"Falla elig_clima: estudia los terremotos de Canterbury de 2010–2011, amenaza no climática.",high,False
1272,"Social (In)justice, climate change and climate policy in Western Australia",2022,Article,en,A_nucleo,True,True,True,,medium,False
1273,Social and structural factors influencing women’s agency regarding female genital mutilation/ cutting: an intersectional analysis – a reply to ‘The prosecution of Dawoodi Bohra women’ by Richard Shweder,2022,Article,en,A_nucleo,True,False,False,Falla elig_clima: el objeto es la mutilación genital femenina; el cambio climático solo figura entre factores globales de contexto.,high,False
1274,"Social capital, serious mental illness, and the intersection of disaster: Recommendations for enabling resilience",2022,Article,en,A_nucleo,False,True,False,"Falla elig_interseccional: 'intersectionality of social capital and disasters' designa el cruce de dos temas, no de ejes sociales.",medium,False
1275,"Social comparison for concern and action on climate change, racial injustice, and COVID-19",2022,Article,en,A_nucleo,True,True,True,,high,False
1276,Social inclusion and human rights,2022,Book chapter,en,A_nucleo,True,False,False,Falla elig_clima: el clima solo aparece en las palabras clave; el capítulo trata enfoques de derechos en salud y cuidados.,medium,False
1277,Solidarity and Social Justice in Contemporary Societies: An Interdisciplinary Approach to Understanding Inequalities,2022,Book,en,A_nucleo,True,False,False,Falla elig_clima: el cambio climático es uno de varios desafíos globales enumerados; el objeto es la solidaridad ante las desigualdades.,high,False
1278,Spiritual Practice and Sacred Activism in a Climate Emergency,2022,Article,en,A_nucleo,True,True,True,,high,False
1279,"Stuck between Mother Earth and a mother’s womb? On women, population policy and ecological sustainable development",2022,Article,en,A_ampliada,False,True,False,"Falla elig_interseccional: 'intersection of gender roles and the climate crisis' es un cruce de temas; el enfoque es intercultural, no interseccional.",medium,False
1280,Supporting adolescent mental health in humanitarian settings: To what extent do interventions consider climate change and its intersectional impacts?,2022,Article,en,A_nucleo,True,True,True,,medium,False
1281,Synergies and trade-offs between climate change adaptation options and gender equality: a review of the global literature,2022,Review,en,A_nucleo,True,True,True,,medium,False
1282,THE “TAR WARS” AND CLIMATE JUSTICE ACTIVISM IN NORTH AMERICA: A transboundary movement linking the US and Canada,2022,Book chapter,en,A_nucleo,True,True,True,,medium,False
1283,Teaching up: Female sociologists teaching about privilege,2022,Book chapter,en,A_nucleo,True,False,False,Falla elig_clima: 'political climate' es clima político; el capítulo trata la docencia sobre privilegio.,high,False
1284,"Teachings of the People: Environmental Justice, Religion, and the Global South",2022,Article,en,A_nucleo,True,False,False,Falla elig_clima: el cambio climático aparece en una sola frase de contexto; el objeto son iniciativas religiosas de justicia ambiental.,medium,False
1285,The Challenges of Working in the Heat Whilst Pregnant: Insights From Gambian Women Farmers in the Face of Climate Change,2022,Article,en,A_nucleo,True,True,True,,high,False
1286,"The Climate Girl Effect: Fridays, Flint, and Fire",2022,Book,en,A_nucleo,True,True,True,,medium,False
1287,"The Dose Response Effects of Digital HIV Care Navigation on Mental Health and Viral Suppression Among Young People Living With HIV: Single-Arm, Prospective Study With a Pre-Post Design",2022,Article,en,A_nucleo,True,False,False,Falla elig_clima: el objeto es una intervención digital de atención al VIH; los desastres solo se mencionan en la conclusión.,high,False
1288,The Meaningful Participation of Women in Solving Our Common Crises: Gendered Perspectives on Climate Change and the Humanitarian-Development-Peace Nexus,2022,Article,en,A_nucleo,True,True,True,,medium,False
1289,The case for Interdisciplinary Crisis Studies,2022,Article,en,A_nucleo,True,True,True,,high,False
1290,The many-headed Hydra: assessing the Indigenous-hydropower cycle in Costa Rica,2022,Article,en,A_ampliada,False,True,False,"Falla elig_interseccional: 'intersection of hydropower development and Indigenous rights' es un cruce de temas, sin vocabulario interseccional en sentido social.",medium,False
1291,The representation of lesbianism in Lucía Puenzo's El niño pez: A haptic and diegetic analysis from intersectionality; [La representación del lesbianismo en El niño pez de Lucía Puenzo: un análisis háptico y diegético desde la interseccionalidad],2022,Article,es,A_nucleo,True,False,False,Falla elig_clima: analiza la representación del lesbianismo en una película y no tiene contenido climático.,high,False
1292,The worldwide ageism crisis,2022,Article,en,A_nucleo,True,False,False,Falla elig_clima: el objeto es el edadismo y la crisis climática aparece solo como mención incidental entre otros problemas sociales.,high,False
1293,The “Greta Effect”: Networked Mobilization and Leader Identification Among Fridays for Future Protesters,2022,Article,en,A_nucleo,True,True,True,,medium,False
1294,Towards a cultural lens for adaptation pathways to climate change,2022,Article,en,A_nucleo,True,True,True,,low,False
1295,Tracking local and regional climate im/mobilities through a multidimensional lens,2022,Article,en,A_nucleo,True,True,True,,low,False
1296,Twenty-first century bioarchaeology: Taking stock and moving forward,2022,Article,en,A_nucleo,True,False,False,"Falla elig_clima: el cambio climático figura solo en una lista de temas prometedores para la bioarqueología, sin formar parte del objeto.",high,False
1297,Understanding Farmworker Fluid Intake Using Intersectionality Theory,2022,Article,en,A_nucleo,True,True,True,,medium,False
1298,Unpacking intersecting complexities for WASH in challenging contexts: A review,2022,Review,en,A_nucleo,True,True,True,,high,False
1299,Using Bio-Inspired Design and STEAM to Teach the Entrepreneurial Mindset to Engineers,2022,Conference paper,en,A_nucleo,True,False,False,Falla elig_clima: el cambio climático es solo una frase de contexto inicial; 'intersectionality focus of arts' tiene sentido ambiguo (probable cruce disciplinar).,high,False
1300,"Violence to Children, Definition and Prevention of",2022,Book chapter,en,A_nucleo,True,True,True,,low,False
1301,"Well grounded: Indigenous Peoples' knowledge, ethnobiology and sustainability",2022,Review,en,A_ampliada,False,False,False,"Falla elig_interseccional: 'intersections' designa el cruce entre conocimiento indígena y etnobiología, no categorías sociales; el clima solo aparece como keyword.",high,False
1302,What is equitable about equitable resilience? Dynamic risks and subjectivities in Nepal,2022,Article,en,A_nucleo,True,True,True,,medium,False
1303,What the Chlordecone Pollution Says About Modes of Inhabiting the World: Examining the Intersection of Socio-Racial Inequality and Environmental Degradation in Tropiques Toxiques by Jessica Oublié et al.,2022,Article,en,A_ampliada,False,False,False,"Falla elig_clima: analiza la contaminación por clordecona (desastre agroquímico) en una novela gráfica, sin vínculo climático; 'intersection' cruza desigualdad y degradación ambiental.",high,False
1304,When Girls Lead,2022,Article,en,A_nucleo,True,True,True,,medium,False
1305,"Youth, Gender and Climate Resilience: Voices of Adolescent and Young Women in Southern Africa",2022,Article,en,A_nucleo,True,True,True,,medium,False
1306,‘Droughts and Flooding Rains’: Ecology and Australian Theatre in the 1950s,2022,Article,en,A_nucleo,True,False,False,Falla elig_clima: relee dos obras teatrales desde una crítica colonial-ecológica del uso de la tierra; sequías e inundaciones solo aparecen en título y keywords.,medium,False
1307,‘MI I PL ET RIUM’ Navigating a Post-Apocalyptic World in Karen Russell’s “The Gondoliers”,2022,Article,en,A_nucleo,True,True,True,,high,False
1308,“Earth Girl Won't Stand For It!”: Representations of Environmental (In)Justice in Mayah's Lot (2012),2022,Article,en,A_ampliada,True,False,False,"Falla elig_clima: analiza un cómic sobre un depósito de residuos tóxicos; la crisis climática solo enmarca la introducción, sin formar parte del objeto.",medium,False
1309,“Sexuality does not belong to the game”-Discourses in Overwatch Community and the Privilege of Belonging,2022,Article,en,A_ampliada,True,False,False,Falla elig_clima: 'political climate' tiene sentido no físico; el objeto es la pertenencia por género y sexualidad en comunidades de videojuegos.,high,False
1310,“They Didn’t See It Coming”: Green Resilience Planning and Vulnerability to Future Climate Gentrification,2022,Article,en,A_nucleo,True,True,True,,medium,False
1311,“What do the doves say?” The Revolt Against Colonial Corruption in the Verano Boricua,2022,Article,en,A_nucleo,True,True,True,,medium,False
1312,"“Zero Emission, Zero Compromises”: An Intersectional, Qualitative Exploration of Masculinities in Tesla’s Consumer Stories",2022,Article,en,A_nucleo,True,True,True,,medium,False
1313,A Call to Action for School Psychology to Address COVID-19 Health Disparities and Advance Social Justice,2021,Article,en,A_nucleo,True,False,False,"Falla elig_clima: el desastre analizado es la pandemia de COVID-19, sin vínculo con el clima.",high,False
1314,A Framework for Operationalizing Climate-Just Ocean Commitments Under the Paris Agreement,2021,Article,en,A_nucleo,False,True,False,"Falla elig_interseccional: 'intersectionality' designa el cruce de la justicia climática con ciencia, derecho y economía, un uso interdisciplinar y no social.",high,False
1315,Accounting for gender in climate policy advice: adapting a gender impact assessment tool to issues of climate change,2021,Article,en,A_nucleo,True,True,True,,low,False
1316,Achieving Gender Equality in Theface of a Climate Crisis,2021,Book chapter,en,A_nucleo,True,True,True,,medium,False
1317,"Across Time, Across Space, and Intersecting in Complex Ways: A Framework for Assessing Impacts of Environmental Disruptions on Nature-Dependent Prosumers",2021,Article,en,A_nucleo,True,True,True,,medium,False
1318,Activism through Music during the Apartheid Era and Beyond: When Voices Meet,2021,Book,en,A_ampliada,False,False,False,"Falla elig_clima: 'political climate' tiene sentido no físico; el libro trata el activismo musical en la transición sudafricana, sin objeto climático.",high,False
1319,An ecofeminist reading of Octavia Butler’s parable of the sower and parable of talents,2021,Book chapter,en,A_ampliada,True,True,True,,medium,False
1320,Animals in Disaster Social Work: An Intersectional Green Perspective Inclusive of Species,2021,Review,en,A_nucleo,True,True,True,,low,False
1321,Applying intersectionality to climate hazards: a theoretically informed study of wildfire in northern Saskatchewan,2021,Article,en,A_nucleo,True,True,True,,high,False
1322,Beijing +25 consultative forumGeneration Equality: Realising Women’s Rights for an Equal Future,2021,Article,en,A_nucleo,True,True,True,,medium,False
1323,Beyond Social Vulnerability: COVID-19 as a Disaster of Racial Capitalism,2021,Article,en,A_nucleo,True,False,False,Falla elig_clima: el objeto es la pandemia de COVID-19 como desastre del capitalismo racial; las amenazas naturales solo ilustran la literatura de desastres.,high,False
1324,"Blacks weather, Whites climate",2021,Article,en,A_ampliada,False,True,False,"Falla elig_interseccional: 'intersections of race, weather and climate' cruza una categoría social con fenómenos físicos, sin invocar intersecciones entre categorías sociales.",medium,False
1325,"Breaking the dichotomies: Climate, coal, and gender. paving the way to a just transition. The example of Colombia",2021,Article,en,A_nucleo,True,True,True,,high,False
1326,Breeding cultivars from blueberry 3 deerberry hybrids: Progress and prospects,2021,Article,en,A_nucleo,False,False,False,"Falla elig_interseccional: 'intersectional hybrids' designa cruces entre secciones botánicas de Vaccinium; la tolerancia a sequía es solo un rasgo de mejora, no objeto climático.",high,False
1327,Bright as night: Illuminating the antinomies of ‘gender positive’ solar development,2021,Article,en,A_nucleo,True,True,True,,high,False
1328,"CLIMATE CHANGE IMPACTS IN COASTAL BANGLADESH: MIGRATION, GENDER AND ENVIRONMENTAL INJUSTICE",2021,Article,en,A_nucleo,True,True,True,,high,False
1329,"Carceral and Climate Crises and Health Inequities: A Call for Greater Transparency, Accountability, and Human Rights Protections",2021,Article,en,A_nucleo,True,True,True,,medium,False
1330,Centering at the Margins: Critical Community Resilience Praxis,2021,Article,en,A_nucleo,True,True,True,,medium,False
1331,Challenges to building social capital through planned adaptation: Evidence from rural communities in Bangladesh,2021,Article,en,A_nucleo,True,True,True,,medium,False
1332,"Climate change, COVID-19, and the co-production of injustices: a feminist reading of overlapping crises",2021,Article,en,A_nucleo,True,True,True,,medium,False
1333,"Climate change, adaptation and gender concernsApproaches and learnings from global and Indian experiences",2021,Book chapter,en,A_nucleo,True,True,True,,low,False
1334,"Climate change, human rights and poverty: Intersections and challenges",2021,Book chapter,en,A_nucleo,True,True,True,,medium,False
1335,"Climate injustice, criminalisation of land protection and anti-colonial solidarity: Courtroom ethnography in an age of fossil fuel violence",2021,Article,en,A_nucleo,True,True,True,,medium,False
1336,Climate justice: priorities for equitable recovery from the pandemic,2021,Article,en,A_nucleo,True,True,True,,medium,False
1337,"Constructs of childhood, generation and heroism in editorials on young people's climate change activism: Their mobilisation and effects",2021,Article,en,A_nucleo,True,True,True,,medium,False
1338,Contextualization of Psychological First Aid: An Integrative Literature Review,2021,Article,en,A_ampliada,True,True,True,,medium,False
1339,Crime and victimisation in the era of the United Nations Sustainable Development Goals,2021,Conference paper,en,A_ampliada,True,False,False,Falla elig_clima: el objeto es el crimen y la victimización ante los ODS; el cambio climático solo aparece en la frase final como imperativo de investigación.,medium,False
1340,Dealing with Background Inequality in Post-Disaster Participatory Spaces,2021,Article,en,A_nucleo,True,True,True,,low,False
1341,"Differentiated vulnerabilities and capacities for adaptation to water shortage in Gaborone, Botswana",2021,Article,en,A_nucleo,True,True,True,,low,False
1342,Disaster Risk Reduction for All?: Understanding Intersectionality in Disaster Situations,2021,Conference paper,en,A_nucleo,True,True,True,,medium,False
1343,"Diversity, Equity, and Inclusion in Civil and Environmental Engineering Education: Social Justice in a Changing Climate",2021,Conference paper,en,A_ampliada,True,False,False,"Falla elig_clima: el objeto es la integración de DEI en la docencia de ingeniería; 'changing climate' solo figura en el título, sin tratamiento climático en el abstract.",medium,False
1344,Ecofeminist Theologies in the Age of Climate Crisis,2021,Article,en,A_ampliada,False,True,False,"Falla elig_interseccional: las 'intersections of gender/nature and feminism and ecology' cruzan temas y campos, no categorías sociales o sistemas de opresión.",high,False
1345,Ecofeminist Theology: Intersectional Justice and Plumwood’s Philosophical Animism,2021,Article,en,A_nucleo,True,True,True,,low,False
1346,Emancipatory spaces: Opportunities for (re)negotiating gendered subjectivities and enhancing adaptive capacities,2021,Article,en,A_nucleo,True,True,True,,medium,False
1347,"Energy for food, livelihoods, and resilience: An integrated development agenda for Africa",2021,Article,en,A_nucleo,False,True,False,"Falla elig_interseccional: el 'intersectional approach' alude a intervenciones intersectoriales en el nexo alimento-energía, no a categorías sociales.",high,False
1348,Engaging economies of change: Equitable partnerships for climate action,2021,Book chapter,en,A_nucleo,True,True,True,,high,False
1349,Environmental Resilience and Transformation in times of COVID-19: Climate Change Effects on Environmental Functionality,2021,Book,en,A_nucleo,False,True,False,"Falla elig_interseccional: la 'intersectionality between climate, sustainability, the environment, and public health' cruza campos, no categorías sociales.",high,False
1350,Equity considerations in loss and damage,2021,Book chapter,en,A_nucleo,True,True,True,,medium,False
1351,Examining Gendered Expectations on Women's Vulnerability to Natural Hazards in Low to Middle Income Countries: A critical Literature Review,2021,Review,en,A_nucleo,True,True,True,,high,False
1352,Examining climate change and food security in Ghana through an intersectional framework,2021,Article,en,A_nucleo,True,True,True,,low,False
1353,Examining the outcomes of urban adaptation interventions on gender equality using SDG 5,2021,Review,en,A_nucleo,True,True,True,,medium,False
1354,Exploring women’s differentiated access to climate‐smart agricultural interventions in selected climate‐smart villages of Latin America,2021,Article,en,A_nucleo,True,True,True,,high,False
1355,"Facilitating sustainable disaster risk reduction in indigenous communities: Reviving indigenous worldviews, knowledge and practices through two-way partnering",2021,Article,en,A_nucleo,True,True,True,,medium,False
1356,Flood Recovery Outcomes and Disaster Assistance Barriers for Vulnerable Populations,2021,Review,en,A_nucleo,True,True,True,,medium,False
1357,"From Glass Ceiling to Green Canopy: An Intersectional Model of Feminist Sustainability in Fondes Amandes, Trinidad",2021,Article,en,A_nucleo,True,True,True,,medium,False
1358,"From Urban Resilience to Abolitionist Climate Justice in Washington, DC",2021,Article,en,A_nucleo,True,True,True,,medium,False
1359,Gender and EU climate policy,2021,Book chapter,en,A_nucleo,True,True,True,,high,False
1360,"Gender and climate change as new development tropes of vulnerability for the Global South: essentializing gender discourses in Maasailand, Tanzania; [Género e alterações climáticas como novos tropos no desenvolvimento da vulnerabilidade para o Sul Global: essencialização discursos de gênero em Maasailand, Tanzânia]; [Género y cambio climático como nuevos tropos de desarrollo de vulnerabilidad para el Sur Global: esencializando los discursos de género en Maasailand, Tanzania]",2021,Article,en,A_nucleo,True,True,True,,medium,False
1361,"Gender equality for a thriving, sustainable arctic",2021,Article,en,A_nucleo,True,True,True,,medium,False
1362,"Gender in sustainability research: Inclusion, intersectionality, and patterns of knowledge production",2021,Article,en,A_nucleo,True,False,False,Falla elig_clima: el objeto es la producción de conocimiento en investigación de sostenibilidad (ecología industrial) y el cambio climático solo aparece en una lista de áreas.,medium,False
1363,"Gender, ethnicity and vulnerability to climate change: The case of matrilineal and patrilineal societies in Bamenda Highlands Region, Cameroon",2021,Article,en,A_nucleo,True,True,True,,medium,False
1364,"Gender, intersectionality and climate institutions in industrialised states",2021,Book,en,A_nucleo,True,True,True,,medium,False
1365,"Gender, place, and agricultural extension: a mixed-methods approach to understand farmer needs in Liberia",2021,Article,en,A_ampliada,True,True,True,,low,False
1366,Gendered care work and environmental injustice: A feminist analysis of educators’ emotional labor in disaster recovery,2021,Article,en,A_nucleo,True,True,True,,medium,False
1367,"Grand Challenges, Feminist Answers",2021,Review,en,A_nucleo,True,True,True,,medium,False
1368,Health care in a changing climate: A review of hhr_final_logo_alone.indd 1 climate change laws and national adaptation plans in latin America,2021,Article,en,B_afin,True,True,True,,low,False
1369,How does climate change adaptation policy in India consider gender? An analysis of 28 state action plans,2021,Article,en,A_nucleo,True,True,True,,medium,False
1370,"How land use, climate change, and an ageing demographic intersect to create new vulnerabilities in Hong Kong",2021,Article,en,A_nucleo,True,True,True,,medium,False
1371,Illuminant intersections: Injustice and inequality through electricity and water infrastructures at the Gujarat Solar Park in India,2021,Article,en,A_nucleo,True,True,True,,medium,False
1372,Innovation and integrity: Working through disruption to support teachers in their roles as literacy educators,2021,Book chapter,en,A_nucleo,False,False,False,"Falla elig_interseccional: 'intersectionality of communities' alude al cruce de comunidades profesionales, no a categorías sociales; también falla elig_clima, pues el huracán es solo contexto.",medium,False
1373,Intersectional Perspective of Strengthening Climate Change Adaptation of Agrarian Women in Cameroon,2021,Book chapter,en,A_nucleo,True,True,True,,medium,False
1374,Intersectional and Entangled Risks: An Empirical Analysis of Disasters and Landfills,2021,Article,en,A_nucleo,True,True,True,,medium,False
1375,Intersectional climate urbanism: Towards the inclusion of marginalised voices,2021,Review,en,A_nucleo,True,True,True,,medium,False
1376,"Intersectional trauma: COVID-19, the psychosocial contract, and America’s racialized public health lineage.",2021,Article,en,A_nucleo,True,True,True,,low,False
1377,"Intersectionality of Race, Ethnicity, and Culture in Neglect, Abuse, and Violence Against Older Persons: Human Rights, Global Health, and Systems Approaches in Pandemics",2021,Book chapter,en,A_nucleo,True,False,False,Falla elig_clima: trata el maltrato a personas mayores durante la COVID-19; los desastres mencionados son crisis sanitarias sin vínculo climático.,high,False
1378,Intersectionality shapes adaptation to social-ecological change,2021,Article,en,A_nucleo,True,True,True,,high,False
1379,"Intersections between climate change and female genital mutilation among the Maasai of Kajiado County, Kenya",2021,Article,en,A_nucleo,True,True,True,,low,False
1380,Intimate Partner Violence Help-Seeking for Latina Undocumented Immigrant Survivors: Feminist Intersectional Experiences Narrated Through Testimonio,2021,Article,en,A_nucleo,True,False,False,Falla elig_clima: el objeto es la búsqueda de ayuda ante violencia de pareja; 'climate' aparece solo en el sentido de clima político.,high,False
1381,Introduction,2021,Note,en,A_nucleo,False,False,False,"Fallan ambos criterios: 'intersectional collaboration' significa colaboración interdisciplinar y el objeto es el desastre nuclear de Fukushima, no una amenaza climática.",high,False
1382,Introduction: Thinking with the Monsoon,2021,Editorial,en,A_nucleo,False,True,False,"Falla elig_interseccional: 'intersectional understandings' alude a cruces entre dominios (aires, aguas, suelos; estéticas, ontologías), no a categorías sociales.",medium,False
1383,Investigating the Impact of the COVID-19 Pandemic on Computing Students' Sense of Belonging,2021,Conference paper,en,A_nucleo,True,False,False,Falla elig_clima: estudia el sentido de pertenencia estudiantil durante la COVID-19; el cambio climático es solo una preocupación de contexto enumerada.,high,False
1384,Is lesbian identity obsolete?,2021,Article,en,A_nucleo,True,False,False,Falla elig_clima: trata la identidad lésbica; el cambio climático solo aparece en la frase final como amenaza que el movimiento enfrenta.,high,False
1385,Language and climate justice: A research agenda,2021,Note,en,A_nucleo,True,True,True,,low,False
1386,Mapping tree species distribution in support of China's integrated tree-livestock-crop system,2021,Article,en,A_nucleo,False,False,False,Fallan ambos criterios: 'intersectional' remite a la teoría de conjuntos (lógica difusa) y el cambio climático es solo una frase de contexto en un estudio de idoneidad agroforestal.,high,False
1387,"Masculinity, Nature, Ecofeminism, and the “Anthropo”cene",2021,Book chapter,en,A_nucleo,True,True,True,,medium,False
1388,Missing Pieces in the Discussion on Climate Change and Risk: Intersectionality and Compounded Vulnerability,2021,Article,en,A_nucleo,True,True,True,,medium,False
1389,Navigating Identity: The Intersection of Social and Biological Identity from the World War II Battle of Tarawa,2021,Article,en,A_ampliada,False,False,False,Fallan ambos criterios: la 'intersection' cruza identidad biológica y social en la identificación forense de caídos en la batalla de Tarawa; no hay objeto climático.,high,False
1390,Orchestrating the participation of women organisations in the unfccc led climate finance decision making,2021,Article,en,A_ampliada,False,True,False,Falla elig_interseccional: 'intersection of climate finance and gender' es el cruce de dos temas; el análisis se limita al género sin otras categorías sociales.,high,False
1391,"PARTICULATES//Tulips: (Or, Estimating Respiratory Effects of Ambient Air Pollution and COVID-19 Using a Policing-Climate Adjusted Hazard Function)",2021,Article,en,A_ampliada,False,True,False,"Falla elig_interseccional: las 'intersections' son entre amenazas superpuestas (COVID-19, racismo estructural, violencia policial) centradas en la raza, no entre categorías sociales.",medium,False
1392,"Poetry as Praxis + “Illumination”: Toward an Epistemically Just Health Promotion for Resistance, Healing, and (Re)Imagination",2021,Article,en,A_ampliada,False,False,False,"Fallan ambos criterios: las 'intersections' son entre amenazas (racismo, COVID-19, violencia policial, clima) y el cambio climático es solo contexto de una propuesta sobre poesía y promoción de la salud.",medium,False
1393,Politics of vulnerability: Impacts of COVID-19 and Cyclone Harold on Indo-Fijians engaged in small-scale fisheries,2021,Article,en,A_nucleo,True,True,True,,low,False
1394,Present and future sea level rise at the intersection of race and poverty in the Carolinas: A geospatial analysis,2021,Article,en,A_ampliada,True,True,True,,medium,False
1395,"Psychological resilience for climate change transformation: relational, differentiated and situated perspectives",2021,Review,en,A_nucleo,True,True,True,,low,False
1396,Resilience and adaptive capacity of Oregon's fishing community: Cumulative impacts of climate change and the graying of the fleet,2021,Article,en,A_nucleo,False,True,False,"Falla elig_interseccional: la 'intersectionality' alude a la combinación de impulsores de cambio (clima, regulación, demografía, mercados), no a categorías sociales.",medium,False
1397,"Rethinking Resistance: An ecofeminist approach to anti-Colonialism in Louise Erdrich’s Future Home Of The Living God, and Oreet Ashery and Larissa Sansour’s The Novel Of Nonel And Vovel",2021,Book chapter,en,A_ampliada,False,False,False,"Falla elig_interseccional: la 'intersection' es entre campos (ecofeminismo, estudios indígenas, ciencia ficción); además, el cambio climático es solo el escenario de una novela.",medium,False
1398,Routledge handbook of feminist peace research,2021,Book,en,A_ampliada,False,False,False,"Fallan ambos criterios: la 'intersection' es entre temas (feminismo, paz, justicia, violencia) y el cambio climático solo figura en una lista de subtemas.",high,False
1399,Scenarios of Human Responses to Unprecedented Social-Environmental Extreme Events,2021,Note,en,A_nucleo,True,True,True,,high,False
1400,Semi-structured interviews on disaster and emergency preparedness for people with disabilities in two states in Mexico,2021,Article,en,A_nucleo,True,True,True,,high,False
1401,Social vulnerability and the impact of policy responses to COVID-19 on disabled people,2021,Article,en,A_nucleo,True,False,False,Falla elig_clima: el objeto son las políticas frente a la COVID-19 (amenaza no climática); los desastres naturales solo aparecen en la recomendación final.,medium,False
1402,Socially distant and out of reach: Unintended consequences of COVID-19 prevention efforts on transgender and gender non-binary populations in Puerto Rico,2021,Article,en,A_ampliada,True,False,False,Falla elig_clima: el objeto son los efectos de la prevención de la COVID-19 en personas trans con trastorno por opioides; los huracanes de 2017 son solo contexto.,medium,False
1403,"THE ROUTLEDGE HANDBOOK OF RELIGION, GENDER AND SOCIETY",2021,Book,en,A_nucleo,True,False,False,Falla elig_clima: manual sobre religión y género; el cambio climático solo aparece en una lista de temas tratados.,high,False
1404,Teaching up: Faculty of color teaching about privilege,2021,Book chapter,en,A_nucleo,True,False,False,Falla elig_clima: trata la docencia sobre privilegio del profesorado de color; 'climate' solo aparece como clima político.,high,False
1405,The Oxford Handbook of comparative environmental politics,2021,Book,en,A_nucleo,True,False,False,Falla elig_clima: manual de política ambiental comparada; el cambio climático es solo uno de varios temas enumerados.,medium,False
1406,The Separation of Religious and National Identity among American Youth,2021,Article,en,A_nucleo,True,False,False,Falla elig_clima: estudia la identidad religiosa y nacional de jóvenes cristianos; 'climate' solo aparece como clima político.,high,False
1407,The dark side of ambition: Side-effects of China's climate policy,2021,Review,en,A_nucleo,True,True,True,,high,False
1408,The gendered pandemic: The implications of COVID-19 for work and family,2021,Article,en,A_nucleo,True,False,False,"Falla elig_clima: sintetiza efectos de la pandemia de COVID-19 en trabajo y familia, una amenaza no climática.",high,False
1409,The practice of multispecies relations in urban space and its potentialities for new legal imaginaries,2021,Book chapter,en,A_nucleo,False,False,False,"Fallan ambos criterios: 'intersectional' califica un conjunto de cosmologías y prácticas, no categorías sociales, y la emergencia climática es solo telón de fondo.",medium,False
1410,Tort Law and Climate Change,2021,Article,en,A_nucleo,True,True,True,,high,False
1411,"Toward a climate mobilities research agenda: Intersectionality, immobility, and policy responses",2021,Short survey,en,A_nucleo,True,True,True,,low,False
1412,Towards climate resilient peace: an intersectional and degrowth approach,2021,Article,en,A_nucleo,True,True,True,,medium,False
1413,Vulnerabilities associated with slow-onset events (SoEs) of climate change: multi-level analysis in the context of Pakistan,2021,Review,en,A_nucleo,True,True,True,,low,False
1414,War and Queerness,2021,Book chapter,en,A_nucleo,True,False,False,Falla elig_clima: ensayo sobre cultura de guerra en la literatura queer; la crisis climática solo aparece en uno de cuatro enfoques enumerados.,high,False
1415,"Who are the losers? Gendered-migration, climate change, and the impact of large scale land acquisitions on food security in coastal Tanzania",2021,Article,en,A_ampliada,True,True,True,,medium,False
1416,Why Now: The Ethical Act of Architectural Declaration,2021,Article,en,A_nucleo,True,True,True,,high,False
1417,"Wounded attachments to disaster recovery: Gendered structural violence and everyday life, Indian experiences explored",2021,Article,en,A_nucleo,True,True,True,,medium,False
1418,Wuhan Household Food Provisioning under Blockaded COVID-19 Lockdown,2021,Article,en,A_nucleo,True,False,False,"Falla elig_clima: estudia el abastecimiento alimentario durante el confinamiento por COVID-19 en Wuhan, una amenaza no climática.",high,False
1419,Young people – citizens in times of climate change? A childist approach to human responsibility,2021,Article,en,A_nucleo,True,True,True,,high,False
1420,‘Leaving no one unscathed’ in sustainability transitions: The life purging agro-extractivism of corporate renewables,2021,Article,en,A_nucleo,True,True,True,,medium,False
1421,‘The Road Never Ends’: Ecofeminism and Magical Realism in Rachel Zadok’s Sister-Sister,2021,Article,en,A_nucleo,True,False,False,"Falla elig_clima: análisis literario de una novela ambientada en una sequía ficticia; el análisis se centra en neoliberalismo, pobreza y violencia sexual, no en el clima.",low,False
1422,“Always Thinking About Safety”: African American Lesbian Mothers’ Perceptions of Risk and Well-being,2021,Article,en,A_nucleo,True,False,False,Falla elig_clima: estudia riesgo y bienestar de madres lesbianas afroamericanas; 'climate' solo aparece como clima político.,high,False
1423,“Life is already hard enough”: Lesbian and gay adoptive parents’ experiences and concerns after the 2016 presidential election.,2021,Article,en,A_nucleo,True,False,False,Falla elig_clima: trata la respuesta de familias adoptivas de minorías sexuales a las elecciones de 2016; 'climate' es solo clima político.,high,False
1424,“What American Dream Is This?”: The Effect of Trump’s Presidency on Immigrant Latinx Transgender People,2021,Article,en,A_nucleo,True,False,False,Falla elig_clima: estudia a personas trans latinas inmigrantes bajo la presidencia de Trump; 'climate' es solo clima político.,high,False
1425,A Moment of Intersecting Crises: Climate Justice in the Era of Coronavirus,2020,Article,en,A_nucleo,True,True,True,,high,False
1426,A Woman by Nature? Darren Aronofsky’s mother! as American Ecofeminist Gothic,2020,Article,en,A_nucleo,True,True,True,,medium,False
1427,"A backward glance for a queer utopian future: Genesis, climate change, and hope as a hermeneutic",2020,Article,en,A_nucleo,True,True,True,,high,False
1428,A climate terrorism assemblage? Exploring the politics of climate change-terrorism-radicalisation relations,2020,Article,en,A_nucleo,True,True,True,,medium,False
1429,A colonized COP: Indigenous exclusion and youth climate justice activism at the United Nations climate change negotiations,2020,Article,en,A_nucleo,True,True,True,,medium,False
1430,"A forecasted failure: Intersectionality, COVID-19, and the perfect storm",2020,Article,en,A_nucleo,True,False,False,"Falla elig_clima: analiza la pandemia de COVID-19 en Estados Unidos y la 'perfect storm' es una metáfora, sin vínculo climático.",high,False
1431,A gendered analysis of COVID-19 and the implications for online learning,2020,Conference paper,en,A_nucleo,True,False,False,"Falla elig_clima: trata la COVID-19 y el aprendizaje en línea en Canadá; la 'storm' es una metáfora, sin vínculo climático.",high,False
1432,"A people-centered approach to program design: Unpacking risks and vulnerabilities in Darfur, Sudan",2020,Book chapter,en,A_nucleo,True,True,True,,high,False
1433,Acting Queer: Gender Dissidence and the Subversion of Realism,2020,Book,en,A_ampliada,False,False,False,"Fallan ambos criterios: 'intersection' alude al cruce entre estudios queer y pedagogía actoral, y la crisis climática es una mención incidental.",high,False
1434,Addressing the Disproportionate Impacts of the COVID-19 Pandemic on Sexual and Gender Minority Populations in the United States: Actions Toward Equity,2020,Review,en,A_nucleo,True,False,False,Falla elig_clima: trata impactos de la pandemia de COVID-19 en minorías sexuales y de género; la preparación ante desastres es secundaria y no climática.,high,False
1435,An Intersectional Analysis of LGBTQ Online Media Coverage of the Pulse Nightclub Shooting Victims,2020,Article,en,A_nucleo,True,False,False,"Falla elig_clima: analiza la cobertura mediática LGBTQ de las víctimas del tiroteo de Pulse, sin objeto climático.",high,False
1436,Arctic Athabaskan Council’s petition to the Inter-American Commission on human rights and climate change—business as usual or a breakthrough?,2020,Article,en,A_ampliada,False,True,False,"Falla elig_interseccional: 'intersection' une temas (derechos humanos, pueblos indígenas y cambio climático), no categorías sociales ni sistemas de opresión.",high,False
1437,Association of summer heat waves and the probability of preterm birth in Minnesota: An exploration of the intersection of race and education,2020,Article,en,A_ampliada,True,True,True,,medium,False
1438,Biblical interpretation and kyriarchal globalization,2020,Book chapter,en,A_nucleo,True,False,False,Falla elig_clima: estudia la hermenéutica bíblica feminista ante la globalización kyriarcal; el calentamiento global aparece solo en una lista de rasgos de contexto.,high,False
1439,Challenges of mainstreaming green infrastructure in built environment professions,2020,Article,en,A_nucleo,False,True,False,"Falla elig_interseccional: 'intersectional' califica desafíos interrelacionados de la infraestructura verde (sentido intersectorial), no categorías sociales.",high,False
1440,"Climate Change, the Intersectional Imperative, and the Opportunity of the Green New Deal",2020,Review,en,A_nucleo,True,True,True,,medium,False
1441,Climate change glossary for public health practice: From vulnerability to climate justice,2020,Note,en,A_nucleo,True,True,True,,high,False
1442,Compounded Exclusion: Education for Disabled Refugees in Sub-Saharan Africa,2020,Article,en,A_nucleo,True,False,False,Falla elig_clima: trata la educación de refugiados con discapacidad; el desastre natural es solo una de las causas de desplazamiento citadas como contexto.,high,False
1443,"Contemporary feminist imaginings of the refuge-space: implications for black and ‘minority ethnic’, migrant survivors in the UK",2020,Article,en,A_nucleo,True,False,False,Falla elig_clima: 'climate' tiene sentido sociopolítico (clima hostil) en un estudio sobre refugios para sobrevivientes de violencia doméstica.,high,False
1444,Control creep and the multiple exclusions faced by women in low-autonomy sex industry sectors; [A capilaridade de controle e as exclusões múltiplas encaradas por mulheres engajadas em setores da indústria sexual de baixa autonomia],2020,Article,en,A_nucleo,True,False,False,"Falla elig_clima: estudia exclusiones de mujeres en la industria sexual; la 'perfect storm' es metáfora, sin vínculo climático.",high,False
1445,Cultural competence and disaster mental health,2020,Book chapter,en,A_ampliada,True,True,True,,low,False
1446,Dealing with climate change in semi-arid Ghana: understanding intersectional perceptions and adaptation strategies of women farmers,2020,Article,en,A_nucleo,True,True,True,,medium,False
1447,Decolonising ideas of healing in medical education,2020,Review,en,A_nucleo,True,False,False,Falla elig_clima: trata la descolonización de la educación médica; el cambio climático aparece solo como resonancia con la salud planetaria.,high,False
1448,Eco-queering US K-12 Environmental Curricula: An Epistemic Conceptual Investigation into Queer Pessimisms Serving as a Pragmatics to Navigate Current Environmental Castrations,2020,Book chapter,en,A_nucleo,False,True,False,Falla elig_interseccional: 'intersectional' describe la fusión de escuelas epistemológicas y ontológicas (sentido interdisciplinar) y solo se trata la queeridad.,medium,False
1449,"Expanding the Boundaries of Justice in Urban Greening Scholarship: Toward an Emancipatory, Antisubordination, Intersectional, and Relational Approach",2020,Article,en,A_nucleo,True,False,False,Falla elig_clima: el objeto es la justicia en el reverdecimiento urbano; la resiliencia climática figura solo en una lista de objetivos del verde urbano.,medium,False
1450,Feminist geographies of climate change: Negotiating gender at climate talks,2020,Article,en,A_nucleo,True,True,True,,medium,False
1451,"Feminist methods in a “post-truth” political climate: objectives, strategies, and divisions",2020,Article,en,A_nucleo,True,False,False,"Falla elig_clima: 'political climate' tiene sentido político; el artículo examina métodos feministas, sin objeto climático.",high,False
1452,Five Years Later: Assessing the Implementation of the Four Priorities of the Sendai Framework for Inclusion of People with Disabilities,2020,Article,en,A_nucleo,True,True,True,,low,False
1453,"From action to intra-action? Agency, identity and ‘goals’ in a relational approach to climate change education",2020,Article,en,A_nucleo,True,True,True,,high,False
1454,Gender and environmental studies,2020,Book chapter,en,A_nucleo,True,True,True,,medium,False
1455,Gender in Détente and Disaster: Women Climbers in the Soviet International Pamir Camp 1974,2020,Article,en,A_nucleo,True,False,False,"Falla elig_clima: el 'disaster' es un accidente de montañismo de 1974 y el análisis trata género y Guerra Fría, no amenazas climáticas.",high,False
1456,"Gendered translocal connectedness: Rural–urban migration, remittances, and social resilience in Thailand",2020,Article,en,A_nucleo,True,True,True,,medium,False
1457,Gendered vulnerabilities and adaptation to climate change,2020,Book chapter,en,A_nucleo,True,True,True,,medium,False
1458,"Health, safety, and education measures for fire in schools: A review article",2020,Review,en,A_nucleo,False,False,False,"Fallan ambos criterios: 'intersectional relations' alude a relaciones intersectoriales y el incendio es de edificios escolares, no una amenaza climática.",high,False
1459,"Identity, politics, and the pandemic: Why is COVID-19 a disaster for feminism(s)?",2020,Note,en,A_nucleo,True,False,False,Falla elig_clima: examina la COVID-19 como 'disaster' para el feminismo; la pandemia no tiene vínculo climático.,high,False
1460,Immigration/migration and healthy publics: the threat of food insecurity,2020,Article,en,A_nucleo,True,False,False,Falla elig_clima: el cambio climático aparece solo en la frase inicial de contexto; el objeto es la inseguridad alimentaria bajo políticas migratorias restrictivas.,medium,False
1461,Indigenous Feminisms: Disturbing Colonialism in Environmental Science Partnerships,2020,Article,en,A_nucleo,True,True,True,,high,False
1462,"Intersecting inequalities, gender and adolescent health in Ethiopia",2020,Article,en,A_nucleo,True,False,False,"Falla elig_clima: la sequía aparece en una sola frase de resultados; el objeto es el acceso adolescente a información sobre salud sexual y reproductiva, no una amenaza climática.",medium,False
1463,Intersectional perspectives of house owner narratives on climate risks,2020,Article,en,A_nucleo,True,True,True,,medium,False
1464,Intersectionality and collective action: visioning a Feminist Green New Deal in the US,2020,Article,en,A_nucleo,True,True,True,,medium,False
1465,"Intersectionality and energy transitions: A review of gender, social equity and low-carbon energy",2020,Review,en,A_nucleo,True,True,True,,low,False
1466,Katrina: Water and Sacred Rites,2020,Review,en,A_ampliada,False,True,False,"Falla elig_interseccional: 'intersection' cruza complejos raciales con un trauma colectivo (cruce de temas), no dos categorías sociales ni sistemas de opresión.",medium,False
1467,"Latina dreamers, the current political era, and what educational leaders need to know.",2020,Article,en,A_nucleo,True,False,False,Falla elig_clima: 'clima' se usa en sentido político ('political climate'); el trabajo trata la escolarización de estudiantes latinas beneficiarias de DACA.,high,False
1468,Livelihoods with multiple stressors: Gendered youth decision-making under global change in rural Northwest Mexico,2020,Article,en,A_ampliada,True,True,True,,medium,False
1469,Making evaluation matter: Capturing multiple realities and voices for sustainable development,2020,Note,en,A_nucleo,True,False,False,Falla elig_clima: el cambio climático solo aparece en una lista de desigualdades estructurales; el objeto es la metodología de evaluación del desarrollo.,high,False
1470,Migration and conflict in a global warming era: A political understanding of climate change,2020,Editorial,en,A_nucleo,True,True,True,,high,False
1471,"On-demand ridesourcing for urban emergency evacuation events: An exploration of message content, emotionality, and intersectionality",2020,Article,en,A_nucleo,True,True,True,,medium,False
1472,Orgullo Latinx: Fostering Sexual and Gender Diverse Resilience Through Intersectional and Collective Leadership,2020,Article,en,A_nucleo,True,False,False,Falla elig_clima: 'political climate' tiene sentido político; el texto trata el liderazgo interseccional en psicología latinx de diversidad sexual y de género.,high,False
1473,Planetary precarity and feminist environmental art practices in Antarctica,2020,Article,en,A_nucleo,True,True,True,,medium,False
1474,Private humanitarian responses to disaster vulnerabilities: The Chernobyl children from Belarus in Italy,2020,Article,en,A_nucleo,True,False,False,Falla elig_clima: el desastre de Chernóbil es nuclear (tecnológico) y explícitamente no climático.,high,False
1475,"Public Health Perspectives on Disability: Science, Social Justice, Ethics, and Beyond: Second Edition",2020,Book,en,A_nucleo,True,False,False,Falla elig_clima: los desastres solo figuran como uno de varios capítulos listados; el objeto del libro es la discapacidad en la salud pública.,medium,False
1476,Reaching the Champions of Social Justice: Blind Spots in the Ecumenical Racial and Gender Response,2020,Article,en,A_nucleo,True,False,False,Falla elig_clima: el cambio climático solo aparece en la lista de temas de la peregrinación del Consejo Mundial de Iglesias; el objeto son los sesgos raciales y de género.,medium,False
1477,Slipping Off or Turning the Tide? Gender Equality in European Union’s External Relations in Times of Crisis,2020,Article,en,A_nucleo,True,False,False,Falla elig_clima: el cambio climático es una crisis más en una lista de contexto; el objeto es el género en las relaciones exteriores de la UE.,medium,False
1478,"Still struggling: intersectionality, vulnerability, and long-term recovery after the Tuscaloosa, Alabama USA Tornado",2020,Article,en,A_nucleo,True,True,True,,medium,False
1479,"Structures, Systems and Differences that Matter: Casting an Ecological-Intersectionality Perspective on Female Subsistence Farmers’ Experiences of the Climate Crisis",2020,Article,en,A_nucleo,True,True,True,,medium,False
1480,Tearing down walls: Meeting the challenges of Latinas in education and the labor force: Derribando muros: Enfrentando los desafíos de las latinas en la educación y la Fuerza Laboral.,2020,Article,en,A_ampliada,True,False,False,Falla elig_clima: 'hostile political climate' tiene sentido político; el texto introduce un número sobre latinas en la educación y el empleo.,high,False
1481,The Bill and Melinda Gates Foundation and the necro-populationism of ‘climate-smart’ agriculture,2020,Article,en,A_nucleo,True,True,True,,medium,False
1482,The embodied politics of climate change: analysing the gendered division of environmental labour in the UK,2020,Article,en,A_nucleo,True,True,True,,medium,False
1483,The “Exotic Other”: A Poetic Autoethnography of Two Muslim Teachers in Higher Education,2020,Article,en,A_nucleo,True,False,False,Falla elig_clima: 'political climate' tiene sentido político; es una autoetnografía poética de docentes musulmanas en la universidad estadounidense.,high,False
1484,Toward an ethics of decolonizing allyship in climate organizing: Reflections on extinction rebellion vancouver,2020,Article,en,A_nucleo,True,True,True,,medium,False
1485,Transforming Gendered Lives and Livelihoods in Post-disaster Settings in the Bangladesh Sundarbans Forest,2020,Book chapter,en,A_nucleo,True,True,True,,medium,False
1486,Unmasking difference: intersectionality and smallholder farmers’ vulnerability to climate extremes in Northern Ghana,2020,Article,en,A_nucleo,True,True,True,,high,False
1487,Vulnerability and vulnerable groups from an intersectionality perspective,2020,Article,en,A_nucleo,True,True,True,,medium,False
1488,What Is Climate X? An Essay on Joel Wainwright and Geoff Mann’s Climate Leviathan: A Political Theory of Our Planetary Future,2020,Article,en,A_nucleo,True,True,True,,high,False
1489,"What is rural adversity, how does it affect wellbeing and what are the implications for action?",2020,Article,en,A_nucleo,True,False,False,Falla elig_clima: sequía e incendios solo aparecen en una frase de contexto entre otras adversidades; el objeto es conceptualizar la adversidad rural y su efecto en la salud mental.,medium,False
1490,Whose everyday climate cultures? Environmental subjectivities and invisibility in climate change discourse,2020,Article,en,A_nucleo,True,True,True,,high,False
1491,Wildfire in the news media: An intersectional critical frame analysis,2020,Article,en,A_nucleo,True,True,True,,high,False
1492,Women and Economic Dimensions of Climate Change,2020,Book chapter,en,A_nucleo,True,True,True,,high,False
1493,Young adult romance,2020,Book chapter,en,A_nucleo,True,False,False,"Falla elig_clima: 'Wildfire' es el nombre de una colección editorial de novela romántica juvenil, no un fenómeno climático.",high,False
1494,‘Less able’: how gendered subjectivities warp climate change adaptation in Ghana's Central Region,2020,Article,en,A_nucleo,True,True,True,,medium,False
1495,“Amnesia of the moment” in environmental education,2020,Article,en,A_nucleo,False,False,False,"Fallan ambos criterios: 'climate change' es metafórico (clima intelectual) e 'intersectionally' alude a modos de producción de conocimiento, no a categorías sociales.",high,False
1496,"“Tourism, water, and gender”—An international review of an unexplored nexus",2020,Review,en,A_nucleo,True,False,False,Falla elig_clima: el cambio climático solo figura en la lista de vacíos de la literatura; el objeto es el nexo turismo–agua desde el género.,high,False
1497,“We're asking you to remember why we're here”: Interview with Joy Enomoto,2020,Review,en,A_nucleo,True,False,False,Falla elig_clima: la resiliencia climática solo aparece en una lista de movimientos con los que se enlaza la lucha; el objeto es el activismo de Joy Enomoto en Maunakea.,medium,False
1498,"“We” Are In This Together, But We Are Not One and the Same",2020,Article,en,A_nucleo,True,False,False,"Falla elig_clima: el ensayo trata la pandemia de COVID-19 y la condición posthumana, sin vínculo explícito con el cambio climático.",high,False
1499,Beyond Colonial Entrapment: The Challenges of Puerto Rican “National Consciousness” in Times of Promesa,2019,Article,en,A_nucleo,True,True,True,,low,False
1500,Black feminism and radical planning: New directions for disaster planning research,2019,Article,en,A_nucleo,True,True,True,,medium,False
1501,Climate apartheid:The forgetting of race in the anthropocene,2019,Article,en,A_nucleo,True,True,True,,medium,False
1502,Climate change and gender policy,2019,Book chapter,en,A_ampliada,False,True,False,"Falla elig_interseccional: 'intersection' designa el cruce entre cambio climático y política de género, no entre categorías sociales ni sistemas de opresión.",high,False
1503,Climate justice and sustained transnational mobilization,2019,Article,en,A_nucleo,True,True,True,,high,False
1504,"Climate justice movement building: Values and cultures of creation in Santa Barbara, California",2019,Article,en,A_nucleo,True,True,True,,high,False
1505,Clinical encounters with children in the Trump era,2019,Article,en,A_nucleo,True,False,False,"Falla elig_clima: 'political climate' alude al clima político tras la elección de 2016 en EE. UU., no al clima físico.",high,False
1506,"Coal, climate justice, and the cultural politics of energy transition",2019,Article,en,A_nucleo,True,True,True,,medium,False
1507,Conceptualizing gendered vulnerability to climate change in the Hindu Kush Himalaya: Contextual conditions and drivers of change,2019,Article,en,A_nucleo,True,True,True,,medium,False
1508,Contributions of the cryosphere to mountain communities in the Hindu Kush Himalaya: A review,2019,Review,en,A_nucleo,True,True,True,,high,False
1509,Cosmopolitical bodies: An architecture of space,2019,Article,en,A_ampliada,False,True,False,"Falla elig_interseccional: 'intersection' refiere al cruce entre saberes científicos e indígenas, no a categorías sociales ni sistemas de opresión.",high,False
1510,"Covering the Border War: How the News Media Creates Crime, Race, Nation, and the USA-Mexico Divide",2019,Book,en,A_ampliada,False,False,False,"Fallan ambos criterios: 'intersection' une discursos (inmunología, cuerpo político racial, ansiedad económica) y la inundación es una metáfora periodística, no una amenaza climática.",high,False
1511,Dark hope: Notes on uncertain futures,2019,Article,en,A_nucleo,True,True,True,,high,False
1512,"Decasticization, Dignity, and 'Dirty Work' at the Intersections of Caste, Memory, and Disaster",2019,Article,en,A_ampliada,True,True,True,,medium,False
1513,Disaster Displacement in Humanitarian and Development Contexts,2019,Book chapter,en,A_nucleo,True,True,True,,high,False
1514,Environmental justice and fairness,2019,Book chapter,en,A_ampliada,False,False,False,"Falla elig_clima: el cambio climático solo figura en una lista de retos de planificación; además, 'intersection' cruza marginación social e impactos ambientales.",high,False
1515,Evaluating the Representation and Responsiveness of the United Nations Commission on the Status of Women (CSW) to Diverse Women Populations Worldwide,2019,Article,en,A_nucleo,True,False,False,Falla elig_clima: los efectos del cambio climático en las mujeres solo aparecen en una lista de prioridades de ONG no tratadas por la CSW.,high,False
1516,"From east to west, can feminist legal strategies be transformative? Post-disaster to everyday times of crisis",2019,Article,en,A_nucleo,True,False,False,Falla elig_clima: el desastre estudiado es un terremoto en Maharashtra y la otra crisis es la violencia doméstica en Reino Unido; no hay vínculo climático.,high,False
1517,"Gender, agriculture and agrarian transformations: Changing relations in Africa, Latin America and Asia",2019,Book,en,A_nucleo,True,False,False,Falla elig_clima: el cambio climático figura como uno más entre varios impulsores y como contexto; el objeto son las relaciones de género en transformaciones agrarias.,low,False
1518,"Gendered perception and vulnerability to climate change in urban slum communities in Accra, Ghana",2019,Article,en,A_nucleo,True,True,True,,high,False
1519,Gendered vulnerability and adaptation in Hindu-Kush Himalayas: Research insights,2019,Article,en,A_nucleo,True,True,True,,medium,False
1520,Granny solidarity: Understanding age and generational dynamics in climate justice movements,2019,Article,en,A_nucleo,True,True,True,,high,False
1521,Hollywood Musicals,2019,Book,en,A_nucleo,True,False,False,Falla elig_clima: guía sobre el musical de Hollywood; 'Stormy Weather' es un título de película y no hay análisis climático.,high,False
1522,How does gendered vulnerability shape the adoption and impact of sustainable livelihood interventions in an era of global climate change?,2019,Review,en,A_nucleo,True,True,True,,medium,False
1523,Livelihood Resilience of the Indigenous Munda Community in the Bangladesh Sundarbans Forest,2019,Book chapter,en,A_nucleo,True,True,True,,medium,False
1524,"Livelihoods, gender and climate change in the Eastern himalayas",2019,Article,en,A_nucleo,True,True,True,,low,False
1525,Locating Intersectionality in Transnational Aid Activism: An Autoethnography of a Disaster Response,2019,Article,en,A_nucleo,True,True,True,,medium,False
1526,Looking forward: Disasters at 40,2019,Article,en,A_nucleo,True,True,True,,high,False
1527,Masculinities and environment,2019,Article,en,A_nucleo,True,True,True,,medium,False
1528,Pedagogy of the depressed: an examination of critical pedagogy in higher ed’s diversity-centered classrooms post-trump,2019,Article,en,A_nucleo,True,False,False,"Falla elig_clima: 'socio political climate' designa el clima político posterior a la elección de 2016 en EE. UU., no el clima físico.",high,False
1529,Petro-hegemony and the matrix of resistance: What can Standing Rock’s Water Protectors teach us about organizing for climate justice in the United States?,2019,Article,en,A_nucleo,True,True,True,,low,False
1530,Purchasing strategies for relief items in humanitarian operations,2019,Article,en,A_nucleo,False,True,False,"Falla elig_interseccional: «intersectionality» designa el cruce entre modelos de compras empresariales y compras humanitarias, sin categorías sociales ni sistemas de opresión.",high,False
1531,Rethinking knowledge systems for urban resilience: Feminist and decolonial contributions to just transformations,2019,Article,en,A_nucleo,True,True,True,,low,False
1532,Revising McPhail’s Feminist Policy Analysis Framework: Updates for Use in Contemporary Social Policy Research,2019,Article,en,A_nucleo,True,False,False,Falla elig_clima: «climate» se usa solo en sentido político («polarized political climate»); el artículo revisa un marco feminista de análisis de políticas sociales sin vínculo climático.,high,False
1533,Shakespeare’s tempest and capitalism: The storm of history,2019,Book,en,A_nucleo,True,False,False,Falla elig_clima: la tempestad es la obra de Shakespeare y una metáfora de la historia del capitalismo; las crisis ecológicas aparecen solo de forma incidental.,high,False
1534,"So What Has Been, Is, and Might Be Going on in Studying Men and Masculinities?: Some Continuities and Discontinuities",2019,Review,en,A_nucleo,True,False,False,Falla elig_clima: el cambio climático figura solo en una lista de áreas futuras de investigación; el objeto es la revisión de los estudios críticos sobre hombres y masculinidades.,high,False
1535,Social dimensions of climate hazards in rural communities of the global North: An intersectionality framework,2019,Article,en,A_nucleo,True,True,True,,medium,False
1536,Something Old and Something New: Future Directions in Vocational Research With People of Color in the United States,2019,Article,en,A_nucleo,True,False,False,Falla elig_clima: los desastres ambientales aparecen solo como una de siete líneas futuras de investigación; el objeto es la investigación vocacional con personas de color en Estados Unidos.,high,False
1537,Sustainability and gender equality: Exploring the 2030 agenda for sustainable development,2019,Book chapter,en,A_ampliada,False,False,False,"Fallan ambos criterios: «intersection» designa el cruce temático entre sostenibilidad y género, y el cambio climático aparece solo como frase de contexto.",high,False
1538,The (in)visible health risks of climate change,2019,Review,en,A_nucleo,True,True,True,,medium,False
1539,The Intersectionality of Disasters’ Effects on Trust in Public Officials,2019,Article,en,A_nucleo,True,True,True,,high,False
1540,The borders of tropicality,2019,Article,en,A_ampliada,True,False,False,"Falla elig_clima: analiza el discurso racializado de la tropicalidad y el desplazamiento forzado en Colombia, sin vínculo con el cambio climático ni con amenazas climáticas.",high,False
1541,The new poplar hybrids' growth in the Central Black Earth region of Russia,2019,Conference paper,en,A_nucleo,False,True,False,"Falla elig_interseccional: «intersectional» designa híbridos entre secciones botánicas del género Populus, un sentido no social.",high,False
1542,Towards environmental health equity in health impact assessment: innovations and opportunities,2019,Review,en,A_nucleo,True,True,True,,high,False
1543,Understanding gender dimensions of climate-smart agriculture adoption in disaster-prone smallholder farming communities in Malawi and Zambia,2019,Article,en,A_nucleo,True,True,True,,medium,False
1544,Variability in perceptions of household livelihood resilience and drought at the intersection of gender and ethnicity,2019,Article,en,A_nucleo,True,True,True,,medium,False
1545,"Vulnerable groups and preliminary insights into intersecting categories of identity in Laamu Atoll, Maldives",2019,Article,en,A_nucleo,True,True,True,,medium,False
1546,“Housing Insecurity Seems to Almost Go Hand in Hand with Being Trans”: Housing Stress among Transgender and Gender Non-conforming Individuals in New Orleans,2019,Article,en,A_nucleo,True,False,False,"Falla elig_clima: el objeto es la inseguridad habitacional de personas trans en Nueva Orleans; el «disaster capitalism» es solo una frase de contexto, sin tratar amenazas climáticas.",medium,False
1547,“Serving activist realness”: The new drag superstars and activism under trump,2019,Book chapter,en,A_ampliada,False,False,False,"Fallan ambos criterios: «intersect» alude al cruce entre drag, política e identidad nacional, y «climate» es el clima político estadounidense.",high,False
1548,"A Critical Approach to Climate Change Adaptation: Discourses, Policies and Practices",2018,Book,en,A_nucleo,True,True,True,,high,False
1549,Analyzing socio-ecological transformations–a relational approach to gender and climate adaptation,2018,Article,en,A_nucleo,True,True,True,,medium,False
1550,At the intersections of multiple marginalisations: displacements and environmental justice in Mexico and Ethiopia,2018,Article,en,A_nucleo,True,True,True,,high,False
1551,Black lives and climate justice: courage and power in defending communities and Mother Earth,2018,Article,en,A_nucleo,True,True,True,,low,False
1552,"Climate change, colonialism, and women’s well-being in Canada: what is to be done?",2018,Note,en,A_nucleo,True,True,True,,medium,False
1553,"Climate discourse: eluding literacy, justice & inclusion, by evading causation, privilege & diversity",2018,Article,en,A_nucleo,True,True,True,,medium,False
1554,Climate for women in climate science: Women scientists and the intergovernmental panel on climate change,2018,Article,en,A_nucleo,True,True,True,,medium,False
1555,Convergence Tendencies in Hydrophilic Genus Typha L. in Transformed Reservoirs of European Russia,2018,Article,en,A_nucleo,False,False,False,"Fallan ambos criterios: «intersectional hybrids» son híbridos entre secciones botánicas de Typha, y el calentamiento climático es una mención incidental.",high,False
1556,Converging social justice issues and movements: implications for political actions and research,2018,Editorial,en,A_nucleo,True,True,True,,medium,False
1557,"Developing an intersectionally-informed, multi-sited, critical policy ethnography to examine power and procedural justice in multiscalar energy and climate change decisionmaking processes",2018,Article,en,A_nucleo,True,True,True,,low,False
1558,"Gender, disaster, and women's access to contraception and reproductive health care",2018,Article,en,A_ampliada,False,True,False,"Falla elig_interseccional: «intersection» designa el cruce temático entre género y desastres; el trabajo aborda solo el eje de género, sin intersecciones entre categorías sociales.",high,False
1559,"Hidden participants and unheard voices? A systematic review of gender, age, and other influences on local and traditional knowledge research in the North",2018,Article,en,A_nucleo,True,True,True,,medium,False
1560,How must i explain to the dolphins? An intersectional approach to theorizing the epistemology of climate uncertainty,2018,Article,en,A_nucleo,True,True,True,,low,False
1561,Humanitarian Logistics at a Crossroads: How Logisticians Reconcile Their Professional and Humanitarian Identities in Response to Tougher Host Government Regulations,2018,Article,en,A_ampliada,False,True,False,"Falla elig_interseccional: «intersection» es un tipo de reconciliación entre identidades profesional y humanitaria de logistas, no un cruce de categorías sociales o sistemas de opresión.",high,False
1562,Hunger and food insecurity,2018,Book chapter,en,A_nucleo,False,False,False,"Fallan ambos criterios: «intersectionality» alude al cruce del hambre con otras problemáticas globales, y la sequía o los desastres son mención incidental.",high,False
1563,Hybridization of highbush blueberry (Vaccinium corymbosum) in section Cyanococcus with two Vaccinium section Bracteata species native to subtropical Asia,2018,Article,en,A_nucleo,False,False,False,"Fallan ambos criterios: «intersectional hybrids» son cruces entre secciones botánicas de Vaccinium, y el calor y la sequía solo motivan el mejoramiento genético.",high,False
1564,Intersectional feminism for the environmental studies and sciences: looking inward and outward,2018,Article,en,A_nucleo,True,False,False,Falla elig_clima: el objeto es la reforma del campo de estudios ambientales; 'political climate' tiene sentido político y el cambio ambiental global solo aparece en la frase final.,medium,False
1565,"Intersectionalities, human rights, and climate change: Emerging linkages in the practice of the UN human rights monitoring system",2018,Book chapter,en,A_nucleo,True,True,True,,low,False
1566,Intersectionality in health pandemics,2018,Book chapter,en,A_nucleo,True,True,True,,low,False
1567,Nanogeology in China: A review,2018,Article,en,A_nucleo,False,False,False,Fallan ambos criterios: 'intersectionality' designa el carácter interdisciplinar de la nanogeología y el trabajo no trata el clima.,high,False
1568,Native America Persists: Pocahontas versus Trump,2018,Article,en,A_nucleo,True,False,False,Falla elig_clima: 'political climate' se usa en sentido político; el ensayo analiza la retórica sobre Pocahontas y Trump sin vínculo con el clima.,high,False
1569,"Not a zero-sum game: inequalities and resilience in Sumner, Missouri, the Gooseless Goose Capital of the World",2018,Article,en,A_nucleo,True,False,False,"Falla elig_clima: el cambio climático aparece solo en la frase de contexto; el objeto es la reorganización comunitaria ante cambios en la migración de gansos, sin vínculo climático explícito.",low,False
1570,"Problematizing vulnerability: Unpacking gender, intersectionality, and the normative disaster paradigm",2018,Book chapter,en,A_nucleo,True,True,True,,medium,False
1571,"Radical Visions, Structural Constraints: Challenges to Anti-Oppressive Practice in Feminist Organizations",2018,Article,en,A_nucleo,True,False,False,Falla elig_clima: 'climate' designa el clima político neoliberal que afecta a organizaciones feministas de Ontario; no trata el cambio climático.,high,False
1572,Southern criminology,2018,Book,en,B_afin,True,False,False,"Falla elig_clima: el objeto es la criminología del Sur; el calentamiento global es solo uno de varios casos ilustrativos, no parte del objeto.",low,False
1573,"Spatial analysis related to the location characteristics of park supply. Case study: Music Park and Pendawa Park, Bandung City, Indonesia",2018,Conference paper,en,A_nucleo,False,False,False,"Fallan ambos criterios: 'intersectional' alude al encuentro de personas en el parque, y la absorción de CO2 o el microclima son funciones incidentales, no el objeto.",high,False
1574,The collective method: collaborative social science research and scholarly accountability,2018,Article,en,A_nucleo,True,True,True,,medium,False
1575,The palgrave handbook of disability and citizenship in the Global South,2018,Book,en,A_nucleo,True,False,False,Falla elig_clima: el objeto es discapacidad y ciudadanía en el Sur Global; el cambio climático es solo un ítem en una larga lista de temas.,medium,False
1576,Toward what justice?: Describing diverse dreams of justice in education,2018,Book,en,A_ampliada,False,False,False,"Fallan ambos criterios: 'intersection' es el cruce de la educación con otros campos, y el cambio climático solo aparece como campo del público lector.",high,False
1577,"Understanding animal (ab)use: Green criminological contributions, missed opportunities and a way forward",2018,Article,en,A_nucleo,True,False,False,Falla elig_clima: el clima aparece solo en la agenda futura (la carne como contribuyente al cambio climático); el objeto es el maltrato animal en la criminología verde.,high,False
1578,Using an intersectional approach to advance understanding of homeless persons’ vulnerability to disaster,2018,Article,en,A_nucleo,True,True,True,,medium,False
1579,"Women’s perspectives of small-scale fisheries and environmental change in Chilika lagoon, India",2018,Article,en,A_nucleo,True,True,True,,medium,False
1580,A Tale of Two Cities: Variations in Perceptions of Disaster Recovery and the Importance of Intersectionality,2017,Article,en,A_nucleo,True,True,True,,medium,False
1581,A human rights approach to the health implications of food and nutrition insecurity,2017,Review,en,A_nucleo,False,False,False,"Fallan ambos criterios: 'intersectional' remite al cruce entre derecho a la salud y derecho a la alimentación, y el clima es solo un impulsor citado como contexto.",high,False
1582,Aligning subnational climate actions for the new post-Paris climate regime,2017,Article,en,A_nucleo,False,True,False,"Falla elig_interseccional: 'intersectionalities' alude al cruce de mecanismos de alineación de la gobernanza climática, no a categorías sociales.",high,False
1583,Biopolitical Disaster,2017,Book,en,A_nucleo,True,True,True,,high,False
1584,Coastal mangrove forests: Micro-geopolitics of resistance and social innovation for environmental sustainability,2017,Book chapter,en,B_afin,False,True,False,"Falla elig_interseccional: habla de 'multiple marginalities' geográficas, socioeconómicas y culturales de los sitios, sin vocabulario ni marco interseccional en sentido social.",medium,False
1585,Critical ancestral computing for the protection of mother earth,2017,Article,en,A_nucleo,True,True,True,,medium,False
1586,"Home gardenscapes as sustainable landscape management on St. Eustatius, Dutch Caribbean",2017,Article,en,A_nucleo,False,False,False,"Fallan ambos criterios: 'intersectional' se refiere a contribuciones simultáneas a la conservación y a los medios de vida, y la sequía es una mención incidental.",high,False
1587,"Human rights of, by, and for the people: How to critique and change the US Constitution",2017,Book,en,A_nucleo,True,False,False,Falla elig_clima: el objeto es la reforma constitucional estadounidense con derechos positivos; el cambio climático solo se cita como oportunidad de contexto.,medium,False
1588,Immanent critique and the exhaustion thesis: Neoliberalism and history’s vicissitudes,2017,Book chapter,en,A_ampliada,False,True,False,"Falla elig_interseccional: la 'intersection' es entre problemas ecológicos y desigualdad de clase, un cruce de temas con un solo eje social.",high,False
1589,Isolated and Afraid in a Small Town,2017,Article,en,A_nucleo,True,False,False,Falla elig_clima: la tormenta es una metáfora en una narrativa autoetnográfica sobre identidad queer tras la masacre de Pulse.,high,False
1590,Living with Earthquakes and Angry Deities at the Himalayan Borderlands,2017,Article,en,solo_index_keywords,False,True,False,"Falla elig_interseccional: la 'intersection' es entre amenazas y desarrollo hidroeléctrico; solo trabaja la indigeneidad, sin cruzar categorías sociales.",high,False
1591,"MNI WICONI: Teaching the #NoDapl Movement, Native American Sovereignty, and Indigenous Knowledge in Elementary Classrooms",2017,Book chapter,en,A_nucleo,True,True,True,,low,False
1592,"Regulating intersectional activity: privacy and energy efficiency, laws and technology",2017,Article,en,A_nucleo,False,True,False,"Falla elig_interseccional: 'intersectional activity' es el cruce entre derecho de privacidad y eficiencia energética, un sentido interdisciplinar.",high,False
1593,Routledge handbook of gender and environment,2017,Book,en,A_nucleo,True,False,False,Falla elig_clima: el objeto es el campo de género y medio ambiente; la política climática es solo un tema más en una lista de contenidos.,low,False
1594,Social Issues in Living Color: Challenges and Solutions from the Perspective of Ethnic Minority Psychology: Volume 1: Overview and Interpersonal Issues: Volume 2: Societal and Global Issues: Volume 3: Promoting Health and Well-Being,2017,Book,en,A_nucleo,True,False,False,Falla elig_clima: obra de psicología de minorías étnicas donde el cambio climático es un tema más en listas de contenidos.,medium,False
1595,"The Intersectionality of Critical Animal, Disability, and Environmental Studies: Toward Eco-ability, Justice, and Liberation",2017,Book,en,A_nucleo,True,False,False,"Falla elig_clima: el calentamiento global solo aparece como frase de contexto; el objeto es la ecocapacidad y la liberación animal, ambiental y de personas con discapacidad.",medium,False
1596,The racialization of Arab panethnic identity: exploring students’ ingroup and outgroup social positionings,2017,Article,en,A_nucleo,True,False,False,Falla elig_clima: 'political climate' se refiere al clima político sobre refugiados e islamofobia; estudia la racialización de estudiantes árabes.,high,False
1597,"Tsunami, civil society, and Sharia law in aceh, Indonesia: Intersection of disaster, decentralization, and gender relations",2017,Book chapter,en,A_ampliada,False,False,False,"Fallan ambos criterios: el tsunami es una amenaza no climática (regla común 1) y la 'intersection' une desastre, descentralización y género como temas.",high,False
1598,Unequal resilience: The duration of electricity outages,2017,Article,en,A_nucleo,True,False,False,"Falla elig_clima: estudia la duración de los cortes eléctricos como desigualdad de infraestructura, sin vínculo explícito con el cambio climático ni con amenazas hidrometeorológicas.",medium,False
1599,Uptake of Climate-Smart Agriculture Through a Gendered Intersectionality Lens: Experiences from Western Kenya,2017,Book chapter,en,A_nucleo,True,True,True,,medium,False
1600,Where is the love? White nationalist discourse on hip-hop,2017,Book chapter,en,A_ampliada,False,False,False,"Falla elig_clima: analiza el discurso nacionalista blanco sobre el hip-hop en Stormfront, sin relación con el clima; además, 'intersections' remite a identidades raciales, un solo eje.",high,False
1601,"A synthesis of convergent reflections, tensions and silences in linking gender and global environmental change research",2016,Editorial,en,A_nucleo,True,True,True,,medium,False
1602,An intersectional risk approach for environmental sociology,2016,Article,en,A_nucleo,True,True,True,,medium,False
1603,Beyond dichotomies: Gender and intersecting inequalities in climate change studies,2016,Article,en,A_nucleo,True,True,True,,medium,False
1604,Biopolitics at the Crossroads of Sexuality and Disaster: The Case of Haiti1,2016,Book chapter,en,A_nucleo,True,True,True,,low,False
1605,"Climate Change, “Technology” and Gender: “Adapting Women” to Climate Change with Cooking Stoves and Water Reservoirs",2016,Article,en,A_nucleo,True,True,True,,medium,False
1606,"Emergency management response and recovery plans in relation to sexual and gender minorities in NEW South Wales, Australia",2016,Article,en,A_ampliada,True,True,True,,low,False
1607,"Emergent possibilities for global sustainability: Intersections of race, class and gender",2016,Book,en,A_nucleo,True,True,True,,low,False
1608,Enhancing and expanding intersectional research for climate change adaptation in agrarian settings,2016,Article,en,A_nucleo,True,True,True,,medium,False
1609,Environmental Justice Is a Social Justice Issue: Incorporating Environmental Justice Into Social Work Practice Curricula,2016,Article,en,A_ampliada,True,True,True,,low,False
1610,Environmental and sustainability education policy research: a systematic review of methodological and thematic trends,2016,Article,en,A_nucleo,True,False,False,Falla elig_clima: revisión sistemática de políticas de educación ambiental y para la sostenibilidad; el cambio climático solo aparece en la lista de líneas de investigación futuras.,high,False
1611,Ethnocultural inequalities after the theories of justice; [Les inégalités ethnoculturelles après les théories de la justice],2016,Article,en,A_ampliada,True,True,True,,medium,False
1612,Forbidden tastes: Queering the palate in anglophone Indian fiction,2016,Review,en,A_nucleo,True,False,False,"Falla elig_clima: 'political climate' se usa en sentido político (Hindutva); analiza ficción queer angloíndia y la política del gusto, sin objeto climático.",high,False
1613,Fruits from the Forest and the Fields: Forest Conservation Policies and Intersecting Social Inequalities in Burkina Faso's REDD+ Program,2016,Article,en,A_nucleo,True,True,True,,medium,False
1614,Gender dynamics and disasters in Zimbabwe: A case of tokwe mukosi flooding,2016,Book chapter,en,A_ampliada,True,True,True,,low,False
1615,"Gender perspectives in resilience, vulnerability and adaptation to global environmental change",2016,Editorial,en,A_nucleo,True,True,True,,high,False
1616,"Heat Vulnerability, Poverty and Health Inequalities in Urban Migrant Communities: A Pilot Study from Vienna",2016,Book chapter,en,A_nucleo,True,True,True,,medium,False
1617,Hidden in Plain Sight: Social Inequalities in the Context of Environmental Change,2016,Book chapter,en,A_nucleo,True,True,True,,high,False
1618,Intersections of Gender and Marital Status in Accessing Climate Change Adaptation: Evidence from Rural Tanzania,2016,Article,en,A_nucleo,True,True,True,,high,False
1619,"Land Restoration, Agriculture, and Climate Change: Enriching Gender Programming Through Strengthening Intersectional Perspectives",2016,Book chapter,en,A_nucleo,True,True,True,,low,False
1620,"Masculinism, climate change and “man-made” disasters: Toward an environmental profeminist response",2016,Book chapter,en,A_ampliada,True,True,True,,low,False
1621,"Masculinities, gender equality and crisis management",2016,Book,en,A_nucleo,True,False,False,"Falla elig_clima: estudia el género en los servicios de rescate y la gestión de crisis en general (accidentes, defensa civil); los desastres solo figuran en la misión institucional, sin vínculo climático.",low,False
1622,"Men, masculinities and disaster: An action research agenda",2016,Book chapter,en,A_nucleo,True,True,True,,medium,False
1623,"Mobility intersections: social research, social futures",2016,Article,en,A_nucleo,False,False,False,"Falla elig_interseccional: 'intersections' e 'intersectionality' designan cruces entre campos de investigación (enfoque posdisciplinar); además, el clima no forma parte del objeto.",high,False
1624,Resisting and accommodating the masculinist gender regime in firefighting: An insider view from the United Kingdom,2016,Book chapter,en,A_nucleo,True,True,True,,low,False
1625,"Rethinking our approach to gender and disasters: Needs, responsibilities, and solutions",2016,Article,en,A_ampliada,False,True,False,"Falla elig_interseccional: 'the intersection of gender and disasters' es un cruce de temas, no de categorías sociales; la revisión trata solo a las mujeres.",high,False
1626,Subtle discourses on equality in the Finnish curricula of upper secondary education: reflections of the imagined society,2016,Article,en,A_nucleo,True,False,False,"Falla elig_clima: 'political climate' tiene sentido político; analiza la igualdad en los currículos finlandeses de secundaria superior, sin objeto climático.",high,False
1627,"Systemic crises of global climate change: Intersections of race, class and gender",2016,Book,en,A_nucleo,True,True,True,,low,False
1628,The diversity of gendered adaptation strategies to climate change of Indian farmers: A feminist intersectional approach,2016,Article,en,A_nucleo,True,True,True,,medium,False
1629,The gendered terrain of disaster: Thinking about men and masculinities,2016,Book chapter,en,A_nucleo,True,True,True,,high,False
1630,The impact of war on Somali men: feminist analysis of masculinities and gender relations in a fragile context,2016,Article,en,A_nucleo,True,False,False,Falla elig_clima: trata el impacto de la guerra y el colapso estatal en los hombres somalíes; 'climate' aparece en sentido económico y político.,high,False
1631,"Water Justice and Food Sovereignty in Cotopaxi, Ecuador",2016,Article,en,A_ampliada,True,False,False,Falla elig_clima: analiza el acceso desigual al agua de riego por plantaciones y derechos históricos; la erosión y la desertificación de parcelas no se vinculan con el clima.,medium,False
1632,After the storm: The cultural politics of Hurricane Katrina,2015,Book,en,A_ampliada,True,True,True,,medium,False
1633,Climate change through an intersectional lens: Gendered vulnerability and resilience in indigenous communities in the United States,2015,Article,en,A_nucleo,True,True,True,,high,False
1634,Cosmopolitan risk community and China’s climate governance,2015,Article,en,A_nucleo,True,True,True,,medium,False
1635,Ecofeminism and climate change,2015,Article,en,A_nucleo,True,True,True,,medium,False
1636,Ecofeminism and natural disasters: Sri Lankan women post-tsunami,2015,Article,en,A_ampliada,True,True,True,,medium,False
1637,Intersectionality and kyriarchy: A framework for approaching power and social justice in planning and climate change adaptation,2015,Article,en,A_nucleo,True,True,True,,high,False
1638,Justice,2015,Book chapter,en,A_nucleo,True,False,False,Falla elig_clima: es una entrada general sobre la justicia en geografía y la justicia climática aparece solo en una enumeración de debates.,medium,False
1639,LESSONS FROM THE BLACK WORKING CLASS: Foreshadowing America's Economic Health,2015,Book,en,A_ampliada,True,False,False,Falla elig_clima: 'financial storm' y 'atmospheric pressure' son metáforas económicas; el objeto es la clase trabajadora negra y la Gran Recesión.,high,False
1640,Scraps of Home,2015,Review,en,A_nucleo,True,False,False,"Falla elig_clima: estudia la reconstrucción tras el terremoto y tsunami de 2004 en Banda Aceh, amenaza no climática sin vínculo con el clima.",high,False
1641,"Vulnerability assessments, identity and spatial scale challenges in disaster-risk reduction",2015,Article,en,A_nucleo,True,True,True,,medium,False
1642,Agrarian stress and climate change in the Eastern Gangetic Plains: Gendered vulnerability in a stratified social formation,2014,Article,en,A_ampliada,True,True,True,,medium,False
1643,Climate change through the lens of intersectionality,2014,Article,en,A_nucleo,True,True,True,,high,False
1644,Forecasting the evolution of cultural collisions using annealing-nucleation models,2014,Book chapter,en,A_nucleo,False,False,False,Fallan ambos criterios: 'intersectional boundaries of cultures' alude a fronteras entre culturas y las 'tormentas' son metáforas sociopolíticas.,high,False
1645,"Gender and Climate Change Adaptation in Agrarian Settings: Current Thinking, New Directions, and Research Frontiers",2014,Article,en,A_nucleo,True,True,True,,high,False
1646,Gendered helping behaviors and place attachment in New Orleans' upper 9th ward,2014,Book chapter,en,A_nucleo,True,True,True,,low,False
1647,Gendering Climate Change: Geographical Insights,2014,Article,en,A_nucleo,True,True,True,,high,False
1648,"Lost and Found Crops: Agrobiodiversity, Indigenous Knowledge, and a Feminist Political Ecology of Sorghum and Finger Millet in Northern Malawi",2014,Article,en,A_nucleo,True,True,True,,low,False
1649,"Opulence and oblivion: Talmudic feasting, famine, and the social politics of disaster",2014,Article,en,A_ampliada,True,False,False,"Falla elig_clima: el 'desastre' es la destrucción de Jerusalén y su hambruna en narrativas talmúdicas, sin vínculo con amenazas climáticas.",high,False
1650,Queering disasters: On the need to account for LGBTI experiences in natural disaster contexts; [Queerificar los desastres: Sobre la necesidad de dar cuenta de las experiencias LGBTI en los contextos de los desastres naturals],2014,Article,en,A_ampliada,True,True,True,,high,False
1651,Research on navigation-obstruction with complex boundary and its counter measures in middle reaches of the yangtze river,2014,Conference paper,en,A_nucleo,False,False,False,Fallan ambos criterios: 'intersectional point bar' es un término geomorfológico y el objeto es la ingeniería de navegación fluvial.,high,False
1652,Soil seed banks and their germination responses to cadmium and salinity stresses in coastal wetlands affected by reclamation and urbanization based on indoor and outdoor experiments,2014,Article,en,A_nucleo,False,False,False,Falla elig_interseccional: 'intersectional levels' son niveles combinados de cadmio y salinidad; el aumento del nivel del mar es solo una mención final.,high,False
1653,Spatial features of road network in beijing built up area and its relations with LST and NDVI,2014,Article,en,A_ampliada,False,True,False,"Falla elig_interseccional: 'intersection' designa nodos de la red vial; aunque trata la isla de calor urbana, no hay contenido social.",high,False
1654,The quality of the evidence: Qualitative research in trauma psychology,2014,Article,en,A_nucleo,True,False,False,Falla elig_clima: trata la metodología cualitativa en psicología del trauma; los desastres solo aparecen como campo de literatura.,medium,False
1655,Vegan killjoys at the table—contesting happiness and negotiating relationships with food practices,2014,Article,en,A_nucleo,True,False,False,Falla elig_clima: el objeto es la transición vegana y la negociación de relaciones alimentarias; el cambio climático figura solo como keyword.,medium,False
1656,Women's differentiated vulnerability and adaptations to climate-related agricultural water scarcity in rural Central Vietnam,2014,Article,en,A_nucleo,True,True,True,,high,False
1657,"""becoming in kind"": Race, class, gender, and nation in cultures of dog rescue and dogfighting",2013,Review,en,A_ampliada,True,False,False,Falla elig_clima: 'media storm' es una metáfora mediática; el objeto son las culturas de rescate y peleas de perros.,high,False
1658,"A Tale of Two American Cities: Disaster, Class and Citizenship in San Francisco 1906 and New Orleans 2005",2013,Article,en,A_ampliada,True,True,True,,medium,False
1659,An IVC broadcast scheme based on traffic phase for emergency message dissemination at road intersection,2013,Conference paper,en,A_nucleo,False,False,False,Fallan ambos criterios: 'intersection' es un cruce vial y 'broadcast storm' es un problema de redes inalámbricas.,high,False
1660,"Banishment to bermuda: Gender, race, empire, independence and the struggle to abolish irresponsible government in lower Canada",2013,Article,en,A_ampliada,True,False,False,Falla elig_clima: 'by storm' es una expresión figurada; el objeto es la historia política del Bajo Canadá en 1838.,high,False
1661,Disasters and social inequalities,2013,Article,en,A_nucleo,True,True,True,,high,False
1662,"Positive responses, uneven experiences: Intersections of gender, ethnicity, and location in post-tsunami Sri Lanka; [Respuestas positivas, experiencias desparejas: Intersecciones de género, etnicidad, y ubicación en el Sri Lanka post tsunami]",2013,Article,en,A_nucleo,True,False,False,"Falla elig_clima: analiza la recuperación de medios de vida tras el tsunami de 2004 en Sri Lanka, amenaza no climática sin vínculo con el clima.",high,False
1663,Post-tsunami reconstruction in Indonesia: Negotiating normativity through gender mainstreaming initiatives in Aceh,2013,Book,en,A_nucleo,True,False,False,"Falla elig_clima: trata la reconstrucción tras el tsunami y el conflicto en Aceh, amenazas no climáticas sin vínculo con el clima.",high,False
1664,"Race, class, and education lessons for school leaders from hurricane katrina and the gulf coast",2013,Book chapter,en,A_ampliada,False,True,False,"Falla elig_interseccional: la única 'intersection' cruza raza con el campo educativo (categoría social y campo), y raza y clase solo se enumeran en el título.",medium,False
1665,Rhetoric of place: Pedagogy of sustainability in the technical writing class,2013,Article,en,A_ampliada,False,False,False,"Fallan ambos criterios: 'intersection' designa el cruce de escritura, retórica, sostenibilidad y compromiso cívico, y el calentamiento global solo contextualiza una propuesta pedagógica.",high,False
1666,"""Looking both ways"": Metaphor and the rhetorical alignment of intersectional climate justice and reproductive justice concerns",2012,Review,en,A_nucleo,True,True,True,,medium,False
1667,Carnal Aesthetics: Transgressive Imagery and Feminist Politics,2012,Book,en,A_nucleo,True,False,False,"Falla elig_clima: libro de estudios visuales feministas en el que los desastres ecológicos son solo uno de los temas del arte analizado, sin objeto climático.",high,False
1668,From impacts to embodied experiences: Tracing political ecology in climate change research,2012,Article,en,A_nucleo,True,True,True,,low,False
1669,Hope Floats: African American Women's Survival Experiences after Katrina,2012,Article,en,A_ampliada,True,True,True,,medium,False
1670,"Men, HIV/AIDS and culture",2012,Article,en,A_nucleo,True,False,False,"Falla elig_clima: análisis interseccional de un informe del Banco Mundial sobre masculinidades y VIH/sida, sin vínculo con el clima ni con amenazas climáticas.",high,False
1671,"Mississippi front-line recovery work after Hurricane Katrina: An analysis of the intersections of gender, race, and class in advocacy, power relations, and health",2012,Article,en,A_nucleo,True,True,True,,high,False
1672,"People want to see what happened: Treme, televisual tourism, and the racial remapping of post-Katrina New Orleans",2012,Article,en,A_ampliada,True,False,False,"Falla elig_clima: analiza la serie de ficción Treme y el turismo televisivo; Katrina es el escenario, pero el análisis trata la representación racial, no el clima ni sus impactos.",medium,False
1673,"Beyond environmental security: Complex systems, multiple inequalities and environmental risks",2011,Article,en,A_nucleo,True,True,True,,medium,False
1674,Exploring identity negotiations: An analysis of intercultural Japanese-U.S. American families living in the United States,2011,Article,en,A_nucleo,True,False,False,"Falla elig_clima: estudia negociaciones identitarias de familias interculturales, y 'climates' alude al clima social, económico y político.",high,False
1675,"Blackness, sexuality, and transnational desire: Initial notes toward a new research agenda",2010,Book chapter,en,A_ampliada,True,False,False,"Falla elig_clima: agenda de investigación sobre negritud, sexualidad y transnacionalismo en la que los desastres naturales solo aparecen en una enumeración incidental.",high,False
1676,"Forging political identity: Silk and metal workers in Lyon, France 1900-1939",2010,Book,en,A_ampliada,False,False,False,"Fallan ambos criterios: 'intersection' cruza el clima político con las relaciones laborales, y 'climate' tiene sentido político, no físico.",high,False
1677,Accommodatiing small and large users at roundabouts,2009,Conference paper,en,A_ampliada,False,False,False,Fallan ambos criterios: 'intersection' designa un cruce vial (rotondas) y no hay contenido climático.,high,False
1678,"Coping with multiple disasters and diminishing livelihood resources caste, class, and gender perspectives: The case from Orissa, India",2009,Article,en,A_ampliada,True,True,True,,medium,False
1679,The effects of disaster on the mental health of individuals with disabilities,2009,Book chapter,en,A_ampliada,True,True,True,,medium,False
1680,"The intersection of poverty discourses: Race, class, culture, and gender",2009,Book chapter,en,A_ampliada,True,True,True,,medium,False
1681,Women's political representation in post-conflict Rwanda: A politics of inclusion or exclusion?,2009,Article,en,A_nucleo,True,False,False,"Falla elig_clima: estudia la representación política de mujeres en la Ruanda posgenocidio, y 'political climate' es clima político, no físico.",high,False
1682,African women in the New Diaspora: Transnationalism and the (Re) creation of home,2008,Article,en,A_nucleo,True,False,False,"Falla elig_clima: analiza la contribución cívica y empresarial de inmigrantes africanas en EE. UU., y los desastres naturales son solo uno de los factores de expulsión mencionados.",high,False
1683,"Living environmentalisms: Coalition politics, social reproduction, and environmental justice",2008,Article,en,A_nucleo,True,True,True,,medium,False
1684,Urban bicyclists: Spatial analysis of adult and youth traffic hazard intensity,2008,Article,en,A_ampliada,False,False,False,Fallan ambos criterios: 'intersection' es una clase funcional vial y el calentamiento global solo contextualiza un estudio de siniestralidad ciclista.,high,False
1685,"Critical theory and Katrina. Disaster, spectacle and immanent critique",2007,Article,en,A_ampliada,True,True,True,,medium,False
1686,Expansion of the US wildland-urban interface,2007,Article,en,A_ampliada,False,True,False,Falla elig_interseccional: 'intersection' es la superposición cartográfica de clases de densidad de vivienda y de amenaza de incendio forestal.,high,False
1687,"Immigration law, race, and identity",2007,Review,en,A_ampliada,False,False,False,"Fallan ambos criterios: 'intersection' cruza campos de estudio (derecho migratorio, raza, identidad) y Katrina solo ilustra el debate sobre el término 'refugees'.",medium,False
1688,Impacts of human activities on flood disasters in the Yangtze River basin,2007,Conference paper,en,A_nucleo,False,True,False,"Falla elig_interseccional: 'intersectional methods' significa métodos multidisciplinarios de simulación de inundaciones, sin sentido social.",high,False
1689,Growth of riparian cottonwoods: A developmental pattern and the influence of geomorphic context,2006,Article,en,A_nucleo,False,False,False,"Fallan ambos criterios: 'intersectional hybrids' es un término botánico (secciones de Populus) y el estudio trata el crecimiento de álamos, no el clima.",high,False
1690,New orleans is not the exception: Re-politicizing the Study of Racial Inequality,2006,Article,en,A_nucleo,True,True,True,,low,False
1691,Environmental influences on seedling growth of cottonwood species following a major flood,2001,Article,en,A_nucleo,False,True,False,Falla elig_interseccional: 'intersectional hybrids' es un término botánico; el estudio ecológico de plántulas tras una gran inundación no tiene contenido social.,high,False
1692,Integrating policies for combating climate change: role of the Japanese Joint Conference for the Kyoto Protocol,2000,Article,en,A_nucleo,False,True,False,Falla elig_interseccional: 'intersectional issues' significa asuntos intersectoriales o interministeriales de la política climática japonesa.,high,False
1693,The intersection of gender and social class in disaster: balancing resilience and vulnerability.,1999,Article,en,A_ampliada,True,True,True,,medium,False
1694,Derivatives of Vaccinium arboreum x Vaccinium section Cyanococcus. Ii. Fertility and fertility parameters,1998,Article,en,A_nucleo,False,False,False,Fallan ambos criterios: 'intersectional hybridization' es un cruce botánico entre secciones de Vaccinium y la tolerancia a la sequía es solo un objetivo de mejora mencionado.,high,False
1695,Anomalous ground warming versus surface air warming in the Canadian Praire provinces,1997,Article,en,A_ampliada,False,True,False,"Falla elig_interseccional: 'intersection' es una tabulación cruzada SIG de mapas de calentamiento del suelo y del aire, sin sentido social.",high,False
