paper_id,Title,Year,DOI,Abstract,Authors,Source title,Affiliations,Language of Original Document,Document Type,Author Keywords,Cited by,Index Keywords,EID,Publication Stage,Open Access,nivel_ancla,idioma,_source,_doi,bowleg_I,bowleg_I_evidence,bowleg_II,bowleg_II_evidence,bowleg_III,bowleg_III_evidence,bowleg_IV,bowleg_IV_evidence,bowleg_total,confidence,confidence_note,rsi_V,rsi_V_evidence,rsi_VI,rsi_VI_evidence,gate_pass,gate_evidence,integracion,integracion_nota,tipo_estudio,amenaza,lugar_estudio,categoria_bowleg,topic_id,umap_x,umap_y,topic_name,topic_label,_daniel_score
15,Accessing sexual and reproductive health services during climate change-related environmental disruptions in coastal Ghana: a privilege or human right for young women with disabilities?,2026,10.3389/fclim.2026.1762744,"Introduction – Climate change is increasingly recognized as a threat to global health, yet its influence on the Sexual, reproductive health and rights (SRHR) of young women with disabilities (WwD) remains poorly documented in Ghana. Human rights advocates contend that categorizing SRHR services for WwD as privileges diminishes essential entitlements and promotes inequality. Methods – In this study we examined the lived experiences of WwD in accessing SRHR services during climate change-related environmental disruptions in a coastal Ghanaian community to inform policy. A qualitative exploratory design was used. Semi-structured interviews were conducted between March and May 2025 with ten young WwD who accessed SRH services in the community. Interviews were conducted in English or a local language, audio recorded, transcribed, and analyzed using Framework Analysis. The analytic process was guided by the study objectives and informed by the behavioral assumptions of the Theory of Reasoned Action and the Theory of Planned Behavior. Results – Climate change-related flooding and erosion, along with inadequate sanitation facilities, negatively impact the SRHR of young WwD by restricting access to services, hindering mobility and communication, and increasing risks related to menstrual hygiene and infections. Women with disabilities faced unique challenges during flooding, including dependence on others, navigating unsafe areas, and limited access to SRH information. Their vulnerabilities were exacerbated by the intersections of gender, disability, poverty, and coastal geography. Participants used improvised coping strategies, revealing gaps in disability-inclusive climate change and health planning. Discussion – Climate change exacerbates existing inequalities, putting young WwD at increased risk of exclusion from SRH information and services. Young WwD in Coastal Ghana accessing SRHR services during climate change-related disruptions is a human rights issue. There is a pressing need to improve climate change adaptation for them, enhance infrastructure accessibility, and include them in community planning. Further research is suggested to guide national policy. include them in community planning. Further research is suggested to guide national policy. Copyright © 2026 Gbagbo, Rockson, Quansah and Golo.",Gbagbo F.Y.; Rockson G.N.Y.; Quansah F.; Golo H.K.,Frontiers in Climate,"Department of Health Administration and Education, Faculty of Health Allied Sciences and Home Economics Education, University of Education, Winneba, Ghana; Department of Special Education, Faculty of Educational Studies, University of Education, Winneba, Ghana; Department of Educational Foundations, Faculty of Educational Studies, University of Education, Winneba, Ghana; Centre for Conflict, Human Rights and Peace Studies, Faculty of Social Science, University of Education, Winneba, Ghana",English,Article,climate change; coastal communities; environmental disruptions; Ghana; persons with disability; sexual and reproductive rights,0,,2-s2.0-105040943887,Final,All Open Access; Gold Open Access,A_ampliada,en,scopus_v2,10.3389/fclim.2026.1762744,0.5,"Centra una posición específica (mujeres jóvenes con discapacidad), pero presenta las intersecciones como agravantes, no como co-constitución.",0.5,Encuadre de derechos humanos y brechas de planificación; marco conductual (TRA/TPB) sin mecanismos estructurales teorizados.,0.5,Comunidad costera de Ghana afectada por inundación y erosión; contexto descrito de forma general.,0.5,"Entrevistas a diez mujeres jóvenes con discapacidad; subgrupo intencional, pero análisis Framework sin codificación interseccional.",2.0,high,,1.0,"Plantea la salud sexual y reproductiva como derecho humano y pide adaptación inclusiva, accesibilidad e inclusión en la planificación.",0.5,"Menciona 'improvised coping strategies' de las participantes, sin desarrollarlas.",True,"Las vulnerabilidades de mujeres jóvenes con discapacidad 'were exacerbated by the intersections of gender, disability, poverty, and coastal geography'.",0.5,"Integración parcial: la población interseccional ancla el análisis, pero el marco conductual no conecta poder estructural y contexto.",empirico_cualitativo,inundacion; nivel_mar_costas,Ghana,parcial,0,6.455393,7.996732,0_disaster_disasters_risk_disability,"Desastres y riesgo: discapacidad, género y recuperación",2
20,"An intersectional analysis of the collective efficacy-drought adaptation nexus among small-scale farmers in uMkhanyakude District Municipality, South Africa",2026,10.1080/23251042.2025.2484480,"Exploring the connection between collective efficacy and climate adaptation is urgent as climate change continues to impact societies globally. While existing research indicates a positive link between collective efficacy and climate adaptation, there remains a gap in understanding how this relationship unfolds in the South African context. Therefore, this study analyses the collective efficacy–agricultural drought adaptation nexus among small-scale farmers in uMkhanyakude District Municipality. Guided by the Actor-Network and Intersectionality theories, this qualitative study employed thematic analysis to explore this association. The findings indicate that collective efficacy improves farmers’ drought adaptation. Moreover, the historically denigrated philosophy of Ubuntu, an African Indigenous Knowledge System, challenges dominant colonial epistemologies by emphasising interconnectedness, communal knowledge, and collective adaptation. However, fragmented adaptation networks and the absence of intersectional perspectives reinforce colonial racial and gender constructs and exacerbate vulnerabilities. To address these issues, farmers, institutions together with policy makers must critically examine historical legacies and systemic barriers that affect adaptation dynamics. Moreover, this paper advocates for embedding Ubuntu and intersectionality into drought adaptation policies and practices, to transform cultural practices that sustain power dynamics and inequalities and to foster the development of inclusive, equitable and effective drought adaptation measures. © 2025 The Author(s). Published by Informa UK Limited, trading as Taylor & Francis Group.",Mzimela J.H.; Moyo I.,Environmental Sociology,"Department of Geography and Environmental Studies, University of Zululand, South Africa",English,Article,adaptation; collective efficacy; indigenous knowledge systems; Small-scale farmers,3,,2-s2.0-105002007427,Final,All Open Access; Hybrid Gold Open Access,A_nucleo,en,scopus_v2,10.1080/23251042.2025.2484480,0.5,"Raza y género aparecen juntos como construcciones coloniales, pero no se analizan posiciones co-constituidas en los hallazgos.",1.0,"Teoriza epistemologías coloniales, legados históricos y barreras sistémicas que sostienen dinámicas de poder en la adaptación.",1.0,"Pequeños agricultores de uMkhanyakude, con legados coloniales sudafricanos y Ubuntu como sistema de conocimiento situado.",0.0,Análisis temático cualitativo sin muestreo ni codificación por posiciones interseccionales descritos.,2.0,medium,,1.0,Propone incorporar Ubuntu e interseccionalidad en políticas de sequía para transformar dinámicas de poder y desigualdad.,1.0,Documenta eficacia colectiva y Ubuntu como saber comunitario que desafía epistemologías coloniales.,True,Señala que la falta de perspectivas interseccionales 'reinforce colonial racial and gender constructs' en las redes de adaptación a la sequía.,0.5,"Integración parcial: poder colonial, contexto y agencia se conectan, pero las identidades entrelazadas no se analizan empíricamente.",empirico_cualitativo,sequia,South Africa,parcial,4,6.546277,9.951377,4_farmers_adaptation_change_climate change,Adaptación agraria y pequeños productores,2
36,Bridging the gender data gap: measuring welfare losses from climate-related disasters for men and women,2026,10.1007/s11069-026-07986-1,"This study addresses the gender data gap in disaster contexts, a major barrier to achieving the Sustainable Development Goal of equitable climate action. Using a novel rapid assessment survey tool, we collected sex disaggregated data from 2,031 individuals across 37 coastal villages in Bangladesh, one week after Cyclone Remal in May 2024. The analysis extends beyond the conventional comparison of male- and female-headed households by capturing individual-level welfare losses for men and women. It uses a comprehensive, multi-domain welfare framework encompassing food security, sanitation, healthcare, paid and unpaid work, and gender-based violence. Findings reveal widespread declines in food security, sanitation, healthcare, and paid employment for both men and women. Women faced greater barriers to healthcare access, while men experienced more severe sanitation challenges. Our findings also reveal that women spent significantly more time collecting water and cooking fuel due to disrupted infrastructure and gendered domestic roles. Interruptions in paid employment primarily drove men’s income losses. Intersectional analysis indicates that less educated women suffer higher food insecurity than men with comparable education levels. In areas experiencing severe damage, reports of gender-based violence also rose. The study demonstrates that rapid, individual-level, sex-disaggregated data can be collected in the immediate aftermath of disasters, providing an empirically grounded basis for equitable response and recovery policies and inclusive climate resilience planning. © The Author(s), under exclusive licence to Springer Nature B.V. 2026.",Akter S.; Mallick T.H.; Pundit M.,Natural Hazards,"Crawford School of Public Policy, The Australian National University, 132 Lennox Crossing, Canberra, Australia; Evaluation and Consulting Services Limited, Dhaka, Bangladesh; Asian Development Bank, Manila, Philippines",English,Article,Disaster risk reduction; Gender equity; Gender-based vulnerability; Rapid assessment survey; Resilience,0,Bangladesh; disaster management; employment; food security; gender; health care; Sustainable Development Goal; violence; vulnerability; welfare impact,2-s2.0-105031385984,Final,,A_nucleo,en,scopus_v2,10.1007/s11069-026-07986-1,1.0,"Cruza género y educación e interpreta a las mujeres menos educadas como posición combinada, aunque el grueso compara sexos.",0.5,Señala roles domésticos generizados y violencia de género sin teorizar estructuras patriarcales ni mecanismos.,0.5,37 aldeas costeras de Bangladesh una semana después del ciclón Remal (2024); contexto de evento sin profundidad histórica.,1.0,Encuesta individual desagregada por sexo (n=2031) con clasificación cruzada género-educación en inseguridad alimentaria.,2.0,high,,0.5,"Aporta base empírica para respuesta y recuperación equitativas, sin desarrollar orientación transformadora.",0.0,"Hombres y mujeres aparecen como afectados por pérdidas de bienestar, sin agencia documentada.",True,'Intersectional analysis indicates that less educated women suffer higher food insecurity than men with comparable education levels'.,0.5,Integración parcial: el hallazgo interseccional queda como resultado puntual dentro de un análisis mayormente desagregado por sexo.,empirico_cuantitativo,ciclon_huracan_tormenta,Bangladesh,parcial,9,4.898143,8.255314,9_bangladesh_climate_adaptation_women,Bangladesh costero: mujeres y adaptación,3
39,COMMUNITY SOLUTIONS TO THE CLIMATE CRISIS BASED ON BLACK BRAZILIAN WOMEN'S TRADITIONAL KNOWLEDGE,2026,,"The global climate crisis and its causes are closely linked to the exploitation and oppression of Latin American women, predominantly Black, indigenous, rural, and quilombola. This article analyzes community solutions developed by Black Brazilian women from traditional communities for the patriarchal, colonialist and racist systems that contribute to this crisis, resulting in ecological and social inequalities. The traditional knowledge of these women is crucial for creating community-based solutions to the climate crisis. Decolonial and intersectional Community Psychology values the expertise and practices of these traditional communities, contributing to the construction of a more inclusive science committed to social and environmental justice. Intersectionality is an essential theoretical tool for understanding the multiple forms of oppression these women face and for developing strategies of resistance and care for the Earth. The agroecological practices and collective care of these women offer ways to mitigate the impacts of climate change, preserving biodiversity and promoting environmental justice. © 2026, University of Salento. All rights reserved.",Campos M.P.P.; Pellicer L.N.; Miranda A.B.; Lermen M.S.B.D.S.; Silva S.M.D.; Moura J.F.; Borges C.A.M.,Community Psychology in Global Perspective.,"University of Naples Federico II, Naples, Italy; Universidade Federal do Ceará, Brazil; Universidade Federal de Minas Gerais, Brazil; Universidade Federal do Vale do São Francisco, Brazil; Universidade da Integração Internacional da Lusofonia Afro-Brasileira, Brazil",English,Article,climate change; community psychology; environmental justice; traditional people,0,,2-s2.0-105038020652,Final,,A_nucleo,en,scopus_v2,,0.5,"Centra la posición de mujeres negras quilombolas, pero enuncia 'multiple forms of oppression' sin analizar su co-constitución.",1.0,"Vincula la crisis climática con sistemas patriarcales, colonialistas y racistas desde una psicología comunitaria decolonial.",0.5,"Comunidades tradicionales brasileñas y quilombolas nombradas, sin detalle histórico o territorial.",0.0,No describe método ni operacionalización empírica de las intersecciones.,2.0,medium,,1.0,"Orientada a justicia social y ambiental, con estrategias de resistencia y una ciencia más inclusiva.",1.0,"Soluciones comunitarias, saberes tradicionales, agroecología y cuidado colectivo como resistencia.",True,"Mujeres negras, indígenas, rurales y quilombolas enfrentan sistemas 'patriarchal, colonialist and racist' vinculados a la crisis climática.",0.5,"Integración parcial: poder, agencia y justicia se articulan, pero las identidades se enuncian sin análisis empírico.",conceptual_teorico,cambio_climatico_general,Brazil,parcial,10,8.936229,7.273893,10_indigenous_climate_change_women,Mujeres indígenas y saberes propios,2
40,"Capabilities, Empowerment, and Citizenship Among Women in Coastal Areas of North Jakarta: Response to Climate Change",2026,10.1007/978-3-032-15334-0_6,"Previous studies have found that climate change impacts women and reinforces gender inequalities, including through increased disaster exposure, declining food and water, lack of ownership of assets, and lack of access to the labour market. However, while climate change has gendered impacts, the inclusion of gender and intersectionality perspectives in climate change research and policies is lacking. This chapter utilises Kabeer’s (Development and Change, 30(3), 435–464, 1999) three dimensions of women’s agency to develop a conceptual framework for understanding women’s climate adaptation strategies in the coastal areas of Jakarta. Using data from focus group discussions and individual interviews with 19 respondents, the results of this study indicate that climate adaptation strategies practised by local communities are influenced by the community’s social identity, as found in previous studies. This research also reveals that women exhibit agency by acquiring knowledge and skills, as well as developing the awareness needed to engage actively in their communities and in cooperative organisations. Opportunities for women to leave their homes, engage in community activities, and acquire new experiences and knowledge exemplify these capabilities, which contribute to their empowerment and active participation in the community. This study identifies a model of women’s empowerment through civic engagement, including assisting communities to address climate-induced communal issues, forming neighbourhood associations, and being active in community organisations. © The Author(s), under exclusive license to Springer Nature Switzerland AG 2026.",Alawiyah T.; Utomo N.A.; Bararah Barid V.; Fathony A.,Springer Climate,"Faculty of Social and Political Science, University of Muhammadiyah Jakarta, Banten, Indonesia; Research Center for Law, National Research and Innovation Agency (BRIN), Jakarta, Indonesia",English,Book chapter,Capabilities; Climate change adaptation; Empowerment; Indonesia; Women,0,,2-s2.0-105036067215,Final,,A_nucleo,en,scopus_v2,10.1007/978-3-032-15334-0_6,0.0,No aplica: no supera el gate.,0.0,No aplica: no supera el gate.,0.0,No aplica: no supera el gate.,0.0,No aplica: no supera el gate.,0.0,medium,,0.0,No aplica: no supera el gate.,0.0,No aplica: no supera el gate.,False,Eje único (mujeres); la interseccionalidad se menciona solo como vacío en la investigación y las políticas climáticas.,0.0,No aplica: no supera el gate.,empirico_cualitativo,nivel_mar_costas,Indonesia,mencion_sin_aplicacion,6,7.0083637,8.830904,6_gender_change_climate_climate change,"Género, vulnerabilidad y medios de vida",2
50,"Climate Vulnerability and Legal Equity: Legal Pathways for Indigenous Peoples, Climate Migrants, and Vulnerable Groups",2026,10.4018/979-8-3373-6635-7.ch005,"This chapter discusses climate vulnerability and justice of the law for the Indigenous people, climate migrants, and other disenfranchised people, such as women, children, and disabled individuals. Through the intersectional lens, it looks at the exacerbating effect of confluent social, cultural, and economic inequalities in increasing climate risks and analyzes deficiencies of existing legal systems. Community-based resilience and legal advocacy through case studies are complemented by pools of emerging responses in policy and best practices that help define the pathways to inclusive governance. The recommendations call on the need to enhance human rights-based climate policies, institutionalize protection of climate migrants, integrate intersectionality into climate changes, and improve the involvement of the community to promote just and sustainable climate mitigation measures. Copyright © 2026, IGI Global Scientific Publishing. Copying or distributing in print or electronic forms without written permission of IGI Global Scientific Publishing is prohibited. Use of this chapter to train generative artificial intelligence (AI) technologies is expressly prohibited. The publisher reserves all rights to license its use for generative AI training and machine learning model development.",Singh S.K.; Gothania J.; Bushra S.; Gorayah A.B.,"Climate Justice, Policy Reform, and the Future of Environmental Law","College of Engineering, National University of Science and Technology, Oman; Lingaya's Vidyapeeth, India",English,Book chapter,,0,Climate change; Electronic publishing; Engineering education; Learning systems; Machine learning; Personnel training; Climate justices; Climate vulnerability; Community-based; Disabled individuals; Economic inequality; Indigenous people; Legal system; Social inequalities; Social-economic; Vulnerable groups; Copyrights,2-s2.0-105048234284,Final,,A_nucleo,en,scopus_v2,10.4018/979-8-3373-6635-7.ch005,0.5,"Desigualdades confluentes con lógica de agravamiento; indígenas, migrantes, mujeres, niños y personas con discapacidad se enumeran por separado.",0.5,Examina deficiencias de los sistemas jurídicos y desigualdades sin teorizar mecanismos estructurales específicos.,0.0,Planteamiento global; los estudios de caso no se sitúan en el abstract.,0.0,Análisis jurídico-conceptual sin diseño empírico interseccional.,1.0,low,,1.0,"Recomienda políticas basadas en derechos humanos, protección institucional de migrantes climáticos y participación comunitaria.",0.5,"Menciona resiliencia comunitaria y abogacía legal en estudios de caso, sin detallarlas.",True,"Con lente interseccional analiza el efecto agravante de desigualdades sociales, culturales y económicas confluentes sobre el riesgo climático.",0.5,"Relaciona desigualdades confluentes, déficits legales y recomendaciones con un análisis interseccional poco desarrollado.",conceptual_teorico,cambio_climatico_general,Global,nominal_debil,2,8.807467,5.564414,2_climate_justice_climate justice_change,"Justicia climática, derecho y litigio",2
61,"Climate governance and indigenous women: narratives from institutions and personal perspectives; [Governança climática e mulheres indígenas, narrativas a partir das instituições e perspectivas próprias]; [Gobernanza climática y mujeres indígenas, narrativas desde la institucionalidad y perspectivas propias]",2026,10.1590/0034-761220240456x,"This article analyzes the narratives about indigenous women in Chilean climate governance and their perceptions and self-conceptions within this context, from an intercultural, intersectional, and multiscale perspective. The main climate change management instruments associated with the Framework Law on Climate Change (LMCC) were analyzed along with a document that systematizes experiences in which indigenous women reflect on climate governance in various action research spaces, using the sociogram technique. We conclude that indigenous women are not recognized as actors in climate governance in Chile, but rather as beneficiaries of a fragmented, disjointed policy for their inclusion. This contrasts with the vision and demands they have, which recognize their differentiated rights, and a logic of collaboration and connection is promoted through horizontal dynamics among diverse actors. This work is licensed under a Creative Commons Attribution 4.0 License. http://creativecommons.org/licenses/by/4.0/",Yon Jorquera R.; Carril Cares F.C.,Revista de Administracao Publica,"Freie Universität Berlin, Lateinamerika-Institut, Berlin, Germany; Universidad Diego Portales, Facultad de Ciencias Sociales e Historia, Santiago, Chile",English,Article,climate governance; indigenous women; interculturality; intersectionality,0,,2-s2.0-105044235936,Final,All Open Access; Gold Open Access; Green Open Access,A_nucleo,en,scopus_v2,10.1590/0034-761220240456x,1.0,"Analiza narrativas sobre y de mujeres indígenas como posición específica, con derechos diferenciados propios, desde un enfoque interseccional.",0.5,"Crítica institucional: se las trata como beneficiarias de una política 'fragmented, disjointed', no como actoras; no teoriza colonialismo ni patriarcado.",1.0,"Situado en la gobernanza climática chilena y los instrumentos de la Ley Marco de Cambio Climático, con enfoque intercultural y multiescalar.",0.5,"Análisis documental y sociograma centrados en un grupo interseccional, sin describir codificación cruzada ni operación explícita de las intersecciones.",3.5,medium,,1.0,Crítica situada de su exclusión como actoras y reivindicación de sus derechos diferenciados en la gobernanza climática.,1.0,"Recoge autoconcepciones, visión y demandas propias de las mujeres indígenas, con lógicas de colaboración horizontal.",True,"Población definida por la intersección: mujeres indígenas, analizadas desde una perspectiva 'intercultural, intersectional, and multiscale'.",1.0,"Articula poder institucional, posición de las mujeres indígenas, contexto chileno y agencia en un contraste coherente entre narrativas institucionales y propias.",empirico_cualitativo,cambio_climatico_general,Chile,sustantivo_fuerte,10,8.053102,8.8247175,10_indigenous_climate_change_women,Mujeres indígenas y saberes propios,2
109,From livelihoods to empowerment: What else matters for women during climate mobility in the Global South?,2026,10.4337/9781035329939.00017,"What else matters for women during climate mobility in the Global South? We aim to answer this question from three dimensions: (i) livelihood diversification and income-generating activities (IGAs), (ii) gender-specific training and decision-making power, and (iii) gender-based violence (GBV). We identify a total of 102 climate-affected migrated and non-migrated individuals through qualitative exercises in coastal Bangladesh since 2020 due to Cyclone Amphan in destination regions only. We adopt a thematic approach to analyse two types of mobility (internal) statuses – permanent and temporary – based upon various disaster types. Our results show that women preferred more IGAs in addition to wage employment, felt the need for more gender-specific training, preferential access in their families’ income and improvement of GBV indicators to uplift their economic empowerment and reduce gender inequality. We put emphasis on both public and private sector interventions to ensure gender safety for both migratory cases in Bangladesh and elsewhere in the Global South. © The Editors and Contributors Severally 2026. All rights reserved.",Karim A.,Handbook on Climate Mobility,"Bangladesh Institute of Development Studies (BIDS), Dhaka, Bangladesh",English,Book chapter,Climate Change; Climate Mobilities; Gender; Indigenous Peoples; Indigenous Women; Intersectionality; Post-colonial Studies,0,Decision making; Storms; Bangladesh; Climate mobility; Decisions makings; Gender; Income generating activities; Indigenous people; Indigenous woman; Intersectionality; Post-colonial study; Three dimensions; Climate change,2-s2.0-105034610404,Final,,A_nucleo,en,scopus_v2,10.4337/9781035329939.00017,0.5,Género y estatus de movilidad se analizan como dimensiones separadas; la indigeneidad no aparece en el abstract.,0.5,"Nombra desigualdad de género, poder de decisión y violencia de género, sin teorizar mecanismos estructurales.",0.5,"Bangladesh costero tras el ciclón Amphan (desde 2020), sin desarrollo sociohistórico.",0.5,Análisis temático de 102 personas diferenciando movilidad permanente y temporal; subgrupos descriptivos.,2.0,medium,,1.0,"Recomienda actividades generadoras de ingresos, formación específica, acceso al ingreso familiar e intervenciones contra la violencia de género.",0.5,"Recoge preferencias y necesidades expresadas por las mujeres, sin documentar estrategias o resistencias.",True,"Relaciona género y condición de movilidad (migrantes permanentes, temporales y no migrantes) tras el ciclón Amphan; mujeres indígenas en palabras clave.",0.5,"Género, movilidad y recomendaciones se conectan parcialmente, sin marco estructural que articule el análisis.",empirico_cualitativo,ciclon_huracan_tormenta; desastres_multiples,Bangladesh,parcial,9,4.9447684,8.391445,9_bangladesh_climate_adaptation_women,Bangladesh costero: mujeres y adaptación,3
115,Gender and climate change: differential risks and resilience among internal migrants at their urban destination in coastal Bangladesh,2026,10.1080/17565529.2026.2651955,"Mobility can shape climate risks in urban destination areas, which are not equally experienced. Gender, migrant status, and factors such as age, parental status, and economic conditions often intersect to influence how migrants navigate and respond to climate hazards. Yet, the gendered and intersectional dimensions of climate risks and resilience, along with their underlying material, institutional and social determinants, remain underexplored in internal mobility contexts. This study draws on qualitative fieldwork conducted in Mongla, a growing destination area in Bangladesh, to examine how these determinants influence climate risks and resilience among migrants through a gendered and intersectional lens. The findings suggest that newly arrived migrant women face heightened vulnerability to climate hazards due to overlapping constraints that limit their resilience upon arrival. Power dynamics and social differentiation influence unequal access to resources and services. In particular, recently arrived migrant women often have fewer and limited access to information, institutional aid, or social support, which are critical for responding to climate hazards. By shifting the analytical attention to urban destination areas, this study offers a gendered understanding of climate risks and resilience in Bangladesh, providing empirical insights to inform more equitable policies to support internal migrants in urban destinations. © 2026 The Author(s). Published by Informa UK Limited, trading as Taylor & Francis Group.",Brisebois A.; Hoffmann R.,Climate and Development,"Department of International Studies and Interpreting, OsloMet – Oslo Metropolitan University, Oslo, Norway; International Institute for Applied Systems Analysis, IIASA), Population and Just Societies Program, & Wittgenstein Centre for Demography and Global Human Capital (IIASA, OeAW, University of Vienna, Laxenburg, Austria",English,Article,Bangladesh; climate change; Gender; mobility; resilience; risk,1,,2-s2.0-105036092199,Article in press,All Open Access; Green Open Access; Hybrid Gold Open Access,A_nucleo,en,scopus_v2,10.1080/17565529.2026.2651955,1.0,"Analiza la posición específica de mujeres migrantes recién llegadas, cuya vulnerabilidad surge de restricciones superpuestas.",0.5,"Dinámicas de poder y diferenciación social limitan acceso a información, ayuda institucional y apoyo, sin teorizar estructuras.",1.0,"Mongla, destino urbano creciente del Bangladesh costero; desplaza el análisis a destinos de movilidad interna.",0.5,Trabajo de campo cualitativo con lente interseccional; no detalla muestreo ni codificación cruzada.,2.5,medium,,0.5,"Aporta evidencia para políticas más equitativas hacia migrantes internos, sin desarrollarlas.",0.5,"Menciona cómo los migrantes navegan y responden a las amenazas, pero enfatiza sus restricciones.",True,"Género, estatus migratorio, edad, parentalidad y condición económica se intersectan; mujeres migrantes recién llegadas enfrentan restricciones superpuestas.",1.0,"Poder y acceso desigual explican la vulnerabilidad de mujeres migrantes recién llegadas en Mongla, de forma articulada.",empirico_cualitativo,cambio_climatico_general,Bangladesh,sustantivo,9,5.079591,8.358478,9_bangladesh_climate_adaptation_women,Bangladesh costero: mujeres y adaptación,2
117,Gender dimension of climate-induced migration and access to ecosystem services in the Tatale/Sanguli District of the Northern Region of Ghana,2026,10.1016/j.envdev.2025.101349,"Climate-induced migration is an escalating global phenomenon with profound socio-economic and environmental implications. The intersection of gender dynamics and climate-induced migration presents unique challenges and opportunities that warrant further comprehensive investigation due to limited understanding of current issues facing specific localities and communities. Available literature is very vast, however, fails to explain definitive areal challenges and issues particularly dealing with unique gender inequalities. Migration also fuels competition for access to ecosystem services in border districts in the West-African Sub-region, where population is increasing due to migration against climate change effects. Using a mixed-methods approach and a survey of 250 respondents and 20 interview participants, in the Tatale/Sanguli District of the Northern Region of Ghana, this study finds that, prominently, access to ecosystem services in the local district largely depends on gender and migration status, and women migrants are more disadvantaged than any other groups. Women migrants only enjoy cultural services at par with their men colleagues and disproportionately higher than indigenous men, nonetheless, still less than their indigenous women counterparts in the district. The significance of the study is to offer a better understanding on migration due to climate change to highlight and direct interventions for access to resources and promote gender equity. This research therefore contributes to climate-migration studies by highlighting gender-specific impacts to inform policy and foster inclusive, resilient communities in climate-vulnerable regions. © 2025 The Authors",Abdulai F.; Abdulai A.-F.; Anwar K.; Abdullah A.,Environmental Development,"Department of Sustainable Development Studies, Faculty of Sustainable Development Studies, University for Development Studies, P.O. Box TL 1927, Tamale, Ghana; Department of Entrepreneurship and Enterprise Development, Faculty of Business, Tamale Technical University (TaTU), P.O. Box 3 E/R, Tamale, Ghana; Faculty of Business, London School of Science and Technology, Crystal Court, Aston Cross, 50 Rocky Lane, Ashton, Birmingham, United Kingdom; Faculty of Business and Creative Industries, University of South Wales, United Kingdom",English,Article,Climate change; Ecosystem services; Gender; Migration,5,,2-s2.0-105015407653,Final,All Open Access; Hybrid Gold Open Access,A_ampliada,en,scopus_v2,10.1016/j.envdev.2025.101349,1.0,Clasificación cruzada interpretada como posiciones combinadas: las mujeres migrantes quedan por debajo de todos los demás grupos.,0.5,"Alude a desigualdades de género y competencia por recursos, sin teorizar estructuras ni mecanismos de poder.",1.0,Distrito fronterizo Tatale/Sanguli (norte de Ghana); reclama atender problemas específicos de localidades concretas.,1.0,Encuesta a 250 personas y 20 entrevistas comparando cuatro grupos de género por estatus migratorio.,2.0,low,,0.5,"Busca orientar intervenciones y promover la equidad de género, sin desarrollar propuestas.",0.0,"Los grupos aparecen por su acceso desigual a servicios, sin agencia ni estrategias.",True,El acceso a servicios ecosistémicos depende de género y estatus migratorio; compara mujeres y hombres migrantes y autóctonos.,0.5,"Posiciones combinadas y contexto local se conectan, pero sin explicación estructural de las desigualdades.",empirico_mixto,cambio_climatico_general,Ghana,parcial,4,6.4655604,9.626195,4_farmers_adaptation_change_climate change,Adaptación agraria y pequeños productores,2
126,Gendered Climate Vulnerability and Adaptation in the Himalayas: A Feminist and Intersectional Systematic Review (2015–2025),2026,10.1177/0972558X261436713,"Gender has become a central analytical lens for understanding climate change vulnerability and adaptation; however, scholarship from the Himalayan region remains fragmented and largely descriptive, with limited engagement with power, inequality, and long-term transformation. This systematic review critically synthesizes 30 peer-reviewed empirical studies published between 2015 and 2025 to examine gender-differentiated vulnerabilities, adaptive practices, and institutional responses to climate change across the Himalayas. Guided by the Preferred Reporting Items for Systematic Reviews and Meta-Analysis (PRISMA) 2020 framework, studies were identified through Google Scholar and ScienceDirect and were analyzed thematically. The review identifies six interconnected themes: gendered climate vulnerability, women’s agency in adaptation, migration and labor dynamics, indigenous knowledge and agroecological practices, underrecognized adaptive labor, and patriarchal and structural constraints. Beyond mapping these patterns, the review reveals persistent gaps, including limited operationalization of intersectionality, the romanticization of women’s resilience, and weak linkages between local adaptation practices and formal governance. The findings underscore the need for longitudinal, intersectional, and gender-transformative approaches that address structural inequalities and embed gender justice within climate adaptation planning in mountain regions. © 2026 Oriental Institute of Cultural and Social Research and SAGE",Kannaujia A.; Giri B.,Oriental Anthropologist,"Department of Geography NHRSC, Doon University, Uttarakhand, Dehradun, India",English,Article,Gender; Himalayan region; migration; Preferred Reporting Items for Systematic Reviews and Meta-Analysis,0,,2-s2.0-105047136726,Article in press,,A_nucleo,en,scopus_v2,10.1177/0972558x261436713,0.0,No aplica: no supera el gate.,0.0,No aplica: no supera el gate.,0.0,No aplica: no supera el gate.,0.0,No aplica: no supera el gate.,0.0,medium,,0.0,No aplica: no supera el gate.,0.0,No aplica: no supera el gate.,False,"Temas listados por separado (género, migración, saberes indígenas); la interseccionalidad aparece como etiqueta, vacío ('limited operationalization') y agenda futura.",0.0,No aplica: no supera el gate.,revision,cambio_climatico_general,Himalayan region,mencion_sin_aplicacion,5,4.7553806,9.146568,5_india_gender_climate_change,"India: género, casta y agua",2
129,Gendered dimensions of climate mobilities in the Northern Bolivian Altiplano,2026,10.4337/9781035329939.00016,"Research on climate change and migration is an emerging field requiring further exploration. While climate mobilities are increasingly recognised as gendered, the specific experiences of Indigenous women remain overlooked. This chapter argues that combining intersectionality and post-colonial frameworks can enhance our understanding of the deeply rooted gender and social inequities in the climate-migration nexus, while highlighting the resilience and agency of Indigenous women. Climate change significantly drives migration, alongside intersecting vulnerabilities affecting both men and women. For women, migration is shaped by cultural norms and gender roles; while it can challenge traditional roles and foster autonomy, it also carries risks like economic marginalisation. Conversely, women bear the burden of managing households and adapting to environmental stresses. Immobility disproportionately affects women and older individuals, trapping them in deteriorating environments due to limited resources. Despite these challenges, women demonstrate agency, reshaping traditional gender dynamics within migration processes. © The Editors and Contributors Severally 2026. All rights reserved.",Flores-Palacios X.; Barbera C.,Handbook on Climate Mobility,"Inter-American Development Bank, United States",English,Book chapter,Climate Change; Climate Mobilities; Gender; Indigenous Peoples; Indigenous Women; Intersectionality; Post-colonial Studies,0,Information use; Bolivian Altiplano; Climate mobility; Cultural norms; Gender; Gender roles; Indigenous people; Indigenous woman; Intersectionality; Marginalization; Post-colonial study; Climate change,2-s2.0-105034602360,Final,,A_nucleo,en,scopus_v2,10.4337/9781035329939.00016,0.5,"Invoca la posición de mujeres indígenas, pero describe sobre todo roles de género y cita la edad por separado.",0.5,"Menciona inequidades de género y sociales arraigadas y un marco poscolonial, sin teorizar mecanismos estructurales.",0.5,"Altiplano norte de Bolivia nombrado, sin detalle sociohistórico en el abstract.",0.0,Capítulo argumentativo sin método empírico descrito.,1.0,medium,,0.0,Busca ampliar la comprensión; no plantea orientación a la justicia ni recomendaciones.,1.0,Destaca la resiliencia y agencia de mujeres indígenas que reconfiguran dinámicas de género en la migración.,True,Mujeres indígenas del Altiplano (género e indigeneidad); la inmovilidad afecta desproporcionadamente a mujeres y personas mayores.,0.5,"Marcos interseccional y poscolonial se anuncian, pero género, indigeneidad y edad quedan yuxtapuestos.",conceptual_teorico,cambio_climatico_general,Bolivia,nominal_debil,-1,7.8322783,8.866138,-1_climate_change_climate change_health,Sin tópico (outliers),2
131,Gendered perceptions of resilience: Understanding of communities’ responses to disasters,2026,10.1016/j.ijdrr.2026.106355,"This study examines the gendered and place-based dimensions of perceived recovery capacity in rural iTaukei (Indigenous Fijian) communities following Tropical Cyclone Winston in 2016. Drawing from a resilience framework that integrates social capital and intersectional gender analysis, we use household survey data and a logistic regression to explore how experience, gender, trust, and place-based factors interact to shape perceptions of recovery and adaptive capacity. The findings show that perceived recovery capacity is associated with current household recovery status, community location, and for women, trust in other members of their community. We found that in communities with higher levels of trust, women had greater confidence in their ability to recover from future cyclones. This study therefore contributes to growing debates on gendered resilience by illustrating how trust functions as both a structural and relational enabler of recovery and adaptive capacity. Strengthening social trust, cohesion, and inclusive governance is hence critical to fostering equitable, gender-responsive resilience across Pacific Islands and other small island developing states contexts facing intensifying climate and disaster risks. © 2026 The Authors.",Hill L.S.; Battaglia M.B.; Mangubhai S.; Epstein G.; Fox M.; Naisilisili W.; Loganimoce E.; Dulunaqio S.; Qauqau I.,International Journal of Disaster Risk Reduction,"School of Planning, Faculty of Environment University of Waterloo, 200 University Avenue West, Waterloo, N2L 3G1, ON, Canada; School of Environment, Resources and Sustainability, Faculty of Environment University of Waterloo, 200 University Avenue West, Waterloo, N2L 3G1, ON, Canada; Talanoa Consulting, Suva, Fiji; Wildlife Conservation Society, Fiji Country Program, Suva, Fiji; Pacific Community, Noumea, 98848, New Caledonia; Yatuloa Consulting, Fiji",English,Article,,0,,2-s2.0-105051427121,Final,All Open Access; Hybrid Gold Open Access,A_nucleo,en,scopus_v2,10.1016/j.ijdrr.2026.106355,0.5,"Analiza el género dentro de comunidades indígenas; interactúa con confianza y lugar, no con otros ejes sociales.",0.0,"Explica la recuperación por confianza y capital social, sin nombrar estructuras de poder.",0.5,Comunidades rurales iTaukei tras el ciclón Winston (2016); contexto sociohistórico poco desarrollado.,0.5,Encuesta y regresión logística con efectos de la confianza para mujeres; la interacción no cruza ejes sociales.,1.0,medium,,0.5,"Recomienda fortalecer confianza, cohesión y gobernanza inclusiva para una resiliencia equitativa, sin desarrollo.",0.5,"Recoge la confianza de las mujeres en su capacidad de recuperarse, sin documentar estrategias.",True,Mujeres iTaukei (indígenas fiyianas) tras el ciclón Winston; análisis de género interseccional con confianza y lugar.,0.5,"Género, confianza y lugar se conectan en el modelo, sin poder estructural ni lectura interseccional plena.",empirico_cuantitativo,ciclon_huracan_tormenta,Fiji,nominal_debil,0,4.8954277,6.808263,0_disaster_disasters_risk_disability,"Desastres y riesgo: discapacidad, género y recuperación",3
143,"Health Inequalities, Scientific Evidence, and Climate Litigation: A Preliminary Transnational Study",2026,10.1017/S2047102526100351,"This article presents a preliminary study of the judicialization of unequal health impacts of climate change in climate litigation. Reviewing cases addressing unequal health impacts of climate change, the sample reveals that 60% of health-related cases involve intersectional dimensions, addressing health inequalities tied to gender, race, ethnicity, Indigeneity, or age. This serves as a departure point for a systematic content analysis of six transnational climate cases, analysing how plaintiffs use health-related scientific evidence and how judges respond to it in the first stage of judicial decisions. Results show that plaintiffs often present general scientific knowledge rather than specific evidence of intersecting vulnerabilities. While judges acknowledge these scientific claims, procedural dismissals limit opportunities for substantive engagement with intersectional health claims. These findings raise questions about the availability and strategic use of scientific evidence on intersecting vulnerabilities, and call for further research on the emerging phenomenon of health narratives and their normative and evidentiary value. © The Author(s), 2026. Published by Cambridge University Press.",Galmiche A.,Transnational Environmental Law,"Institute of Health Law, Faculty of Law, University of Neuchâtel, Neuchâtel, Switzerland",English,Review,Climate change litigation; Health inequalities; Health-related science; Intersectionality; Scientific evidence,0,,2-s2.0-105044337049,Article in press,All Open Access; Hybrid Gold Open Access,A_nucleo,en,scopus_v2,10.1017/s2047102526100351,0.5,"Enumera ejes y habla de vulnerabilidades que se intersectan, pero no analiza cómo se co-construyen; el foco es jurídico-probatorio.",0.5,"Identifica barreras institucionales (desestimaciones procesales) que limitan los reclamos interseccionales, sin teorizar estructuras de opresión.",0.5,"Contexto transnacional de litigios climáticos en fase inicial, sin detalle histórico o geográfico de los casos.",0.5,"Clasifica casos según dimensiones interseccionales (60%) y analiza seis, sin análisis interaccional de los ejes.",1.5,medium,,0.5,"Vincula el litigio con desigualdades en salud, pero solo pide más investigación sobre el valor normativo de la evidencia.",0.5,Considera el uso estratégico de evidencia por los demandantes; la agencia jurídica se trata marginalmente.,True,"Analiza reclamos de salud con dimensiones interseccionales (género, raza, etnia, indigeneidad, edad) y la evidencia sobre vulnerabilidades que se intersectan.",0.5,"Pregunta coherente sobre reclamos interseccionales en tribunales, pero ejes, poder y contexto se conectan parcialmente.",empirico_cualitativo,cambio_climatico_general,Global,parcial,2,9.275351,5.476882,2_climate_justice_climate justice_change,"Justicia climática, derecho y litigio",2
146,How effective Cyclone Preparedness Programme (CPP) is in promoting inclusive disaster resilience in Bangladesh?,2026,10.1108/IJDRBE-09-2024-0104,"Purpose – Inclusive resilience is both a cause and consequence of sustainable development. Cyclone Preparedness Program (CPP) has been an embodiment of gender-inclusive community-driven disaster management globally. But, the inclusion of other vulnerable groups has not yet been investigated, which leaves the question of inclusive resilience unattended from its organizational perspective. Accordingly, the purpose of this study was to explore the effectiveness of CPP in promoting inclusive disaster resilience and to find out the key intricacies and barriers the program faces. The authors examined the ground reality from both ends of CPP volunteers and the intersectional groups in the coastal community and coalesced recommendations from both sides to devise a way forward to facilitate inclusive community resilience to disasters. Design/methodology/approach – The study used a qualitative methodology and used focus group discussion (FGD) and key informant interview (KII) to collect data from target participants. A total of seven FGDs and four KIIs were conducted. This study took place in a cyclone-prone coastal upazila of Bangladesh where the residents face climate variabilities and disasters more frequently and intensively compared to other regions of the country. Findings – The findings highlighted a need for appropriate training and equipment for the community volunteers in respect to their assigned duty within the CPP to reach the best outcome. The coastal community is well familiar with the direct and cascading impacts of climate change and disasters. But, there is a dearth of community consultation in deciding the course of actions adopted by CPP. Consequently, community people still feel disconnected and which in turn impedes the effectiveness of the program’s functions. The inclusion of elderly and persons with disabilities was not possible due to the nature of the duties carried out by CPP volunteers. However, the integration of a gender-balanced volunteer pool was verified through this study. Emphasis should be given to strengthening the capacity and restructuring policy frameworks conducive for CPP to collaboratively and independently implement projects on inclusive disaster risk reduction (DRR) interventions at their respective community level. The volunteers are extremely dedicated to community service, but lack of strong DRR infrastructures hinders their strife for inclusive resilience in the coastal community. Originality/value – This study addresses the absence of research works on the role of CPP in building inclusive resilience in coastal Bangladesh. The results highlight the lack of inclusivity in terms of decision-making, infrastructural development and scope for further integration of CPP in DRR activities in the coastal community. This research is based on data and findings obtained through direct data collection by the authors from the study area. © 2026 Emerald Publishing Limited",Chowdhury R.I.; Hossain M.A.; Sojib M.T.H.; Ibn Farid Z.,International Journal of Disaster Resilience in the Built Environment,"Institute of Disaster Management and Vulnerability Studies (IDMVS), University of Dhaka, Dhaka, Bangladesh",English,Article,Community; Cyclone; Cyclone Preparedness Program (CPP); Disaster; Inclusive; Resilience,0,,2-s2.0-105049667423,Article in press,,A_nucleo,en,scopus_v2,10.1108/ijdrbe-09-2024-0104,0.0,No aplica: no supera el gate.,0.0,No aplica: no supera el gate.,0.0,No aplica: no supera el gate.,0.0,No aplica: no supera el gate.,0.0,medium,,0.0,No aplica: no supera el gate.,0.0,No aplica: no supera el gate.,False,"'Intersectional groups' equivale a grupos vulnerables; personas mayores, con discapacidad y equilibrio de género se tratan por separado.",0.0,No aplica: no supera el gate.,empirico_cualitativo,ciclon_huracan_tormenta,Bangladesh,mencion_sin_aplicacion,0,4.836573,7.049449,0_disaster_disasters_risk_disability,"Desastres y riesgo: discapacidad, género y recuperación",3
150,Identifying the (gendered) elephants in the room: women’s invisible work within transdisciplinary climate change and sustainability efforts,2026,10.1108/EDI-09-2025-0624,"Purpose – This article analyzes the gendered “invisible work” in Latin American and Caribbean climate collaborations. Using case studies from Jamaica, Panama, Colombia and Brazil, we examine the unacknowledged sociocultural and sociospatial labor of women, including mediation, network navigation and emotional management that underpins community projects and territorial defense. This work, often masked by tokenistic inclusion, is racialized and spatially embedded. We argue that effective, equitable transdisciplinary practice requires centering these contributions, moving beyond visual representation to genuinely value the relational and logistical labor that sustains socioecological collaboration in the context of climate challenges. Design/methodology/approach – This is a qualitative study involving interviews, storytelling, documents, project reports, secondary data and field visits to sites in Colombia and Panama in 2022 and 2024. For these cases, reflective conversations were held both formally and informally with community members involved in local environmental initiatives. These discussions enabled self-reflection, identifying barriers and enablers of conservation. A key element was citizen action deliberative spaces (conversatorios de acción ciudadana), which integrated diverse knowledge into decision-making, with contributions through Canva presentations, stories, photos, testimonies, poems and autobiographies that highlighted social and environmental dynamics. In-depth interviews with women involved in transdisciplinary projects lasted about an hour, following an open-ended protocol to explore their experiences, roles, challenges, recognition, and perceptions of value. Each interview ended with a prompt to identify the “elephant in the room, ” encouraging reflection on unnoticed tasks, invisible labor, and emotional or logistical contributions. Findings – The findings highlight that women play a crucial role in climate and sustainability efforts, with activists, researchers and funding directors doing unseen work beyond official activities. Community leaders fighting violence organize resistance under fragile conditions, using media to protect and raise awareness. Researchers and funders build trust, provide emotional support and help marginalized groups access resources. These practices, advocacy, care, tactical engagement and networking are unpaid and unrecognized, but essential for maintaining collaborations and ensuring long-term project success. Research limitations/implications – Our feminist methodological framework insists on the critical importance of “on-the-ground” work and everyday practice. This is not merely an intellectual interest at the micro-level, but a political commitment to understanding sociality and collaboration not as abstract infrastructure, but as a concrete series of interactions in which power, difference and labor are negotiated. By making these routine exchanges the primary unit of analysis, we provide a helpful lens for making visible and, therefore, transforming the mechanisms of inequality that are reproduced or challenged in daily practice. Practical implications – Given the growth of such projects in climate and socioecological research, our study offers a critical, actionable framework. The mechanisms we identify can be used to audit and improve ongoing collaborations. Those involved in collaborative research work can apply our analytical lens to document, expose and name this invisible work, conceptualized for decades yet persistently ignored. This moves beyond academic critique to a practice of social justice and care, translating longstanding theory into a concrete commitment to recognize, validate and reward the essential work that holds collaboration together. Social implications – Our study’s contribution lies in its robust case scope and regional breadth. We present a transferable approach for revealing invisible work within transdisciplinary collaborations. By engaging data from four countries with diverse participants, including academic, funders and Indigenous women, we identify consistent mechanisms of work erasure that cut across different epistemological affiliations and project types. This broad, comparative scope enables us to argue that the invisibility of work is not an isolated issue but a systemic feature of transdisciplinary collaborations. Originality/value – This study contributes to the broader understanding of invisible work by connecting empirical evidence to actionable suggestions for funding agencies, academic institutions and policy actors. It exposes the “gendered elephant in the room, ” the essential, often unacknowledged work performed predominantly by women that sustains transdisciplinary collaborations and underscores the need to move beyond symbolic recognition toward structural and procedural changes that value all forms of work, visible and invisible, in climate change research. Our intersectional framework of connecting the embodied, everyday work of women to the structural institutional logic is highly applicable. It offers a helpful tool for other fields where similar dynamics of invisible labor and epistemic exclusion hinder collaboration and reinforce inequality. © Emerald Publishing Limited",Yáñez G.A.; House-Peters L.,"Equality, Diversity and Inclusion","Werklund School of Education, University of Calgary, Calgary, Canada; California State University Long Beach, Long Beach, California, United States",English,Article,Climate change; Gender; Global change; Invisible work; Qualitative; Sustainability; Transdisciplinarity,1,,2-s2.0-105038970723,Article in press,,A_nucleo,en,scopus_v2,10.1108/edi-09-2025-0624,0.5,"El género es el eje central; la racialización del trabajo invisible se afirma, pero su co-construcción con el género apenas se desarrolla.",1.0,"Identifica mecanismos de borrado del trabajo, inclusión simbólica y rasgos sistémicos de la colaboración, desde un marco feminista crítico.",0.5,"Casos en Jamaica, Panamá, Colombia y Brasil con trabajo de campo, pero subraya mecanismos comunes y transferibles más que especificidad situada.",0.5,"Entrevistas, relatos y conversatorios con mujeres diversas (académicas, financiadoras, indígenas), sin análisis cruzado de posiciones.",2.0,medium,,1.0,Propone un marco accionable para auditar colaboraciones y cambios estructurales y procedimentales que reconozcan y retribuyan ese trabajo.,1.0,"Documenta mediación, cuidado, incidencia y resistencia organizada por lideresas comunitarias frente a la violencia.",True,El trabajo invisible de las mujeres se describe como racializado y espacialmente situado; participan mujeres indígenas.,0.5,"Poder, trabajo invisible, agencia y transformación se articulan bien, pero la dimensión racial-interseccional queda subordinada al género.",empirico_cualitativo,cambio_climatico_general,Jamaica; Panama; Colombia; Brazil,parcial,10,8.143779,8.474656,10_indigenous_climate_change_women,Mujeres indígenas y saberes propios,2
166,Intersectional Vulnerabilities of the Sama Badjao in the Face of Climate Change and Disasters,2026,10.1355/sj41-1c,"This article examines the impact of intersecting social categories, such as indigeneity, religion and gender, on the recovery capacity after a typhoon of a sea-oriented Indigenous community called Sama Badjao. Drawing on data from ten months of fieldwork in the coastal area of Leyte province, the Philippines, this research uses decolonial and intersectional perspectives to highlight the complex challenges faced by Indigenous women in the aftermath of disasters. The findings show that disasters intensify pre-existing patterns of social inequality, disproportionately burdening Sama Badjao women and delaying their recovery. Limited access to aid resources, healthy and traditional food alternatives, and non-traditional housing materials intersect with customary beliefs, constraining recovery while reshaping Indigenous identity and practice. The article further demonstrates how efforts to reconstruct stilt houses reflect both climate adaptation and contested negotiations of indigeneity and gender in post-disaster contexts. © 2026 ISEAS – Yusof Ishak Institute.",Gonzaga G.,Sojourn,"Political and Cultural Change Department, Center for Development Research (ZEF), University of Bonn, Germany",English,Article,climate change; disaster; Indigenous peoples; intersectionality; Sama Badjau,0,,2-s2.0-105042420732,Final,,A_nucleo,en,scopus_v2,10.1355/sj41-1c,1.0,"Analiza negociaciones de indigeneidad y género en la reconstrucción, mostrando cómo las categorías se entrelazan y reconfiguran la identidad.",0.5,"Señala desigualdades previas y acceso limitado a ayuda, alimentos y materiales, con mirada decolonial pero sin teorizar mecanismos estructurales.",1.0,Diez meses de trabajo de campo en la costa de Leyte con una comunidad indígena marítima específica y sus casas palafíticas.,1.0,Etnografía prolongada con análisis interseccional centrado en mujeres indígenas sama badjao.,3.0,medium,,0.5,"Perspectiva decolonial crítica, pero sin recomendaciones ni orientación explícita a la transformación.",0.5,"La reconstrucción de casas palafíticas muestra adaptación y negociación identitaria, aunque la agencia se trata de forma breve.",True,"Examina cómo indigeneidad, religión y género se intersectan en la recuperación posterior a un tifón de mujeres sama badjao.",1.0,"Categorías entrelazadas, desigualdad previa, recuperación y reconstrucción identitaria se articulan en un análisis situado coherente.",empirico_cualitativo,ciclon_huracan_tormenta,Philippines,sustantivo,0,5.06108,6.8840885,0_disaster_disasters_risk_disability,"Desastres y riesgo: discapacidad, género y recuperación",4
184,Limits and barriers to climate adaptation among Indigenous women: Insights from Vedda communities in Sri Lanka,2026,10.1016/j.envsci.2026.104478,"Climate change disproportionately affects Indigenous communities, yet the gendered dimensions of these impacts, including the ways Indigenous women experience and respond, remain underexplored. This study examines how Indigenous Vedda women in Sri Lanka experience climate change, the strategies they employ in response, and the limits and barriers that constrain their adaptive capacity. Drawing on semi-structured interviews and field journaling conducted across four Vedda communities, the study adopts an intersectional and community-engaged approach to center women’s lived experiences. Findings reveal that Vedda women experience climate change primarily through declining agricultural productivity, food insecurity, water scarcity, and emerging health challenges, driven by drought, precipitation variability, and extreme heat. In response, women employ strategies spanning coping (e.g. manually watering plants), adaptive (e.g. collective resource-sharing), and transformative actions (e.g. increased reliance on daily wage jobs and Western medicine). Yet, these responses are often constrained by intersecting financial, institutional, and social/cultural barriers. Limited access to income, inadequate government support, gendered restrictions on mobility, and unequal access to Indigenous knowledge systems restrict women’s ability to move beyond short-term coping strategies. The study further identifies emerging limits to adaptation, where environmental change and structural inequalities together undermine the viability of traditional livelihood practices and knowledge systems. By foregrounding Indigenous women’s perspectives, this research advances an understanding of how intersecting social and ecological factors shape adaptation. Findings highlight the need for climate adaptation policies that are gender-responsive, context-specific, and grounded in Indigenous knowledge, while addressing structural inequalities that constrain adaptive capacity. © 2026 Elsevier Ltd.",Garbutt H.E.; Galappaththi E.K.; Jayasekara S.M.; Bell S.E.; Crawford T.W.,Environmental Science and Policy,"Department of Geography, Virginia Polytechnic Institute and State University, Blacksburg, United States; Departmnet of Sociology, Virginia Polytechnic Institute and State University, Blacksburg, United States",English,Article,Climate change adaptation; Indigenous women; Intersectionality; Limits and Barriers; Vedda,0,Sri Lanka; climate change; indigenous population; livelihood; local adaptation; local participation; perception; womens status; adaptation; adult; article; climate; climate change; community; controlled study; coping; Coping Strategy Questionnaire; drought; environmental change; epidemiology; extreme hot weather; female; food insecurity; government; human; intersectionality; knowledge; personal experience; precipitation; semi structured interview; Sri Lanka; water insecurity; western medicine,2-s2.0-105048632661,Final,,A_nucleo,en,scopus_v2,10.1016/j.envsci.2026.104478,1.0,"Muestra cómo ser mujer dentro de comunidades vedda restringe movilidad y acceso a saberes indígenas: posición específica, no suma de ejes.",1.0,"Ingresos limitados, apoyo estatal insuficiente, restricciones de género y desigualdades estructurales limitan la adaptación y generan límites a los medios de vida.",1.0,"Cuatro comunidades vedda de Sri Lanka, con sus medios de vida y saberes tradicionales; reclama políticas específicas al contexto.",1.0,"Entrevistas y diarios de campo con mujeres vedda, con enfoque interseccional y comunitario: muestreo de un subgrupo interseccional.",4.0,high,,1.0,"Pide políticas de adaptación sensibles al género, situadas y basadas en saberes indígenas que aborden desigualdades estructurales.",1.0,"Documenta estrategias de afrontamiento, adaptación colectiva y acciones transformadoras de las propias mujeres.",True,"Mujeres indígenas vedda: indigeneidad y género, junto con barreras económicas e institucionales, configuran su adaptación climática.",1.0,"Barreras estructurales explican los límites adaptativos de las mujeres indígenas, estudiados con el método en su contexto y con sus estrategias.",empirico_cualitativo,cambio_climatico_general; sequia; calor_extremo,Sri Lanka,sustantivo_fuerte,10,7.7847614,9.071349,10_indigenous_climate_change_women,Mujeres indígenas y saberes propios,2
195,"Multiple jeopardies, intersectional vulnerabilities: A black feminist analysis of disasters and ecological crises in Cap-Haïtien, Haiti",2026,10.1002/fea2.70069,"Haiti is continuously confronted with multiple environmental stresses, including biodiversity loss, deforestation, tropical storms, and flooding. These ecological threats are compounded by political instability and socio-economic inequality, which intensify disaster and climate-related risks. Drawing on ethnographic fieldwork and narrative experiences of Haitian women from river communities in Cap-Haïtien, Haiti, I analyze how intersecting structures of racial capitalism, predatory governance, spatial marginalization, and imperial legacies produce and engender ecological risk. This article foregrounds Black feminist theory as a critical lens to examine how vulnerability is not only additive but structurally embedded. The narratives of Haitian women speak to the everyday impacts of flooding, inadequate infrastructure, and state neglect. They also offer insights into political critique. This work contributes to disaster anthropology, Black ecologies, and intersectional environmental studies by calling for critical methodological approaches and epistemologies that attend to the lived experiences and political consciousness of those most impacted by ecological crises. © 2026 American Anthropological Association.",Felima C.A.,Feminist Anthropology,"Department of Anthropology, University of Kentucky, Lexington, KY, United States",English,Article,disasters; Haiti; intersectionality; risk; vulnerability,0,,2-s2.0-105048910599,Article in press,All Open Access; Bronze Open Access,A_nucleo,en,scopus_v2,10.1002/fea2.70069,1.0,"Sostiene que la vulnerabilidad no es solo aditiva sino estructuralmente incrustada, siguiendo la noción de multiple jeopardy del feminismo negro.",1.0,"Capitalismo racial, gobernanza depredadora, marginación espacial y legados imperiales producen el riesgo ecológico; teoría feminista negra.",1.0,"Comunidades ribereñas de Cap-Haïtien, inestabilidad política y legados imperiales: contexto histórico-político específico.",1.0,"Etnografía y narrativas de mujeres haitianas de comunidades ribereñas, centrada en un subgrupo interseccional.",4.0,high,,1.0,Crítica situada que exige metodologías y epistemologías atentas a la conciencia política de las más afectadas.,1.0,"Las narrativas de las mujeres aportan crítica política y saberes propios, no solo experiencias de daño.",True,"Analiza a mujeres haitianas de comunidades ribereñas desde el feminismo negro: raza, género, clase y marginación espacial entrelazadas.",1.0,"Estructuras entrelazadas explican el riesgo que viven mujeres concretas, analizado etnográficamente en su contexto histórico.",empirico_cualitativo,inundacion; ciclon_huracan_tormenta,Haiti,sustantivo_fuerte,-1,5.348101,7.196543,-1_climate_change_climate change_health,Sin tópico (outliers),2
200,"Navigating Change: Examining the Intersectionality of Women in Environmental Challenges, Maritime and Governance in Global South Oceania",2026,10.4324/9781003587309-15,"The environmental challenges have affected the coastal community and oceanic ecosystems in the Global South Oceanic region substantially. According to the Pacific Community, 80% of Oceania's population depends on coastal resources for their livelihoods. As environmental issues exacerbate, women are advocating for gender-inclusive approaches to enhance climate-change resilience and the sustainability of marine resources within the community. Similarly, in the maritime sector, the growth of women as seafarers is proportionate to their increased participation in maritime leadership roles compared to ‘softer’ roles, such as stewardesses. The policies needed to encourage more participation are, hence, possible through stronger representation of women in the governance of a country. The informal economy is also a crucial sector where women are involved in small-scale businesses and market jobs. The chapter highlights women's role and their potential in facing environmental challenges, the maritime sector, and the interdependence of governance and the informal economy in strengthening the region of Global South Oceania. Through delving into the intersectionality of gender, indigeneity, and maritime governance, this chapter aims to (a) explain the present role of women in Global South Oceania; (b) discuss how they are contributing to the maritime governance and climate change; and (c) shaping the women's role in the future of Global South Oceania and contributing to policy making. This chapter argues that strengthening women's threshold at the ground level is critical for ensuring gender-responsive policies and steady overall development in the Oceanic region. © 2026 selection and editorial matter, Hebatallah Adam and Abul Hasnat Monjurul Kabir; individual chapters, the contributors. All rights reserved.","Datta S., Sr.; Sahu I.","Gender, Power, and Economic Inequality in the Global South: An Intersectional Approach","O.P. Jindal Global University, India; Institute of South Asian Studies, National University of Singapore, Singapore; Jindal School of International Affairs, O.P. Jindal Global University, India; Jindal Centre for the Global South, India",English,Book chapter,,0,Marine biology; Sustainable development; Coastal communities; Coastal resources; Environmental challenges; Environmental governances; Environmental issues; Informal economy; Marine resources; Maritime sector; Oceanic ecosystems; Oceanic regions; Climate change,2-s2.0-105028351469,Final,,A_nucleo,en,scopus_v2,10.4324/9781003587309-15,0.5,"Nombra género e indigeneidad como intersección, pero el análisis trata a las mujeres en general, sin la dimensión indígena.",0.0,Se centra en la representación y el papel de las mujeres; no teoriza estructuras de poder ni mecanismos.,0.5,"Oceanía del Sur Global y dependencia costera (80% de la población), sin contexto histórico-político específico.",0.0,Capítulo conceptual sin operacionalización de intersecciones.,1.0,low,,0.5,"Pide políticas sensibles al género y mayor representación femenina en gobernanza, sin desarrollar una orientación de justicia.",1.0,Destaca la incidencia de las mujeres por enfoques inclusivos y su liderazgo en el sector marítimo y la economía informal.,True,Anuncia examinar la interseccionalidad de género e indigeneidad en la gobernanza marítima y climática de Oceanía.,0.0,"Sectores (ambiente, marítimo, economía informal, gobernanza) se yuxtaponen sin un análisis interseccional articulado.",conceptual_teorico,cambio_climatico_general,Oceania,nominal_debil,-1,7.338307,8.759109,-1_climate_change_climate change_health,Sin tópico (outliers),3
201,Navigating Climate Governance: Intersectional Youth Visions of Just Urban Adaptation,2026,10.1002/geo2.70049,"This article investigates climate justice, specifically exploring youth perspectives, gender and intersectionality within urban climate adaptation governance in Auckland, Aotearoa New Zealand. Addressing significant gaps in existing research, it focuses explicitly on how young women and gender-diverse youth perceive climate adaptation, experience participation barriers and envision transformative pathways to achieve climate justice. Our qualitative, participatory research explores three central questions: (1) What barriers do young women and gender-diverse youth face in climate governance? (2) How do neoliberal discourses shape youth perceptions and experiences of adaptation responsibility? (3) What transformative approaches do these youth advocate for achieving inclusive climate justice? Our findings reveal significant procedural and recognitional injustices; participants described persistent marginalisation due to their age, gender identity and ethnicity, reflecting broader structural exclusions in climate governance processes. Despite initially internalising neoliberal adaptation narratives of individual resilience, participants critically challenged such discourses following experiences of inadequate systemic support during recent climate disasters. They advocated strongly for inclusive, community-based governance that addresses intersectional vulnerabilities and promotes genuine equity and procedural justice. Moreover, youth participants argued explicitly for systemic changes, including co-governance arrangements grounded in mātauranga Māori (Indigenous knowledge) and critiques of neoliberal capitalism and colonial frameworks. Ultimately, we argue that meaningful youth engagement requires transformative, intersectional approaches to climate adaptation that go beyond tokenism to redistribute decision-making power and address deeper social and environmental injustices. © 2026 The Author(s). Geo: Geography and Environment published by the Royal Geographical Society (with the Institute of British Geographers) and John Wiley & Sons Ltd.",May G.; Parsons M.; Fisher K.,Geo: Geography and Environment,"School of Environment, Bath Spa University, Newton St. Loe, Bath, United Kingdom; School of Environment, The University of Auckland, Auckland, New Zealand",English,Article,climate adaptation; climate justice; gender non-binary; intersectionality; women; youth,1,Auckland [North Island]; New Zealand; North Island; climate change; ethnicity; gender disparity; governance approach; participatory approach; womens status,2-s2.0-105031119085,Final,All Open Access; Gold Open Access; Green Open Access,A_nucleo,en,scopus_v2,10.1002/geo2.70049,1.0,"Centra la posición de mujeres jóvenes y juventudes de género diverso, cuya marginación combina edad, identidad de género y etnicidad.",1.0,"Discursos neoliberales de resiliencia individual, exclusiones estructurales y marcos coloniales explican injusticias procedimentales y de reconocimiento.",1.0,"Gobernanza de adaptación en Auckland tras desastres recientes, con referencia a mātauranga Māori y marcos coloniales.",1.0,Investigación cualitativa participativa con un grupo interseccional definido (mujeres jóvenes y juventudes de género diverso).,4.0,high,,1.0,Propone enfoques transformadores que redistribuyan el poder de decisión y cogobernanza basada en saberes māori.,1.0,Las participantes cuestionan narrativas neoliberales y abogan por cambios sistémicos y gobernanza comunitaria.,True,"Mujeres jóvenes y juventudes de género diverso: edad, identidad de género y etnicidad se vinculan con exclusiones estructurales en la gobernanza climática.",1.0,"Posición interseccional, estructuras neoliberales y coloniales, contexto y propuestas se articulan en un análisis coherente.",empirico_cualitativo,cambio_climatico_general; desastres_multiples,New Zealand,sustantivo_fuerte,1,10.608726,6.3050346,1_youth_young_climate_activism,Juventudes y activismo climático,2
247,Strengthening climate resilience in coastal Bangladesh: Analyzing the role of NGOs in adaptation governance from an intersectionality lens,2026,10.1016/j.pdisas.2025.100498,"Non-governmental organizations (NGOs) significantly contribute to the promotion of local adaptation and resilience strategies in climate-vulnerable areas, including coastal Bangladesh. However, most prior studies have focused on project outcomes and governance frameworks, often neglecting the intersectional dimensions of vulnerability, such as gender, disability, and income, and how these affect perceptions of NGO efficacy. To address this gap, this study examines the effectiveness of NGO-led adaptation initiatives from an intersectional perspective in the Koira and Shyamnagar upazilas of southwest coastal Bangladesh. This study employed a mixed-methods approach, combining survey data (n = 230) with qualitative insights from Key Informant Interviews (KIIs) and Focus Group Discussions (FGDs). Quantitative findings reveal structural inequities, with individuals with disabilities and women being significantly underrepresented in NGO programs (χ2 = 24.88, p < .001; t = −3.47, p = .001; and χ2 = 34.42, p < .001; t = −5.75, p < .001, respectively). While 27 % of respondents claimed that NGOs prioritize disadvantaged groups, nearly half (48.3 %) disagreed. Qualitative data also echoed these concerns, illustrating patterns of favoritism, political interference, and tokenistic inclusion that undermine equity and transparency. The findings indicate that, although NGOs are critically essential for their considerable contributions to climate adaptation and resilience, they often face governance challenges that compromise their credibility and equitable results. This study demonstrates that fortifying accountability, diminishing elite capture, and integrating gender- and disability-sensitive frameworks into program design are essential for augmenting legitimacy and resilience. By foregrounding the interconnections among vulnerability, intersectionality, and governance, this study advances scholarly debates on adaptation governance in the Global South. Despite limitations in geographic coverage and representativeness, the research stresses the importance of justice-oriented and participatory approaches in NGO-led climate adaptation. © 2025 The Author(s).",Islam M.M.; Islam A.R.M.T.,Progress in Disaster Science,"Department of Public Administration, Begum Rokeya University, Rangpur, 5400, Bangladesh; Department of Disaster Science and Management, Begum Rokeya University, Rangpur, 5400, Bangladesh; Department of Development Studies, Daffodil International University, Dhaka, 1216, Bangladesh; Department of Earth and Environmental Science, College of Science, Korea University, 145 Anam-ro, Seongbuk-gu, Seoul, 02841, South Korea",English,Article,Adaptation; Bangladesh; Climate governance; Equity; Intersectionality; NGOs; Resilience,5,Bangladesh; climate change; equity; local adaptation; nongovernmental organization,2-s2.0-105024460309,Final,All Open Access; Gold Open Access; Green Open Access,A_nucleo,en,scopus_v2,10.1016/j.pdisas.2025.100498,0.5,"Mujeres y personas con discapacidad se comparan por separado con pruebas independientes, sin posiciones combinadas.",0.5,"Identifica 'structural inequities', captura de élites e interferencia política, sin teorizar patriarcado ni capacitismo.",1.0,"Situado en las upazilas de Koira y Shyamnagar, con dinámicas locales de gobernanza; reconoce límites de cobertura geográfica.",0.0,Ejes como variables separadas en pruebas bivariadas; el componente cualitativo no describe muestreo interseccional.,2.0,high,,1.0,"Recomienda rendición de cuentas, reducir la captura de élites e integrar marcos sensibles a género y discapacidad, con enfoque de justicia.",0.5,"Recoge percepciones críticas de la comunidad y propone enfoques participativos, sin documentar estrategias propias.",True,"Examina dimensiones interseccionales de la vulnerabilidad (género, discapacidad e ingreso) en la adaptación climática liderada por ONG.",0.5,"Vincula vulnerabilidad, gobernanza y equidad, pero los ejes se analizan en paralelo y no se integran.",empirico_mixto,cambio_climatico_general; nivel_mar_costas,Bangladesh,parcial,9,4.805843,8.557836,9_bangladesh_climate_adaptation_women,Bangladesh costero: mujeres y adaptación,2
259,The Pit as a Sacrifice Zone: Environmental Injustice in Jesmyn Ward’s Salvage the Bones,2026,10.46585/absa.2026.19.2814,"This study explores Jesmyn Ward’s novel Salvage the Bones (2011) through an ecocritical and ecofeminist lens, with a focus on the critique of environmental and social injustice in the American South preceding and following Hurricane Katrina in 2005. By exploring Esch’s experience during Hurricane Katrina, the literary analysis highlights the intersection of environmental racism, animalization or dehumanization, as well as the politics of disposability. Central to this discussion is the symbolic significance of “the Pit,” the land of Esch and her family, and its connection to the historical and ongoing exploitation of the marginalized community in Bois Sauvage and in the American South as such. The article also employs ecofeminist and ecocritical perspectives to investigate Esch’s journey as a young African American woman, emphasizing her resilience and agency amidst neglect and dehumanization. © 2026 University of Pardubice. All rights reserved.",Rohová K.,American and British Studies Annual,"University of Ostrava, Czech Republic",English,Article,Disposability; Ecofeminism; Environmental injustice; Hurricane Katrina; Jesmyn Ward; Slow violence,0,,2-s2.0-105034311159,Final,All Open Access; Gold Open Access,A_ampliada,en,scopus_v2,10.46585/absa.2026.19.2814,0.5,Raza (racismo ambiental) y género (ecofeminismo) se abordan con lentes sucesivas; la co-construcción se sugiere sin desarrollarse.,1.0,"Racismo ambiental, zona de sacrificio, violencia lenta y políticas de desechabilidad como mecanismos de explotación histórica.",1.0,"Situado en el Sur estadounidense antes y después del huracán Katrina, con la explotación histórica de Bois Sauvage.",0.0,Análisis literario sin operacionalización empírica de intersecciones.,2.0,medium,,1.0,Crítica situada de la injusticia ambiental y social en torno a Katrina.,1.0,Enfatiza la resiliencia y la agencia de Esch frente al abandono y la deshumanización.,True,"Analiza a Esch como joven mujer afroamericana en la intersección de racismo ambiental, deshumanización y políticas de desechabilidad.",0.5,"La zona de sacrificio conecta estructura y experiencia de Esch, pero la lente de género se añade más que integrarse.",conceptual_teorico,ciclon_huracan_tormenta,United States,parcial,0,4.244941,6.079296,0_disaster_disasters_risk_disability,"Desastres y riesgo: discapacidad, género y recuperación",2
266,The gender gap in fisheries and climate policy: Insights from Southeast Asia,2026,10.1016/j.marpol.2026.107258,"Climate change poses significant challenges to coastal communities in Southeast Asia, where fisheries are not only vital for food security and livelihoods but are also deeply gendered. Women play essential roles across the fisheries value chain, yet their contributions and vulnerabilities remain largely invisible in policy frameworks. Here, we analysed the extent of gender integration in fisheries and climate policies (n = 115) in Indonesia and the Philippines - two countries with high female participation in fisheries and significant climate vulnerability. Our findings reveal a greater level of gender integration in the Philippines, particularly at higher governance levels, with Indonesia’s efforts to mainstream gender at a nascent stage. However, both countries lack actionable strategies and resource allocation to operationalize gender commitments at local levels. Policies also represent gender equality as a women’s issue and primarily portray women as homogeneously vulnerable, overlooking intersecting identities and local contexts. This approach has led to gender strategies that focus on institutional structures or women as beneficiaries, with limited attention paid to gender dimensions at a community level. Our results emphasise the need to strengthen implementation mechanisms at local levels, embed intersectional perspectives, and improve coordination between governance levels and sectors to support gender-responsive and inclusive climate adaptation in the fisheries sector. © 2026 The Authors.",Robinson D.; Trialfhianty T.I.; Charo B.; Fox H.E.; Ferrer A.J.; Beger M.,Marine Policy,"School of Earth and Environment, University of Leeds, Leeds, United Kingdom; Environmental Engineering, Faculty of Engineering, Universitas Pelita Bangsa, Bekasi, Indonesia; University of Rhode Island, Kingston, RI, United States; Conservation Science, Coral Reef Alliance, San Francisco, CA, United States; Division of Social Sciences, University of the Philippines Visayas, Iloilo, Miagao, 5023, Philippines; School of Biology, Faculty of Biological Sciences, University of Leeds, Leeds, United Kingdom; Centre for Biodiversity and Conservation Science, School of the Environment, The University of Queensland, Brisbane, Australia",English,Article,Adaptive capacity; Climate change; Fisheries; Gender equity; Intersectionality; Policy,0,Indonesia; Philippines; adaptive management; climate change; environmental policy; fishery management; gender disparity; vulnerability,2-s2.0-105046466670,Final,All Open Access; Hybrid Gold Open Access,A_nucleo,en,scopus_v2,10.1016/j.marpol.2026.107258,0.5,"Critica la homogeneización de las mujeres e invoca identidades entrecruzadas, pero analiza integración de género.",0.5,"Mecanismos institucionales (estrategias, recursos, niveles de gobernanza) sin teorizar estructuras de poder.",0.5,Compara Indonesia y Filipinas por niveles de gobernanza; reivindica contextos locales sin detallarlos.,0.0,"Análisis de 115 políticas sobre integración de género, sin diseño que capte intersecciones.",1.5,low,,1.0,"Recomienda reforzar la implementación local, incorporar perspectivas interseccionales y coordinar niveles para una adaptación inclusiva.",0.5,Reconoce los papeles esenciales de las mujeres en la pesca y critica su encuadre como beneficiarias.,True,"Halla que las políticas presentan a las mujeres como homogéneamente vulnerables, ignorando identidades entrecruzadas y contextos locales.",0.5,Crítica de políticas y recomendaciones conectadas; la interseccionalidad es hallazgo más que análisis.,empirico_cualitativo,cambio_climatico_general,Indonesia; Philippines,parcial,6,6.862841,8.898912,6_gender_change_climate_climate change,"Género, vulnerabilidad y medios de vida",2
274,Trapped in Place: Changing Mobility Patterns and Lifestyles of Thai Moken,2026,10.29333/ejecs/2664,"Mobility restrictions, cultural preservation, and intersectional marginalization are interrelated challenges that profoundly affect indigenous and nomadic populations. Restrictions on their movement through national borders, conservation measures, and development policies disrupt long-established spatial practices, economic systems, and kinship networks. While cultural preservation is essential for maintaining collective identity, it is often complicated by external interventions such as the commercialization of cultural heritage, state assimilation initiatives, and the pressures of globalization. The Moken, a traditionally semi-nomadic seafaring people of the Andaman Sea, are a prime example of these intersecting dynamics. Their experiences therefore provide an excellent case study for examining the intertwined dynamics of mobility, identity and marginality in today's maritime Southeast Asia. Field research conducted from November 2024 to March 2025 on the islands of Surin and Phayam has shown that the Moken's way of life has gradually shifted toward sedentarism. In this article, we argue that the preservation of the Moken's valuable cultural knowledge, both in terms of their profound understanding of their maritime environment and their sustainable use of natural resources, depends crucially on maintaining their ""semi-nomadic"" identity. However, as their ancestral habitat continues to shrink, they are at risk of losing not only their centuries-old identity but also their valuable cultural practices. This article focuses on the question of what remains of traditional spatial concepts and mobility patterns today and what new patterns have emerged because of changing living and environmental conditions. © 2026 by Author/s and Licensed by CECS Publications, United States.",Husa L.C.; Sasiwongsaroj K.; Chaisingkananont S.; Chaidee V.,Journal of Ethnic and Cultural Studies,"University of Vienna, Austria; Mahidol University, Thailand",English,Article,climate change; Moken; semi-nomadism; spatial identity; spatial mobility,0,,2-s2.0-105033013836,Final,All Open Access; Gold Open Access,A_nucleo,en,scopus_v2,10.29333/ejecs/2664,0.0,No aplica: gate no superado.,0.0,No aplica: gate no superado.,0.0,No aplica: gate no superado.,0.0,No aplica: gate no superado.,0.0,low,,0.0,No aplica: gate no superado.,0.0,No aplica: gate no superado.,False,"Menciona 'intersectional marginalization', pero trata a los moken como un único colectivo; movilidad, identidad y marginalidad no son ejes relacionados.",0.0,No aplica: gate no superado.,empirico_cualitativo,cambio_climatico_general,Thailand,mencion_sin_aplicacion,-1,6.1333656,7.7771993,-1_climate_change_climate change_health,Sin tópico (outliers),2
282,Unincorporated and Unequal: Housing and Environmental Inequality Among Women Farmworkers in Rural California,2026,10.1111/ruso.70063,"This study examines how intersecting inequalities based on gender, race, class, and citizenship shape the lived experiences of Mexican and Mexican American women farmworkers in California's San Joaquin Valley, focusing on municipal boundary-making and spatial exclusion. Drawing on 35 in-depth interviews and feminist qualitative methods, I show how residential segregation concentrates many low-wage and immigrant workers in unincorporated communities with limited access to basic services, safe and affordable housing, reliable transportation, and clean air and water. These conditions demonstrate how legal, municipal, and geographic boundaries operate together as mechanisms of exclusion. I conceptualize these communities as internal borderlands, where structural inequalities take shape spatially and are intensified by environmental conditions. The findings highlight how these overlapping boundaries create layered vulnerabilities with implications for housing, health, and environmental justice. © 2026 Rural Sociological Society (RSS).",Pruneda E.,Rural Sociology,"Department of Sociology, California State University, Chico, Chico, CA, United States",English,Article,borderlands; climate change; housing inequality; intersectionality; rural inequality; unincorporated communities; women farmworkers,0,California; San Joaquin Valley; United States; agricultural worker; climate change; housing conditions; rural area; womens employment,2-s2.0-105047981572,Final,All Open Access; Bronze Open Access,A_nucleo,en,scopus_v2,10.1111/ruso.70063,1.0,"Centra la posición específica de jornaleras mexicanas y mexicoamericanas, donde género, raza, clase y ciudadanía se entrelazan en la exclusión espacial.",1.0,"Segregación residencial y fronteras legales, municipales y geográficas que 'operate together as mechanisms of exclusion'; desigualdades estructurales espacializadas.",1.0,Comunidades no incorporadas del Valle de San Joaquín; la delimitación municipal se conceptualiza como 'internal borderlands'.,1.0,35 entrevistas en profundidad con métodos cualitativos feministas a un subgrupo definido interseccionalmente.,3.0,low,,0.5,"Señala implicaciones para vivienda, salud y justicia ambiental sin desarrollar propuestas transformadoras.",0.0,Las trabajadoras aparecen como sujetas de exclusión; el resumen no documenta estrategias ni resistencias.,True,"Analiza 'intersecting inequalities based on gender, race, class, and citizenship' en mujeres jornaleras mexicanas y mexicoamericanas.",1.0,"Fronteras estructurales, posición interseccional y territorio se articulan en un argumento coherente sobre vulnerabilidades superpuestas.",empirico_cualitativo,cambio_climatico_general,United States,sustantivo,-1,7.07041,6.193613,-1_climate_change_climate change_health,Sin tópico (outliers),2
288,Voices from the Margins: A Decolonial Analysis of Climate Change Narratives in People's Archive of Rural India (PARI),2026,10.1080/17524032.2025.2596621,"This study examines how the People’s Archive of Rural India (PARI), an alternative media platform, engages with climate change narratives in India. Dominant climate discourses, particularly in mainstream media, often adopt technocratic and universalizing approaches that prioritize urban, elite, and state-sanctioned perspectives, while neglecting the voices, knowledge systems, and lived experiences of rural and Indigenous communities. Against this backdrop, the study employs a decolonial lens to analyze how PARI challenges these dominant frameworks by documenting rural and Indigenous experiences, Traditional Ecological Knowledge (TEK), and local resilience strategies. Through an in-depth analysis of selected climate-focused content, including articles, photo essays, and oral histories, this study reveals how PARI embeds climate narratives within the wider socio-historical, cultural, and political contexts, highlighting intersections of colonial histories, caste, gender, and livelihoods. The findings show that while PARI diversifies climate communication and contributes to broader decolonization efforts, tensions arise in translation, editorial mediation, and the negotiation between mainstream journalistic norms and alternative storytelling practices. © 2025 Informa UK Limited, trading as Taylor & Francis Group.",Beena S.; Vethanayagam S.A.L.; Parmar R.,Environmental Communication,"Department of Electronic Media and Mass Communication, Pondicherry University, Pondicherry, India",English,Article,alternative media; climate change communication; Decoloniality; India; People’s Archive of Rural India,2,,2-s2.0-105023903706,Final,,A_ampliada,en,scopus_v2,10.1080/17524032.2025.2596621,0.5,"Las intersecciones de casta, género e historia colonial se señalan como hallazgo, sin analizar cómo se co-constituyen.",1.0,"Lente decolonial: discursos climáticos tecnocráticos y universalizantes privilegian perspectivas urbanas, de élite y estatales; historias coloniales.",1.0,"Inscribe las narrativas en contextos sociohistóricos, culturales y políticos de la India rural y critica los enfoques universalizantes.",0.5,"Análisis en profundidad de artículos, fotoensayos e historias orales de PARI; no explicita una codificación interseccional.",2.5,medium,,1.0,Orientación decolonial explícita: examina cómo PARI desafía marcos dominantes y contribuye a esfuerzos de descolonización.,1.0,"Documenta experiencias rurales e indígenas, conocimiento ecológico tradicional y estrategias locales de resiliencia.",True,"Destaca 'intersections of colonial histories, caste, gender, and livelihoods' en narrativas climáticas de comunidades rurales e indígenas.",0.5,"La crítica decolonial articula poder, contexto y saberes locales, pero las intersecciones solo se señalan, sin integrarse al análisis.",empirico_cualitativo,cambio_climatico_general,India,sustantivo,5,4.7044683,9.73432,5_india_gender_climate_change,"India: género, casta y agua",2
299,Women in the quest for achieving food security and agricultural sustainability in Zimbabwe,2026,10.1007/s43621-026-03106-y,"Although women contribute an estimated 70–80% of agricultural labour in Zimbabwe, women smallholder farmers continue to face systematic constraints in access to land tenure, agricultural credit, productive technologies, extension services, and decision-making platforms. These structural inequalities undermine household-level food security and weaken the sustainability and resilience of national agricultural systems. Drawing on qualitative fieldwork across three high-agricultural-output provinces, Mashonaland West (Zvimba District), Masvingo (Gutu District), and Manicaland, (Chimanimani District), this article interrogates the gendered political economy of food production in post-land reform Zimbabwe. It documents how patriarchal norms, statutory tenure gaps, and gender-blind extension systems constrain women’s productive potential, while also highlighting emergent sites of agency: women-led ‘pfumvudza’ conservation plots, indigenous seed collectives in Chimanimani, and digitally enabled market cooperatives in Zvimba. The analysis engages feminist political ecology and food sovereignty frameworks to argue that food security is not a technical challenge, but a question of power specifically, who controls land, labour, and knowledge. Findings reveal that when women gain secure tenure, targeted inputs, and collective bargaining power, yields increase by 35–50%, household nutrition improves, and climate resilience strengthens. The article concludes with six policy imperatives grounded in intersectional praxis: institutionalizing gender-disaggregated data, reforming inheritance and land registration systems, co-designing extension with women farmers, investing in care infrastructure, legally recognising women’s cooperatives, and mandating gender equity audits in agricultural programming. This research contributes to Southern African agrarian studies by centering women as epistemic and economic agents of agroecological transformation. © The Author(s) 2026.",Gwatidzo K.T.,Discover Sustainability,"Department of Commerce, Zimbabwe Open University, Harare, Zimbabwe",English,Article,Agroecology; Climate resilience; Food sovereignty; Gender equity; Smallholder agriculture; Women farmers; Zero hunger,0,Zimbabwe; agroecology; alternative agriculture; food security; gender issue; smallholder; sovereignty; womens status,2-s2.0-105041053944,Final,All Open Access; Gold Open Access; Green Open Access,A_nucleo,en,scopus_v2,10.1007/s43621-026-03106-y,0.0,No aplica: gate no superado.,0.0,No aplica: gate no superado.,0.0,No aplica: gate no superado.,0.0,No aplica: gate no superado.,0.0,medium,,0.0,No aplica: gate no superado.,0.0,No aplica: gate no superado.,False,"Análisis centrado en el género (patriarcado, tenencia, extensión); 'intersectional praxis' solo aparece en las recomendaciones, sin un segundo eje articulado.",0.0,No aplica: gate no superado.,empirico_cualitativo,cambio_climatico_general,Zimbabwe,mencion_sin_aplicacion,4,6.449261,10.175642,4_farmers_adaptation_change_climate change,Adaptación agraria y pequeños productores,2
317,“Trying to Keep Things as Normal as Possible for the Kids”: Parenting Stress and Resilience within Wildfire Disasters,2026,10.1080/19371918.2026.2636679,"Despite the proliferation of disasters within our ongoing climate crisis, we know relatively little about the burdens and intersecting inequalities faced by parents in climate disasters and the diverse, creative ways parents promote resilience. Here, we present findings from interviews with Disaster Case Managers (DCMs, N = 13) in the West Coast of the United States after multiple massive wildfires, analyzed using grounded theory methods. Findings point to the disproportionate suffering of particular families (indigenous, LGBTQ, immigrant, low-income), as they had fewer resources and more overlapping sources of stress and marginalization that lengthened recovery periods. Loss of income, home, and community were profound risks for families, especially those multiply marginalized. And yet, parents rallied their parental capacity, working to ensure safety, belonging, routines, and connections, using internal and external resources. We conclude with implications for practice, emphasizing how post-climate disaster interventions must prioritize family strengths, parental capacity, and attention to long-standing injustices. © 2026 Taylor & Francis Group, LLC.",Sousa C.; Mason W.A.; Wilmayani N.K.; King K.; Norton L.,Social Work in Public Health,"School of Social Work and Criminal Justice, University of Washington Tacoma, Tacoma, WA, United States; Child, Youth, & Family Studies, University of Nebraska-Lincoln, Lincoln, NE, United States; Graduate School of Social Work and Social Research, Bryn Mawr College, PA, United States",English,Article,climate disaster; disaster recovery; social work practice; Trauma,0,"Adult; Disasters; Female; Humans; Interviews as Topic; Male; Parenting; Parents; Resilience, Psychological; Stress, Psychological; United States; Wildfires; Pacific Coast [North America]; Pacific Coast [United States]; United States; disaster; disease severity; income; marginalization; risk assessment; social work; wildfire; adult; disaster; female; human; interview; male; mental stress; parent; psychological resilience; psychology; United States; wildfire",2-s2.0-105033691104,Final,,A_ampliada,en,scopus_v2,10.1080/19371918.2026.2636679,0.5,Habla de 'more overlapping sources of stress and marginalization': lógica acumulativa; los grupos se listan por separado.,0.5,"Nombra 'long-standing injustices' y menos recursos, sin teorizar estructuras ni mecanismos.",0.5,Costa Oeste de Estados Unidos tras grandes incendios forestales; contexto poco desarrollado.,0.5,Entrevistas a 13 gestores de casos con teoría fundamentada; subgrupos descritos sin análisis interaccional ni voz directa de las familias.,2.0,medium,,0.5,"Implicaciones para la práctica: priorizar fortalezas familiares y atender injusticias de larga data, sin desarrollo crítico.",1.0,"Documenta cómo los padres movilizan su capacidad parental para asegurar seguridad, pertenencia, rutinas y conexiones.",True,"Familias indígenas, LGBTQ, inmigrantes y de bajos ingresos; 'multiply marginalized' articula ejes superpuestos de marginación ante incendios.",0.5,"Marginación múltiple y resiliencia parental se conectan, pero sin explicación estructural ni contexto situado.",empirico_cualitativo,incendio_forestal,United States,parcial,0,4.668265,5.534348,0_disaster_disasters_risk_disability,"Desastres y riesgo: discapacidad, género y recuperación",2
351,"Applying an intersectional climate justice lens to understand climate crisis impacts on sexual and reproductive health and rights and identify local solutions: Qualitative findings from Khulna, Bangladesh",2025,10.1177/17455057251339283,"Background: Climate change has been described as the greatest health threat of the 21st century. Increased evidence of the linkages between climate change and sexual and reproductive health and rights (SRHR) is essential to achieving full realization of SRHR. Objective: To understand if and how women and girls’ perceived climate vulnerability impacts their SRHR decision-making, behaviors, and outcomes in cyclone-affected communities in coastal Khulna, Bangladesh, we conducted qualitative research using an intersectional climate justice lens. Design: Climate justice states that the climate crisis is not just an environmental or health problem, it is equally a political and social problem, whereby different communities feel the consequences differently, unevenly, and disproportionately depending on a multitude of factors shaped by intersecting systems of power and oppression. We adopted an intersectional climate justice lens to explore how women and girls’ intersecting identities impact their experiences with climate change – particularly extreme weather events – and impact their perceived vulnerability. We employed a two-phased participatory qualitative research design. Methods: We conducted key informant interviews with local SRHR and climate change experts (n = 10) plus in-depth interviews (n = 15) and community dialog meetings (n = 8) with women and girls of reproductive age (n = 49). Transcripts, activity outputs, and field notes were transcribed verbatim in Bangla, translated to English, and subsequently coded and analyzed thematically using Dedoose. Results: Participants perceived numerous SRHR outcomes to be worsened by the climate crisis, including unintended pregnancy, sexual and gender-based violence, and pregnancy complications. Impacts were experienced differently across social categories, with overlapping identities including age, marital status, and religion magnifying vulnerability and risks to SRHR. Participants identified comprehensive SRHR and advances toward gender equity as essential for building climate resilience. Conclusion: Our findings provide actionable recommendations to support the full realization of climate justice and SRHR. © The Author(s) 2025.",Dijkerman S.; Hossain J.; Persson M.; Konika R.A.; Paul D.,Women's Health,"Technical Excellence Department, Ipas United States, Durham, NC, United States; Research and Evaluation Department, Ipas Bangladesh, Dhaka, Bangladesh; Department of Public Health Sciences, Stockholm University, Sweden; Transparency International Bangladesh, Dhaka, Bangladesh",English,Article,adaptive capacity; climate change; climate justice; climate vulnerability; intersectionality; resilience; sexual and reproductive health and rights,5,Adolescent; Adult; Bangladesh; Climate Change; Female; Humans; Qualitative Research; Reproductive Health; Reproductive Rights; Sexual Health; Social Justice; Young Adult; adolescent; adult; Article; asthma; Bangladesh; bladder infection; climate; climate change; climate change vulnerability; climate resilience; decision making; depression; diarrhea; extreme weather; gender equity; hearing impairment; human; infant; intersectionality; lens; malnutrition; marriage; nonhuman; pneumonia; pregnancy complication; religion; reproductive health; sexual health; unplanned pregnancy; young adult; Bangladesh; climate change; female; qualitative research; reproductive rights; social justice,2-s2.0-105006949908,Final,All Open Access; Gold Open Access; Green Open Access,A_nucleo,en,scopus_v2,10.1177/17455057251339283,1.0,"'overlapping identities including age, marital status, and religion magnifying vulnerability' dentro de la experiencia de género.",0.5,"Invoca 'intersecting systems of power and oppression' y la violencia de género, sin teorizar mecanismos concretos.",1.0,Comunidades costeras de Khulna afectadas por ciclones; reconoce que los impactos varían entre comunidades y busca soluciones locales.,1.0,"Análisis temático con lente interseccional que reporta impactos diferenciados por edad, estado civil y religión superpuestos al género.",2.5,high,,1.0,Ofrece 'actionable recommendations' para la justicia climática y la equidad de género en salud sexual y reproductiva.,0.5,"Las participantes identifican soluciones, pero la agencia aparece de forma marginal frente a la vulnerabilidad.",True,"Explora cómo las identidades entrecruzadas de mujeres y niñas (edad, estado civil, religión) moldean su vulnerabilidad climática.",0.5,"Marco, diseño, hallazgos y recomendaciones se enlazan, aunque el poder estructural queda genérico.",empirico_cualitativo,ciclon_huracan_tormenta; cambio_climatico_general,Bangladesh,sustantivo,9,4.8638916,8.6054535,9_bangladesh_climate_adaptation_women,Bangladesh costero: mujeres y adaptación,3
355,"Assessment of gendered vulnerability, climate change awareness, and resilience patterns among coastal women regarding urban flooding disasters in Bozkurt, Turkiye",2025,10.1016/j.ijdrr.2025.105380,"This study investigates the gender-specific impacts of the August 2021 Bozkurt flood in Turkiye, a Black Sea coastal region with unique hydrological and socio-economic vulnerabilities. Data collection occurred in the year following the disaster. Employing a mixed-methods approach, integrating quantitative data from 400 women with qualitative interviews of 17 participants, the research reveals how inadequate disaster management and gender-blind adaptation strategies shaped women's experiences. While 74.3 % expressed willingness to learn about climate change and demonstrated resilience through social networks and traditional ecological knowledge, significant challenges remained. Only 32.5 % perceived equal access to government resources, with 77.8 % reporting a lack of furniture/housing support, highlighting inequities in post-disaster assistance. A critical disconnect existed between planned preparedness and community awareness: 71.3 % were uninformed about adaptation measures, and 90 % anticipated similar future impacts, indicating low confidence in current preparedness. Despite 90.8 % having heard of climate change, approximately 30 % expressed skepticism, often framing it as a political construct, underscoring the influence of misinformation and politicization. These findings demonstrate how intersecting gender norms, limited access to resources, varying levels of climate awareness, and existing patriarchal structures shaped women's disaster experiences. This study uniquely contributes original, gender-disaggregated field data from this specific coastal location, illustrating the intersection of gender and disaster and highlighting policy shortcomings. Actionable, gender-sensitive strategies are needed, including equitable resource allocation, targeted information campaigns addressing misinformation and diverse perspectives, and community-based preparedness training that utilizes women's existing knowledge and networks. These findings have broader applicability to similar coastal regions facing increasing climate change impacts. © 2025 Elsevier Ltd",Dogdu Yuceturk G.,International Journal of Disaster Risk Reduction,"Department of Environmental Engineering, Faculty of Engineering, Bolu Abant İzzet Baysal University, Bolu, Turkey",English,Article,Bozkurt; Climate change adaptation; Climate change awareness; Flood disaster; Gender; Resilience; Vulnerability,7,,2-s2.0-86000467586,Final,,A_ampliada,en,scopus_v2,10.1016/j.ijdrr.2025.105380,0.0,No se puntúa: gate no superado.,0.0,No se puntúa: gate no superado.,0.0,No se puntúa: gate no superado.,0.0,No se puntúa: gate no superado.,0.0,medium,,0.0,No se puntúa: gate no superado.,0.0,No se puntúa: gate no superado.,False,"'Intersecting gender norms, limited access to resources...' cruza género con factores no categoriales; la 'intersection of gender and disaster' es temática.",0.0,No se puntúa: gate no superado.,empirico_mixto,inundacion,Turkey,mencion_sin_aplicacion,0,5.0586042,7.1113267,0_disaster_disasters_risk_disability,"Desastres y riesgo: discapacidad, género y recuperación",2
385,"Climate adaptation, geopolitics, and structural exclusion in South African agriculture",2025,10.1080/02571862.2025.2603813,"Southern African agriculture stands at a critical intersection of accelerating climate risk and entrenched structural inequality. While climate change increasingly shapes global research and policy agendas, other intersecting forces—such as the divide between large-scale commercial agriculture and smallholder farming, the erasure of indigenous knowledge systems, and persistent gender disparities—remain marginalised. These exclusions are not peripheral; they are embedded in how knowledge, technologies, and resources are produced and distributed. Drawing on professional experience and recent scholarship—including a newly released volume on climate uncertainty—this opinion piece critically examines the influence of geopolitical hierarchies and artificial intelligence in shaping agricultural futures. It argues that without deliberate inclusion of African expertise and field-based soil–crop knowledge, climate-smart interventions may deepen rather than reduce existing inequities. This opinion piece argues for an African-centred, intersectional approach to resilience—integrating climate adaptation with justice for marginalised farmers and the soils they tend. © 2025 Southern African Plant & Soil Sciences Committee.",Savage M.J.,South African Journal of Plant and Soil,"University of KwaZulu-Natal, Pietermaritzburg, South Africa",English,Note,artificial intelligence; climate resilience; education; gender disparity; indigenous knowledge systems; small-scale farming,0,,2-s2.0-105025696943,Final,,A_nucleo,en,scopus_v2,10.1080/02571862.2025.2603813,0.5,"Clase, indigeneidad y género se listan como fuerzas entrecruzadas, sin analizar su co-constitución.",1.0,"Exclusiones 'embedded in how knowledge, technologies, and resources are produced and distributed' y jerarquías geopolíticas.",0.5,"Agricultura sudafricana y su dualismo comercial-campesino, sin detalle histórico.",0.0,Artículo de opinión basado en experiencia profesional; sin método empírico.,2.0,medium,,1.0,Propone un enfoque africano e interseccional que integre adaptación y justicia para agricultores marginados.,0.5,"Reclama incluir saberes indígenas y conocimiento de campo, sin documentar la agencia de los agricultores.",True,"Presenta como 'intersecting forces' la brecha comercial-pequeños productores, la erasión de saberes indígenas y las disparidades de género.",0.5,"La exclusión estructural se vincula con la propuesta de justicia, pero los ejes quedan listados.",conceptual_teorico,cambio_climatico_general,South Africa,parcial,4,6.8143744,9.709443,4_farmers_adaptation_change_climate change,Adaptación agraria y pequeños productores,2
386,"Climate change and gender-based violence in Colombia: Peacebuilding, feminism and the special jurisdiction for peace",2025,10.4337/9781803928364.00027,"Climate change’s devastating effects exacerbate pre-existing conditions of vulnerability, including gender-based violence. For historically marginalized groups in Colombia (i.e., Indigenous and Afro-descendant communities, peasants, women, LGBTQIA+, children, etc.), the climate crisis is coupled with the challenges of building peace in a conflict-ridden territory. The Colombian armed conflict is deeply rooted in structural, intersecting causes that relate to a multiplicity of factors, including environmental and socio-economic. Yet, these causes tend to be analyzed independently from each other. This chapter looks at the work of the Special Jurisdiction for Peace (SJP) regarding armed conflict-derived gender-based violence and examines how the SJP grapples with, or fails to address, the climate dimensions of gender-based violence. The chapter then asks whether an intersectional analysis of how climate change and other categorical axes acting as interlocking forms of oppression could provide new perspectives that recognize the situatedness of historically marginalized groups within the larger social context and suggests avenues for future research. © The Editors and Contributors Severally 2025.",Urzola N.; Espinel M.P.G.,Handbook on Gender and Security: International Handbooks on Gender,"Elisabeth Haub School of Law, Pace University, United States; Asociación Ambiente y Sociedad, an environmental NGO, Colombia",English,Book chapter,Armed conflict; Climate change; Gender; Intersectionality; Peacebuilding; Vulnerability,1,Economics; Information systems; Information use; Armed conflict; Colombia; Colombians; Condition; Devastating effects; Environmental economics; Gender; Intersectionality; Peacebuilding; Vulnerability; Climate change,2-s2.0-105019166149,Final,,A_nucleo,en,scopus_v2,10.4337/9781803928364.00027,0.5,"Enumera grupos marginados y plantea el análisis interseccional como propuesta, sin desarrollar la co-constitución.",0.5,"Atribuye el conflicto a 'structural, intersecting causes' y examina las omisiones de la JEP, sin teorizar mecanismos.",1.0,"Conflicto armado colombiano, construcción de paz y Jurisdicción Especial para la Paz; reconoce 'the situatedness' de los grupos.",0.0,Análisis institucional y conceptual; no operacionaliza intersecciones.,1.5,medium,,1.0,Perspectiva feminista y de construcción de paz; critica cómo la JEP ignora la dimensión climática de la violencia de género.,0.0,Los grupos aparecen como vulnerables; no se documenta agencia ni resistencia.,True,"Nombra comunidades indígenas y afrodescendientes, campesinado, mujeres, LGBTQIA+ y niñez, y propone analizar 'interlocking forms of oppression'.",0.5,"Contexto y crítica institucional se enlazan, pero el análisis interseccional queda como propuesta.",conceptual_teorico,cambio_climatico_general,Colombia,parcial,-1,8.015672,8.219637,-1_climate_change_climate change_health,Sin tópico (outliers),2
392,Climate change impacts on health in Aotearoa New Zealand: a scoping review,2025,10.26635/6965.7012,"This paper addresses the evidence on the health impacts of climate change in Aotearoa New Zealand with particular attention to who, where and what activities are most vulnerable. Applying the Arksey and O’Malley scoping review framework, it consolidates academic and grey literature to identify gaps and future research priorities. The review—conducted from February to October 2024—included 61 papers from 2,265 that were initially screened. The results reveal that temperature and extreme precipitation are the main climate risks associated with health in Aotearoa New Zealand. These are associated with direct and indirect impacts, including heat-related illness and death, enteric diseases, poor mental health, access to safe drinking water/food supplies and access to healthcare. Most regions across Aotearoa New Zealand are susceptible to climate change–induced health risks, with unique pressures for coastal regions, metropolitan areas, rural areas and regions experiencing disproportionate socio-economic inequity. Workers in outdoor manual labour—exposed to heat stress, air pollution and sun damage—are vulnerable to climate change–induced health risks. The review also highlights key demographic characteristics—ethnicity, age, skin colour, occupation, gender, housing, disability and pre-existing health needs, and socio-economic deprivation—that affect vulnerability. In conclusion, the review underscores the importance of responses to climate change-induced health addressing the underlying, intersectional risk factors to protect vulnerable populations. © PMA.",Lenihan-Ikin I.; Tinn C.S.; Atuire C.; Bull S.; Wright S.R.; Ariana P.,New Zealand Medical Journal,"Nuffield Department of Medicine, University of Oxford, Oxford, United Kingdom; Department of Philosophy and Classics, University of Ghana, Ghana; Faculty of Medical and Health Sciences, The University of Auckland | Waipapa Taumata Rau, New Zealand; Te Kupenga Hauora Māori, Faculty of Medicine and Health Sciences, The University of Auckland | Waipapa Taumata Rau, New Zealand",English,Article,,0,Climate Change; Health Status; Humans; Mental Health; New Zealand; drinking water; air pollution; anxiety; Article; climate change; demographics; disability; drought; health care access; health outcome; heat stress; housing; human; mental disease; mental health; metropolitan area; New Zealand; occupation; physical activity; precipitation; risk factor; scoping review; skin color; social determinants of health; social network; temperature; vulnerability; vulnerable population; wellbeing; wildfire; epidemiology; health status; New Zealand,2-s2.0-105018290815,Final,,A_nucleo,en,scopus_v2,10.26635/6965.7012,0.5,"Los ejes se enumeran como características demográficas separadas, sin analizar su co-constitución.",0.0,"Trata los ejes como factores de riesgo individuales, sin teorizar estructuras de poder.",0.5,"Aotearoa Nueva Zelanda con presiones regionales costeras, rurales y metropolitanas, sin anclaje histórico o político.",0.0,Revisión de alcance; no operacionaliza intersecciones.,0.5,medium,,0.5,"Pide respuestas que atiendan los factores de riesgo subyacentes para proteger a poblaciones vulnerables, sin desarrollarlo.",0.0,Las poblaciones aparecen solo como vulnerables.,True,"Identifica etnicidad, edad, género, discapacidad y privación socioeconómica como factores de vulnerabilidad y los llama 'intersectional risk factors'.",0.0,"Factores, regiones y recomendaciones se yuxtaponen sin articulación analítica.",revision,cambio_climatico_general; calor_extremo; inundacion,New Zealand,nominal_debil,8,7.1966443,6.327608,8_health_mental_climate_change,"Salud, salud mental y vulnerabilidad climática",2
419,Diversity in leadership: analysing representation in global committees on climate and health,2025,10.1136/leader-2024-001146,"Background Climate change is the greatest threat to global health. There are several working groups at the intersection of climate and health, which provide leadership in global governance around the issue—but their diversity has not been previously analysed. Objective and methods We analysed 13 active committees, comprising 226 members. Committee members were analysed in terms of World Bank country income status, political grouping (G7 membership), climate vulnerability (being from Small Island Developing States (SIDS) and top 10 in the Global Climate Risk Index, 2021) and gender. Results We found that 72.1% of the committee members are from high-income countries (HICs), 57.0% are from G7 nations, 2.2% are from SIDS nations, 5.3% are from the top 10 most vulnerable climate vulnerable countries and 45.6% are female. Only three committees exhibit a balanced representation in terms of country income status. Nine committees have more than half of their members from G7 countries. 10 committees do not have representation from SIDS, and 7 lack members from the 10 most climate-vulnerable countries. Eight committees have good gender representation. Most chairs and co-chairs (only six committees reported them) are from HICs (83.3%), with good gender representation. Half of these chairs and co-chairs are from G7 nations, 16.7% are from SIDS and none are from the 10 most climate vulnerable nations. Conclusions We call on committees to develop policies that are grounded in intersectionality to improve diversity among their members, including for Indigenous/Adivasi people (which we did not analyse) to improve global governance of climate and health. © Author(s) (or their employer(s)) 2025. No commercial re-use. See rights and permissions. Published by BMJ Group.",Barik M.; Buse K.; Bhaumik S.,BMJ Leader,"The George Institute for Global Health India, New Delhi, India; George Institute for Global Health, Imperial College London, London, United Kingdom; Global Health 50/50, Cambridge, United Kingdom; Meta-Research and Evidence Synthesis Unit, Health Systems Science, The George Institute for Global Health, Sydney, NSW, Australia; Faculty of Medicine and Health, UNSW Sydney, Sydney, NSW, Australia",English,Article,analysis; health policy; public health,2,Climate Change; Female; Global Health; Humans; Leadership; Male; United Nations; Article; carbon dioxide emission; climate; climate change; climate change mitigation; climate change vulnerability; controlled study; female; global climate; global health; health care policy; high income country; highest income group; human; intersectionality; leadership; low income country; lowest income group; male; middle income country; Norway; One Health; planetary health; vulnerability; World Bank; climate change; global health; United Nations,2-s2.0-105005151178,Final,,A_nucleo,en,scopus_v2,10.1136/leader-2024-001146,0.0,Gate no superado.,0.0,Gate no superado.,0.0,Gate no superado.,0.0,Gate no superado.,0.0,high,,0.0,Gate no superado.,0.0,Gate no superado.,False,"Describe género, ingreso del país, G7 y vulnerabilidad climática en porcentajes paralelos; la interseccionalidad solo aparece en la recomendación final.",0.0,Gate no superado; integración no evaluable.,empirico_cuantitativo,cambio_climatico_general,Global,mencion_sin_aplicacion,3,7.632228,7.6683164,3_climate_gender_feminist_change,Teoría feminista e interseccional del cambio climático,2
432,Environmental displacement and human migration in the most vulnerable nations,2025,10.4337/9781035356348.00020,"This chapter explores how environmental degradation and climate change are impacting migration and displacement in vulnerable countries and the communities that live in them. It uses case studies of Mexico City, Bangladesh, and the Pacific Islands, with a particular focus on people's relationship with water. Inspired by systems thinking and using a human rights-based lens, this chapter emphasizes the importance of an intersectional and especially gender-sensitive perspective in environmental migration and climate-induced displacement, as well as the distinctive reality of Indigenous communities. The chapter offers recommendations for action in alignment with the recently adopted UN Pact for the Future. This groundbreaking document calls for a reframing of migration not as a threat but as an adaptive strategy and shared global responsibility, which is currently disproportionately borne by nations and communities that traditionally have had few or no seats at the table. © The Editors and Contributing Authors Severally 2025. All rights reserved.",van der Putte T.,Pathways To Sustainable Development: Implementing the Pact for the Future,,English,Book chapter,Climate change; Environmental displacement; Environmental migration; Gender lens; Indigenous populations; Pacific Small Island Developing States; Urban and rural flows,0,Natural environment; Sustainable development; Case-studies; Environmental displacement; Environmental migration; Gender lens; Human migration; Indigenous population; Pacific small island developing state; Small island developing state; Urban and rural; Urban and rural flow; Climate change,2-s2.0-105031640956,Final,,A_nucleo,en,scopus_v2,10.4337/9781035356348.00020,0.0,No se puntúa: gate no superado.,0.0,No se puntúa: gate no superado.,0.0,No se puntúa: gate no superado.,0.0,No se puntúa: gate no superado.,0.0,medium,,0.0,No se puntúa: gate no superado.,0.0,No se puntúa: gate no superado.,False,Pide perspectiva 'intersectional and especially gender-sensitive' y menciona aparte a comunidades indígenas; género e indigeneidad no se relacionan.,0.0,No se puntúa: gate no superado.,conceptual_teorico,cambio_climatico_general,Mexico; Bangladesh; Pacific Islands,mencion_sin_aplicacion,-1,7.705286,8.9071665,-1_climate_change_climate change_health,Sin tópico (outliers),3
456,"Fostering leadership and gender equality in climate action among underserved, rural and Indigenous women: a qualitative exploration of opportunities and limitations in Peru",2025,10.1016/j.lana.2025.101109,"Background: Climate change has profound impacts on women's health and wellbeing, particularly in the Global South, which is disproportionately affected by environmental threats. Peru, one of the most biodiverse and culturally rich countries worldwide, is uniquely vulnerable to these effects due to its diverse ecosystems each facing distinct climate challenges. Yet research on the lived experiences of rural and Indigenous Peruvian women facing these impacts is scarce. We aim to explore the perspectives and experiences of underserved Peruvian women regarding the effects of climate change, and the needs, assets, and community responses to these threats. Methods: Between April and May 2022, we conducted 48 in-depth walking interviews with adult women from the Peruvian north coast, Amazon rainforest, and central and southern Andes regions. Using purposive and iterative snowball sampling, we recruited community key informants. We analysed the data thematically. Findings: Our analysis identified four main themes: (1) Local understanding of environmental changes, (2) Gendered impacts of climate change, (3) Women's participation in environmental governance, and (4) Pathways for gender-responsive climate action. Participants described vivid observations of environmental shifts, often attributing these to local human activities. Women reported increased caregiving responsibilities and economic vulnerabilities due to climate-related events. Barriers to women's participation in environmental decision-making were identified, including traditional gender roles and lack of voice in community forums. Participants highlighted the need for capacity building, leadership development, and integration of indigenous knowledge in climate action. Interpretation: This study underscores the imperative of centring gender equity and social justice in climate change adaptation and environmental governance. Findings highlight the urgent need to address systemic barriers, rebuild institutional trust, and adopt an intersectional, community-centric approach responsive to marginalised women's realities and priorities. Health systems should prepare for the mental health impacts of climate-related events on women, particularly increased anxiety and depression linked to resource insecurity and caregiving burdens. Policymakers should develop gender-responsive disaster preparedness plans, strengthen women's representation in environmental decision-making bodies, and create culturally appropriate climate communication strategies that integrate Indigenous knowledge systems. Implementation of targeted leadership training programs for women and establishing community-based environmental monitoring systems would enhance climate resilience while addressing gender inequities. Funding: This research was funded by ECF's postdoctoral fellowship from the Gordon and Betty Moore Foundation at the London School of Hygiene and Tropical Medicine and Stanford University. © 2025 The Authors",Flores E.C.; Flores A.F.; Abarca-Diaz B.; Camizan-Castro R.; Mendoza-Lozada E.; Ortiz-Contreras F.; Kakuma R.,The Lancet Regional Health - Americas,"Centre on Climate Change & Planetary Health, London School of Hygiene and Tropical Medicine, London, United Kingdom; Stanford Center for Innovation in Global Health, Stanford University, Stanford, United States; Centre for Global Mental Health, London School of Hygiene and Tropical Medicine, London, United Kingdom; Universidad San Ignacio de Loyola, Lima, Peru; Universidad Nacional del Altiplano, Puno, Peru; Puesto de Salud Pocitos, Tumbes, Peru; C.S Centro America - Yarinacocha, Ucayali, Peru; Universidad Nacional de San Cristóbal de Huamanga, Ayacucho, Peru; Asociación Pro Fauna Silvestre, Ayacucho, Peru",English,Article,Climate change; Environment; Gender equity; Peru; Qualitative research,3,accuracy; adult; anxiety; Article; caregiver burden; climate action; climate change; decision making; depression; ethnicity; female; food security; fostering leadership; household; human; leadership; normal human; Peru; temperature; thematic analysis; wellbeing,2-s2.0-105004463878,Final,All Open Access; Gold Open Access; Green Open Access,A_nucleo,en,scopus_v2,10.1016/j.lana.2025.101109,0.5,"Los temas analizan impactos de género; la indigeneidad aparece en la muestra y en recomendaciones, sin análisis de co-construcción.",0.5,"Nombra 'systemic barriers', roles tradicionales de género y falta de voz, sin teorizar estructuras ni mecanismos.",0.5,"Costa norte, Amazonía y Andes centrales y sur del Perú, con desafíos climáticos distintos; sin historia política.",1.0,48 entrevistas caminando con muestreo intencional y bola de nieve de mujeres rurales e indígenas de varias regiones.,2.0,high,,1.0,"Centra 'gender equity and social justice'; recomendaciones concretas de representación, preparación ante desastres y saberes indígenas.",1.0,"Documenta comprensión local de los cambios, participación en gobernanza y respuestas comunitarias de las mujeres.",True,"Población definida por género, ruralidad e indigeneidad: 'rural and Indigenous Peruvian women'.",0.5,"Diseño, agencia y recomendaciones se conectan, pero la interseccionalidad no se articula con un análisis estructural del poder.",empirico_cualitativo,cambio_climatico_general,Peru,parcial,-1,7.9112563,8.856411,-1_climate_change_climate change_health,Sin tópico (outliers),3
465,Gender based knowledge difference on social-environmental risk: a study on secondary school students of southwest coastal areas of Bangladesh,2025,10.1016/j.ssaho.2025.101981,"This study examines gender-based differences in the understanding of social and environmental risks among secondary school students in the southwest coastal region of Bangladesh, a disaster-prone and socioeconomically vulnerable area. Drawing on survey data from 514 students across Khulna, Bagerhat, and Satkhira districts, the study employed independent sample t-tests and chi-square tests to assess differences in knowledge and information sources by gender. The analysis revealed that girls exhibited relatively higher awareness of social risks and mental health issues, while boys demonstrated slightly greater understanding of environmental risks and made more use of digital platforms. School-based learning was the primary source of information for both groups; however, boys more frequently cited online sources, while girls relied more on teachers and family members. The findings underscore how structural inequalities and sociocultural norms shape gendered access to knowledge. The study calls for educational and policy interventions that promote equitable information dissemination, strengthen inclusive risk communication, and address intersectional vulnerabilities in disaster-prone regions. © 2025 The Authors",Sony M.M.A.A.M.; Mahzebin M.; Arif T.B.; Roy S.; Shuvo M.A.I.N.; Rashid M.M.,Social Sciences and Humanities Open,"Géza Marton Doctoral School of Legal Studies, University of Debrecen, Kassai street, 28, Debrecen, Post Code: 4032, Hungary; Department of Humanities and Business, Khulna University of Engineering & Technology, Khulna, Bangladesh; University of Turku, Turku, 20014, Finland; Global Development Research Initiative (GDRI.org), Khulna, Bangladesh; Lion Jahangir Alam Manik Mohila College, Noakhali, Bangladesh; CMN & General Knowledge Managemant Program, ChangeMaker Nexus Ltd., Khulna, 9000, Bangladesh; CMN & DRR Program, ChangeMaker Nexus Ltd., Khulna, 9000, Bangladesh; Sociology Discipline, Khulna University, Khulna, 9208, Bangladesh",English,Article,Adolescents vulnerability; Coastal Bangladesh; DRR; Risk perception; Social hazards,4,,2-s2.0-105015334399,Final,All Open Access; Gold Open Access; Green Open Access,A_nucleo,en,scopus_v2,10.1016/j.ssaho.2025.101981,0.0,Gate no superado.,0.0,Gate no superado.,0.0,Gate no superado.,0.0,Gate no superado.,0.0,high,,0.0,Gate no superado.,0.0,Gate no superado.,False,Compara conocimientos solo por género (pruebas t y chi-cuadrado); 'intersectional vulnerabilities' aparece únicamente en las recomendaciones.,0.0,Gate no superado; integración no evaluable.,empirico_cuantitativo,desastres_multiples,Bangladesh,mencion_sin_aplicacion,9,4.880682,7.939483,9_bangladesh_climate_adaptation_women,Bangladesh costero: mujeres y adaptación,2
474,Gender-group membership intersectionality and determinants of indigenous climate adaptation of smallholder farmers for climate risk management in northern Ghana,2025,10.1016/j.crm.2025.100737,"This study examined the intersection of gender and group membership as well as the factors influencing indigenous adaptation strategies of male and female smallholder farmers to moderate climate risks for sustainable food security in dryland communities. It used survey data from 299 farming households with 12 focus group discussions across six rural communities in northern Ghana. Household data were analyzed using descriptive statistics and a binary logistic regression model. The results reveal that smallholder farmers’ indigenous solutions, such as soil and water management strategies, are gender-differentiated. The most significant indigenous adaptation strategies employed by smallholder farmers include the use of organic manure, rainwater harvesting, and spiritual consultations. From an intersectional perspective, group membership is gendered and facilitates the reduction of climate adaptation costs. Several factors differently shape the indigenous adaptation strategies of male and female smallholder farmers. Generally, age, education, and wealth status influence gender responses to climate change. Specifically male farmers’ indigenous strategies are significantly affected by farm size, whereas female farmers’ practices are mainly shaped by farm experience, farm ownership, and membership in local associations. These findings indicate that social, economic, demographic, and farm-related characteristics are essential for building climate resilience. The findings offer insightful guidance for policymakers and practitioners to develop adaptation plans that are gender-responsive, strengthen farming groups, and enhance adaptive capacity, ultimately promoting resilient and sustainable food systems in dryland indigenous communities. © 2025 The Author(s)",Guodaar L.,Climate Risk Management,"Kwame Nkrumah University of Science and Technology, Department of Geography and Rural Development, Faculty of Social Sciences, PMB, University Post Office, Kumasi, Ghana",English,Article,Agriculture; Climate change; Climate risk management; Food security; Indigenous adaptation; Intersectionality,1,,2-s2.0-105014612218,Final,All Open Access; Gold Open Access; Green Open Access,A_nucleo,en,scopus_v2,10.1016/j.crm.2025.100737,1.0,"Los determinantes difieren por género (tamaño de finca en hombres; propiedad y asociaciones en mujeres), interpretado desde una perspectiva interseccional.",0.0,"Atribuye la adaptación a características sociales, económicas y de finca, sin teorizar estructuras de poder.",0.5,"Seis comunidades rurales de tierras secas del norte de Ghana, con estrategias indígenas, sin contexto histórico-político.",1.0,"Regresión logística con efectos diferenciados por género (moderación), más 12 grupos focales.",2.0,medium,,0.5,"Orienta a planes de adaptación sensibles al género y fortalecimiento de grupos, sin marco de justicia.",1.0,"Documenta soluciones indígenas: abono orgánico, cosecha de agua de lluvia, consultas espirituales.",True,"Relaciona género con edad, educación y riqueza, y con pertenencia a grupos: 'age, education, and wealth status influence gender responses'.",0.5,"Interacción género-factores y estrategias indígenas se conectan, pero sin explicación estructural que las articule.",empirico_mixto,cambio_climatico_general,Ghana,parcial,4,6.3401694,9.967215,4_farmers_adaptation_change_climate change,Adaptación agraria y pequeños productores,2
487,How Does Green Patriarchy Shape Climate Action? A Critical Analysis on Gendered Inequities in Climate Solutions,2025,10.1177/09749284251348532,"Women, particularly in the Global South, are more vulnerable to the impacts of climate change due to their social, economic, and cultural responsibilities. However, their knowledge and contributions are often overlooked in mainstream climate policies and discussions. This exclusion highlights deep-rooted gender power structures commonly referred to as ‘green patriarchy’. This critical review explores how green patriarchy influences climate action and sustains gender inequities in climate solutions. It addresses three research questions: (a) How does green patriarchy appear in climate governance? (b) What barriers prevent women from participating in climate decision-making? (c) How can gender-focused policies improve climate justice? Using a qualitative, interpretive approach, the study analyses peer-reviewed literature, feminist political ecology theories and reports from organisations such as the UNFCCC, the IPCC and the UN. Through thematic and content analysis, it examines gendered policy design, participation challenges and strategies for equitable climate action. The findings show that green patriarchy, embedded in technocratic and market-based solutions like carbon trading and geoengineering, favours male-dominated perspectives, marginalising women’s knowledge. Examples, such as the Noel Kempff Project in Bolivia and adaptation policies in Aotearoa of New Zealand, highlight how these approaches exclude women, weakening climate resilience. Key barriers include unequal access to resources, low representation in global forums, and cultural norms that limit women’s role, worsening issues like health risks and economic insecurity. The study calls for intersectional and decolonial approaches to reshape climate governance. It recommends increasing women’s representation, ensuring gender-sensitive funding and incorporating indigenous knowledge and care ethics into policies to build stronger, fairer climate responses. In conclusion, overcoming green patriarchy requires more than inclusion, it demands transformative change. By prioritising women’s voices, leadership and grassroots efforts, climate policies can become equitable and sustainable, addressing gender injustices and advancing climate justice while respecting diverse ecological knowledge and lived experiences for a just climate future. © 2025 Indian Council of World Affairs (ICWA)",Kolloju N.; Junuguru S.; Pandit A.; Jagannathan M.,India Quarterly,"Area Chair-Guy Peters Department of Politics, Policy and Diplomacy Studies, Bruce Bueno de Mesquita Professor of Behavioural Public Policy, ZIBSWOXSEN China–India Centre, School of Liberal Arts and Humanities, Woxsen University, Hyderabad, India; Guy Peters Department of Politics, Policy and Diplomacy Studies, School of Liberal Arts and Humanities, Woxsen University, Hyderabad, India; School of Liberal Arts and Humanities, Woxsen University, Hyderabad, India; School of Business, Woxsen University, Hyderabad, India",English,Article,climate change; climate governance; feminist climate justice; gendered climate inequities; green patriarchy; intersectional climate policy,5,,2-s2.0-105013199205,Final,,A_nucleo,en,scopus_v2,10.1177/09749284251348532,0.0,No se puntúa: gate no superado.,0.0,No se puntúa: gate no superado.,0.0,No se puntúa: gate no superado.,0.0,No se puntúa: gate no superado.,0.0,medium,,0.0,No se puntúa: gate no superado.,0.0,No se puntúa: gate no superado.,False,Centrado en patriarcado verde y mujeres ('particularly in the Global South'); 'intersectional and decolonial approaches' solo como llamado.,0.0,No se puntúa: gate no superado.,revision,cambio_climatico_general; mitigacion_transicion,Global; Bolivia; New Zealand,mencion_sin_aplicacion,3,8.588468,8.107991,3_climate_gender_feminist_change,Teoría feminista e interseccional del cambio climático,2
502,Incorporation of intersectionality in climate adaptation governance with special emphasis on Bangladesh: a review,2025,10.1007/s10708-025-11435-0,"Bangladesh is susceptible to climate change-related floods, cyclones, and drought. Coastal people suffer disproportionately from these effects, especially catastrophic disaster, because of their livelihoods, societal obligations and restrictions. Climate change adaptation requires the engagement of multiple actors in different sectors at various levels of governance. The diverse roles played by policy actors and their interactions shape the process of adaptation governance. However, governance for climate change adaptation has received little attention in Bangladesh from the intersectionality perspective. To close the research gap, the National Adaptation Program of Action (NAPA) 2009, the National Adaptation Plan of Bangladesh 2022, and the Bangladesh Climate Change Strategy and Action Plan 2009—these essential documents that are regularly revised—were subjected to a qualitative content analysis in this study. The main goal is to examine how intersectionality has been integrated into Bangladesh's adaptation governance. The study used conceptual keyword cluster analysis to group topics into thematic sections to show the link between sections A, B, and C. Section C included climate stressors and climate adaptation governance policies, especially in coastal areas. NAPA takes a thorough approach to tackling climate change and considering different aspects of vulnerability. Remarkably, none of the selected papers provided substantial information on how a person's multidimensional circumstances—such as gender, disability, age, ethnicity, and geography—contribute to their compound vulnerability and how to address these factors simultaneously. This research emphasizes the gaps in the existing literature, the relationship between policy and practice, and the implications for suggestions in the future about good governance in Bangladesh and other similar regions. © The Author(s), under exclusive licence to Springer Nature B.V. 2025.",Islam M.M.; Hasan M.; Mimpa A.S.; Islam A.R.M.T.,GeoJournal ,"Department of Public Administration, Begum Rokeya University, Rangpur, 5400, Bangladesh; Department of Disaster Science and Management, Begum Rokeya University, Rangpur, 5400, Bangladesh; Department of Development Studies, Daffodil International University, Dhaka, 1216, Bangladesh",English,Review,Adaptation governance; Bangladesh; Climate change adaptation; Gender diversity; Intersectionality,6,Bangladesh; Disasters; Public policy; Reviews; Action plan; Adaptation governance; Bangladesh; Climate change adaptation; Content analysis; Gender diversity; Intersectionality; Multiple actors; Research gaps; Strategy plans; adaptation; climate change; cluster analysis; governance approach; vulnerability; Climate change,2-s2.0-105009970888,Final,,A_nucleo,en,scopus_v2,10.1007/s10708-025-11435-0,0.5,"Nombra varios ejes y su efecto compuesto como pauta de análisis, pero no examina cómo se co-construyen.",0.0,Se centra en actores e interacciones de gobernanza; no teoriza estructuras de poder ni mecanismos de opresión.,0.5,"Bangladesh, planes nacionales concretos (NAPA, NAP, BCCSAP) y zonas costeras; contexto poco desarrollado.",0.0,Análisis de contenido con clústeres de palabras clave; no opera intersecciones.,1.0,medium,,0.5,Señala implicaciones para la buena gobernanza sin desarrollar propuestas de justicia.,0.0,Sin referencia a agencia o estrategias de las poblaciones costeras.,True,"Evalúa si las políticas abordan cómo género, discapacidad, edad, etnia y geografía se combinan en una 'compound vulnerability'.",0.5,"Aplica la lente interseccional a documentos nacionales, pero sin conectar poder, método y contexto.",empirico_cualitativo,cambio_climatico_general,Bangladesh,nominal_debil,9,4.8030887,8.58572,9_bangladesh_climate_adaptation_women,Bangladesh costero: mujeres y adaptación,3
503,Indigenous Climate Justice in the Lake Chad Basin,2025,10.1007/978-3-031-87787-2,"This volume aims to highlight Indigenous knowledge toward climate mitigation with a focus on peoples in Sub-Saharan Africa, an underpublished region vis a vis this topic. The term “climate justice” has emerged to explain how vulnerable, marginalized, and disadvantaged groups - often those who are least responsible for climate change caused by (often colonially induced) environmental damage, tend to suffer its gravest impacts. Indigenous climate justice efforts show promise in contributing to managing global climate change and its impact on vulnerable groups, especially Indigenous Peoples. To contribute to the advancement of research in this area, this book examines intersectional approaches to climate justice and explores how the varies ideas and methods from Indigenous Peoples in Sub-Saharan Africa can contribute to policies on climate change adaptation. Aspects of Indigenous knowledge that are examined within the context of climate justice include natural resource management; governance; conservation and gendered impact of climate change; food sovereignty and health. © 2025 The Editor(s) (if applicable) and The Author(s), under exclusive license to Springer Nature Switzerland AG.",Stewart N.F.,Indigenous Climate Justice in the Lake Chad Basin,"University of Benin, Benin City, Nigeria",English,Book,,0,Conservation; Natural environment; Natural resources management; Climate justices; Climate mitigations; Disadvantaged groups; Environmental damage; Global climate changes; Indigenous knowledge; Indigenous people; Lake Chad basins; Sub-saharan africa; Vulnerable groups; Climate change,2-s2.0-105024990577,Final,,A_nucleo,en,scopus_v2,10.1007/978-3-031-87787-2,0.5,"Indigeneidad y género figuran en la misma obra, pero como temas enumerados, sin mostrar su co-construcción.",0.5,"Nombra daño ambiental 'often colonially induced' y la injusticia climática, sin teorizar mecanismos.",0.5,Cuenca del lago Chad y África subsahariana; contexto apenas descrito en la sinopsis.,0.0,Descripción editorial sin método que opere intersecciones.,2.0,low,,1.0,Justicia climática indígena como eje del libro y contribución a políticas de adaptación.,1.0,"Destaca saberes y métodos indígenas para mitigación, gestión de recursos y soberanía alimentaria.",True,Declara 'intersectional approaches to climate justice' y examina impactos de género del cambio climático entre pueblos indígenas.,0.5,"Justicia, saberes indígenas y género se yuxtaponen como temas del volumen, con integración parcial.",conceptual_teorico,cambio_climatico_general,Lake Chad Basin,parcial,-1,9.18503,6.342088,-1_climate_change_climate change_health,Sin tópico (outliers),2
504,"Indigenous Knowledge System and Agricultural Drought Adaptation in the uMkhanyakude District Municipality, KwaZulu-Natal",2025,10.1177/00219096241275391,"By deploying an intersectional feminist political ecology analysis, this paper explores small-scale farmers’ (SSFs’) experiences and responses to agricultural drought in the uMkhanyakude District Municipality, South Africa. A mixed methods approach was employed, incorporating a household questionnaire survey, and analysed using Microsoft Excel complemented by qualitative observations and document review, both of which underwent reflexive thematic analysis. The impacts of drought were particularly pronounced in the district, affecting agricultural productivity through reduced crop growth, extensive crop failures and increased livestock mortality. In addition, the study’s findings reveal how structural aspects of gender, shaped by social and cultural norms and institutions, can exacerbate gendered experiences of drought. SSFs actively leveraged the indigenous knowledge system (IKS) for adaptation, challenging dominant Eurocentric approaches. The efficacy of IKS in agriculture and its role in enhancing SSFs’ resilience to drought underscores its indispensability in policy and adaptation programmes. Furthermore, the study highlights potential ways to address and mitigate disparities among SSFs by avoiding simplistic and apolitical adaptation measures. Instead, it advocates for nuanced and contextually appropriate adaptation measures to ensure effective and equitable adaptation. © The Author(s) 2024",Mzimela J.H.; Moyo I.,Journal of Asian and African Studies,"Department of Geography and Environmental Studies, University of Zululand, South Africa",English,Article,adaptation; agricultural drought; indigenous knowledge system; Small-scale farmers; uMkhanyakude District Municipality,5,KwaZulu-Natal; South Africa; adaptive management; drought; indigenous knowledge; livestock farming; spatiotemporal analysis,2-s2.0-85204526494,Final,,A_nucleo,en,scopus_v2,10.1177/00219096241275391,0.5,Analiza sobre todo el género; su cruce con la condición de pequeño agricultor e indigeneidad queda implícito.,1.0,"'Structural aspects of gender, shaped by social and cultural norms and institutions' agravan la sequía; crítica a adaptación apolítica.",0.5,"Distrito de uMkhanyakude (KwaZulu-Natal); pide medidas contextualizadas, sin detalle histórico-político.",0.5,Encuesta descriptiva y análisis temático reflexivo; sin muestreo ni codificación interseccional explícitos.,2.0,medium,,1.0,"Aboga por adaptación equitativa, no simplista ni apolítica, y por integrar saberes indígenas en políticas.",1.0,"Los agricultores usan activamente saberes indígenas para adaptarse, desafiando enfoques eurocéntricos.",True,Ecología política feminista interseccional sobre experiencias de género de la sequía entre pequeños agricultores que usan saberes indígenas.,0.5,"Estructuras de género, saberes y políticas se conectan, pero la intersección entre ejes es tenue.",empirico_mixto,sequia,South Africa,parcial,4,6.5002933,9.955985,4_farmers_adaptation_change_climate change,Adaptación agraria y pequeños productores,2
505,Indigenous women-led climate crisis solutions from decolonial feminist perspectives in Western Canada,2025,10.1016/j.envsci.2025.104272,"This paper critically explores Indigenous women-led climate change solutions through an anti-racist lens. Indigenous communities, particularly women, have long been disproportionately affected by the adverse impacts of climate change. However, they also possess invaluable knowledge and resilience rooted in their deep connection to the land and environment. Centering Indigenous women's voices and experiences, this reflection aims to shed light on their innovative strategies, highlighting the importance of acknowledging and countering their intersecting oppressions. Following decolonial and relational theoretical frameworks, we learned that Indigenous women's leadership and traditional land-based knowledge offer unique perspectives and solutions for mitigating and adapting to climate change. It emphasizes the importance of building respectful and reciprocal relationships, actively listening to Indigenous voices, and amplifying their calls for justice and equity. Indigenous women helped us to learn how to challenge systemic injustices and work towards collaborative, inclusive, and sustainable climate solutions that center Indigenous women's knowledge, leadership, and self-determination. We can forge a path toward a more just and resilient future for all by uplifting Indigenous voices. © 2025 .",Chapola J.; Datta R.; Starlight T.; Hurlbert M.; Poggendorf S.,Environmental Science and Policy,"Department of Earth, Energy, and Environment, Faculty of Science, University of Calgary, Calgary, AB, Canada; Canada Research Chair, Mount Royal University, Calgary, AB, Canada; University of Calgary, AB, Canada; Canada Research Chair, University of Regina, Regina, SK, Canada; University of Hamburg, Germany and Mount Royal University, Calgary, Canada",English,Article,Anti-racist; Climate Change; Decolonization; Indigenous Women-led; Indigenous Women’s rights; Land-rights,3,Canada; climate change; decolonization; indigenous population; leadership; racism; traditional knowledge; womens status; Article; Canada; climate change; climate resilience; conceptual framework; decision making; environmental protection; experience; extreme weather; female; feminism; human; indigenous people; leadership; mental disease; motivation; politics; social inequality; water quality; women's rights,2-s2.0-105022874922,Final,All Open Access; Hybrid Gold Open Access,A_ampliada,en,scopus_v2,10.1016/j.envsci.2025.104272,0.5,"Posición de mujeres indígenas centrada y opresiones entrelazadas nombradas, sin analizar cómo se co-construyen.",0.5,"Lente antirracista y decolonial, 'systemic injustices', sin explicitar mecanismos estructurales.",0.5,Oeste de Canadá y vínculo con la tierra; contexto histórico-político poco detallado.,0.0,Reflexión sin diseño empírico que opere intersecciones.,2.0,medium,,1.0,Llama a desafiar injusticias sistémicas y a soluciones centradas en autodeterminación indígena.,1.0,"Documenta liderazgo, estrategias innovadoras y saberes territoriales de mujeres indígenas.",True,Centra a mujeres indígenas y sus 'intersecting oppressions' desde marcos decoloniales y antirracistas.,0.5,"Opresiones, liderazgo y justicia se conectan en la reflexión, sin mecanismos ni contexto que los articulen plenamente.",conceptual_teorico,cambio_climatico_general,Canada,parcial,10,8.292617,9.025794,10_indigenous_climate_change_women,Mujeres indígenas y saberes propios,2
507,"Infrastructure, knowledge and climate resilience technologies enhancing food security: Evidence from Northern Pakistan",2025,10.1016/j.sftr.2025.100769,"This study examines how infrastructure deficits, socioeconomic disparities, and climate vulnerabilities collectively impact household food security in District Torghar, Northern Pakistan, through cross sectional approach. Data from 379 households were analyzed through descriptive statistics, chi-square test, multiple regression, and structural equation modeling. Three key findings emerge. First, infrastructural gaps – particularly in transportation and irrigation systems – impedes household food security by limiting market access and increasing post-harvest losses. Second, human capital plays a critical role: educated households adopt more climate-smart practices, while ageing farmers experience greater vulnerabilities due to limited adaptive capacity. Third, structural equation modeling analysis reveals that infrastructure improvements directly enhance household food security and indirectly mitigate climate risks by promoting income generation and irrigation access. The study advances a climate-infrastructure-social reproduction framework, demonstrating that synergistic investments in: (1) climate-resilient infrastructure (e.g., flood-proof roads, solar-powered storage), (2) digital extension services bridging indigenous and scientific knowledge, and (3) gender-sensitive social protection for gaining smallholders can break cycles of food insecurity. These findings propose a replicable Sustainable Development Goals (SDGs)-nexus model where climate-resilient infrastructure (SDG 9) bridges food security (SDG 2) and climate action (SDG 13) through three levers: hardened physical systems, democratized knowledge networks, and intersectional social protection-offering a pattern for marginalized mountainous regions worldwide. © 2025",Khan Y.; Bojnec; Daraz U.,Sustainable Futures,"School of Business, East China University of Science and Technology, Shanghai, 200237, China; Institute of Economic Policy and Finance, Faculty of Economics and Management, Slovak University of Agriculture in Nitra, Tr. A. Hlinku 2, Nitra, 949 76, Slovakia; Department of Sociology, The University of Malakand, Chakddara, 18800, Pakistan",English,Article,Agriculture; Climate resilience; Food security; Infrastructure; Socio-economic; Sustainability,16,,2-s2.0-105008024244,Final,All Open Access; Gold Open Access,A_nucleo,en,scopus_v2,10.1016/j.sftr.2025.100769,0.5,Educación y edad se tratan como variables separadas de capital humano; el género solo aparece en recomendaciones.,0.5,Nombra disparidades socioeconómicas y un marco de 'social reproduction' sin teorizar mecanismos de poder.,0.5,"Distrito de Torghar, norte de Pakistán, región montañosa marginada; contexto poco desarrollado.",0.0,Regresión y SEM con ejes como variables separadas; sin interacciones entre posiciones sociales.,1.0,low,,0.5,"Propone protección social sensible al género e 'intersectional', sin desarrollar una orientación a la justicia.",0.5,"Registra la adopción de prácticas climáticamente inteligentes y propone integrar saberes indígenas, de forma marginal.",True,"Analiza educación del hogar y edad del agricultor como factores de adaptación y seguridad alimentaria, aunque por separado.",0.0,"Los ejes sociales quedan yuxtapuestos a factores infraestructurales, sin articulación interseccional.",empirico_cuantitativo,cambio_climatico_general,Pakistan,nominal_debil,-1,5.6674438,9.097105,-1_climate_change_climate change_health,Sin tópico (outliers),2
516,Intersectional Climate Action,2025,,"Climate action must address the inequities faced by historically marginalized communities that are disproportionately affected by climate change, extreme weather events, and displacement. As such, using intersectionality as an analytic tool reveals the overlapping social identities and power structures that shape capacities for resistance and forms of climate action. This chapter reviews the following: (1) a brief history of intersectional thought; (2) definitions of climate risk, vulnerability, and resilience; (3) scales of power (macro to micro); and (4) case studies of climate action resistance. Environmental and climate justice scholars center multiple axes of inequality to illuminate how race, class, gender, Indigeneity, ability, nationality, and other facets of difference intersect to shape resistance to injustice. Intersectional approaches recognize that oppressions are linked, and that justice cannot be achieved until those most marginalized are centered as indispensable. The chapter concludes with encouragement toward intersectional climate action. © Oxford University Press 2026.",Alvarez C.; Norton-Smith K.,The Oxford Handbook of Climate Action,"University of California, San Diego, United States; University of Arkansas, Fayetteville, United States",English,Book chapter,,0,Analytic tools; Case-studies; Climate justices; Environmental justice; Extreme weather events; Power; Power structures; Social identity; Climate change,2-s2.0-105047676002,Final,,A_nucleo,en,scopus_v2,,1.0,Trata las opresiones como vinculadas ('oppressions are linked') e identidades superpuestas moldeadas por estructuras de poder.,1.0,Estructuras de poder y escalas de poder (macro a micro) en un marco de justicia ambiental y climática.,0.0,Sin anclaje geográfico ni histórico concreto; casos de estudio no situados en el abstract.,0.0,Capítulo conceptual sin operacionalización empírica.,2.0,medium,,1.0,La justicia exige centrar a los más marginados; concluye alentando la acción climática interseccional.,1.0,Capacidades de resistencia y casos de acción climática de resistencia como eje del capítulo.,True,"Articula raza, clase, género, indigeneidad, capacidad y nacionalidad que 'intersect to shape resistance to injustice'.",0.5,"Identidades, poder y resistencia se articulan conceptualmente, pero sin contexto ni método que los aterricen.",conceptual_teorico,cambio_climatico_general,No especificado,parcial,2,9.017448,6.750319,2_climate_justice_climate justice_change,"Justicia climática, derecho y litigio",2
548,"Navigating food futures post-disaster: the intersectional politics of race, gender, disability and access; [Navegando hacia un futuro alimentario tras desastres climáticos: La interseccionalidad de la raza, el género, la discapacidad y el acceso]",2025,10.1080/08263663.2025.2555343,"A historically devastating series of climatic events in September 2017 transformed lives in Puerto Rico and its diaspora. The impacts of Hurricanes Irma and Maria ruptured the functionality of lifeways in unprecedented forms. The events also characterize the longest disaster response muddle in the history of the United States. This focused case study investigates the ways that individuals navigate their island food system in a post-disaster context. It explores the political, social and economic circumstances which inform various experiences of food insecurity, hunger, gendered vulnerabilities, disability and the role that layered structural inequity plays in producing unequal access to food. Based on news media, photographic analysis and in-depth interviews conducted with those who lived through both hurricanes, an evidence-informed intersectional analysis is produced. Scaffolding the research conceptually through an intersectionality and Afro-diasporic futures epistemology, this paper contributes a geographical and feminist analysis to the study of disasters in relation to food insecurity. Markedly, people living with disabilities and women participants reported increased challenges to disaster recovery and resilience. Parents were found to be the most food insecure. Research findings show that gender, race, disability and income play a pivotal role in shaping food access and long-term wellbeing in post-disaster contexts. © 2025 The Author(s). Published by Informa UK Limited, trading as Taylor & Francis Group.",Diaz I.I.,Canadian Journal of Latin American and Caribbean Studies,"Department of Geography and Environmental Management, University of Waterloo, Waterloo, ON, Canada",English,Article,Disability; disaster; food security; futures; hunger; intersectionality; Puerto Rico; race,0,Puerto Rico; disability; food security; gender issue; politics; race,2-s2.0-105018033107,Final,All Open Access; Hybrid Gold Open Access,A_nucleo,en,scopus_v2,10.1080/08263663.2025.2555343,0.5,"Declara un análisis interseccional, pero los hallazgos se reportan por eje (discapacidad, mujeres, progenitores) sin mostrar co-construcción.",0.5,"Nombra 'layered structural inequity' y la fallida respuesta al desastre, sin teorizar mecanismos específicos.",1.0,"Puerto Rico tras los huracanes Irma y María (2017), su diáspora y la prolongada respuesta estadounidense al desastre.",0.5,"Entrevistas en profundidad, análisis de prensa y fotografía; subgrupos descritos sin análisis interaccional explícito.",2.0,medium,,0.5,"Epistemología de futuros afrodiaspóricos y análisis feminista, sin propuestas de justicia desarrolladas en el abstract.",0.5,"Estudia cómo las personas 'navigate' el sistema alimentario, aunque los hallazgos enfatizan desafíos y vulnerabilidades.",True,"Analiza cómo género, raza, discapacidad e ingreso, junto con una inequidad estructural estratificada, moldean el acceso a alimentos tras los huracanes.",0.5,"Integración parcial: contexto y marco interseccional articulados, pero los ejes se presentan en paralelo en los hallazgos.",empirico_cualitativo,ciclon_huracan_tormenta,Puerto Rico,parcial,0,5.3054566,6.411753,0_disaster_disasters_risk_disability,"Desastres y riesgo: discapacidad, género y recuperación",2
557,On moving towards a more inclusive understanding of disaster risk reduction: A sexual and gender minorities perspective through the lens of global flood risk,2025,10.1016/j.pdisas.2025.100442,"Considering social vulnerability of marginalized communities is crucial for equitable disaster risk reduction. This paper emphasizes the need to include sexual and gender minorities in global vulnerability assessments and policymaking. This community faces unique challenges in disasters, often overlooked in disaster risk reduction strategies and agendas. While natural hazards do not discriminate, societal ideologies and laws can, amplifying disparate outcomes. Our flood risk analysis reveals that over one-third of the global expected annual affected population – 26.5 to 33.9 million people – live in countries lacking legal protections for sexual and gender minorities. Future scenarios indicate this could double to 58.6 to 73.1 million by 2050. Meanwhile, two-thirds of those at risk to floods reside in countries with below-average societal acceptance of sexual and gender minorities, increasing their vulnerability before, during and after flooding disasters. To address these disparities, global frameworks must urgently integrate specific metrics into social vulnerability assessments and risk planning. Including marginalized communities ensures that disaster risk reduction efforts are more responsive and effective. By acknowledging the intersection of societal acceptance, legal protections, and disaster risk, we can advance more inclusive and impactful strategies to mitigate the growing impacts of climate-fuelled hazards like coastal and riverine flooding. © 2025 The Authors",Mortensen E.; Cassanti A.C.; Tiggeloven T.; Twaalfhoven A.; Ward P.J.; Haer T.,Progress in Disaster Science,"Institute for Environmental Studies, Vrije Universiteit Amsterdam, De Boelelaan 1111, HV, Amsterdam, 1081, Netherlands; Ciência Pioneira, Rue Diniz Cordeiro, 30 – Botafogo, Rio de Janeiro, Brazil; Deltares, Boussinesqweg 1, HV, Delft, 2629, Netherlands",English,Article,"Disaster risk management; Global agenda setting; Inclusive, planning; Intersectionality; Sexual and gender minorities",5,disaster management; flooding; gender identity; minority group; risk assessment; vulnerability,2-s2.0-105006767709,Final,All Open Access; Gold Open Access; Green Open Access,A_nucleo,en,scopus_v2,10.1016/j.pdisas.2025.100442,0.0,No evaluado: gate no superado.,0.0,No evaluado: gate no superado.,0.0,No evaluado: gate no superado.,0.0,No evaluado: gate no superado.,0.0,medium,,0.0,No evaluado: gate no superado.,0.0,No evaluado: gate no superado.,False,"Trata a las minorías sexuales y de género como un colectivo único, cruzado con contextos legales nacionales, sin relacionar ejes de diferenciación entre sí.",0.0,No evaluado: gate no superado.,empirico_cuantitativo,inundacion,Global,mencion_sin_aplicacion,0,4.9382567,5.1370273,0_disaster_disasters_risk_disability,"Desastres y riesgo: discapacidad, género y recuperación",2
600,Stories of country women: Advancing feminist intersectionality for climate change adaptation in Australia,2025,10.1111/soru.12474,"Drought has always had a historical presence in ‘rural’ Australia and is predicted to intensify in frequency and duration due to climate change. We argue here that the creeping havoc drought visits upon humans, animals and ecosystems in an Australian context is a form of ‘slow violence’. Such harm and hardship are often obscured because they are more challenging to conceptualise and symbolise than sudden, spectacle-creating disasters. Furthermore, in Australia, it is often obscured because of discursive prioritising of ‘urban’ centres. We resist the ‘invisibility’ of this form of slow violence, applying the concept of slow violence in combination with intersectionality and a relational mode of interviewing to analyse data from 27 interviews undertaken across 3 years with a range of women in drought-declared regions of South-West Queensland, Australia. We centre the voices of Aboriginal women as leaders in this space, as well as settler women who are often overlooked in the settler narrative of working the land. In doing so, we interrogate external constructions of ‘the rural’ and bring recognition to stories and knowledges of women who live with its daily and yearly impacts. © 2024 The Authors. Sociologia Ruralis published by John Wiley & Sons Ltd on behalf of European Society for Rural Sociology.",Casey S.; Crimmins G.; McIntyre J.; O'Sullivan S.,Sociologia Ruralis,"School of Business and Creative Industries, University of the Sunshine Coast, Sippy Downs, QLD, Australia; Faculty of Social Sciences, Media, Film and Education, Swinburne University of Technology, Hawthorn, VIC, Australia; Department of Critical Indigenous Studies, Macquarie University, Sydney, NSW, Australia",English,Article,climate change; drought; intersectionality; rural; slow violence; women,17,Australia; adaptation; climate change; conceptual framework; drought; feminism; frequency analysis; violence; womens status,2-s2.0-85186594027,Final,All Open Access; Hybrid Gold Open Access,A_nucleo,en,scopus_v2,10.1111/soru.12474,1.0,Distingue posiciones situadas: mujeres aborígenes como líderes y mujeres colonas invisibilizadas en la narrativa colonial de trabajar la tierra.,1.0,La violencia lenta de la sequía queda oculta por la priorización discursiva de lo urbano y la narrativa colonial.,1.0,"Suroeste de Queensland, regiones declaradas en sequía, historia de la sequía y construcciones externas de 'lo rural'.",1.0,27 entrevistas relacionales en 3 años con mujeres aborígenes y colonas: muestreo intencional de posiciones interseccionales.,4.0,medium,,1.0,Resiste la invisibilidad de la violencia lenta y busca reconocimiento para las mujeres rurales en la adaptación climática.,1.0,Centra a las mujeres aborígenes como líderes y reconoce los relatos y saberes de las mujeres.,True,Combina interseccionalidad y violencia lenta para analizar a mujeres aborígenes y de familias colonas en regiones rurales en sequía.,1.0,"Violencia lenta, interseccionalidad y entrevistas relacionales se articulan en un análisis situado del reconocimiento.",empirico_cualitativo,sequia,Australia,sustantivo_fuerte,10,8.245659,8.921912,10_indigenous_climate_change_women,Mujeres indígenas y saberes propios,2
601,"Strategic Corporate Diversity Responsibility (CDR) as a Catalyst for Sustainable Governance: Integrating Equity, Climate Resilience, and Renewable Energy in the IMSD Framework",2025,10.3390/admsci15060213,"This paper introduces the Integrated Model for Sustainable Development (IMSD), a theory-driven governance framework that embeds Corporate Diversity Responsibility (CDR) into climate and energy policy to advance systemic equity, institutional resilience, and inclusive innovation. Grounded in Institutional Theory, the Resource-Based View (RBV), and Intersectionality Theory, IMSD unifies fragmented sustainability efforts across five pillars: Climate Sustainability, Social Sustainability (CDR), Governance Integration, Collaborative Partnerships, and Implementation and Monitoring. Aligned with SDGs 7, 10, and 13, IMSD operationalizes inclusive leadership, anticipatory adaptation, and equity-centered decision-making. It addresses the compounded climate vulnerabilities faced by women and marginalized groups in the Global South, integrating insights from Indigenous resilience and intersectional adaptation strategies. Unlike conventional CSR or ESG models, IMSD institutionalizes diversity as a strategic asset and governance principle. It transforms DEIB from symbolic compliance into a catalyst for ethical leadership, legitimacy, and performance in turbulent environments. The model’s modular structure supports cross-sector scalability, making it a practical tool for organizations seeking to align ESG mandates with climate justice and inclusive innovation. Future empirical validation of the IMSD framework across diverse governance settings will further strengthen its applicability and global relevance. IMSD represents a paradigm shift in sustainability governance—bridging climate action and social equity through theory-based leadership and systemic institutional transformation. © 2025 by the authors.",Fagerland B.S.; Bleveans L.,Administrative Sciences,"Department of Industrial Economics, Strategy and Political Science, School of Business, University of South-Eastern Norway (USN), Drammen, 3045, Norway; Sustainability Utilities & Infrastructure, Stanford University, Stanford, 94305, CA, United States",English,Article,climate resilience; corporate diversity responsibility (CDR); dynamic capabilities; inclusive leadership; institutional theory; institutional transformation; intersectionality; renewable energy governance; sustainable innovation; systemic equity,5,,2-s2.0-105008902781,Final,All Open Access; Gold Open Access; Green Open Access,A_nucleo,en,scopus_v2,10.3390/admsci15060213,0.0,No aplica: no supera el gate.,0.0,No aplica: no supera el gate.,0.0,No aplica: no supera el gate.,0.0,No aplica: no supera el gate.,0.0,medium,,0.0,No aplica: no supera el gate.,0.0,No aplica: no supera el gate.,False,Cita la teoría de la interseccionalidad y lista 'women and marginalized groups in the Global South' sin relacionar ejes entre sí.,0.0,No aplica: no supera el gate.,conceptual_teorico,cambio_climatico_general; mitigacion_transicion,Global,mencion_sin_aplicacion,11,8.4845,6.5390744,11_energy_transition_transitions_systems,Transiciones energéticas justas,2
613,"The Effect of Climate Change on Menstrual Health: A Qualitative Study of Gabura Union, Shyamnagar, Satkhira, Bangladesh",2025,10.1002/hsr2.71579,"Background and Aim: Coastal regions of Bangladesh are increasingly impacted by climate-induced hazards such as salinity intrusion, water scarcity, and cyclones. While these factors adversely affect general public health, their specific impact on menstrual health remains underexplored. This study investigates how climate change exacerbates menstrual health challenges among women and adolescent girls in Gabura Union, a highly vulnerable area in Shyamnagar, Satkhira, Bangladesh. Methodology: A qualitative design was adopted, combining 24 in-depth interviews (IDIs) with women aged 13–49 and 6 key informant interviews (KIIs) with health professionals and NGO workers. Additionally, for short interview 5 married men aged 38 to 45 were interviewed to gain male perspectives on water, sanitation, and menstrual-related challenges. Participants were selected purposively to reflect varied age groups, occupations, and exposure levels. Data were analyzed thematically using interview transcripts, and climate-health links were strengthened by integrating visual mapping and contextual geographic information such as salinity-prone zones, cyclone exposure, and water scarcity patterns in the study area. Results: The findings reveal a direct link between climate stressors and compromised menstrual hygiene. Saline water use causes infections and discomfort; lack of private WASH facilities leads to shame and social isolation; and poor nutrition due to climate-induced crop loss contributes to menstrual irregularities. Healthcare barriers, cultural stigma, and a lack of institutional support further worsen the situation. Five major thematic domains emerged: hygiene constraints, water access issues, nutritional deficits, psychosocial stress, and limited healthcare. Conclusion: This study introduces menstrual health as a critical yet overlooked dimension of climate vulnerability by drawing on two intersecting conceptual lenses: intersectionality and the climate justice framework. These perspectives allow for a nuanced understanding of how overlapping social identities and structural inequalities exacerbate the climate-related menstrual health burdens of marginalized women in coastal regions. The study's novelty lies in its community-based evidence, grounded in these theoretical frameworks. © 2025 The Author(s). Health Science Reports published by Wiley Periodicals LLC.",Yasmin F.,Health Science Reports,"Department of Sociology, Dhaka International University, Dhaka, Bangladesh",English,Article,Climate Change; Coastal Bangladesh; Gender Vulnerability; Menstrual Health; Salinity,3,adolescent; adult; Article; Bangladesh; climate change; disaster; emotional stress; female; flooding; health; health care; health service; human; hurricane; major clinical study; male; menstrual health; mental stress; nutrition; nutritional deficiency; physician; sanitation; social isolation; water insecurity; weakness,2-s2.0-105023308965,Final,All Open Access; Gold Open Access; Green Open Access,A_nucleo,en,scopus_v2,10.1002/hsr2.71579,0.5,"Alude a identidades superpuestas de mujeres marginadas y adolescentes, pero el análisis temático se centra en el género.",0.5,"Menciona desigualdades estructurales, barreras sanitarias, falta de apoyo institucional y estigma cultural, sin teorizar mecanismos.",1.0,"Unión de Gabura (Shyamnagar, Satkhira) con mapeo de zonas salinas, exposición a ciclones y escasez de agua.",0.5,"Muestreo intencional por edad, ocupación y exposición; entrevistas a mujeres, informantes y hombres, sin análisis interaccional explícito.",1.5,medium,,0.5,"Adopta el marco de justicia climática y visibiliza una dimensión omitida, sin recomendaciones transformadoras desarrolladas.",0.0,"Las mujeres aparecen como afectadas (infecciones, vergüenza, aislamiento); no se documentan estrategias propias.",True,"Invoca identidades sociales superpuestas (género, edad, marginación) y desigualdades estructurales en la carga menstrual climática de mujeres y niñas.",0.5,Interseccionalidad y justicia climática se invocan sobre todo en la conclusión; los hallazgos temáticos se articulan poco con ese marco.,empirico_cualitativo,cambio_climatico_general; nivel_mar_costas; ciclon_huracan_tormenta,Bangladesh,parcial,9,4.9668756,8.364793,9_bangladesh_climate_adaptation_women,Bangladesh costero: mujeres y adaptación,3
623,"The Voices of Zionist Women in Responding to Disasters in Chivi District, Masvingo Province in Zimbabwe",2025,10.46222/pharosjot.106.204,"While global warming affects people globally, in Africa, women are particularly more vulnerable than men because of the gendered nature of climate change impacts. Climate change increasingly threatens humanity by causing disasters such as droughts, floods, cyclones and heat waves which negatively impact human beings and the ecosystem. The socio-cultural beliefs and practices of women in African Independent Churches (AICs) increase their vulnerability as they are socialised to depend on decisions made by their male counterparts. The study focuses on Zionist women in Chivi, a rural area where women practice agriculture for their livelihoods. Many men migrate to neighbouring countries in search of employment, leaving women at the centre of climate change discourse. The study was guided by the intersectionality theory and Moser’s gender analysis framework as there are connected variables. A constructivist paradigm utilising a qualitative approach was adopted. The study used the narrative research design through in-depth interviews from stories and experiences of women in Zion church as primary participants and key informants who are knowledgeable about the phenomenon under study. In-depth interview guides and focus group discussion guides were used to collect data. The data collected was analysed thematically as follows: response to early warning signs, effects of droughts and flooding, resistance towards vaccinations, alternative livelihood strategies, collaboration and partnership with different organisations and proposed initiatives to church leadership including women in leadership positions. The study concluded that a multi-disciplinary approach to integrating environmental issues, religion, and gender is needed to preserve Mother Earth for sustainable use. © 2025 Open Access/Author/s",Charamba S.; Pedzisai E.; Mukurazhizha R.,Pharos Journal of Theology,"Midlands State University, School of Social Work, Zimbabwe; Bindura University of Science Education, School of Geosciences, Disaster and Sustainable Development, Zimbabwe; University of KwaZulu-Natal, South Africa; Durban University of Technology, South Africa",English,Article,gender; pandemics; religion; Zimbabwe; Zionist women,0,,2-s2.0-105002008038,Final,All Open Access; Gold Open Access; Green Open Access,A_nucleo,en,scopus_v2,10.46222/pharosjot.106.204,0.5,"Sitúa a las mujeres sionistas en el cruce género-religión, pero trata los factores como variables conectadas, sin análisis co-constitutivo.",0.5,"Nombra la dimensión de género de los impactos y la subordinación a decisiones masculinas, atribuida a creencias socioculturales, sin teorizar mecanismos.",1.0,"Distrito rural de Chivi (Masvingo), medios de vida agrícolas, migración masculina a países vecinos e iglesias sionistas.",1.0,"Diseño narrativo con entrevistas en profundidad y grupos focales a mujeres de la iglesia sionista, subgrupo definido por género y religión.",2.0,medium,,0.5,"Propone iniciativas a los liderazgos eclesiales, incluida la presencia de mujeres en cargos, sin desarrollar una crítica de justicia.",1.0,"Documenta respuestas a alertas tempranas, estrategias alternativas de medios de vida y colaboraciones con organizaciones.",True,Relaciona género y pertenencia religiosa: las creencias de las iglesias independientes socializan a las mujeres para depender de decisiones masculinas.,0.5,"Los marcos interseccional y de Moser enmarcan el estudio, pero los hallazgos temáticos se presentan sin articular género y religión.",empirico_cualitativo,cambio_climatico_general; sequia; inundacion,Zimbabwe,parcial,-1,5.8962502,8.41954,-1_climate_change_climate change_health,Sin tópico (outliers),2
630,"The unequal effects of resettlement in coastal regions: An intersectional vulnerability analysis of resettled fisher communities in Saint Louis, Senegal",2025,10.1016/j.ijdrr.2025.105626,"The coast of West Africa is particularly affected by coastal erosion and inundation as a result of sea-level rise. Managed resettlement has emerged as a crucial adaptation strategy for vulnerable coastal communities. However, the retreat of fisher communities and unequal resettlement outcomes in the Global South remain under-researched. This study seeks to examine how the vulnerability of various groups within fisher communities has evolved following their resettlement inland. Given the highly gendered division of labour in fishery-based livelihoods – and its effects on intra-household and community power relations – a contextually grounded vulnerability analysis must consider not only livelihood provision but also reproductive labour and structural causes of vulnerability. For this, the study applies a framework informed by feminist political ecology and intersectionality. A comparative case study analysis of resettled fisherfolks in Saint Louis, Senegal, was conducted through a mixed method approach, including a quantitative survey (n = 115), focus group discussions, and participatory mapping exercises. An intersectional analysis was conducted across social groups defined by location, gender, age, marital status, wives’ position, and household status. An increase in vulnerability was observed followingresettlement due to everyday struggles in providing livelihood, precarious living conditions affecting social reproductive work, and exposure to gender-based violence and criminality within the resettlement. As the adaptive capacity of certain groups, including young unmarried individuals and women, was especially diminished due to social isolation, limited agency and work opportunities, the resettlement increased marginalisation. Overall, the study shows that mismanagement of resettlement projects can lead to maladaptation. A successful resettlement necessitates a balanced, context-specific approach, combining immediate recovery efforts with strategic, long-term planning, and acknowledging communities' livelihood traditions as well as intersectional vulnerabilities. © 2025 The Authors",Renkamp T.M.; Reine H.M.; Jaquet S.; Medina L.; Bonatti M.; Sieber S.,International Journal of Disaster Risk Reduction,"International Center for Tropical Agriculture (CIAT), Cali, Colombia; Leibniz Centre for Agricultural Landscape Research (ZALF), Müncheberg, Germany; Dakar, Senegal; Université Gaston Berger, Saint Louis, Senegal; Université Paris Saclay, Paris, France; International Fund for Agricultural Development (IFAD), Rome, Italy; Brasilia, Brazil; Department of Agricultural Economics, Humboldt University of Berlin, Berlin, Germany",English,Article,Feminist political ecology; Fishery; Intersectionality; Maladaptation; Reproductive labour; Resettlement; Vulnerability,2,,2-s2.0-105008530227,Final,All Open Access; Green Open Access; Hybrid Gold Open Access,A_nucleo,en,scopus_v2,10.1016/j.ijdrr.2025.105626,1.0,"Identifica posiciones combinadas, como jóvenes solteros y mujeres según posición de esposa, cuya capacidad adaptativa se reduce especialmente.",1.0,"División sexual del trabajo, relaciones de poder intrahogar, trabajo reproductivo y causas estructurales de vulnerabilidad desde la ecología política feminista.",1.0,"Comunidades pesqueras reasentadas en Saint Louis, Senegal, ante erosión costera; análisis contextualmente situado y llamado a enfoques específicos.",1.0,"Métodos mixtos (encuesta n=115, grupos focales, mapeo participativo) con análisis cruzado por grupos sociales interseccionales.",3.5,high,,1.0,Denuncia la maladaptación por mala gestión y pide reasentamientos que reconozcan tradiciones de medios de vida y vulnerabilidades interseccionales.,0.5,"La agencia aparece sobre todo como limitada; el mapeo participativo recoge saberes, pero no se documentan estrategias propias.",True,"Análisis interseccional por grupos definidos por género, edad, estado civil, posición de esposa y estatus del hogar en comunidades reasentadas.",1.0,La ecología política feminista explica cómo la división de género del trabajo y el reasentamiento producen vulnerabilidades interseccionales situadas.,empirico_mixto,nivel_mar_costas,Senegal,sustantivo_fuerte,4,6.5778384,9.11407,4_farmers_adaptation_change_climate change,Adaptación agraria y pequeños productores,2
663,Women-Centric Approaches in Framing Proactive Disaster Management Strategies in the Indian State of Odisha,2025,10.4324/9781003483977-5,"This study underscores the urgent need for gender-sensitive disaster risk reduction, highlighting how disasters intensify vulnerabilities for women in rural and marginalized coastal Odisha due to entrenched social inequalities and limited access to resources. Through surveys of 60 women-headed households in Jagatsinghpur, it identifies 18 key vulnerability indicators; reliability testing led to the exclusion of seven, ensuring robust analysis. Statistical tests reveal caste hierarchy as the primary driver of compounded vulnerabilities, particularly among Scheduled Castes and Other Backward Classes who experience restricted access to disaster relief, healthcare, and safe shelter. Income and education are shown to substantially bolster women's resilience, with higher levels improving preparedness, recovery, and decision-making capacity. Persistent gender-based violence during disasters further exposes gaps in safety and support. The study spotlights critical shortcomings in institutional frameworks, specifically the lack of gender-sensitive policies and minimal female representation in disaster planning. The findings offer actionable insights for policymakers, researchers, and practitioners: incorporating intersectional approaches and promoting women's participation will help forge inclusive disaster resilience. Ultimately, the work strengthens the bridge between theoretical discourse and practical intervention for gender-equitable disaster management, advocating for systemic changes that empower women and dismantle barriers to effective resilience strategies. © 2027 selection and editorial matter, C. Mohammed Firoz, V. Sruthi Krishnan, Lakshmi Priya Rajendran and Lalit Kumar Dashora; individual chapters, the contributors. All rights reserved.",Mandal K.; Dey P.,Climate Adaptation in Coastal Ecosystems: Interdisciplinary Conceptualizations and Approaches from the Global South,"Department of Architecture and Regional Planning, Indian Institute of Technology Kharagpur, Kharagpur, India",English,Book chapter,,0,Bridges; Emergency services; Access to resources; Disaster management; Disaster relief; Disaster risk reductions; IT Identify; Management strategies; Reliability testing; Robust analysis; Social inequalities; Vulnerability indicators; Disaster prevention,2-s2.0-105043667436,Final,,A_nucleo,en,scopus_v2,10.4324/9781003483977-5,0.5,"Casta, ingreso y educación se analizan como factores separados de la vulnerabilidad de mujeres, sin interpretar posiciones combinadas.",1.0,"La jerarquía de casta restringe el acceso a ayuda, salud y refugio; marcos institucionales sin enfoque de género ni representación femenina.",1.0,"Hogares de Jagatsinghpur, en la costa rural y marginada de Odisha, con jerarquías de casta y marcos institucionales específicos.",0.0,"Encuesta a 60 hogares con pruebas estadísticas; casta, ingreso y educación entran como variables separadas, sin interacciones.",2.0,medium,,1.0,"Recomendaciones accionables: enfoques interseccionales, participación de mujeres y cambios sistémicos para una gestión de desastres equitativa.",0.5,"Menciona capacidad de decisión y empoderamiento de las mujeres, sin documentar sus estrategias propias.",True,"En hogares encabezados por mujeres, la jerarquía de casta (castas registradas y OBC) impulsa vulnerabilidades compuestas; ingreso y educación también.",0.5,"La casta explica la vulnerabilidad compuesta y enlaza con la crítica institucional, pero el método aditivo limita la articulación.",empirico_cuantitativo,desastres_multiples,India,parcial,-1,4.6718426,7.5242243,-1_climate_change_climate change_health,Sin tópico (outliers),2
672,“Are you prepared or not?”: An intersectional analysis of a community-engaged climate change vulnerability assessment and adaptation planning process with Tsáá? Ché Ne Dane,2025,10.1016/j.envsci.2024.103984,"Intersectional analyses of climate hazards have demonstrated that social dimensions play important roles in how people experience and respond to climate change and extreme weather events. Despite these insights, intersectional scholarship has faced criticism around its theoretical orientation and the resulting challenges of doing applied intersectional research to understand social dimensions of climate change. This article demonstrates the value of an intersectional feminist lens to community-level planning for climate change. Working with an Indigenous community in northern British Columbia, Canada, the research revealed that social dimensions including culture, age, gender, and spirituality combined in distinct and various ways to influence how the community framed the problem of climate change, expressed agency, understood impacts and vulnerability, and proposed responses. Attending to these dimensions throughout a community-engaged climate change vulnerability assessment and adaptation planning process illuminated differences among groups, while also exposing shared goals and areas of overlap among diverse perspectives and worldviews. Beyond exposing commonalities, consistent consideration of social dimensions also enhanced local adaptive capacity and shaped the planning and decision-making process by informing project framing and design, methods selection and participant recruitment, and developing meaningful outputs. We use this evidence to demonstrate the practical application of an intersectional lens and to explain how embedding consideration of social dimensions within climate change vulnerability assessment and adaptation planning processes can produce better contextualization, greater buy-in, and more meaningful outcomes for communities across Canada and beyond. © 2024 The Authors",Sidloski M.; Reed M.G.; Andrews-Key S.,Environmental Science and Policy,"University of Saskatchewan School of Environment and Sustainability, Kirk Hall Building, 117 Science Place, Saskatoon, S7N 5C8, SK, Canada; University of British Columbia Faculty of Forestry, Forest Sciences Centre, 242 Main Mall, Vancouver, V6T 1Z4, BC, Canada",English,Article,Climate change adaptation; Climate change vulnerability assessment; Critical community-engaged scholarship; Intersectional feminism; Intersectionality; Social dimensions of climate change,6,British Columbia; Canada; adaptive management; assessment method; climate change; planning process; spatiotemporal analysis; vulnerability; age; Article; British Columbia; capitalism; climate change; climate change vulnerability; community participation; cultural anthropology; environmental change; environmental decision making; environmental impact; environmental planning; evolutionary adaptation; feminism; First Nation; gender; human; indigenous people; intersectionality; leadership; religion; river; semi structured interview,2-s2.0-85213557444,Final,All Open Access; Green Open Access; Hybrid Gold Open Access,A_nucleo,en,scopus_v2,10.1016/j.envsci.2024.103984,1.0,"Muestra que cultura, edad, género y espiritualidad se combinan de formas distintas en marcos, agencia, impactos y respuestas.",0.0,"El resumen no nombra estructuras de poder (colonialismo, patriarcado) ni mecanismos; se centra en dimensiones sociales y culturales.",1.0,Comunidad Tsáá? Ché Ne Dane del norte de Columbia Británica; destaca una mejor contextualización y las diferencias entre grupos.,1.0,"Las dimensiones sociales guiaron diseño, selección de métodos y reclutamiento de participantes en el proceso comunitario.",2.0,medium,,0.5,"Praxis aplicada de planificación comunitaria que fortalece la capacidad adaptativa, sin enmarcarla explícitamente en justicia o desigualdad.",1.0,"La comunidad expresa agencia, define el problema y propone respuestas en un proceso participativo.",True,"En una comunidad indígena, cultura, edad, género y espiritualidad se combinan de formas distintas en cómo se enmarca y enfrenta el cambio climático.",0.5,"Lente interseccional integrado en todo el proceso, pero sin poder estructural que explique las diferencias entre grupos.",empirico_cualitativo,cambio_climatico_general,Canada,parcial,-1,8.800316,7.1071925,-1_climate_change_climate change_health,Sin tópico (outliers),2
709,Bridging underrepresented disaster scholars and national science foundation-funded resources,2024,10.1007/s11069-024-06569-2,"The intentional inclusion of various perspectives is critical in disaster and hazard research to advance science and promote equitable resilience in a rapidly changing climate. However, historically underrepresented scholars like Black, Indigenous, and people of color (BIPOC), LGBTQIA2S + community members, and women are frequently absent from these efforts. Such exclusions exist as disparities in obtaining grant support, the disproportionate validation of their research or skills, limited training or mentorship opportunities, and implicit biases towards faculty members and students. As a result, many of these scholars, who frequently study communities living in precarious conditions, are absent from utilizing equipment or have limited access to resources that can ultimately assist them in their research efforts. This paper examined the experiences of such underrepresented scholars involved in disaster and environmental-related work to understand the needs, barriers, and opportunities to accessing National Science Foundation (NSF) supported resources. Across 13 key informant interviews, participants reported a myriad of structural barriers that directly impact marginalized scholars and others that limit the capacity of institutions where such scholars frequently work. These barriers exist alongside competing demands placed on marginalized scholars that strain ongoing and meaningful engagement and integration in disaster and hazard research. This study revealed considerations and recommendations for intentionally expanding NSF-funded resources to support underrepresented scholars to advance disaster and hazard scholarship through action-orientation approaches and targeted outreach and engagement strategies. © The Author(s), under exclusive licence to Springer Nature B.V. 2024.",Jean C.; Vickery J.; Wartman J.; Berman J.; Errett N.,Natural Hazards,"Department of Environmental and Occupational Health Sciences, University of Washington, Seattle, WA, United States; Natural Hazard and Disaster Reconnaissance Facility, University of Washington, Seattle, WA, United States",English,Article,Disasters; Intersectionality; National Science Foundation; Social capital; Underrepresented scholars,0,disaster management; foundation; hazard assessment; indigenous population; social capital; strategic approach,2-s2.0-85190424712,Final,,A_nucleo,en,scopus_v2,10.1007/s11069-024-06569-2,0.0,Gate no superado.,0.0,Gate no superado.,0.0,Gate no superado.,0.0,Gate no superado.,0.0,low,,0.0,Gate no superado.,0.0,Gate no superado.,False,"Enumera personas BIPOC, LGBTQIA2S+ y mujeres como grupos subrepresentados por separado; no articula sus ejes como relacionados entre sí.",0.0,Gate no superado; no hay ejes relacionados que integrar.,empirico_cualitativo,desastres_multiples,United States,mencion_sin_aplicacion,0,4.757925,4.990425,0_disaster_disasters_risk_disability,"Desastres y riesgo: discapacidad, género y recuperación",2
714,"Classifying climate vulnerability and inequalities in India, Mexico, and Nigeria: a latent class analysis approach",2024,10.1088/1748-9326/ad1fa6,"The climate crisis exacerbates social, economic, and health disparities. This study employs innovative methods to identify distinct groups affected by recent climate events. A mobile phone-based survey was conducted in April 2022 with individuals residing in multiple climate-affected states across three countries: India (n = 1020), Mexico (n = 1020), and Nigeria (n = 1021). Latent class analysis and classification and regression tree analysis were used to identify the groups most exposed to climate events, the effects and responses taken, and then to identify the characteristics associated with group membership. Effects included housing damage or lost work, while responses included actions such as borrowing money or dropping out of school. Findings revealed four distinct groups: Group 1 reported low exposure, no effects, or responses (49% of respondents in India, 43% in Mexico, and 27% in Nigeria); Group 2 experienced multiple hazards with moderate effects and some responses; Group 3 was characterized by drought exposure with more effects and responses taken; Group 4 was affected by heavy flooding and rainfall with varied effects. Notably, India had the largest proportion of respondents in Group 3 (17%), in Mexico over a quarter (29%) were in group 4, while over half of Nigerian respondents were in Group 2 (52%). Characteristics associated with membership in each group varied by country. Overall, men from rural areas with lower incomes and reliant on agriculture experienced the highest levels of exposure and vulnerability, while urban women from higher-income households were the least affected. This study underscores the importance of considering the intersectionality of risk and vulnerability when formulating policies and programs to address the impacts of climate change. Results emphasize the need for multi-sectoral policies that target the needs of different groups, to reduce inequalities and tailor to the context-specific needs of the most vulnerable people and households. © 2024 The Author(s). Published by IOP Publishing Ltd.",Pinchoff J.; Mahapatra B.; Mishra R.; Adedimeji A.; Patel S.K.; Regules R.,Environmental Research Letters,"Population Council, One Dag Hammarskjold Plaza, New York, 10017, NY, United States; Norwegian Refugee Council, Shmesiani, Amman, Jordan; Population Council, 5A GF India Habitat Centre, New Delhi, 110003, India; Population Council, No 16 House 4 Mafemi Crescent, Abuja, FCT, Nigeria; Population Council, Malaga 88, Insurgentes-Mixcoac Alcaldia Benitor Juarez, Mexico City, CP 03920, Mexico",English,Article,climate vulnerability; India; latent class analysis; Mexico; Nigeria,7,India; Mexico [North America]; Nigeria; Floods; Analysis approach; Climate event; Climate vulnerability; Group 4; Health disparities; India; Latent class analysis; Me-xico; Nigeria; Social-economic; climate classification; climate effect; drought; environmental policy; flooding; housing management; rainfall; rural area; survey method; vulnerability; Climate change,2-s2.0-85185476646,Final,All Open Access; Gold Open Access; Green Open Access,A_nucleo,en,scopus_v2,10.1088/1748-9326/ad1fa6,1.0,"Los árboles de clasificación identifican posiciones sociales combinadas, que el texto interpreta como 'intersectionality of risk and vulnerability'.",0.0,Habla de disparidades y desigualdades sin nombrar estructuras de poder ni mecanismos.,0.5,"Tres países y estados afectados; señala que los perfiles varían por país, sin contexto histórico-político.",1.0,Análisis de clases latentes y árboles de clasificación y regresión captan combinaciones de características (clasificación cruzada).,2.0,medium,,0.5,"Recomienda políticas multisectoriales dirigidas a los grupos más vulnerables para reducir desigualdades, sin desarrollo crítico.",0.5,"Registra respuestas de los hogares (endeudarse, abandonar la escuela) como acciones, pero en clave de vulnerabilidad.",True,"Perfiles combinados por género, ruralidad, ingreso y medio de vida: hombres rurales pobres agrícolas frente a mujeres urbanas de ingresos altos.",0.5,"El método interseccional se vincula con recomendaciones, pero sin estructura ni contexto que expliquen las posiciones halladas.",empirico_cuantitativo,sequia; inundacion; desastres_multiples,India; Mexico; Nigeria,parcial,-1,5.321118,8.562297,-1_climate_change_climate change_health,Sin tópico (outliers),2
721,Climate change and environmental degradation in Yanomami People's Land: Intersectional threats and the need for improved policy-making,2024,10.1016/j.envsci.2024.103931,"The Yanomami are an Amazonian Indigenous people in northern Brazil and southern Venezuela. The Yanomami are considered a ‘recent contact Indigenous People’, with the first contacts with non-indigenous recorded between 1910 and 1940 and with some groups in voluntary isolation. They are one of the resilient peoples that practise their traditional way of life, which involves a strong connection to the land and the environment. Following an expert-driven literature review based on a set of available documentation on the Brazilian Indigenous Peoples, focusing on the overlapping threats that affect Indigenous Lands and triangulating the information collected with data produced on Brazilian Amazon Rainforest Monitoring Program by Satellite (PRODES) within the Space Research National Institute (INPE), this communication presents a case analysis of the main pressures and threats Yanomami People faces. The overlapped threats manifest in structural and cyclical issues, linked to the environmental crisis arising from extractives’ illegal activities, such as logging, and mining invasions, the recurrent attacks, mercury contamination of the river water, malnutrition caused by contaminated fish, scarcity of hunting, and violence committed against the people, especially women and children. Added to these multiple social, political, and environmental threats are the impacts of climate change, which disproportionately affect forest peoples. Deforestation, fires, drought, and other extreme events that are linked to climate change effects are analysed, leading to reflections on Brazilian government policies' influence and on the urgency to implement policies in defence of Indigenous Lands, the Amazon Forest, and its guardians. © 2024 Elsevier Ltd",Leal Filho W.; Martinelli Y.; Dinis M.A.P.; Rosa C.; Messias C.G.,Environmental Science and Policy,"European School of Sustainability Science and Research, Hamburg University of Applied Sciences, Ulmenliet 20, Hamburg, D-21033, Germany; Department of Natural Sciences, Manchester Metropolitan University, Chester Street, Manchester, M1 5GD, United Kingdom; International Relations Institute, University of Brasília. Post-graduate Program in International Relations. Campus Universitário Darcy Ribeiro. Prédio do Instituto de Relações Internacionais - Asa Norte, DF, Brasília, 70910-900, Brazil; Fernando Pessoa Research, Innovation and Development Institute (FP-I3ID), University Fernando Pessoa (UFP), Praça 9 de Abril 349, Porto, 4249-004, Portugal; Marine and Environmental Sciences Centre (MARE), University of Coimbra, Edifício do Patronato, Rua da Matemática, 49, Coimbra, 3004-517, Portugal; Instituto Nacional de Pesquisas da Amazônia, Coordenação de Biodiversidade, Av. André Araújo 2936, Petrópolis, AM, Manaus, 69067-375, Brazil; National Institute for Space Research (INPE), Av. dos Astronautas, 1.758 - Jardim da Granja, São José dos Campos 1, São Paulo, 2227-010, Brazil",English,Article,Climate change; Environmental crisis; Indigenist policy; Indigenous peoples; Sustainability,7,Brazil; Venezuela; mercury; river water; climate change; environmental degradation; environmental issue; environmental policy; indigenous population; national planning; sustainability; animal hunting; Article; Brazil; climate change; contaminated fish; deforestation; degradation; drought; environmental policy; environmental sustainability; fire; government; human; humanitarian crisis; illegal mining; indigenous people; logging; malnutrition; nonhuman; rain forest; remote sensing; space research; spatiotemporal analysis; threat; Venezuela; violence; water contamination; Yanomami (people),2-s2.0-85207961122,Final,All Open Access; Green Open Access,A_nucleo,en,scopus_v2,10.1016/j.envsci.2024.103931,0.5,"Eje central indigeneidad; mujeres y niños yanomami aparecen como más afectados, sin análisis de co-constitución.",0.5,"Detalla presiones estructurales (minería y tala ilegales, invasiones, contaminación, políticas estatales) sin marco crítico explícito.",1.0,"Contexto detallado: yanomami en Brasil y Venezuela, contacto entre 1910 y 1940, grupos aislados y datos PRODES.",0.0,Revisión experta y triangulación satelital; no opera intersecciones.,2.0,low,,1.0,"Llama con urgencia a políticas en defensa de las Tierras Indígenas, la Amazonía y sus guardianes.",0.5,"Presenta a los yanomami como pueblo resiliente con modo de vida tradicional y 'guardians', sin documentar estrategias.",True,"La población implica indigeneidad y género/edad: violencia contra el pueblo yanomami, 'especially women and children'; mención breve.",0.5,Amenazas estructurales y contexto se articulan; la dimensión de género y edad queda marginal.,revision,cambio_climatico_general; incendio_forestal; sequia,Brazil,parcial,10,8.287179,8.658096,10_indigenous_climate_change_women,Mujeres indígenas y saberes propios,2
722,"Climate change and its impact on the mental health well-being of Indigenous women in Western cities, Canada",2024,10.1002/casp.2807,"This collaborative paper explores the interconnections between climate change and the mental health and well-being of Indigenous women in Western Canada. As the impacts of climate change intensify globally, vulnerable populations, particularly Indigenous communities, face disproportionate and multifaceted challenges. Centering on Indigenous women in Western Canada, this study explores how the climate crisis magnifies Indigenous communities' mental health disparities. Drawing from the Indigenist feminist research approach, the investigation focuses on Indigenous women's lived experiences, perceptions, and land-based coping strategies amidst climate challenges, while simultaneously addressing the unique social, cultural, and historical factors influencing their mental health vulnerabilities within the context of climate change. The findings shed light on the complex relationships between environmental degradation, ongoing colonial impacts on traditional practices, and the mental well-being of Indigenous women. Concluding with implications for policy and community-led interventions, this research contributes to the discourse on the intersectionality of climate change impacts and mental health, particularly focusing on Indigenous women in Western Canada. © 2024 The Authors. Journal of Community & Applied Social Psychology published by John Wiley & Sons Ltd.",Chapola J.; Datta R.; Waucaush-Warn J.,Journal of Community and Applied Social Psychology,"Johnson Shoyama Graduate School of Public Policy, University of Regina, Regina, SK, Canada; Department of Humanities, Mount Royal University, Calgary, AB, Canada",English,Article,climate crisis; climate impacts; indigenous women's perspective; mental health well-being; women-led adaptions,9,,2-s2.0-85193408133,Final,All Open Access; Green Open Access; Hybrid Gold Open Access,A_nucleo,en,scopus_v2,10.1002/casp.2807,0.5,"La población es una posición interseccional, pero los hallazgos destacan impactos coloniales en comunidades indígenas más que su co-construcción con el género.",1.0,"Vincula degradación ambiental e impactos coloniales continuos sobre prácticas tradicionales con el bienestar mental, desde un marco feminista indigenista.",1.0,"Sitúa la experiencia en Canadá occidental y atiende factores sociales, culturales e históricos específicos de estas mujeres.",1.0,Diseño colaborativo feminista indigenista centrado intencionalmente en experiencias vividas de mujeres indígenas.,2.5,low,,0.5,"Cierra con implicaciones para políticas e intervenciones comunitarias, sin desarrollarlas.",1.0,Documenta estrategias de afrontamiento basadas en la tierra y adaptaciones lideradas por mujeres.,True,Centra a mujeres indígenas de Canadá occidental con enfoque feminista indigenista: género e indigeneidad implícitos sin ambigüedad en la población.,0.5,"Colonialismo, contexto y método se articulan, pero el eje de género queda implícito en la población.",empirico_cualitativo,cambio_climatico_general,Canada,sustantivo,10,8.281186,9.125059,10_indigenous_climate_change_women,Mujeres indígenas y saberes propios,2
728,Climate-resilient aquatic food systems require transformative change to address gender and intersectional inequalities,2024,10.1371/journal.pclm.0000309,"The adverse impacts of climate change on aquatic food systems (AFS) and the people who depend on AFS for livelihood security are inequitably distributed between and within countries. People facing the highest risks and experiencing the severest impacts of climate change are those who already experience multidimensional inequalities in their lives, particularly because of their gender, class, age, indigeneity, ethnicity, caste, religion, and the physical and political conditions that can create additional vulnerabilities. In this paper, we conducted a scoping review of the literature that explores the links between climate change, gender, and other social identities, and AFS. The review was complemented by an analysis of representative data on women and men aquaculture farmers in Bangladesh from 2018 to 2019. We also analysed data from the 2019 Illuminating Hidden Harvest project. The study relied on the gendered agrifood system and aquatic food climate risk frameworks to guide on literature search, review, and data analyses. Our findings show that intersecting identities disadvantage certain AFS actors, particularly young women from minority ethnic groups, and create challenge for them to manage and adapt to climate shocks and stresses. Examples of gender-responsive and transformative interventions are highlighted from our review to showcase how such intersectional disadvantages can be addressed to increase women’s empowerment and social and gender equality. © 2024 Adam et al. This is an open access article distributed under the terms of the Creative Commons Attribution License, which permits unrestricted use, distribution, and reproduction in any medium, provided the original author and source are credited.",Adam R.; Amani A.; Kuijpers R.; Danielsen K.; Smits E.; Kruijssen F.; Moran N.; Tigchelaar M.; Wabnitz C.; Tilley A.; Luzzi M.; Peerzadi R.H.; Ride A.; Rossignoli C.; Allison E.H.; Cole S.; Zatti I.; Ouko K.; Farnworth C.R.,PLOS Climate,"WorldFish Kenya, International Livestock Research Institute, Nairobi, Kenya; KIT Royal Tropical Institute, Amsterdam, Netherlands; Mondiaal FNV, Amsterdam, Netherlands; Aquaculture Stewardship Council, Utrecht, Netherlands; Center for Ocean Solutions, Stanford University, Stanford, CA, United States; WorldFish, Pulau Pinang, Bayan Lepas, Malaysia; Institute for the Oceans and Fisheries, University of British Columbia, Vancouver, Canada; Food and Agriculture Organization of the United Nations, Fisheries and Aquaculture Division, Rome, Italy; WorldFish, Dhaka, Bangladesh; WorldFish, Honiara, Solomon Islands; The International Institute of Tropical Agriculture, Dar-Es-Salaam, Tanzania; Pandia Consulting, Munster, Germany",English,Article,,7,,2-s2.0-85214567884,Final,All Open Access; Gold Open Access; Green Open Access,A_nucleo,en,scopus_v2,10.1371/journal.pclm.0000309,1.0,Concluye que identidades que se intersecan desfavorecen especialmente a mujeres jóvenes de grupos étnicos minoritarios.,0.5,"Habla de desigualdades multidimensionales y de cambio transformador, sin teorizar estructuras de poder ni sus mecanismos.",0.5,Datos de acuicultores de Bangladesh (2018-2019) y revisión global; contexto poco desarrollado.,0.5,Revisión de alcance y datos de mujeres y hombres acuicultores; no se describe análisis interaccional.,2.0,medium,,1.0,Destaca intervenciones transformadoras y sensibles al género para la igualdad social y de género.,0.5,"Menciona el empoderamiento de las mujeres, pero las presenta principalmente como desfavorecidas ante los choques climáticos.",True,"Nombra género, clase, edad, indigeneidad, etnicidad, casta y religión, y halla desventajas en 'young women from minority ethnic groups'.",0.5,"Las desventajas interseccionales se enlazan con intervenciones, pero sin estructura ni contexto que las expliquen.",revision,cambio_climatico_general,Global; Bangladesh,parcial,6,6.0750847,9.054432,6_gender_change_climate_climate change,"Género, vulnerabilidad y medios de vida",2
741,Decolonizing meanings climate crisis and land-based adaptions: From Indigenous women's perspectives in Western Canada,2024,10.1016/j.wsif.2024.102913,"This paper explores the critical issue of decolonizing meanings within the context of the climate crisis and land-based adaptations, specifically focusing on Indigenous women's perspectives in Western Canada. The study focuses on the intricate relationship between Indigenous knowledge, culture, and the environment, emphasizing the unique insights that Indigenous women bring to the discourse surrounding climate change and adaptation. Drawing on the decolonial feminist research approach, community engagement, and participatory research methods, the paper highlights the diverse ways Indigenous women conceptualize the climate crisis and respond to the impacts of the climate crisis on their traditional lands. It critically examines the colonial legacies that have shaped environmental policies and interventions, often marginalizing Indigenous voices and perspectives. The findings advocate the importance of centering Indigenous women's knowledge and experiences in climate change discourse and policy-making. By decolonizing meanings, the paper advocates for a more inclusive and equitable approach to land-based adaptations that acknowledges the resilience and wisdom embedded in Indigenous land-based learning and practice. This research contributes to the ongoing dialogue on sustainable and culturally sensitive strategies for addressing the climate crisis, fostering a deeper understanding of the intersections between gender, Indigeneity, and environmental justice. © 2024 The Authors",Datta R.; Chapola J.; Waucaush-Warn J.; Subroto S.; Hurlbert M.,Women's Studies International Forum,"Canada Research Chair in Community Disaster Research, Indigenous Studies, Department of Humanities, Mount Royal University, AB, Canada; Johnson Shoyama Graduate School of Public Policy, University of Regina, SK, Canada; Indigenous Studies, Department of Humanities, Mount Royal University, Calgary, AB, Canada; Johnson Shoyama Graduate School of Public Policy, University of Regina, Regina, SK, Canada; Candarate at University of Calgary, AB, Canada",English,Article,Decolonizing climate crisis; Indigenous knowledge; Indigenous perspective; Indigenous women-led adaptation,9,Canada; climate change; environmental justice; indigenous knowledge; indigenous population; womens status,2-s2.0-85193784851,Final,All Open Access; Green Open Access; Hybrid Gold Open Access,A_ampliada,en,scopus_v2,10.1016/j.wsif.2024.102913,1.0,Trata a las mujeres indígenas como posición específica con saberes propios y examina intersecciones de género e indigeneidad.,1.0,"Examina críticamente legados coloniales que moldean políticas ambientales y marginan voces indígenas, desde un enfoque feminista decolonial.",1.0,Tierras tradicionales de Canadá occidental; legados coloniales y estrategias culturalmente situadas.,1.0,Investigación participativa feminista decolonial centrada intencionalmente en mujeres indígenas.,4.0,medium,,1.0,Aboga por centrar el conocimiento de mujeres indígenas en las políticas y por una adaptación más equitativa.,1.0,Documenta cómo las mujeres indígenas conceptualizan la crisis y responden con saberes y prácticas basadas en la tierra.,True,"Mujeres indígenas de Canadá occidental; declara aportar a 'the intersections between gender, Indigeneity, and environmental justice'.",1.0,"Colonialidad, posición de mujeres indígenas, método participativo, contexto y praxis se articulan en un análisis coherente.",empirico_cualitativo,cambio_climatico_general,Canada,sustantivo_fuerte,10,8.345034,9.10302,10_indigenous_climate_change_women,Mujeres indígenas y saberes propios,2
750,Eco-Femagogy: A Red-Green Perspective for Transforming Social Work Education in the Post-Covid World,2024,10.4324/9781003317371-55,"Despite reams of anti-oppressive rhetoric and the fact that social work is a female-majority profession, feminist content, analyses, and curriculum are not yet centred in any significant way in Canadian schools of social work. As a result, students may graduate with limited exposure to, and superficial understandings of, the dynamics underpinning gender-based oppression and systemic inequality, root causes of violence/trauma, or feminist analyses of these issues. The same can be said in terms of social work education content and material related to climate change/justice, environmentalism, and sustainability, which leaves social work practitioners unprepared to handle current and upcoming climate disasters/crises and with inadequate knowledge and skills to help populations who are most vulnerable to their impacts. To fill these gaps, the author presents a new educational approach that she developed called eco-femagogy. This critical red-green perspective encourages interdisciplinary teaching/learning environments; centres Indigenous, eco-feminist, intersectional/critical race, and socialist/Marxist knowledges and analyses; mobilizes colleagues, students, and citizens towards social and environmental change; and supports social and climate justice/action. Recommendations for improving social work education are detailed. Using concrete examples, she details how this innovative approach offers a progressive post-covid framework to transform our teaching, curricula, and methods. © 2024 selection and editorial matter, Carolyn Noble, Shahana Rasool, Linda Harms-Smith, Gianinna Muñoz-Arce and Donna Baines; individual chapters, the contributors.",Hillock S.,The Routledge International Handbook of Feminisms in Social Work,"Trent University, Oshawa, ON, Canada",English,Book chapter,,1,,2-s2.0-85191493302,Final,,A_nucleo,en,scopus_v2,10.4324/9781003317371-55,0.0,Gate no superado.,0.0,Gate no superado.,0.0,Gate no superado.,0.0,Gate no superado.,0.0,medium,,0.0,Gate no superado.,0.0,Gate no superado.,False,"Enumera saberes indígenas, ecofeministas, interseccionales/raza crítica y marxistas como marcos pedagógicos; no articula ejes sociales como relacionados entre sí.",0.0,Gate no superado.,conceptual_teorico,cambio_climatico_general,Canada,mencion_sin_aplicacion,-1,9.839353,7.883525,-1_climate_change_climate change_health,Sin tópico (outliers),2
759,"Environmental Reproductive Justice, Indigenous Health Knowledge and Indigenous Women on the Climate Frontlines",2024,10.1007/s11211-024-00439-9,"Place and the intergenerational transmission of cultural knowledge are deeply intertwined among Indigenous groups due to the significance of the environment and land within Indigenous ideologies, and the legacies of displacement wrought by settler colonialism. Little research explores this topic among Indigenous tribes in the Gulf South, who face unique environmental challenges related to climate change, land loss, oil extraction, and who depend on the coastal environment for cultural and subsistence resources. Scholarship on this topic among tribes that are not federally recognized is similarly limited. Using semi-structured interviews among 31 self-identified women members of a U.S. Gulf South tribe, we show how gendered and place-based knowledges manifest within the embodied and material experiences of tribal members, as well as the ways that those experiences and the transmission of knowledge are mediated by political and environmental changes through the example of traditional health and healing practices and knowledges. Key findings that emerged include: (a) Place-Based Concerns about Environmental Change and Displacement; (b) Concerns about Future Generational Changes in Knowledge Transmission; (c) Loss of Indigenous Health Knowledge. We suggest that there are significant impediments to the sociocultural reproduction of traditional health and healing practices and knowledges within the tribe brought about by environmental changes (e.g. saltwater intrusion, land loss, etc.) and the continuing influx of Western medicinal knowledge and practices. In contextualizing these findings within the environmental reproductive justice framework, we echo extant intersectional environmental research suggesting that environmental degradation and legacies of settler colonialism, by virtue of place-based and gendered knowledges and labor, disproportionately burden women, especially Indigenous women. We also note that despite significant material and cultural threats, tribal members demonstrate resilience and resistance to the macro-scale forces obstructing Indigenous ways of life. © The Author(s), under exclusive licence to Springer Science+Business Media, LLC, part of Springer Nature 2024.",Liddell J.L.; Kington S.G.; Wright D.C.,Social Justice Research,"School of Social Work, University of Montana, Jeannette Rankin Hall 004, 32 Campus Dr, Missoula, 59812, MT, United States; City, Culture and Community Program, Tulane University School of Liberal Arts, 6823 St. Charles Avenue, New Orleans, 70118, LA, United States",English,Article,American Indian; Environmental justice; Indigenous; Land loss; Native American; climate change; Reproductive justice; Settler colonalism,7,,2-s2.0-85200609215,Final,,A_nucleo,en,scopus_v2,10.1007/s11211-024-00439-9,1.0,Analiza los saberes de salud generizados y situados de mujeres indígenas como posición específica ante el cambio ambiental.,1.0,"Colonialismo de asentamiento, extracción petrolera, desplazamiento y falta de reconocimiento federal como mecanismos estructurales.",1.0,"Tribu no reconocida federalmente del Golfo de EE. UU., con intrusión salina y pérdida de tierras; subraya desafíos únicos.",1.0,Entrevistas semiestructuradas a 31 mujeres de la tribu: muestreo intencional del subgrupo interseccional.,4.0,high,,1.0,"Interpreta los hallazgos desde la justicia reproductiva ambiental, con crítica situada al colonialismo de asentamiento.",1.0,"Documenta saberes indígenas de salud y sanación, y 'resilience and resistance' frente a fuerzas macroestructurales.",True,Relaciona género e indigeneidad: saberes 'gendered and place-based' y colonialismo de asentamiento que recargan especialmente a mujeres indígenas.,1.0,"Colonialismo, género, lugar y saberes se articulan para explicar la ruptura en la transmisión de conocimiento ante el cambio ambiental.",empirico_cualitativo,nivel_mar_costas; cambio_climatico_general,United States,sustantivo_fuerte,10,8.299712,9.159894,10_indigenous_climate_change_women,Mujeres indígenas y saberes propios,3
784,Framing Queer Climate Justice,2024,10.1017/S1049096524000350,"Climate justice movements and scholars have established that marginalized communities, including people of color, Indigenous Peoples, women, and the Global South, are most vulnerable to climate change. Recently, scholars also have established that the climate crisis places LGBTQ+ communities in precarious positions. Yet, we know little about how LGBTQ+ activists practice climate justice and build political bridges between LGBTQ+ and climate justice movements. By analyzing queer climate activism, I find that bridging the US climate and LGBTQ+ movements share three elements: (1) vulnerability and intersectional analysis, (2) survival and resilience, and (3) play. In bridging the movements, activists “queer” climate justice by spatially shifting on what grounds or issues to fight, prefiguring worlds not yet in existence on a larger scale, and reimagining how to perform climate activism. © The Author(s), 2024.",Feng J.L.,PS - Political Science and Politics,"Northwestern University, United States",English,Article,,2,,2-s2.0-85213207879,Final,All Open Access; Hybrid Gold Open Access,A_nucleo,en,scopus_v2,10.1017/s1049096524000350,0.0,No aplica: no supera el gate.,0.0,No aplica: no supera el gate.,0.0,No aplica: no supera el gate.,0.0,No aplica: no supera el gate.,0.0,medium,,0.0,No aplica: no supera el gate.,0.0,No aplica: no supera el gate.,False,Lista grupos vulnerables por separado y centra la población LGBTQ+; el 'intersectional analysis' activista no relaciona ejes concretos.,0.0,No aplica: no supera el gate.,empirico_cualitativo,cambio_climatico_general,United States,mencion_sin_aplicacion,-1,9.65687,7.076255,-1_climate_change_climate change_health,Sin tópico (outliers),2
800,Gender-based vulnerability and adaptive capacity in the disaster-prone coastal areas from an intersectionality perspective,2024,10.1016/j.crm.2023.100581,"Households in the coastal areas are more vulnerable to various environmental, social, and economic disruptions in terms of an intersectionality point of view. As a first step in mitigating potential effects on families, knowing how susceptible they are and, ideally, fortifying themselves against existing and potential disruptions is essential. Vulnerability and adaptive capacity could not be uniformly distributed between households owing to gender-based socio-economic disparities and inequities. This research, thereby, examined the vulnerability and adaptive capacity variation between households headed by males and females in the two coastal areas of an emerging economy like Bangladesh. This study utilized the Evaluation-based on the Distance from Average Solution (EDAS) method and Boosted Regression Trees (BRT) technique to conduct the analysis. The EDAS method has been used to analyze the adaptive capacity index. Using BRT, an innovative approach in the area, we showed that male and female-headed households are different in terms of their capability to adapt. The findings from this study suggest that the households led by females are more vulnerable than those headed by males in the study region across a variety of dimensions (social, health, economic, housing, and land ownership) from an intersectionality perspective. The study findings can provide a new outlook for the decision-makers in the coastal region on the vulnerability and adaptive capacity differences among the residents and thus lead to more efficient disaster management practices. © 2023 The Author(s)",Bari A.B.M.M.; Intesar A.; Mamun A.A.; Debnath B.; Islam A.R.M.T.; Alam G.M.M.; Parvez M.S.,Climate Risk Management,"Department of Industrial and Production Engineering, Bangladesh University of Engineering and Technology, Dhaka, 1000, Bangladesh; Bangabandhu Institute of Liberation War and Bangladesh Studies, Bangabandhu Sheikh Mujibur Rahman Science and Technology University, Gopalganj, 8100, Bangladesh; Department of Disaster Management, Begum Rokeya University, Rangpur, 5404, Bangladesh; Department of Development Studies, Daffodil International University, Dhaka, 1216, Bangladesh; Department of Agribusiness, Bangabandhu Sheikh Mujibur Rahman Agricultural University, Gazipur, 1706, Bangladesh; Department of Sociology, First Capital University of Bangladesh, Chuadanga, 7200, Bangladesh",English,Article,Adaptive capacity; Boosted regression trees; Coastal area; Disaster management; EDAS; Vulnerability,28,,2-s2.0-85181710538,Final,All Open Access; Gold Open Access; Green Open Access,A_nucleo,en,scopus_v2,10.1016/j.crm.2023.100581,0.0,No aplica: no supera el gate.,0.0,No aplica: no supera el gate.,0.0,No aplica: no supera el gate.,0.0,No aplica: no supera el gate.,0.0,medium,,0.0,No aplica: no supera el gate.,0.0,No aplica: no supera el gate.,False,"Compara hogares con jefatura masculina y femenina (un eje); la 'intersectionality perspective' alude a dimensiones de vulnerabilidad, no a ejes cruzados.",0.0,No aplica: no supera el gate.,empirico_cuantitativo,desastres_multiples; nivel_mar_costas,Bangladesh,mencion_sin_aplicacion,9,4.9218655,8.137592,9_bangladesh_climate_adaptation_women,Bangladesh costero: mujeres y adaptación,2
818,INTERSECTIONALITY AND DISASTERS,2024,10.4324/9781003309208-4,"Disasters affect everyone, but not everyone is affected in the same way. Studies have shown that the most vulnerable groups suffer the most in disaster-affected communities. Children, women, older persons, and minority and Indigenous people encounter the greatest exposure to disasters and experience the greatest inequities. It is increasingly recognised that people have different needs, priorities, and capabilities, within and across groups. Intersectionality is used to identify the relations between systems of oppression that comprise our identities and collocation in the hierarchies of power and privilege. Intersectionality theorises that, based on various identity characteristics, individuals may be oppressed and differentially impacted by a combination of interconnected societal structures. Intersectionality explores peoples’ multiple identity factors such as race, class, gender, disability, and other dimensions on lived experiences and identities. This chapter will discuss intersectionality and how multiple intersecting systems of oppressions impact the human experience, particularly in the context of disasters. An intersectionality-based framework for social work practice in disasters will be introduced that includes race, class, gender, age, education, physical location, and other factors to inform who is at greater risk during disasters. The chapter will include two case scenarios, using personas for highlighting issues that can affect members of intersectional vulnerable groups during a disaster. Implications for social work practice will be offered to inform policy, research, and practice. © 2025 selection and editorial matter, Carole Adamson, Margaret Alston, Bindi Bennett, Jennifer Boddy, Heather Boetto, Louise Harms, and Raewyn Tudor.",Drolet J.L.,The Routledge International Handbook of Social Work and Disaster Practice,"University of Calgary, AB, Canada",English,Book chapter,,4,,2-s2.0-85211312897,Final,,A_nucleo,en,scopus_v2,10.4324/9781003309208-4,0.5,"Conceptualiza ejes interconectados, pero el marco aplicado enumera factores (raza, clase, género, edad, educación, ubicación) para identificar quién está en mayor riesgo.",0.5,"Nombra 'interconnected societal structures' y jerarquías de poder y privilegio, sin teorizar mecanismos concretos.",0.0,"Planteamiento genérico sobre desastres; no sitúa el análisis en historia, geografía ni política específicas (usa personas hipotéticas).",0.0,"Capítulo conceptual; los dos escenarios con personas son ilustrativos, sin diseño empírico.",1.0,medium,,0.5,"Anuncia implicaciones para la práctica, la política y la investigación en trabajo social, sin desarrollarlas en el resumen.",0.5,Menciona de pasada que las personas tienen distintas capacidades y prioridades; predomina el encuadre de grupos vulnerables.,True,"Define la interseccionalidad como relación entre sistemas de opresión y propone un marco con raza, clase, género, edad y discapacidad ante desastres.",0.5,"Vincula sistemas de opresión con riesgo ante desastres y práctica profesional, pero de forma genérica y sin contexto ni método.",conceptual_teorico,desastres_multiples,No especificado,nominal_debil,0,4.984611,6.006932,0_disaster_disasters_risk_disability,"Desastres y riesgo: discapacidad, género y recuperación",2
839,Intersectionality shapes the access to various adaptive resources in climate-vulnerable contexts,2024,10.1088/2752-5295/ad8d04,"Intersectional approaches are becoming essential to understanding the differential impacts of climate change and the heterogeneity of adaptive capacities. Varying factors of social and economic privileges and inequalities synergistically shape the local power structure, ultimately determining disproportionality and unequal access to adaptive resources. Using empirical data from coastal Bangladesh, which is part of the Ganges Delta, and one of the world’s -most climate-vulnerable regions, this study shows how religion, gender, and ethnicity intersect with patterns in (i) farm and non-farm incomes, (ii) land conflicts, (iii) the size of farms, and (iv) access to critical sources of weather information. The study highlights that multilayered identity, which is shaped by various structural determinants, including local power structure, can determine gendered dimensions of access to various adaptation resources. It also shows that if policymakers and development partners partially understand or do not understand the complex landscape of local vulnerability or unequal power structures including the adaptive capacity of the vulnerable populations, they would not be able to provide critical support in times of crisis. The concept of intersectionality is therefore critical in addressing adaptation and risk management challenges for regions like the Ganges Delta and other parts of the world, where people are struggling with similar social and environmental challenges. © 2024 The Author(s). Published by IOP Publishing Ltd.",Ahmed S.; Eklund E.,Environmental Research: Climate,"Department of Sociology, Michigan State University, 509 E Circle Dr., East Lansing, 48824, MI, United States; Department of Anthropology, Purdue University, Stone Hall, 700 W. State Street, West Lafayette, 47907, IN, United States",English,Article,adaptation; coastal bangladesh; farmers; gendered dimensions; intersectionality; unequal access,17,,2-s2.0-105002312039,Final,All Open Access; Gold Open Access; Green Open Access,A_nucleo,en,scopus_v2,10.1088/2752-5295/ad8d04,0.5,"Afirma efectos sinérgicos e identidad multicapa, pero el resumen no muestra análisis de posiciones conjuntas concretas.",0.5,"Atribuye el acceso desigual a la estructura de poder local y determinantes estructurales, sin teorizar mecanismos.",0.5,"Costa de Bangladés en el delta del Ganges, pero generaliza a otras regiones con desafíos similares.",0.0,"No describe interacciones ni clasificación cruzada; relaciona religión, género y etnicidad con resultados sin interpretar posiciones combinadas.",1.0,medium,,0.5,"Señala implicaciones para responsables políticos y la gestión de la adaptación, sin desarrollar una agenda de justicia.",0.5,Menciona la capacidad adaptativa de poblaciones vulnerables de forma marginal.,True,"Examina cómo religión, género y etnicidad se intersectan en ingresos, conflictos por tierra, tamaño de fincas y acceso a información climática.",0.5,"Vincula poder local, identidades múltiples y acceso a recursos, pero sin detallar el método ni el contexto histórico.",empirico_cuantitativo,cambio_climatico_general,Bangladesh,nominal_debil,9,5.6231427,9.177675,9_bangladesh_climate_adaptation_women,Bangladesh costero: mujeres y adaptación,2
853,Look to Norway?: Queer(y)ing the Potential for Coalitional Solidarity in Building Climate-Just Futures,2024,,"This chapter reflects on some ways that contemporary forms of queer and climate justice activism are connected, and why and how learning more deeply about these intersections is vital for envisioning and building just, sustainable futures for all (Feng 2022; Gaard 2019; Pradhan 2021). The underlying premise is that the unfolding climate crisis is not a natural but a political issue that can only be solved by critically attending to pre-existing systems of oppression (see, for example, Acha 2019) and through intersectional commitments to organize in solidarity to confront harmful yet often invisiblized structural norms, including settler colonialism and cis- and heteronormativity (Byrd 2020; Feng 2022). By queer(y)ing the potentials for coalitional solidarity, I mean to address avenues for imagining generative and creative tactics to struggle against climate-destructive logics and practices that are relevant and may represent hopeful interventions, for everyone (ibid.: 215). The discussion I present in this chapter is part of ongoing research that critically examines homo- and gender normativity as (part of) structures of globalized violence, specifically in my native country Norway and in Nordic Europe (Engebretsen 2021, 2022; Engebretsen and Liinason 2023). Here, I am particularly interested in examining strategies of coalitional solidarity in organizing effectively against state violence and governmental inaction when it comes to environmental degradation, in particular as this affects Indigenous Sámi rights to land and culture. Thereby I extend the research to address Nordic settler colonialism explicitly as a power structure that, like homo-, hetero- and cisnormativity, ‘makes itself invisible and self-evident, much like whiteness’ (Kyrölä 2023: 80, and see Byrd 2020). © 2025 Silvia Posocco, EJ Gonzalez-Polledo, Lars Aaberg and Tunay Altay. All rights reserved.",Engebretsen E.L.,Queer and Trans Life: Anthropological Futures,"University of Stavanger, Norway",English,Book chapter,,0,,2-s2.0-85216709753,Final,,A_nucleo,en,scopus_v2,,0.5,"Vincula sexualidad/género e indigeneidad mediante solidaridad coalicional y analogía entre estructuras, sin analizar posiciones co-construidas.",1.0,"Teoriza colonialismo de asentamiento nórdico y cisheteronormatividad como estructuras que se invisibilizan, junto a violencia estatal.",1.0,"Situado en Noruega y Europa nórdica, con derechos sámi a la tierra y la cultura.",0.0,Capítulo reflexivo dentro de una investigación en curso; no describe método empírico.,2.0,high,,1.0,Orientado a construir futuros climáticamente justos mediante solidaridad coalicional y tácticas de lucha.,1.0,Examina estrategias de solidaridad coalicional para organizarse contra la violencia estatal y la inacción gubernamental.,True,"Relaciona normatividades homo-, hetero- y cis con colonialismo de asentamiento y derechos sámi mediante compromisos interseccionales de solidaridad.",0.5,"Estructuras, contexto y praxis se articulan, pero la intersección entre ejes se plantea como coalición más que como co-constitución.",conceptual_teorico,cambio_climatico_general,Norway,parcial,-1,9.561957,7.2600055,-1_climate_change_climate change_health,Sin tópico (outliers),2
869,Overview and Introduction,2024,10.4324/9781003033547-1,"Driven by human activities like burning fossil fuels and deforestation, climate change intensifies the greenhouse effect, causing global warming. Its consequences include expanding deserts, heatwaves, wildfires and extreme weather events, affecting ecosystems and biodiversity. Vulnerable groups face disproportionate threats, most strongly affecting low-income countries and individuals, women, younger generations, the elderly and marginalized populations. In this chapter, these vulnerable groups are considered in particular detail. Furthermore, climate-just behavior is defined and embedded in its historical and scientific context. For example, climate justice emphasizes addressing historical emissions, recognizing the disproportionate contributions of affluent nations. Individual actions play a vital role in reducing greenhouse gas emissions, as identified by Williamson et al.'s top ten impactful behaviors. This first chapter aims to explore climate justice through individual behavioral changes, focusing on high- and middle-income citizens. Vulnerable groups including Indigenous peoples face heightened exposure and their active role in environmental conservation challenges victim narratives. Intersectional discrimination and historical perspectives contribute to climate injustice. The climate justice movement seeks a fair share of emissions, rejects false solutions, advocates just transitions and calls for a ban on fossil fuels and corporate interference, toward the ultimate goal of a sustainable, equitable and climate-just society. © 2024 Susanne Stoll-Kleemann and Susanne Nicolai.",Nicolai S.,Climate-Just Behavior: Foundations and Transformational Approaches,"University of Greifswald, Germany",English,Book chapter,,0,,2-s2.0-85201873386,Final,,A_nucleo,en,scopus_v2,10.4324/9781003033547-1,0.0,No aplica: gate no superado.,0.0,No aplica: gate no superado.,0.0,No aplica: gate no superado.,0.0,No aplica: gate no superado.,0.0,high,,0.0,No aplica: gate no superado.,0.0,No aplica: gate no superado.,False,"Enumera por separado grupos vulnerables (bajos ingresos, mujeres, jóvenes, mayores, indígenas) y menciona la discriminación interseccional sin articular ejes.",0.0,No aplica: gate no superado.,conceptual_teorico,cambio_climatico_general; mitigacion_transicion,Global,mencion_sin_aplicacion,2,9.342346,6.176603,2_climate_justice_climate justice_change,"Justicia climática, derecho y litigio",2
897,Rural women and disaster: an ethnographic account of their experiences of cyclone ‘Fani’,2024,10.1007/s10668-023-03220-1,"The present paper aims to unveil the experience of rural women in a disaster cycle. The paper contains the ethnographic accounts of the women affected by cyclone 'Fani', which hit the coasts of Odisha on 3rd May 2019. The study concentrated on the village 'Kaliakera' of Puri, Odisha and spanned three months just after the cyclone. Adopting an exploratory design with an intersectionality approach, the study covered 60 women respondents drawn through stratified sampling from diverse caste groups. With an emic perspective and ethnographic tools, the accounts of these women have been captured. The study concluded that risk perception is low among women, reducing their disaster preparedness ability. Family members' concerns and decisions played a crucial role in the disaster preparedness of women. Low disaster preparedness makes risk management difficult for them during and after a disaster. Livelihood, health and food insecurities were the most common risk encountered by rural women. Past experience with disaster, caste dynamics, and socio-economic conditions affect women's effective handling of the disaster. Understanding rural women's experiences can help devise targeted interventions at the community level for a sustainable and resilient recovery in the post-disaster period. © The Author(s), under exclusive licence to Springer Nature B.V. 2023.",Mishra C.; Rath N.,"Environment, Development and Sustainability","Department of Sociology, Utkal University, Odisha, Bhubaneswar, 751004, India",English,Article,Cyclone Fani; Disaster; Ethnography; Risk management; Risk perception; Rural women,2,India; Odisha; Puri; caste; cyclone; disaster management; ethnography; hazard management; risk assessment; risk perception; rural area; village; womens organization,2-s2.0-85153395949,Final,,A_nucleo,en,scopus_v2,10.1007/s10668-023-03220-1,0.5,"Casta y condiciones socioeconómicas aparecen como factores que afectan a las mujeres, sin analizar posiciones co-construidas.",0.5,"Nombra dinámicas de casta y decisiones familiares, pero atribuye parte de la vulnerabilidad a la baja percepción de riesgo.",0.5,"Aldea Kaliakera (Puri, Odisha) tras el ciclón Fani de 2019; contexto sociohistórico escaso.",1.0,"Muestreo estratificado de 60 mujeres de diversos grupos de casta, con enfoque interseccional explícito.",2.0,medium,,0.5,"Sugiere intervenciones comunitarias focalizadas para la recuperación, sin desarrollar una orientación de justicia.",0.5,Perspectiva émica de los relatos de las mujeres; la agencia apenas aparece frente a la baja preparación.,True,Mujeres rurales de diversas castas estudiadas con enfoque interseccional; la dinámica de casta condiciona cómo enfrentan el ciclón.,0.5,Diseño interseccional y contexto se conectan parcialmente; las conclusiones vuelven a la categoría 'mujeres' en general.,empirico_cualitativo,ciclon_huracan_tormenta,India,parcial,0,4.701326,7.308214,0_disaster_disasters_risk_disability,"Desastres y riesgo: discapacidad, género y recuperación",3
951,"War, Economic Strife, Climate Change: Understanding Intersectional Threats to Inclusion and Security",2024,10.17645/si.9619,"When we discuss global security efforts, we must ask whom these initiatives genuinely serve. This volume seeks to address this question by presenting perspectives from scholars around the world on issues of inclusion and security, particularly for those who are marginalised by virtue of their indigenous background, ethnicity, age, gender, sexuality, disability, illness, socio‐economic position, and class. We ask why these vulnerable groups are often left to struggle alone. Are they being excluded from existing security frameworks—or are such frameworks even available? Furthermore, how do these global dangers affect their sense of safety, their trust in society, and their ability to access essential services? To capture this complex reality, we invited contributions not only from academics but also from NGOs, barristers, and practitioners with direct experience of these hardships. The resulting collection offers both conceptual analyses and case studies on specific issues affecting ethnic minorities, disabled individuals, and gender minorities. © 2024 by the author(s).",Zarzycki R.; Burch L.; Sheikh M.,Social Inclusion,"Department of Sociology, Collegium Civitas, Poland; School of Social Sciences, Liverpool Hope University, United Kingdom; School of Languages, Cultures and Societies, University of Leeds, United Kingdom",English,Editorial,(in)justice; displacement; insecurity; intersectionality; marginalisation; refugee/migrant vulnerability; social crises; violence; war,1,,2-s2.0-85211919524,Final,All Open Access; Gold Open Access; Green Open Access,A_nucleo,en,scopus_v2,10.17645/si.9619,0.0,No aplica: gate no superado.,0.0,No aplica: gate no superado.,0.0,No aplica: gate no superado.,0.0,No aplica: gate no superado.,0.0,high,,0.0,No aplica: gate no superado.,0.0,No aplica: gate no superado.,False,"Enumera indigeneidad, etnia, edad, género, sexualidad, discapacidad y clase por separado; las 'intersectional threats' son amenazas que se cruzan.",0.0,No aplica: gate no superado.,otro,cambio_climatico_general,Global,mencion_sin_aplicacion,0,5.7698927,5.638627,0_disaster_disasters_risk_disability,"Desastres y riesgo: discapacidad, género y recuperación",2
973,Adaptation at whose expense? Explicating the maladaptive potential of water storage and climate-resilient growth for Māori women in northern Aotearoa,2023,10.1016/j.gloenvcha.2023.102733,"Drawing on ethnographic research with Indigenous Māori women in northern Aotearoa (New Zealand) we challenge the presumed benefits of neoliberal, infrastructural-focussed climate adaptation, and advocate for far greater engagement with multiple subjectivities and intersecting inequalities in the design of climate adaptation in Global North, settler colonial contexts. Focussing on a government-led water storage project that aims to enhance local communities’ economic wellbeing through climate-adapted horticulture, we demonstrate how interlinked forms of marginalisation and privilege mediate the distribution of benefits from climate adaptation and decrease rather than increase wellbeing for multiply marginalised subjectivities. Combining the concept of racial capitalism with intersectionality we advance a novel theoretical framework to advance insights about more equitable and nuanced adaptation in an under-researched, settler colonial context. Using this framework, we explore the maladaptive potential of the water project which grows regional economic resilience through violent climate-related alterations to low-income, single and/or older Māori women's bodies. We demonstrate how settler colonial legacies, structures, and intergenerational traumas are lived through and collide with intersecting racial, class, gender, and age-based disadvantages, that together mediate local labour relations and decision-making processes that ultimately exacerbate climate vulnerability for particular groups of Māori women in the region. © 2023 Elsevier Ltd",Johnson D.; Parsons M.; Fisher K.,Global Environmental Change,"School of the Environment, Te Kura Mātai Taiao, University of Auckland, Waipapa Taumata Rau, Science Centre, 23 Symonds Street, Auckland CBD, Auckland, 1010, New Zealand",English,Article,Intersectionality; Maladaptation; Multiple subjectivities; Māori; Racial capitalism; Wellbeing,26,New Zealand; adaptive management; decision making; labor relations; marginalization; spatiotemporal analysis; vulnerability; water storage,2-s2.0-85165634800,Final,All Open Access; Green Open Access; Hybrid Gold Open Access,A_nucleo,en,scopus_v2,10.1016/j.gloenvcha.2023.102733,1.0,"Formas 'interlinked' de marginación y privilegio afectan a mujeres maoríes 'low-income, single and/or older' como posiciones específicas.",1.0,Combina capitalismo racial e interseccionalidad; legados y estructuras coloniales median relaciones laborales y decisiones que agravan la vulnerabilidad.,1.0,"Norte de Aotearoa, proyecto gubernamental de almacenamiento de agua, contexto colonial de asentamiento y traumas intergeneracionales; subraya su especificidad.",1.0,"Etnografía con mujeres maoríes que distingue grupos particulares (bajos ingresos, solteras, mayores) dentro de la población.",3.5,high,,1.0,Cuestiona la adaptación neoliberal infraestructural y aboga por diseñarla atendiendo a desigualdades cruzadas para una adaptación más equitativa.,0.0,Las mujeres maoríes aparecen como afectadas por daños y vulnerabilidad; el abstract no documenta su agencia o resistencia.,True,"Analiza 'intersecting racial, class, gender, and age-based disadvantages' de mujeres maoríes ante un proyecto de adaptación.",1.0,"Capitalismo racial y colonialismo explican cómo se combinan las desventajas en un caso situado, con implicaciones para la adaptación.",empirico_cualitativo,cambio_climatico_general,New Zealand,sustantivo_fuerte,10,7.95928,9.160918,10_indigenous_climate_change_women,Mujeres indígenas y saberes propios,2
991,Climate Justice and Intersectionality in the Arctic,2023,10.3167/SIB.2023.220102,"Environmental issues such as climate change benefit from intersectional analysis that uncovers various forms of discrimination and oppression and explores links to other social issues. Intersectionality calls attention to the experiences of different population groups with several intersecting aspects of social identity. Climate justice addresses the ethical dimensions of climate change, including its discriminatory effects. Communities and individuals within Arctic countries and even within Arctic regions are affected differently by climate change. To strive for a comprehensive climate justice that encompasses various human and non-human entities, we must take into account who benefits and who is harmed by climate change along with actions to mitigate and adapt to it, and through which processes. In this article, I examine gender and Indigeneity in the Arctic with regard to climate change. © The Author(s)",Friedrich D.,Sibirica,"Department of Social and Cultural Anthropology of the University of Vienna, Germany",English,Article,climate change; climate justice; environmental changes; gender; Indigenous women; intersectional environmentalism; intersectionality,6,,2-s2.0-85159208244,Final,All Open Access; Gold Open Access,A_nucleo,en,scopus_v2,10.3167/sib.2023.220102,0.5,"Examina género e indigeneidad (keyword 'Indigenous women'), pero el abstract no muestra cómo se co-construyen.",0.5,"Alude a 'various forms of discrimination and oppression' y a procesos de daño, sin nombrar estructuras concretas.",0.5,"Ártico; reconoce diferencias 'even within Arctic regions', pero sin detallar historia ni política.",0.0,Artículo conceptual sin operacionalización empírica.,1.0,medium,,1.0,"Aboga por una justicia climática integral que considere quién se beneficia y quién se perjudica, y mediante qué procesos.",0.0,"No menciona agencia, resistencia ni saberes de mujeres indígenas u otros sujetos.",True,'I examine gender and Indigeneity in the Arctic' y define la interseccionalidad como 'several intersecting aspects of social identity'.,0.5,"Interseccionalidad y justicia climática se vinculan conceptualmente, pero sin análisis situado que las articule.",conceptual_teorico,cambio_climatico_general,Arctic,nominal_debil,-1,8.934318,7.006732,-1_climate_change_climate change_health,Sin tópico (outliers),2
1001,Community Participation Strategies in Nepal’s Disaster Management,2023,10.1007/978-981-19-8388-7_112,"The Himalayan state of Nepal is at high risk of natural disasters caused by earthquakes, flash floods, landslides, and snow avalanches. People’s vulnerability during disaster acquires alarming proportion due to chronic poverty, involuntary migration, unplanned settlement, and conflict situations. In the last two decades, attention of the state and INGOs has been drawn toward planning for disaster prevention and preparing local communities in developing capacities for its mitigation. Based on an ethnographic study in three districts of Nepal – Rupandehi, Makwanpur, and Sarlahi – this chapter assesses the state policy and the programs that aim to strengthen community resilience to disaster through good practices in disaster risk reduction. It explores some of the operational challenges of adopting a top-down approach for understanding issues related to the notion of community, participation of indigenous people, resource sharing, gender concerns, and issues of communication. Issues of migration leading to de-territorialization and loss of indigenous knowledge are important challenges for disaster management. A community-centric approach to disaster management in the cultural and polit­ical context of Nepal points toward the necessity of revisiting the concept of community questioning its centrality in the disaster mitigation process. The intersectionality of gender, ethnicity, class, and territoriality holds the key to the success of disaster management practices. © Springer Nature Singapore Pte Ltd. 2023.",Patnaik S.M.,International Handbook of Disaster Research,"University of Delhi, Delhi, India",English,Book chapter,Capacity building; Community participation; Disaster management; Nepal; State policy,2,,2-s2.0-85192363207,Final,,A_nucleo,en,scopus_v2,10.1007/978-981-19-8388-7_112,0.5,Nombra cuatro ejes que se intersecan solo en la conclusión; indígenas y género se abordan como asuntos separados.,0.5,"Señala pobreza crónica, migración forzada, conflicto y el enfoque estatal de arriba abajo, sin teorizar mecanismos de poder.",0.5,"Tres distritos de Nepal (Rupandehi, Makwanpur, Sarlahi) y su contexto cultural y político, descrito de forma general.",0.0,Etnografía en tres distritos sin muestreo ni análisis por subgrupos interseccionales.,1.0,medium,,0.5,"Propone un enfoque centrado en la comunidad y revisar su noción, sin desarrollar una orientación a la justicia.",0.5,"Menciona participación comunitaria y pérdida de saberes indígenas, sin documentar estrategias propias.",True,"Concluye que 'the intersectionality of gender, ethnicity, class, and territoriality holds the key' para la gestión de desastres.",0.0,"La interseccionalidad queda como afirmación final, yuxtapuesta a un análisis que trata indigeneidad y género por separado.",empirico_cualitativo,desastres_multiples,Nepal,nominal_debil,-1,4.394646,7.791404,-1_climate_change_climate change_health,Sin tópico (outliers),2
1016,EXTREME CLIMATIC EVENTS AND CLIMATE CHANGE POLICIES: A Call for Climate Justice Action in Mozambique,2023,10.4324/9781003214021-3,"Climate change is causing increasingly frequent extreme weather events worldwide. These affect Mozambique more than any other country, according to the NGO Germanwatch, which monitors climate-related storms, cyclones, floods, droughts, heat waves, and other extreme weather events. In less than three years (2019-2021), Mozambique was hit by four cyclones and two severe tropical storms. Many segments of the Mozambican population, both urban and rural, have been negatively affected. The very poorest - often women, children, the elderly, and people with disabilities - are the most vulnerable and most adversely impacted. Additionally, these groups tend to suffer cumulative and intersectional effects not only from weather-related instability and destruction but also from existing socioeconomic inequities. Despite its acute vulnerability, Mozambique is highly biodiverse, which is seen as helpful for mitigating climate change. About 26% of the national territory is covered by Conservation Areas. But the country has adopted a number of controversial climate change mitigation and adaptation policies, including Reducing Emissions from Deforestation and Forest Degradation (REDD+), promoted and financed by the World Bank and other international organizations, even though Mozambique is one of the world’s lowest GHG emitters both currently and historically; and REDD+ schemes have been heavily criticized for their negative impacts on local populations. Which elements of climate justice are most salient in the Mozambican context? What climate justice priorities are most pressing to address these challenges? We offer our analysis in this chapter, focusing on climate justice in its dynamic sense - an evolving concept as global socioeconomic and ecological conditions also evolve. Based on our policy and document analysis, interviews, fieldwork, and case studies in several parts of the country, our research identifies a serious absence or disregard of several principles of climate justice in the conception, planning, and implementation of national climate policies in Mozambique. This highlights the need for stronger participation and meaningful involvement of vulnerable groups in designing climate policies and engaging in climate justice debates. To strengthen participation and agency, there is a need to identify which groups are most vulnerable, understand how they organize themselves to respond to the impacts of extreme weather events, and seek joint solutions to minimize these impacts. We discuss how the concept of climate justice has (or has not) been adopted and used by affected populations, the Mozambican government, academia, and the United Nations in the wake of recent storms followed by severe floods which caused the death of more than 600 people in 2019 alone. From this analysis, we indicate gaps in public policy development and shared knowledge production, considering differentiated responsibilities for social production processes, consumption, social inequities, and exposure of different social groups to extreme climate events. Our (re)thinking of what climate justice means in Mozambique involves a much greater emphasis on bringing public engagement into climate mitigation, adaptation, and relief processes. © 2024 selection and editorial matter, Neil J. W. Crawford, Kavya Michael and Michael Mikulewicz; individual chapters, the contributors.",do Rosário Chilaúle Langa J.M.; Bruna N.; Monjane B.; do Amaral G.; da Amélia Fé E.A.; Rafael B.P.; Walker P.F.; Perkins P.E.,"Climate Justice in the Majority World: Vulnerability, Resistance, and Diverse Knowledges","Institute E-Geopolis, France; Rural Areas Observatory (Observatório do Meio Rural), India; Institute for Poverty, Land and Agrarian Studies (PLAAS), University of the Western Cape, South Africa; International Research Group on Authoritarianism and Counterstrategies, Rosa Luxemburg-Stiftung, Germany; Centre for African Studies (CEA), Eduardo Mondlane University, Maputo, Mozambique; Wutivi University (UniTiva), Bairro Belo Horizonte, Maputo, Mozambique; Technical University of Mozambique, Maputo, Mozambique; Technical University of Mozambique, Mozambique; York University, Toronto, United States",English,Book chapter,,4,,2-s2.0-85168866164,Final,,A_nucleo,en,scopus_v2,10.4324/9781003214021-3,0.5,"Lista grupos entre los más pobres y habla de efectos 'cumulative and intersectional', sin analizar cómo se co-construyen las posiciones.",1.0,Critica REDD+ financiado por el Banco Mundial en un país de bajas emisiones y las responsabilidades diferenciadas en producción y consumo.,1.0,"Mozambique: cuatro ciclones y dos tormentas (2019-2021), más de 600 muertes en 2019, REDD+ y áreas de conservación; justicia climática situada.",0.0,"Análisis documental, entrevistas y trabajo de campo, sin muestreo ni análisis por subgrupos interseccionales; reconoce que falta identificarlos.",2.0,medium,,1.0,"Pide participación significativa de grupos vulnerables en el diseño de políticas y más implicación pública en mitigación, adaptación y socorro.",0.5,"Plantea comprender 'how they organize themselves' y fortalecer su agencia, sin documentarla.",True,"'The very poorest - often women, children, the elderly, and people with disabilities' sufren 'cumulative and intersectional effects'.",0.5,"Poder estructural, contexto y justicia climática se integran, pero los ejes interseccionales se enumeran sin incorporarse al análisis.",empirico_cualitativo,ciclon_huracan_tormenta; inundacion; mitigacion_transicion,Mozambique,parcial,-1,6.630945,7.216351,-1_climate_change_climate change_health,Sin tópico (outliers),2
1022,Environmental justice in North America,2023,10.4324/9781003214380,"Emphasizing the voices of activists, this book's diverse contributors examine communities' common experiences with environmental injustice, how they organize to address it, and the ways in which their campaigns intersect with related movements such as Black Lives Matter and Indigenous sovereignty. The global COVID-19 pandemic exposed the ways in which BIPOC (Black, Indigenous, People of Color) communities and white working-class communities have suffered disproportionately from the crisis due to sustained exposure to toxic land, air, and water, creating a new urgency for addressing underlying conditions of systemic racism and poverty in North America. In addition to exploring the historical roots of the Environmental Justice movement in the 1980s and 1990s, the volume offers coverage of recent events such as the DAPL pipeline controversy, the Flint water crisis, and the rise of climate justice. The collection incorporates the experiences of rural and urban communities, Alaska Natives, Native Hawaiians, Puerto Ricans, and Indigenous peoples in the U.S., Canada, and Mexico. The chapters offer instructors, undergraduate and graduate students, and general readers a range of accessible case studies that create opportunities for comparative and intersectional analysis across geographical and ethnic boundaries. © 2024 selection and editorial matter, Paul C. Rosier. All rights reserved.",Rosier P.C.,Environmental Justice in North America,"Villanova University, United States",English,Book,,1,,2-s2.0-85173102573,Final,All Open Access; Gold Open Access,A_nucleo,en,scopus_v2,10.4324/9781003214380,0.5,"Nombra raza y clase, incluida la clase trabajadora blanca, pero en paralelo y sin co-construcción.",0.5,"Señala racismo sistémico, pobreza y exposición tóxica sostenida, sin teorizar mecanismos.",1.0,"Raíces históricas del movimiento, DAPL, Flint y pueblos concretos de EE. UU., Canadá y México, en clave comparada.",0.0,Colección de estudios de caso sin diseño que opere intersecciones; el análisis interseccional se deja al lector.,2.0,low,,1.0,Centrado en campañas y organización por la justicia ambiental y climática.,1.0,Prioriza voces activistas y cómo las comunidades se organizan y enlazan con otros movimientos.,True,"Comunidades BIPOC y de clase trabajadora blanca, con racismo sistémico y pobreza como condiciones: cruza raza y clase.",0.5,"Contexto, poder y agencia se conectan; la intersección entre raza y clase queda poco articulada.",empirico_cualitativo,cambio_climatico_general,United States; Canada; Mexico,parcial,2,9.640528,6.0675087,2_climate_justice_climate justice_change,"Justicia climática, derecho y litigio",2
1031,Gender approach in local disaster risk management in Costa Rica from an intersectional perspective; [Enfoque de género en la gestión local del riesgo de desastres en Costa Rica desde una mirada interseccional],2023,10.16888/interd.2023.40.2.32,"The city governments of Costa Rica have a significant role in the National Risk Management System (SNGR in Spanish) to face the multiple threats and risks that affect the country from their territories. The different frameworks and policies that work with the Disaster Risk Management approach, among which are international (e. g., Sendai Frame-work for Action), regional (e. g., Central American Policy for Comprehensive Disaster Risk Management), and national instruments (e. g., National Risk Management Policy), promote risk analysis as a process that contributes to their reduction and mitigation, which, together with specific policies focused on gender (e. g., Convention on the Elimination of All Forms of Discrimination Against Women [CEDAW]), highlight the gender approach as a principle or axis, making the need to carry out reviews and actions differentiated by gender visible. The growth of inequalities in events such as disasters emphasizes the fact that there are gender differences in the perception of risks, the levels of vulnerability that exist and the capacities to cope. This article collects the research carried out that answers the question: “What are the psychosocial elements that influence the implementation of mainstreaming the gender approach in DRM processes in municipal offices?” from Community Social Psychology and Feminist Social Psychology. A study with a qualitative approach and phenomenological design was carried out, in which interviews were applied to institutional representatives in DRM and gender. The first seeks to promote processes of social transformation, considering the psychosocial processes that permeate community dynamics, which, in turn, are influenced by specific contexts. As for Feminist Psychology, it promotes the identification of inequalities and the creation of options for change. The relationship between feminist political perspectives and psychological practices and sexual and gender differences were considered as causes of inequalities, generating certain psychosocial analyzes not widely developed so far. A subjective perspective to the lived experience of the people participating in the research was considered in order to emphasize the meanings and knowledge as a process, based on interviews with institutional representatives of municipal offices and national institutions both focused on DRM or gender. Twelve psychosocial elements that influence the mainstreaming of the gender approach in municipal DRM were identified: the need for training and awareness, the requirement of political will, the naturalization of gender roles and stereotypes, the recognition of gender differences, resistance to mainstreaming gender, subjectivity, the presence or absence of inter and intra-insti-tutional articulations, the social participation of women, the recognition of gender violence, the recognition of vulnerable populations, the cultural context and social inequalities. Moreover, gender inequalities are recognized as an element that affects and emphasizes the vulnerabilities of specific populations, such as women of different ages, transgender people, people with disabilities, among others. The research allowed an approach to ten different territorial contexts where DRM is put into practice from an office or as a process, and how the experience of the people who lead them understands the gender approach, contrasting with the institutional perspective applied at the national level. It is concluded that these should be made visible and can be worked on to address the risks of two historically discriminated populations: women and LGTBIQ+ population. Considering gender inequalities as an underlying cause of risk is a priority for Disaster Risk Management. © (2023), All Rights Reserved.",Segura-Román D.; Ortega-Moreno R.,Interdisciplinaria,"Universidad Nacional de Costa Rica, Costa Rica; Universidad de Barcelona, España; Universidad Nacional de Costa Rica, Costa Rica",English,Article,disasters risk management; gender; gestión del riesgo de desastres; gobiernos locales; género; interseccionalidad; intersectionality; local governments; psicología social; Social Psychology,1,,2-s2.0-85166324329,Final,All Open Access; Gold Open Access,A_nucleo,en,scopus_v2,10.16888/interd.2023.40.2.32,0.5,"Relaciona género con edad, discapacidad e identidad trans, pero como listado de poblaciones vulnerables, no como posiciones co-construidas.",0.5,"Desigualdades de género como 'underlying cause of risk' y naturalización de roles, sin teorizar sistemas de opresión.",0.5,Sistema Nacional de Gestión del Riesgo y diez contextos territoriales municipales; contexto institucional sin profundidad histórica.,0.0,Entrevistas fenomenológicas a representantes institucionales; no muestrea ni analiza subgrupos interseccionales.,1.5,medium,,1.0,Psicología comunitaria y feminista orientadas a la transformación; recomienda tratar la desigualdad de género como causa subyacente del riesgo.,0.5,Solo menciona 'the social participation of women'; mujeres y LGTBIQ+ aparecen sobre todo como poblaciones discriminadas.,True,"Las desigualdades de género acentúan vulnerabilidades de 'women of different ages, transgender people, people with disabilities'.",0.5,El enfoque de género domina; los otros ejes y el marco transformador se conectan solo parcialmente.,empirico_cualitativo,desastres_multiples,Costa Rica,parcial,0,5.386645,6.7386417,0_disaster_disasters_risk_disability,"Desastres y riesgo: discapacidad, género y recuperación",2
1034,Gender-Ethnicity Intersectionality in Climate Change Adaptation in the Coastal Areas of Bangladesh,2023,10.3390/su15043744,"Climate change effects are not uniform and have disproportionate impacts among different groups of people within communities. It is therefore important to understand the underlying issues of intersectionality for climate change adaptation and human well-being. This paper aims to measure human capabilities and freedom of choice by analyzing perceived climate change impacts and current climate change adaptation ability among ethnic and non-ethnic communities in Bangladesh. This study applies a range of participatory rural appraisal tools and key informant interviews to assess impacts of climate change when considering gender and ethnicity. Women in the coastal regions have less access to resources and services because of social capital and cultural practices and this directly or indirectly influences their adaptation to climate change. Women have limited or no participation in decision-making processes at family or community levels and this impacts their vulnerability and well-being. In consequence, women’s capabilities must be focused on moderating their vulnerability and risk, and developing effective adaptation to the adverse impacts of climate change and natural hazards. © 2023 by the authors.",Assaduzzaman M.; Filatova T.; Lovett J.C.; Coenen F.H.J.M.,Sustainability (Switzerland),"Faculty of Behavioural, Management and Social Sciences, Section of Governance and Technology for Sustainability (CSTM), University of Twente, Enschede, 7500 AE, Netherlands; Faculty of Technology, Policy and Management, Delft University of Technology (TU Delft), Delft, 2628 CD, Netherlands; School of Geography, University of Leeds, Leeds, LS2 9JT, United Kingdom",English,Article,Bangladesh; capability approach; climate change adaptation; coastal regions; ethnicity; gender; intersectionality,21,Bangladesh; adaptive management; climate change; decision making; ethnicity; gender; participatory rural appraisal; social capital; vulnerability,2-s2.0-85149300824,Final,All Open Access; Gold Open Access; Green Open Access,A_nucleo,en,scopus_v2,10.3390/su15043744,0.5,"Declara interseccionalidad género-etnicidad, pero los hallazgos se refieren a las mujeres en general, sin posiciones étnico-genéricas.",0.0,Atribuye la desventaja de las mujeres a 'social capital and cultural practices'; no nombra estructuras de poder.,0.5,"Zonas costeras de Bangladesh y comunidades étnicas y no étnicas, sin desarrollo histórico ni político.",0.5,Herramientas participativas y entrevistas por género y etnicidad; comparación descriptiva sin análisis interaccional.,1.0,medium,,0.5,"Recomienda centrarse en las capacidades de las mujeres para reducir vulnerabilidad, sin desarrollar justicia ni transformación estructural.",0.5,Enfoque de capacidades y libertad de elección; las mujeres aparecen sobre todo con acceso y participación limitados.,True,Evalúa impactos y adaptación 'when considering gender and ethnicity' en comunidades costeras étnicas y no étnicas.,0.5,"El marco interseccional orienta objetivo y diseño, pero no se sostiene en los resultados.",empirico_cualitativo,cambio_climatico_general; nivel_mar_costas,Bangladesh,nominal_debil,9,4.9425545,8.562488,9_bangladesh_climate_adaptation_women,Bangladesh costero: mujeres y adaptación,2
1065,Learning from Irma and Maria: mainstreaming protection and inclusion in disaster risk reduction in the caribbean; [Aprendiendo de Irma y María: transversalización de la protección y la inclusión en la reducción de riesgo de desastres en el Caribe],2023,,"Introduction: it is made a proposal to local governments to improve the protection and inclusion of the most vulnerable people in emergency and/or disaster response operations, addressing the gaps identified during hurricanes Irma and Maria. It provides methodological tools, with an intersectionality approach, for the mitigation of gender-specific inequalities, by disability and age, as a consequence of mobilities induced by adverse weather events. Methods: It was used a case study, focusing on the socio-economic dynamics of the territories. It included the identification and review of documents and the selection of communities, based on the criterion of having been affected by a disaster or emergency, for which the population had to, temporarily or permanently, leave their homes. They were identified the key actors involved in risk management and their previously identified roles, based on their functions in the decision-making process at the government and community levels. It was carried out inter-sectional analysis of inequalities. Results: Methodology for addressing equity gaps by gender, age and disability status as consequences of induced mobility in disaster environments; Key actors sensitized and trained; Six case studies of people living in areas recurrently affected by the impact of extreme hydrometeorological disasters; Three files on successful risk management experiences where the protagonists have been women/girls. As conclusions, the study provides a novel perspective by unveiling elements on the differentiated impact of disasters on vulnerable groups, specifically women, people with disabilities, older adults and children, from the use of the methodological perspective of intersectionality, focusing the analysis on the pre-existing limitations and capacities of people and groups of people in emergency and/ or disaster contexts. © Los autores, 2023.",Carballo Concepción J.A.; Rojas Martínez J.; Muñoz Campos M.R.,Anales de la Academia de Ciencias de Cuba,"Facultad Latinoamericana de Ciencias Sociales, Universidad de La Habana, La Habana, Cuba",Spanish,Article,disaster; induced mobility; inequalities; intersectionality; vulnerabilities,0,,2-s2.0-85193837075,Final,,A_nucleo,es,scopus_v2,,0.5,"Mujeres, personas con discapacidad, personas mayores y niñez tratadas como grupos vulnerables separados.",0.0,"Habla de desigualdades y 'pre-existing limitations', sin nombrar estructuras de poder ni mecanismos.",0.5,"Huracanes Irma y María, territorios caribeños y sus dinámicas socioeconómicas; contexto poco detallado.",0.5,"Estudio de caso con comunidades desplazadas y 'inter-sectional analysis of inequalities', sin detalle interaccional.",2.0,medium,,1.0,Propuesta y herramientas para gobiernos locales; actores capacitados para reducir brechas de equidad.,1.0,"Documenta experiencias exitosas de gestión del riesgo protagonizadas por mujeres y niñas, y capacidades previas.",True,Enfoque de interseccionalidad para mitigar desigualdades 'gender-specific ... by disability and age' en la movilidad inducida.,0.5,"Enfoque interseccional, herramientas y agencia se conectan parcialmente; los ejes siguen separados.",empirico_cualitativo,ciclon_huracan_tormenta,Caribbean,parcial,0,5.2612305,6.544806,0_disaster_disasters_risk_disability,"Desastres y riesgo: discapacidad, género y recuperación",2
1067,Lessons from the Women and Gender Constituency: Interrogating Civil Society Strategies for Organising in the UNFCCC,2023,10.1007/s10767-023-09448-z,"While scholarship on the topic of gender and the environment is steadily growing, little is known about the challenges faced and successes seen by women and gender NGOs operating as a central part of environment-focused civil society. In this paper, I offer such an analysis, examining the political strategies—rhetorical and procedural—mobilised by the Women and Gender Constituency (WGC) in the United Nations Framework Convention on Climate Change (UNFCCC). I argue that the WGC has seen lots of success in mobilising arguments that foreground women’s vulnerability to the effects of climate change. But at the same time, the constituency has seen far more resistance to more intersectional feminist arguments that interrogate the role of masculinised discursive power in shaping climate politics. This is at least in part a result of a wider structure of civil society that pigeonholes different identities (e.g. gender, youth, indigenous peoples) in a way that separates their deeply interconnected struggles. Understanding this structural barrier, or dark side of civil society, is crucial to envisioning a more fruitful integration of civil society in sustainability politics. © 2023, The Author(s).",Flavell J.,"International Journal of Politics, Culture and Society","Department of International Relations, London School of Economics and Political Science, Houghton Street, London, WC2A 2AE, United Kingdom",English,Article,Civil society; Feminist activism; Sustainability politics; UNFCCC; WGC,11,,2-s2.0-85152033921,Final,All Open Access; Green Open Access; Hybrid Gold Open Access,A_nucleo,en,scopus_v2,10.1007/s10767-023-09448-z,0.5,"Afirma la interconexión de género, juventud e indigeneidad, sin analizar posiciones co-construidas concretas.",1.0,Poder discursivo masculinizado y estructura de la sociedad civil como barrera estructural explícita.,0.5,Constituyente de Mujeres y Género en la CMNUCC; contexto institucional sin reconocer situacionalidad.,0.0,Análisis de estrategias retóricas y procedimentales sin método descrito que opere intersecciones.,2.5,medium,,1.0,Crítica del 'dark side of civil society' para integrar mejor a la sociedad civil en la política de sostenibilidad.,1.0,Documenta estrategias políticas retóricas y procedimentales movilizadas por el activismo feminista.,True,"La sociedad civil 'pigeonholes different identities (e.g. gender, youth, indigenous peoples)' separando luchas 'deeply interconnected'.",1.0,La estructura de la sociedad civil explica la separación de identidades en el contexto de la CMNUCC.,empirico_cualitativo,cambio_climatico_general,Global,sustantivo,3,8.731181,8.233516,3_climate_gender_feminist_change,Teoría feminista e interseccional del cambio climático,2
1083,"Pluralizing energy justice: Incorporating feminist, anti-racist, Indigenous, and postcolonial perspectives",2023,10.1016/j.erss.2023.102996,"Justice represents not only a moral obligation but can enhance the legitimacy and acceptance of a rapid push toward global decarbonization. Innovations in technology, even those geared toward sustainability, can both reinforce and introduce new inequalities and disparities across populations, while also perpetuating environmental degradation. The concept of energy justice has emerged as a conceptual, methodological, and empirical tool to both highlight and remediate many of these concerns, with an emphasis on what is morally just or right. But much of this body of scholarship fails to adequately account for gender, Indigeneity, race, and other intersecting inequalities. Feminist, Indigenous, anti-racist and postcolonial approaches to justice offer an important remedy to theories of justice with underlying colonial, liberalist, majoritarian, utilitarian, or masculinist assumptions. Our Perspective is grounded in these four core, but often misperceived or even radical, approaches to justice. We first provide an overview of each of these approaches and then synthesize them into a set of themes, principles, and questions, which can guide future energy justice research and practice. © 2023 The Authors",Sovacool B.K.; Bell S.E.; Daggett C.; Labuski C.; Lennon M.; Naylor L.; Klinger J.; Leonard K.; Firestone J.,Energy Research and Social Science,"Center for Energy Technologies, Department of Business Development and Technology, Aarhus University, Denmark; Science Policy Research Unit (SPRU), University of Sussex Business School, United Kingdom; Department of Earth and Environment, Boston University, United States; Institute for Global Sustainability, Boston University, United States; Virginia Polytechnic Institute & State University, Blacksburg, VA, United States; Brown University, United States; University of Delaware, United States; School of Environment, Resources and Sustainability, Faculty of Environment, University of Waterloo, Waterloo, ON, Canada",English,Short survey,Anti-colonialism; Anti-racism; Climate justice; Decolonial; Energy justice; Environmental justice; Feminism; Indigenist,221,,2-s2.0-85148033376,Final,All Open Access; Green Open Access; Hybrid Gold Open Access,A_ampliada,en,scopus_v2,10.1016/j.erss.2023.102996,0.5,"Nombra género, indigeneidad y raza como desigualdades que se entrecruzan; los enfoques se presentan por separado.",1.0,"Critica supuestos 'colonial, liberalist, majoritarian, utilitarian, or masculinist' y tecnologías que reproducen desigualdades.",0.0,Descarbonización global sin contexto geográfico ni histórico específico.,0.0,Perspectiva conceptual sin operacionalización empírica.,1.0,medium,,1.0,Principios y preguntas para orientar la investigación y la práctica hacia la justicia energética.,0.0,No menciona agencia ni saberes de los sujetos.,True,"La justicia energética 'fails to adequately account for gender, Indigeneity, race, and other intersecting inequalities'.",0.5,Sintetiza cuatro enfoques en temas y principios comunes; integración conceptual parcial.,conceptual_teorico,mitigacion_transicion,Global,nominal_debil,2,9.307691,6.733407,2_climate_justice_climate justice_change,"Justicia climática, derecho y litigio",2
1091,Queer Ecofeminism: From Binary Environmental Endeavours to Postgender Pursuits,2023,10.5040/9781978721401,"Queer Ecofeminism: From Binary Environmental Endeavours to Postgender Pursuits navigates environmental politics by revisiting ecofeminism through an intersectional lens that enmeshes climate justice with matters revolving around sexuality, gender, race, and far-right politics. Asmae Ourkiya focuses on deconstructing essentialised conceptualisations of femininities, masculinities, and gender identities and reintroduces humanity as a species with much potential that is yet to be unlocked if only ""biological sex"", skin color, and indigeneity would not be classist factors shaping humans into hierarchical classes. This work draws from analyzing a diverse and carefully chosen selection of artwork, film productions, and historical events to showcase the potency of ecofeminism. © 2023 by The Rowman & Littlefield Publishing Group, Inc. All rights reserved.",Ourkiya A.,Queer Ecofeminism: From Binary Environmental Endeavours to Postgender Pursuits,,English,Book,,6,Color; Natural environment; Climate justices; Environmental politics; Film production; Skin colour; Ecology,2-s2.0-105011725785,Final,,A_nucleo,en,scopus_v2,10.5040/9781978721401,0.5,"Enumera sexo, color de piel e indigeneidad como factores jerarquizantes, sin analizar cómo se co-constituyen.",0.5,"Nombra jerarquías clasistas, esencialismo de género y política de ultraderecha; no desarrolla mecanismos en el abstract.",0.0,"Sin contexto situado: analiza obras de arte, cine y eventos históricos no especificados.",0.0,Trabajo teórico-cultural sin operacionalización empírica de las intersecciones.,1.0,medium,,0.5,"Orientación a la justicia climática y a superar el binarismo ('postgender pursuits'), sin propuestas desarrolladas.",0.0,No se refiere a sujetos concretos ni a su agencia.,True,"Lente interseccional que vincula justicia climática con sexualidad, género y raza; sexo, color de piel e indigeneidad como factores de jerarquía.",0.5,"El ecofeminismo queer enlaza ejes, estructuras y justicia climática, pero sin contexto ni método que los articule.",conceptual_teorico,cambio_climatico_general,No especificado,nominal_debil,3,9.628686,8.300895,3_climate_gender_feminist_change,Teoría feminista e interseccional del cambio climático,2
1095,Re-centring and recovering knowledge about climate-friendly agriculture: Learning from a woman African indigenous knowledge holder,2023,10.1080/10130950.2023.2251563,"Patriarchal capitalist colonisation has bestowed on the world civilisational crises, including climate change and the spread of virulent pandemics. The agri-food model, which has been moulded by the contours of the modern capitalist enterprise, is a key source of chemical pollution from artificial fertilisers, and air pollution from greenhouse gases. The consequent killing of soil and water biomes, and the warming of the planet from these pollutants, increases vulnerability of those who bear the brunt of socio-economic, gender and cultural inequity. We departed from the focus on vulnerable populations in climate change disasters, and adopted a feminist critical approach, by casting our gaze towards geo-epistemic Southern regions. In our qualitative research project, we sought intersectional solutions to climate change in the form of educational interventions. We tapped into the knowledge repository of one purposively selected woman African indigenous knowledge holder, who taught fifteen practising science teachers who were enrolled in an Honours degree about climate friendly agriculture. Bringing the voice of a woman African indigenous knowledge holder to the centre repositioned the locus of enunciation and generated a fertile Southern feminist context for collaboration. Teachers experienced hands-on learning under the guidance of the indigenous knowledge holder. Among other practices they used animal waste, which they worked into the soil, and hoes to manually turn soil, thereby limiting disturbance to the soil ecosystem. Teachers documented their learning in portfolios of evidence, and written reflections, which were subjected to content analysis. The careful use of manure from animals and limiting the use of fossil fuels in creating food gardens, were insights gained by the teachers. Hegemonic rules about who qualifies as a legitimate teacher in higher education and what can be admitted as legitimate scientific knowledge, were blurred. The woman who taught about how African indigenous knowledge can inform sustainable food production, contributed towards the building of epistemic justice within the broader social justice context. Through this intercultural dialogue teachers learned to teach about African medicinal plants, the advantages of crop rotation, as well as preparing soil for garden beds. Teachers embraced knowledge from the South and transcended curriculum boundaries. © 2023 S. Sanjigadu and R. Mudaly.",Sanjigadu S.; Mudaly R.,Agenda,"University of KwaZulu-Natal, South Africa; School of Education at the University of KwaZulu-Natal, South Africa",English,Article,climate-friendly agriculture; indigenous knowledge; Southern feminism; teacher education,5,,2-s2.0-85169926567,Final,,A_nucleo,en,scopus_v2,10.1080/10130950.2023.2251563,0.5,"Sitúa a la sabia como mujer, africana e indígena, pero no analiza cómo esos ejes co-construyen su posición.",1.0,"Colonización capitalista patriarcal, modelo agroalimentario capitalista y hegemonía epistémica que define quién enseña y qué es ciencia legítima.",0.5,"Contexto sur-epistémico africano y formación docente, sin país ni historia específicos.",0.5,Selección intencional de una poseedora de saber indígena; el análisis de contenido de portafolios docentes no opera intersecciones.,2.0,medium,,1.0,Busca 'intersectional solutions' mediante una intervención educativa y contribuye a la justicia epistémica dentro de la justicia social.,1.0,Se aparta del foco en poblaciones vulnerables: la mujer indígena enseña prácticas agrícolas y se reconoce su saber.,True,"Vincula 'patriarchal capitalist colonisation' con inequidad socioeconómica, de género y cultural; centra a una mujer africana poseedora de saber indígena.",0.5,"Crítica estructural, saber indígena y justicia epistémica se conectan, pero la posición interseccional no se analiza con el método.",empirico_cualitativo,cambio_climatico_general; mitigacion_transicion,Africa,parcial,-1,9.075608,8.33894,-1_climate_change_climate change_health,Sin tópico (outliers),2
1171,"“The most hidden open secret”: Interview with Uhuru Phalafala on Mine Mine Mine (University of Nebraska Press, 2023), conducted by Helene Strauss",2023,10.1080/10130950.2023.2230263,"In this interview, we hope to take up this Special Issue’s concern with the intersections between gender activism, climate justice, and artistic practice. As a work that charts the poet’s deeply personal connection with the climate crisis through the toxic burdens placed on her family by South African histories of mining and migrant labour, Mine Mine Mine offers an exemplary instantiation of Black feminist artistic praxis as climate activism. Crucially, the poet challenges concepts and framings that have been utilised to speak to climate and racialised issues, often separated if not entirely erasing the latter issue. Her epic poem and reflections in this interview reveal intricate and inextricable imbrications of social justice and environmental justice with colonial race-making as foundation. The poet clearly demonstrates that the same mechanisms that extracted and exploited the environment engineered racism, racialised and mechanised particular bodies to serve those purposes, resulting in their mutual spiritual and embodied extraction. Discourses on climate or environmental justice continue to fall in the traps of thinking through these issues without centring colonial capitalism and geopolitical gendered race politics. This interview brings these intersections to the fore, offering textualities and vocabularies to reframe and language their coalescence. In positing the “Black eco”, the poet offers a cosmology that pre-existed colonial cosmology, one teeming with life, spirit, reciprocity, care, and relation with others and the living world, human and non-human, pushing us to enrich our conceptualisation from climate justice towards the “Eco”: ecological justice. Climate justice singles out the weather as phenomena that, while causal to human activity in the making of modernity, is outside of ourselves. “Eco” suggests a web of life that was ostensibly wrecked by environmental and human destruction, but that is operative and upheld by some indigenous societies and their cosmologies. In offering us “geopoetics”, the poet grapples with grammars of the geopolitical as intertwined with spiritual and embodied extraction in the making of modernity and its ongoing violence. The interview enriches some of the many questions raised by the volume about racial capitalism’s destructive environmental legacies through considering their impact on black sociality, reproduction, and the capacity to breathe. © 2023 U.P. Phalafala and H. Strauss.",Phalafala U.P.; Strauss H.,Agenda,"University of Stellenbosch, South Africa; Department of English at the University of the Free State, South Africa",English,Article,Black eco; Black feminist praxis; climate justice; geopoetics; Mine Mine Mine,2,,2-s2.0-85165078762,Final,,A_ampliada,en,scopus_v2,10.1080/10130950.2023.2230263,1.0,Plantea imbricaciones inextricables: la extracción que explotó el ambiente racializó y mecanizó cuerpos; alude a política racial generizada y feminismo negro.,1.0,Mecanismos explícitos: los mismos mecanismos extractivos produjeron racismo; centra el capitalismo colonial y el capitalismo racial.,1.0,Situado en historias sudafricanas de minería y trabajo migrante; contrasta cosmologías precoloniales con los marcos dominantes de justicia climática.,0.0,"Entrevista de carácter conceptual, sin diseño empírico que operacionalice las intersecciones.",3.5,medium,,1.0,Presenta la praxis artística feminista negra como activismo climático y propone pasar de la justicia climática a la ecológica.,1.0,Reconoce la poesía como praxis de resistencia y los saberes cosmológicos negros e indígenas (Black eco) como conocimiento propio.,True,"Vincula raza, género y trabajo migrante minero mediante la construcción colonial de la raza y una política racial generizada.",1.0,"El capitalismo racial colonial explica la extracción conjunta de cuerpos y ambiente en su contexto sudafricano, conectado con la praxis.",conceptual_teorico,cambio_climatico_general,South Africa,sustantivo_fuerte,2,9.418664,6.8160434,2_climate_justice_climate justice_change,"Justicia climática, derecho y litigio",2
1197,"Climate Change and Gender-Based Violence: Outcomes, Challenges and Future Perspectives",2022,10.1007/978-3-030-86304-3_10,"Climate change (CC) is one of the most vehemently contested environmental debate of our time, but also a complex human problem with societal implications on several domains of life, being visible through extreme climate events such as drought and desertification, floods, forest fires and cyclones. These events frequently result in undeniable social, economic and environmental consequences, impacting more significantly on the most vulnerable populations. Gender is a differentiating variable within social vulnerability, addressed in Sustainable Development Goal (SDG)5. The experiences of women and men during and after times of climate crisis are different, considering cultural norms and practices, work functions and access to security and protection resources. Women have experienced conditions of vulnerability in multiple spheres (e.g., monetary poverty, hunger, unemployment, under-education) and are also more vulnerable to extreme weather events, to their impacts, therefore triggering situations of violence. This chapter aims to review the relevant literature to better understand and demonstrate how the emerging CC around the world can contribute to promote gender-based violence (GBV) and, more specifically, how to address women vulnerability to violence within this specific scope. A cross-cutting gender approach aligned with resilience-building programmes is necessary, as well as the adoption of sustainable policies and practices to promote CC. It is essential that policymakers may consider the knowledge and experience of women in decision-making and in empowering women, favouring an intersectionality approach to obtain more effective interventions. © 2022, The Author(s), under exclusive license to Springer Nature Switzerland AG.",Caridade S.M.M.; Vidal D.G.; Dinis M.A.P.,World Sustainability Series,"Psychology Research Center, School of Psychology, University of Minho, Campus de Gualtar, Braga, 4710-057, Portugal; UFP Energy, Environment and Health Research Unit (FP-ENAS), University Fernando Pessoa (UFP), Praça 9 de Abril 349, Porto, 4249-004, Portugal",English,Book chapter,Challenges; Climate change (CC); Future perspectives; Gender-based violence (GBV); Outcomes,36,,2-s2.0-85121722049,Final,All Open Access; Green Open Access,A_nucleo,en,scopus_v2,10.1007/978-3-030-86304-3_10,0.0,No aplica: gate no superado.,0.0,No aplica: gate no superado.,0.0,No aplica: gate no superado.,0.0,No aplica: gate no superado.,0.0,medium,,0.0,No aplica: gate no superado.,0.0,No aplica: gate no superado.,False,Enfoque centrado en el género como variable; pobreza o desempleo se listan como esferas de vulnerabilidad femenina y la interseccionalidad solo se recomienda.,0.0,No aplica: gate no superado.,revision,cambio_climatico_general; desastres_multiples,Global,mencion_sin_aplicacion,6,6.5680385,7.773204,6_gender_change_climate_climate change,"Género, vulnerabilidad y medios de vida",2
1209,"Diversifying Indigenous Vulnerability and Adaptation: An Intersectional Reading of Māori Women’s Experiences of Health, Wellbeing, and Climate Change",2022,10.3390/su14095452,"Despite evidence that Indigenous peoples’ multiple subjectivities engender diverse lived experiences both between and within Indigenous groups, the influence of multiple subjectivities on Indigenous peoples’ vulnerability and adaptation to climate change is largely un-explored. Drawing on ethnographic research with Indigenous Māori women in Aotearoa New Zealand, this paper provides empirical evidence that subjectivity-mediated power dynamics operating within Indigenous societies (at the individual and household scale) are important determinants of vulnerability and adaptation which should be considered in both scholarship and policy. Using an intersectional framework, I demonstrate how different Māori women and their whānau (families) live, cope with, and adapt to the embodied physical and emotional health effects of climate change in radically different ways because of their subject positionings, even though they belong to the same community, hapū (sub-tribe), or iwi (tribe). In underlining these heterogenous experiences, I provide an avenue for reconsidering how climate adaptation scholarship, policies, and practices might better engage with the complex, amorphous realities within Māori and other Indigenous communities. I argue it is possible to develop more inclusive, tailored, and sustainable adaptation that considers divergent vulnerabilities and adaptive capacities within Indigenous communities, groups, and societies and supports customised vulnerability-reduction strategies. © 2022 by the authors. Licensee MDPI, Basel, Switzerland.",Johnson D.E.; Fisher K.; Parsons M.,Sustainability (Switzerland),"Te Kura Mātai Taiao—School of Environment, Waipapa Taumata Rau—The University of Auckland, Private Bag 92019, Auckland, 1142, New Zealand",English,Article,climate adaptation; health; Indigenous peoples; intersectionality; maladaptation; multiple subjectivities; Māori; vulnerability; wellbeing,39,England; New Zealand; New Zealand; Reading [England]; United Kingdom; climate change; indigenous population; public health; vulnerability,2-s2.0-85130765997,Final,All Open Access; Gold Open Access,A_nucleo,en,scopus_v2,10.3390/su14095452,1.0,Muestra que mujeres maoríes de la misma comunidad viven el cambio climático de modos radicalmente distintos según sus posiciones de sujeto.,0.5,"Identifica dinámicas de poder mediadas por la subjetividad en hogares y comunidades, sin nombrar estructuras como colonialismo o patriarcado.",1.0,"Situado en Aotearoa con whānau, hapū e iwi; subraya la heterogeneidad interna frente a visiones homogéneas de lo indígena.",1.0,Etnografía con mujeres maoríes y marco interseccional que compara posiciones de sujeto dentro del grupo.,3.5,medium,,1.0,Propone una adaptación más inclusiva y estrategias de reducción de vulnerabilidad ajustadas a las diferencias internas.,1.0,Documenta cómo las mujeres y sus whānau afrontan los efectos del cambio climático en la salud y se adaptan a ellos.,True,Estudia mujeres indígenas maoríes (género e indigeneidad) y cómo sus posiciones de sujeto diferencian vulnerabilidad y adaptación dentro del mismo grupo.,1.0,"Las dinámicas de poder mediadas por la subjetividad explican vulnerabilidades diferenciadas, analizadas etnográficamente en su contexto y ligadas a política.",empirico_cualitativo,cambio_climatico_general,New Zealand,sustantivo_fuerte,10,8.122063,9.1578865,10_indigenous_climate_change_women,Mujeres indígenas y saberes propios,2
1224,"Gender, (im)mobility and social relations shaping vulnerabilities in coastal Bangladesh",2022,10.1016/j.ijdrr.2022.103342,"Relational vulnerability embraces place-specific social relations as critical determinants of vulnerability, countering the traditional conceptualization of vulnerability as scale neutral and a static feature of an individual or a social group. This paper adopts a relational approach to examine how vulnerabilities are experienced by two groups of women in southwestern Bangladesh. The first group remained in their villages while their husbands migrated to the city for better livelihoods after cyclone Aila in 2009. The second group relocated with their husbands from the coastal villages to the nearby regional urban center, typically in the aftermath of major coastal cyclones during 2007–2013. A qualitative examination of these women's experiences in the origin and destination highlights how gender identity shapes forms of social relations, minimizing or reinforcing existing vulnerabilities and, on some occasions, creating new vulnerabilities. The findings debunk some of the popular misconceptions about post-cyclone mobilities in coastal Bangladesh. Migration to cities is typically seen as a rational adaptation response to minimize climate vulnerabilities; however, the paper shows how migration also redistributes and triggers new forms of non-climatic vulnerabilities to women in those migrant families. Similarly, non-migration is often perceived as an actor's inability to avoid risks. However, our findings suggest that immobility enables left-alone housewives to devise creative in-situ responses and resist vulnerabilities. The findings reinforce the importance of examining the differential vulnerabilities and responses reproduced in the intersections of gender, (im)mobility, and social relations, warranting just scales of intervention to support gender-specific needs temporally, socially and spatially. © 2022 Elsevier Ltd",Alam A.; Khalil M.B.,International Journal of Disaster Risk Reduction,"School of Geography, University of Otago, Dunedin, New Zealand; Institute for Sustainable Futures, University of Technology Sydney, Australia",English,Article,Bangladesh; Climate change; Gender; Mobility; Relational vulnerability; Social capital,31,,2-s2.0-85140222278,Final,,A_ampliada,en,scopus_v2,10.1016/j.ijdrr.2022.103342,1.0,Posiciones específicas: la migración redistribuye vulnerabilidades a esposas migrantes; la inmovilidad permite respuestas propias a las esposas que se quedan.,0.5,Vulnerabilidad relacional: relaciones sociales como determinantes frente a rasgos individuales; no nombra estructuras como el patriarcado ni teoriza sus mecanismos.,1.0,"Suroeste de Bangladesh, ciclón Aila 2009 y ciclones 2007–2013, origen y destino; subraya relaciones sociales específicas del lugar.",1.0,"Diseño cualitativo intencional con dos subgrupos de mujeres definidos por su (in)movilidad, comparando experiencias en origen y destino.",2.5,medium,,0.5,"Pide 'just scales of intervention' para necesidades de género, sin desarrollar una propuesta transformadora.",1.0,Las esposas que se quedan idean respuestas creativas in situ y resisten vulnerabilidades.,True,"Articula género e (in)movilidad: compara dos grupos de mujeres (se quedaron / se reubicaron) y habla de 'intersections of gender, (im)mobility, and social relations'.",0.5,"El enfoque relacional enlaza género, movilidad, lugar y agencia, pero el poder estructural apenas se teoriza.",empirico_cualitativo,ciclon_huracan_tormenta,Bangladesh,sustantivo,9,4.9065766,8.313857,9_bangladesh_climate_adaptation_women,Bangladesh costero: mujeres y adaptación,3
1227,"Gender-Based Violence and Layered Disasters: Place, Culture and Survival",2022,10.4324/9781003089780,"This book investigates the widespread and persistent relationship between disasters and gender-based violence, drawing on new research with victim-survivors to show how the two forms of harm constitute 'layered disasters' in particular places, intensifying and reproducing one another. The evidence is now overwhelming that disasters and gender-based violence are closely connected, not just in moments of crisis but in the years that follow as the social, economic and environmental impacts of disasters play out. This book addresses two key gaps in research. First, it examines what causes the relationship between disasters and gender-based violence to be so widespread and so enduring. Second, it highlights victim-survivors' own accounts of gender-based violence and disasters. It does so by presenting findings from original research on cyclones and flooding in Bangladesh and the UK and a review of global evidence on the Covid-19 pandemic. Drawing on feminist theories, it conceptualises the coincidence of gender-based violence, disasters and other aggravating factors in particular places as 'layered disasters.' Taking an intersectional approach that emphasises the connections between culture, place, patriarchy, racism, poverty, settler-colonialism, environmental degradation and climate change, the authors show the significance of gender-based violence in creating vulnerability to future disasters. Forefronting victim-survivors' experiences and understandings, the book explores the important role of trauma, and how those affected go about the process of survival and recovery. Understanding disasters as layered casts light on why tackling gender-based violence must be a key priority in disaster planning, management and recovery. The book concludes by exploring critiques of existing formal responses, which often ignore or underplay gender-based violence. The book will be of interest to all those interested in understanding the causes and impacts of disasters, as well as scholars and researchers of gender and gender-based violence. © 2023 Nahid Rezwana and Rachel Pain. All rights reserved.",Rezwana N.; Pain R.,"Gender-Based Violence and Layered Disasters: Place, Culture and Survival","University of Dhaka, Bangladesh; Newcastle University, United Kingdom",English,Book,,2,,2-s2.0-85143862145,Final,,A_nucleo,en,scopus_v2,10.4324/9781003089780,0.5,"Conecta sistemas de opresión, pero el análisis descrito se centra en la superposición violencia de género–desastre, no en posiciones co-construidas.",1.0,Teoriza desde teorías feministas las causas estructurales de la relación duradera entre desastres y violencia de género ('layered disasters').,1.0,Investigación original sobre ciclones e inundaciones en Bangladesh y Reino Unido; lugar y cultura explican los desastres estratificados.,0.0,No describe muestreo ni codificación que operen intersecciones; la comparación es entre lugares.,2.0,medium,,1.0,"Critica las respuestas formales y propone priorizar la violencia de género en planificación, gestión y recuperación.",1.0,Centra los relatos de sobrevivientes y cómo gestionan la supervivencia y la recuperación.,True,"Enfoque interseccional que conecta patriarcado, racismo, pobreza y colonialismo de asentamiento en la violencia de género ante desastres.",0.5,El concepto de desastres estratificados integra estructura y lugar; la co-construcción de identidades queda poco desarrollada.,empirico_cualitativo,ciclon_huracan_tormenta; inundacion,Bangladesh; United Kingdom,parcial,0,4.679491,6.9582114,0_disaster_disasters_risk_disability,"Desastres y riesgo: discapacidad, género y recuperación",2
1281,Synergies and trade-offs between climate change adaptation options and gender equality: a review of the global literature,2022,10.1057/s41599-022-01266-6,"Climate change impacts are being felt across sectors in all regions of the world, and adaptation projects are being implemented to reduce climate risks and existing vulnerabilities. Climate adaptation actions also have significant synergies and tradeoffs with the Sustainable Development Goals (SDGs), including SDG 5 on gender equality. Questions are increasingly being raised about the gendered and climate justice implications of different adaptation options. This paper investigates if reported climate change adaptation actions are contributing to advancing the goal of gender equality (SDG 5) or not. It focuses on linkages between individual targets of SDG 5 and climate change adaptation actions for nine major sectors where transformative climate actions are envisaged. The assessment is based on evidence of adaptation actions documented in 319 relevant research publications published during 2014–2020. Positive links to nine targets under SDG 5 are found in adaptation actions that are consciously designed to advance gender equality. However, in four sectors—ocean and coastal ecosystems; mountain ecosystems; poverty, livelihood, sustainable development; and industrial system transitions, we find more negative links than positive links. For adaptation actions to have positive impacts on gender equality, gender-focused targets must be intentionally brought in at the prioritisation, designing, planning, and implementation stages. An SDG 5+ approach, which takes into consideration intersectionality and gender aspects beyond women alone, can help adaptation actions move towards meeting gender equality and other climate justice goals. This reflexive approach is especially critical now, as we approach the mid-point in the timeline for achieving the SDGs. © 2022, The Author(s).",Roy J.; Prakash A.; Some S.; Singh C.; Bezner Kerr R.; Caretta M.A.; Conde C.; Ferre M.R.; Schuster-Wallace C.; Tirado-von der Pahlen M.C.; Totin E.; Vij S.; Baker E.; Dean G.; Hillenbrand E.; Irvine A.; Islam F.; McGlade K.; Nyantakyi-Frimpong H.; Ravera F.; Segnon A.; Solomon D.; Tandon I.,Humanities and Social Sciences Communications,"Asian Institute of Technology, Pathum Thani, Thailand; Jadavpur University, Kolkata, India; Bharti Institute of Public Policy, Indian School of Business, Hyderabad, India; Ahmedabad University, Ahmedabad, India; School of Environment and Sustainability, Indian Institute of Human Settlements, Bangalore, India; Cornel University, New York, United States; Lund University, Lund, Sweden; The National Autonomous University of Mexico (UNAM), Mexico, Mexico; INGENIO (CSIC-Universitat Politècnica de València), Valencia, Spain; University of Saskatchewan, Saskatchewan, Canada; University of California, Los Angeles, United States; Ecole de Foresterie Tropicale, Université Nationale d’Agriculture du Bénin, Cotonou, Benin; Institute for Environmental Sciences, University of Geneva, Geneva, Switzerland; University of Vic-Central University of Catalunya, Barcelona, Spain; Heriot-Watt University, Edinburgh, United Kingdom; University of East Anglia, Norwich, United Kingdom; University of Denver, CO, United States; Alliance of Bioversity International and International Center for Tropical Agriculture (CIAT), Dakar, Senegal; University of Michigan, Ann Arbor, United States; American University in Dubai, Dubai, United Arab Emirates",English,Review,,70,,2-s2.0-85135229093,Final,All Open Access; Gold Open Access; Green Open Access,A_nucleo,en,scopus_v2,10.1057/s41599-022-01266-6,0.0,No aplica: gate no superado.,0.0,No aplica: gate no superado.,0.0,No aplica: gate no superado.,0.0,No aplica: gate no superado.,0.0,medium,,0.0,No aplica: gate no superado.,0.0,No aplica: gate no superado.,False,"Eje único (igualdad de género, ODS 5); propone un enfoque 'SDG 5+' que considere la interseccionalidad como recomendación futura.",0.0,No aplica: gate no superado.,revision,cambio_climatico_general,Global,mencion_sin_aplicacion,6,6.9066896,8.368942,6_gender_change_climate_climate change,"Género, vulnerabilidad y medios de vida",2
1286,"The Climate Girl Effect: Fridays, Flint, and Fire",2022,10.5040/9781978727144,"From podiums on international stages to mainstream media coverage, from crowds of youth marching in streets, to social media feeds, everywhere we look we can see girls rising in the climate justice movement. Carolyn M. Cunningham and Heather M. Crandall examine these climate activists from the intersection of gender studies, new media studies, and environmental activism. Chapters include cases about iconic climate girls such as Greta Thunberg, Mari Copeny, and Autumn Peltier (Wiikwemkoong First Nation) and lesser-known climate girl activists who design technologies, global non-profit organizations, and lawsuits against governments. Cunningham and Crandall reveal that climate girls are intersectional activists aware of how systems of oppression—including racism, heterosexism, and capitalism—impact the climate crisis. Individuals interested in women’s and gender studies, environmental studies, and communications studies will find this book of particular interest. © 2022 by The Rowman & Littlefield Publishing Group, Inc.",Cunningham C.M.; Crandall H.M.,"The Climate Girl Effect: Fridays, Flint, and Fire","Communication and Leadership Studies Department, Gonzaga University, United States; Communication Studies, Gonzaga University, United States",English,Book,,4,Climate justices; Design technologies; First nations; Gender studies; Iconics; Mainstream media; Media coverage; New media; Peltier; Social media,2-s2.0-105015774106,Final,,A_nucleo,en,scopus_v2,10.5040/9781978727144,0.5,"La posición de niña activista combina género y edad, pero el abstract no analiza cómo se co-construyen los ejes.",0.5,"Nombra racismo, heterosexismo y capitalismo como sistemas de opresión, sin teorizar sus mecanismos.",0.5,"Casos como Fridays, Flint y Wiikwemkoong First Nation, con contexto apenas esbozado.",0.0,Estudios de caso sin método descrito que opere intersecciones.,1.5,medium,,0.5,"Se enmarca en el movimiento por la justicia climática, sin desarrollar una propuesta transformadora propia.",1.0,"Documenta a niñas que diseñan tecnologías, crean organizaciones y demandan a gobiernos.",True,"Analiza a las 'climate girls' (género y edad), incluida una activista indígena, conscientes del racismo, el heterosexismo y el capitalismo.",0.5,Agencia y sistemas de opresión se vinculan de forma general; integración parcial.,empirico_cualitativo,cambio_climatico_general,Global,parcial,1,11.21442,7.4222584,1_youth_young_climate_activism,Juventudes y activismo climático,2
1328,"CLIMATE CHANGE IMPACTS IN COASTAL BANGLADESH: MIGRATION, GENDER AND ENVIRONMENTAL INJUSTICE",2021,10.1080/03068374.2021.1880213,"Sea level rise, tropical cyclones, saltwater intrusion, and coastal flooding along with many other natural hazards are increasingly common in many parts of the world, and regions like coastal Bangladesh are at the frontline of these impacts. Due, in part, to the ongoing climate crisis, male members of coastal households in Bangladesh are outmigrating temporarily or permanently. Reduced farm productivity can be blamed on this to a large extent. Men leave female members of their households behind in their coastal villages during the first phase of migration. This creates a new form of social injustice as women are not only exposed to the negative impacts of the climate crisis to a larger extent, but they also face the challenges of maintaining a farming livelihood as they confront patriarchal socio-cultural norms and expectations during the absence of male members of the families. Using the frameworks of critical development and political ecology, this paper unpacks how these farming women who stay in the rural villages in coastal Bangladesh have a higher social vulnerability then men do. More particularly, this paper illustrates the complex nature of social and environmental injustice, experienced by women because of the outmigration of male members of the households. An intersectional approach further explains how, in contrast to usual class / income privileges, religio-cultural norms and prohibitions result in women belonging to the ethno-religious majority being more vulnerable than minority women. This is due to restrictions from interacting alone with men to whom they are not related, which reduces their access to the knowledge and resources that flows though male-dominated social networks. This article contributes to our understanding of the complex interactions between humans and the environment, mediated by various social, cultural, and political factors, and provides critical policy insights on inclusive adaptation and long-term sustainability. © 2021 The Royal Society for Asian Affairs.",Ahmed S.; Eklund E.,Asian Affairs,"School of Public Service at Boise State University in Boise, ID, United States; University of Arizona in Tucson, AZ, United States",English,Article,agriculture; Bangladesh; climate change; development; environment; gender; intersectionality; Kalapara; migration; sea level; social justice,87,,2-s2.0-85101125882,Final,,A_nucleo,en,scopus_v2,10.1080/03068374.2021.1880213,1.0,"Género, religión-etnicidad y clase se co-construyen: la posición mayoritaria agrava la vulnerabilidad femenina contra lo esperado.",1.0,Normas patriarcales restringen el contacto con hombres no emparentados y el acceso a redes y recursos masculinizados; ecología política crítica.,1.0,"Costa de Bangladesh (Kalapara), migración masculina y agricultura; reconoce que los privilegios de clase habituales no operan igual.",1.0,"El enfoque interseccional compara subgrupos de mujeres (mayoría/minoría etnorreligiosa, clase) y explica su interacción.",3.5,high,,1.0,Enmarca la situación como injusticia social y ambiental y aporta insumos de política para una adaptación inclusiva.,0.5,"Las mujeres sostienen los medios de vida agrícolas, pero predominan la vulnerabilidad y las restricciones.",True,"Mujeres de la mayoría etnorreligiosa resultan más vulnerables que las minoritarias, en contraste con los privilegios de clase habituales.",1.0,"Normas patriarcales, migración climática y posiciones etnorreligiosas se articulan para explicar vulnerabilidades situadas.",empirico_cualitativo,nivel_mar_costas; ciclon_huracan_tormenta; inundacion,Bangladesh,sustantivo_fuerte,9,4.835481,8.43315,9_bangladesh_climate_adaptation_women,Bangladesh costero: mujeres y adaptación,3
1331,Challenges to building social capital through planned adaptation: Evidence from rural communities in Bangladesh,2021,10.1016/j.crsust.2021.100091,"Social capital facilitates adaptation to climate change. Planned community-based adaptation (CBA) therefore – often implemented by non-governmental organisations – seeks to engender social capital to strengthen the adaptive capacity of vulnerable communities in the Global South. CBA interventions typically seek to build social capital through the formation of community-based organisations, often led by the most vulnerable groups such as poor women, with the view that these groups will sustain and make efforts to strengthen community capacity to adapt to climate change. This paper presents the results of a research project that sought to understand the challenges of building social capital through group-based CBA interventions in the rural coastal communities of Bangladesh. Drawing on the accounts of four female-led community organisations and their respective communities, we argue that strengthening social capital was obstructed by embedded sociocultural norms and by the assumptions made by external organisations about how to create social capital. This study concludes that CBA needs to frame gender from an intersectional point of view, rather than a simplistic ‘male-versus-female dichotomy’ to build community capacities through female-led collectives. It thus contributes to the theoretical and empirical literature on social capital, gender and community adaptation. © 2021 The Authors",Masud-All-Kamal M.; Nursey-Bray M.; Hassan S.M.M.,Current Research in Environmental Sustainability,"Department of Sociology, University of Chittagong, Chattogram, 4331, Bangladesh; Department of Geography, Environment and Population, The University of Adelaide, North Terrace, Adelaide, 5005, SA, Australia",English,Article,Climate adaptation; Gender; Intersectionality; NGO; Social capital,19,,2-s2.0-85124382628,Final,All Open Access; Gold Open Access; Green Open Access,A_nucleo,en,scopus_v2,10.1016/j.crsust.2021.100091,0.5,"El género es central y la clase queda implícita; la mirada interseccional aparece como conclusión, no como análisis.",0.5,"Señala normas socioculturales arraigadas y supuestos de ONG externas, sin teorizar estructuras de poder.",0.5,Comunidades rurales costeras de Bangladesh con intervenciones de ONG; contexto poco desarrollado.,0.5,Relatos de cuatro organizaciones lideradas por mujeres; no describe un análisis que cruce ejes.,1.5,medium,,0.5,"Recomienda reencuadrar el género en la adaptación comunitaria, sin orientación explícita a la justicia.",0.5,"Las mujeres lideran organizaciones comunitarias, aunque el foco está en los obstáculos que enfrentan.",True,"Estudia colectivos de 'poor women' (género y clase) y concluye que la adaptación debe enmarcar el género interseccionalmente, no como dicotomía.",0.5,"Normas, intervención externa y género se conectan parcialmente; la interseccionalidad no organiza el análisis.",empirico_cualitativo,cambio_climatico_general,Bangladesh,parcial,9,4.716746,8.688583,9_bangladesh_climate_adaptation_women,Bangladesh costero: mujeres y adaptación,2
1350,Equity considerations in loss and damage,2021,,"Regardless of how the challenge of climate change is framed, one cannot escape its significant and extensive equitable dimensions. Equity considerations are omnipresent for the simple and stark reason that climate change does not affect people, communities, or regions equally. The ability of people and communities to adapt and be resilient to climate change, or to reduce their emissions, differs based not only on where they are located, but on many often interconnected factors, such as socioeconomic status, gender, age, race, ethnicity, and culture. Equity is also highly relevant to the issue of responsibility and accountability for climate change, given the vastly different levels of responsibility among different states and individuals and the reality that those least responsible for climate change are often among those most affected by its impacts. Finally, equity is central to understanding the deep implications that climate change has not only for the planet’s human inhabitants, but for all life on earth and the ecosystems that sustain it. This chapter examines loss and damage through the lens of equity, arguing that loss and damage must be integrally linked with mitigation and adaptation goals, and that it must be examined using an intersectional and contextualized approach to avoid perpetuating and reinforcing existing patterns of systemic discrimination. When the policy responses to the climate problem are blind to this injustice, they can contribute to a ‘double burden’ of climate change, whereby the most vulnerable people bear the brunt not only of what climate change is doing to the planet, but also the climate policy response. Ethics and a human conscience require us to acknowledge and directly face these inequities, especially when confronting the staggering problem of loss and damage. An equity-informed approach to loss and damage within broader climate policy discussions is critical to ensure a response to climate change that safeguards human rights, respects Indigenous rights, promotes environmental justice, furthers intergenerational equity, and protects the ecological foundations upon which all life depends. © The Editors and Contributors Severally 2021.",Chalifour N.J.,Research Handbook on Climate Change Law and Loss and Damage,"Centre for Environmental Law and Global Sustainability, Multidisciplinary Institute of the Environment, University of Ottawa, Canada",English,Book chapter,,3,,2-s2.0-85129633640,Final,,A_nucleo,en,scopus_v2,,0.5,"Enumera ejes interconectados, pero no analiza cómo se co-construyen en posiciones concretas.",0.5,"Nombra la discriminación sistémica y la 'doble carga' de políticas ciegas a la injusticia, sin teorizar estructuras específicas.",0.5,"Reclama un enfoque contextualizado, pero no se sitúa en un caso histórico-geográfico concreto.",0.0,Capítulo conceptual sin operacionalización empírica.,1.0,medium,,1.0,"Propone un enfoque de pérdidas y daños basado en equidad, derechos humanos e indígenas y justicia ambiental.",0.0,"Las personas vulnerables aparecen como quienes cargan con los impactos, sin agencia.",True,"Señala factores 'often interconnected' (nivel socioeconómico, género, edad, raza, etnicidad, cultura) y pide un enfoque interseccional y contextualizado.",0.5,"Equidad, interseccionalidad y política climática se conectan en el argumento normativo, sin análisis situado.",conceptual_teorico,cambio_climatico_general,Global,nominal_debil,-1,8.278184,6.1021914,-1_climate_change_climate change_health,Sin tópico (outliers),2
1355,"Facilitating sustainable disaster risk reduction in indigenous communities: Reviving indigenous worldviews, knowledge and practices through two-way partnering",2021,10.3390/ijerph18030855,"The Sendai Framework of Action 2015–2030 calls for holistic Indigenous disaster risk reduction (DRR) research. Responding to this call, we synergized a holistic philosophical framework (comprising ecological systems theory, symbolic interactionism, and intersectionality) and social constructionist grounded theory and ethnography within a critical Indigenous research paradigm as a methodology for exploring how diverse individual and contextual factors influence DRR in a remote Indigenous community called Galiwinku, in the Northern Territory of Australia. Working together, Indigenous and non-Indigenous researchers collected stories in local languages using con-versations and yarning circles with 20 community members, as well as participant observations. The stories were interpreted and analysed using social constructivist grounded theory analysis tech-niques. The findings were dialogued with over 50 community members. The findings deeply reso-nated with the community members, validating the trustworthiness and relevance of the findings. The grounded theory that emerged identified two themes. First, local Indigenous knowledge and practices strengthen Indigenous people and reduce the risks posed by natural hazards. More spe-cifically, deep reciprocal relationships with country and ecological knowledge, strong kinship rela-tions, Elder’s wisdom and authority, women and men sharing power, and faith in a supreme power/God and Indigenous-led community organizations enable DRR. Second, colonizing practices weaken Indigenous people and increase the risks from natural hazards. Therefore, colonization, the imposition of Western culture, the government application of top-down approaches, infiltration in Indigenous governance systems, the use of fly-in/fly-out workers, scarcity of employment, re-strictions on technical and higher education opportunities, and overcrowded housing that is cultur-ally and climatically unsuitable undermine the DRR capability. Based on the findings, we propose a Community-Based DRR theory which proposes that facilitating sustainable Indigenous DRR in Australian Indigenous communities requires Indigenous and non-Indigenous partners to genuinely work together in two-directional and complementary ways. © 2021 by the authors. Licensee MDPI, Basel, Switzerland.",Ali T.; Buergelt P.T.; Paton D.; Smith J.A.; Maypilama E.L.; Yuŋgirrŋa D.; Dhamarrandji S.; Gundjarranbuy R.,International Journal of Environmental Research and Public Health,"College of Health and Human Sciences, Charles Darwin University, Darwin, 0810, Australia; Faculty of Health, University of Canberra, Canberra, 2617, Australia; University of Canberra, Canberra, 2617, Australia; Wellbeing and Preventable Chronic Conditions, Menzies School of Health Research, Darwin, 0810, Australia; College of Indigenous Futures, Arts & Society, Charles Darwin University, Darwin, 0810, Australia; Yalu Marŋgithinyaraw, Galiwin’ku, East Arnhem Land, 0822, The Northern Territory, Australia",English,Article,Critical Indigenous methodology; Disaster risk reduction; Holistic Indigenous research; Indigenous development; Partnership-based approaches; Sustainable community development,49,Aged; Communication; Disasters; Female; Humans; Male; Northern Territory; Oceanic Ancestry Group; Population Groups; Risk Reduction Behavior; Australia; Northern Territory; community development; disaster management; indigenous population; natural hazard; partnership approach; sustainable development; traditional knowledge; aged; article; community; disaster; education; employment; female; government; grounded theory; housing; human; human experiment; indigenous people; male; risk reduction; theoretical study; Western world; worker; interpersonal communication; Northern Territory; Oceanic ancestry group; population group,2-s2.0-85099533523,Final,All Open Access; Gold Open Access; Green Open Access,A_nucleo,en,scopus_v2,10.3390/ijerph18030855,0.5,"Indigeneidad, edad y género aparecen como factores separados, sin analizar su co-construcción.",1.0,"Colonización, imposición cultural occidental, enfoques verticales, desempleo, restricciones educativas y vivienda inadecuada debilitan la reducción de riesgo.",1.0,"Galiwinku, Territorio del Norte de Australia, desde un paradigma crítico indígena y en lenguas locales.",0.5,Teoría fundamentada y etnografía con 20 miembros y diálogo con más de 50; sin análisis que cruce ejes.,2.5,medium,,1.0,Propone una teoría de reducción de riesgo comunitaria basada en alianzas bidireccionales y descolonizadoras.,1.0,"Documenta saberes, prácticas, parentesco y organizaciones indígenas que fortalecen a la comunidad.",True,En una comunidad indígena identifica la autoridad de Ancianos y el poder compartido entre mujeres y hombres como factores de reducción de riesgo.,0.5,"Colonialismo, contexto y agencia se articulan, pero la dimensión interseccional queda periférica.",empirico_cualitativo,desastres_multiples,Australia,sustantivo,-1,8.605472,5.7852902,-1_climate_change_climate change_health,Sin tópico (outliers),2
1357,"From Glass Ceiling to Green Canopy: An Intersectional Model of Feminist Sustainability in Fondes Amandes, Trinidad",2021,,"The Fondes Amandes Community Reforestation Project is a sustainable model of agro-forestry that emerged contemporaneously with the more globally familiar Permaculture Design. Although the FACRP model has been recognized for their contributions to the Caribbean region and worldwide sustainability and environmental movements, they are not well known in the global North and West. Akilah and Kemba Jaramogi stress the importance of grassroots involvement as critical to adaptation and mitigation in combating climate impacts. However, there is a lack of acknowledgement and reciprocity within the movement that is linked to broader discourses on race, gender, and geography. The influence of these discourses impacts how permaculture practitioners in the global North and West perceive and acknowledge models rooted in feminism and/or traditional and/or Indigenous knowledge, as well as those models that emerged in the global South. An analysis of sentiment among permaculture practitioners of the global North suggests attitudes there are shifting toward an awareness of the need for more inclusive, equitable movements. As a feminist model of agro-forestry heavily influenced by Akilah’s Merikin heritage as well as Rastafarian values, FACRP was built upon the framework other models are now seeking to establish. The Sustainable Development Goals recently released by the United Nations contain targets that FACRP has already been working toward, whether or not they previously formally identified them as such. FACRP further employs an integration of such traditional knowledge with current technological and scientific information, drawing in researchers and students from the Caribbean and the United States. Strategies such as their agro-forestry model, for instance, are employed through a gendered lens - with planting not only focused on reforestation for climate adaptation and mitigation, and habitat restoration, but on the usefulness of cooking herbs and medicinal plants as well. However, challenges remain - such as equitable treatment for FACRP’s staff conducting fire prevention and management work. Although responses to ecological and climatic challenges are rooted locally in culturally specific contexts, the proper acknowledgement of whose knowledge and cultural traditions permaculture and other sustainable practices are founded upon is a necessary step toward building an equitable framework for global sustainable movements. © 2021. Journal of International Women’s Studies.",Mulroy R.,Journal of International Women's Studies,"Bridgewater State University, United States",English,Article,Climate change; Ecofeminism; Environmentalism; Global racism; Intersectionality; Permaculture; Reforestation; Sustainability; Sustainable development goals,1,,2-s2.0-85108644072,Final,,A_nucleo,en,scopus_v2,,0.5,"Raza, género y geografía se nombran juntos como discursos, sin analizar cómo se co-construyen en el proyecto.",0.5,"Señala jerarquías de conocimiento Norte-Sur y racismo global, sin teorizar sus mecanismos.",1.0,"Fondes Amandes, Trinidad; herencia merikin y valores rastafaris; reconoce respuestas enraizadas en contextos culturales específicos.",0.5,"Estudio de caso y análisis de opiniones de permacultores del Norte, sin diseño que cruce ejes.",2.0,medium,,1.0,Reclama reconocimiento de saberes y trato equitativo del personal hacia movimientos sostenibles equitativos.,1.0,"Documenta estrategias agroforestales, saberes tradicionales y liderazgo comunitario del proyecto.",True,"Vincula la falta de reconocimiento del proyecto con discursos sobre raza, género y geografía que marginan saberes feministas, indígenas y del Sur.",0.5,"Discursos de raza, género y geografía explican la invisibilización, pero el análisis interseccional es esquemático.",empirico_cualitativo,cambio_climatico_general; incendio_forestal,Trinidad and Tobago,parcial,10,8.136929,8.771504,10_indigenous_climate_change_women,Mujeres indígenas y saberes propios,2
1361,"Gender equality for a thriving, sustainable arctic",2021,10.3390/su131910825,"On 21 May 2021, a milestone Pan-Arctic Report: Gender Equality in the Arctic was published in tandem with the Arctic Council’s Ministerial Meeting held in Reykjavík, 19–20 May 2021. This article provides a brief review of the report and its major findings across six chapters that address key themes concerning gender equality in the Arctic: Law and Governance, Security, Gender and Environment, Migration and Mobility, Indigeneity, Gender, Violence, Reconciliation and Empowerment and Fate Control. A major conclusion of the report is that accessible, comparable, gender-disaggregated, and Arctic-specific data is severely lacking. Further, all chapters highlight the importance of gender-based analysis and gender mainstreaming in all decision-making processes at national and regional levels. The varying roles that gender—and its intersections with existing inequalities—plays in mediating the impacts of climate change and other socioeconomic transformations are also discussed throughout the report. The Arctic Council is identified as the main driver for implementing recommendations that were provided and discussed at the Council’s Ministerial Meeting and in the Reykjavík Declaration 2021, where the eight ministers of Arctic states “Emphasize[s] the importance of gender equality and respect for diversity for sustainable development in the Arctic … encourage[s] the mainstreaming of gender-based analysis in the work of the Arctic Council and call[s] for further action to advance gender equality in the Arctic”. This report and its policy relevant highlights, address these priorities and serve as a knowledge base for promoting gender equality and non-discrimination in the Arctic. © 2021 by the authors. Licensee MDPI, Basel, Switzerland.",Oddsdóttir E.E.; Ágústsson H.Ó.; Svensson E.-M.; Hoogensen Gjørv G.; Kendall S.S.; Smieszek M.; Prior T.; Hayfield E.; Williamson K.J.; Rozanova-Smith M.; Petrov A.; Williams V.K.,Sustainability (Switzerland),"Icelandic Arctic Cooperation Network, Akureyri, 600, Iceland; Gender Equality in the Arctic (GEA), Icelandic Arctic Cooperation Network, Akureyri, 600, Iceland; Department of Law, University of Gothenburg, Göteborg, 405 30, Sweden; Peace Research Institute of Oslo (PRIO), Oslo, NO-0186, Norway; Environment and Natural Resources, School of Engineering and Natural Sciences, University of Iceland, Reykjavík, 102, Iceland; UiT, The Arctic University of Norway, Tromsø, 9019, Norway; Schulich School of Law, Dalhousie University, Halifax, B3H 4R2, NS, Canada; Department of History and Social Sciences, University of the Faroe Islands, Tórshavn, 100, Faroe Islands; Educational Foundations, University of Saskatchewan, Saskatoon, S7N 5A2, SK, Canada; Elliott School of International Affairs, The George Washington University, Washington, 20052, DC, United States; Department of Social and Human sciences, Russian State Hydrometeorological University, St. Petersburg, 195196, Russian Federation; ARCTICenter, University of Northern Iowa, Cedar Falls, 50614, IA, United States; Indigenous Independent Scholar, Cedar Falls, 50613, IA, United States",English,Article,Arctic Council; Data; Diversity and inclusion; Empowerment; Engagement; Equality; Gender; Indigenous; Intersectionality; Mainstreaming; Migration; Mobility; Security; Youth,15,Arctic; climate change; decision making; gender disparity; policy making; socioeconomic impact; sustainable development,2-s2.0-85116120416,Final,All Open Access; Gold Open Access; Green Open Access,A_nucleo,en,scopus_v2,10.3390/su131910825,0.5,"El cruce del género con otras desigualdades se discute a lo largo del informe, pero el foco es el análisis de género.",0.5,"Nombra desigualdades existentes, violencia y discriminación, sin teorizar estructuras ni mecanismos de poder.",0.5,"Ártico, Consejo Ártico y Declaración de Reikiavik; pide datos específicos del Ártico, pero el contexto apenas se describe.",0.0,"Reseña de un informe; señala la falta de datos desagregados, sin diseño empírico propio.",1.5,medium,,1.0,"Recomendaciones para la transversalización de género y la no discriminación, con el Consejo Ártico como impulsor.",0.5,"Incluye un capítulo sobre empoderamiento y control del propio destino, sin documentar estrategias.",True,Situación 3: el informe discute 'the varying roles that gender—and its intersections with existing inequalities—plays' en los impactos climáticos.,0.5,Los temas del informe se presentan en paralelo; la intersección del género orienta parcialmente las recomendaciones.,otro,cambio_climatico_general,Arctic,parcial,-1,8.043232,7.858568,-1_climate_change_climate change_health,Sin tópico (outliers),2
1366,Gendered care work and environmental injustice: A feminist analysis of educators’ emotional labor in disaster recovery,2021,10.1089/env.2020.0038,"Although environmental justice researchers have long been interested in the connections between disaster recovery, gender, and home- and community-based care, the consequences of the post-disaster performance of emotional labor by workers in care occupations have largely gone unnoticed. To address this gap in the environmental injustice literature, in this exploratory article we employ a feminist analysis of firsthand accounts of elementary educators’ professional and personal experiences caring for their students in the Florida Keys after Hurricane Irma. We find that caring labor was increasingly necessary in the post-disaster context, both inside and outside the classroom. Teachers and other care professionals in feminized occupations may, therefore, perform an emotional double duty, supporting their students’ emotional needs while also contending—as working- and middle-class individuals—with the personal consequences of disaster. We suggest that these educators may bear an unrecognized and undercompensated disproportionate burden at the intersection of class and occupational status. Because of this, we introduce an underexplored component to the racialized disaster patriarchy and intersectional disaster research: feminized occupational status. Inspired by environmental justice research legacies developed in the wake of earlier Gulf Coast disasters, we draw attention to the contributions of these absolutely essential recovery workers and how they may experience environmental injustice even as they contribute to others’ recovery. Our goals are to promote recognition and fair distribution of burdens, encourage research into the contours of environmental justice and care work, and support the development of more just planning, training, and compensation regimes. © Mary Ann Liebert, Inc.",Shtob D.A.; Petrucci L.,Environmental Justice,"The Department of Sociology, Brooklyn College, City University of New York, Brooklyn, NY, United States; Department of Sociology, University of Oregon, Eugene, OR, United States",English,Article,Care work; Emotional labor; Environmental justice; Gender; Intersectionality; Natural disaster; Occupational status,8,Florida Keys; Florida [United States]; Gulf Coast [United States]; United States; Florida; compensation; disaster management; environmental justice; gender role; hurricane; occupation; patriarchy; psychology,2-s2.0-85108581011,Final,,A_nucleo,en,scopus_v2,10.1089/env.2020.0038,1.0,"Propone el 'feminized occupational status' como posición específica que combina género, ocupación y clase en la 'emotional double duty'.",1.0,Marco feminista y de injusticia ambiental; 'racialized disaster patriarchy'; carga no reconocida y subcompensada como mecanismo.,0.5,Cayos de Florida tras el huracán Irma; contexto específico pero poco desarrollado histórica y políticamente.,0.5,"Relatos en primera persona de docentes de primaria; grupo único, sin codificación cruzada descrita.",3.0,medium,,1.0,"Busca reconocimiento, distribución justa de cargas y regímenes más justos de planificación, formación y compensación.",0.5,"Reconoce a los docentes como trabajadores esenciales de la recuperación, aunque el énfasis está en la carga.",True,"Articula género (ocupaciones feminizadas), clase y estatus ocupacional en la carga del trabajo emocional tras el huracán Irma.",1.0,"El poder patriarcal y de clase explica la carga de la posición ocupacional feminizada en el contexto post-Irma, con propuestas de justicia.",empirico_cualitativo,ciclon_huracan_tormenta,United States,sustantivo,0,4.725794,6.6445127,0_disaster_disasters_risk_disability,"Desastres y riesgo: discapacidad, género y recuperación",3
1370,"How land use, climate change, and an ageing demographic intersect to create new vulnerabilities in Hong Kong",2021,10.3390/land10040391,"As extreme weather events seemingly increase in frequency and magnitude, we are accumulating evidence about how the intersection of circumstances creates vulnerability. The specter of elderly residents in Brooklyn, New York, trapped in their apartments for days due to flooding from the storm surge brought by Hurricane Sandy, provides us a troubling lesson. As vulnerability emerges from the confluence of multiple factors, changing social, natural, and other factors combine to create unimagined problems. Hong Kong is a case in point. The city has seen much of its new development occurring on reclaimed coastal land. At the same time, there has been a significant demographic shift as the city’s elderly population has been its fastest growing demographic. The social transition also means more elderly persons living alone. All of these produce conditions that render the population increasingly vulnerable to coastal flooding. Yet, there is not enough systematic effort, in major cities, at identifying these vulnerabilities. Hong Kong is emblematic of coastal cities the world over, in that it has yet to come to a full realization of such emerging risks. Future research must be able to analyze intersectionalities. © 2021 by the authors. Licensee MDPI, Basel, Switzerland.",Kan W.S.; Lejano R.P.,Land,"Felizberta Lo Padilla Tong School of Social Sciences, Caritas Institute of Higher Education, 999077, Hong Kong; School of Culture, Education, and Human Development, New York University, New York, 10003, NY, United States",English,Article,Ageing; Climate change; Extreme weather; Resilience; Vulnerability,12,,2-s2.0-85104839048,Final,All Open Access; Gold Open Access; Green Open Access,A_nucleo,en,scopus_v2,10.3390/land10040391,0.0,No aplica: gate no superado.,0.0,No aplica: gate no superado.,0.0,No aplica: gate no superado.,0.0,No aplica: gate no superado.,0.0,medium,,0.0,No aplica: gate no superado.,0.0,No aplica: gate no superado.,False,"Se cruzan circunstancias (uso del suelo, clima, envejecimiento, vivir solo), no ejes sociales; 'analyze intersectionalities' queda como agenda futura.",0.0,No aplica: gate no superado.,conceptual_teorico,inundacion; nivel_mar_costas,Hong Kong,mencion_sin_aplicacion,-1,6.7343593,4.6470375,-1_climate_change_climate change_health,Sin tópico (outliers),2
1385,Language and climate justice: A research agenda,2021,10.1111/josl.12469,"In response to the worsening crisis of climate change, researchers across the social sciences are increasingly seeking to understand and enact climate justice. In this Journal of Sociolinguistics Dialog, we suggest that sociolinguists have the opportunity—and the urgent responsibility—to contribute to this work. Julia Coombs Fine and Jessica Love-Nichols begin the Dialog by addressing the questions, “Why is sociolinguistics relevant to climate justice”? and “Why is climate justice relevant to sociolinguistics”? In light of links between environmental degradation and climate change, Rosalie Edmonds’ and Jessica Pouchet's commentaries address climate justice through critical perspectives on the sociopolitical organization of wildlife and forest conservation. Highlighting the role of national epics in promoting or hindering climate justice, Diego Forte argues that gendered and colonial Argentinian identities underlie a carnist ideology that impedes substantive efforts toward sustainability. Bernard Perley provides a perspective on climate justice and Indigenous linguistics, calling attention to the power of Indigenous languages to decolonize the search for climate justice and provide a reimagination of hope during traumatic times. In closing, we emphasize the importance of critical and community-engaged work on language and climate justice, and highlight the need for coalitions of research and action. © 2021 John Wiley & Sons Ltd",Fine J.C.; Love-Nichols J.,Journal of Sociolinguistics,"University of California, Santa Barbara, CA, United States; Macalester College, Saint Paul, MN, United States",English,Note,climate change; climate communication; climate crisis; climate justice; decolonization; intersectionality; social justice; sociolinguistics,17,,2-s2.0-85105640229,Final,,A_nucleo,en,scopus_v2,10.1111/josl.12469,0.5,"Género y colonialidad aparecen unidos en una identidad nacional, pero su co-construcción no se analiza en el resumen.",0.5,Perspectivas críticas y decoloniales sobre la conservación y la ideología carnista; estructuras nombradas sin mecanismos.,0.5,Referencias a epopeyas nacionales argentinas y lenguas indígenas; el diálogo es mayormente general.,0.0,Diálogo de comentarios; no hay operacionalización empírica.,1.0,low,,1.0,Agenda de investigación para la justicia climática; llama a trabajo comunitario y a coaliciones de investigación y acción.,0.5,"Reconoce el poder de las lenguas indígenas para descolonizar la justicia climática, sin documentar prácticas.",True,Un comentario sostiene que 'gendered and colonial Argentinian identities' sostienen una ideología carnista; se suma la indigeneidad lingüística.,0.0,Comentarios yuxtapuestos; los elementos interseccionales aparecen en piezas distintas sin articularse.,conceptual_teorico,cambio_climatico_general,Argentina; Global,nominal_debil,2,9.358039,6.557345,2_climate_justice_climate justice_change,"Justicia climática, derecho y litigio",2
1415,"Who are the losers? Gendered-migration, climate change, and the impact of large scale land acquisitions on food security in coastal Tanzania",2021,10.1016/j.landusepol.2020.105154,"The recent wave of large scale land acquisitions (LSLAs) in low-income countries has engendered intense debate partly because of its impact on livelihoods and ecology, with outcomes structured by complex unequal power relations at multiple scales. Together with the onslaught of climate change on livelihoods, LSLA is contributing to new, and exacerbating old vulnerabilities in ways that raise important questions for research. We examined the impact of LSLAs on food security disparities across multiple intersections of vulnerabilities: gender, migration, and climate change. Guided by political ecology concepts, we analyzed cross-sectional data (n = 1136) from Tanzania using multivariate ordinal logistic regression and post-estimation margins. The analyses revealed that male non-migrants compared with female non-migrants were 58 % more likely to report that LSLA was resulting in food insecurity. Individuals who experienced drought were 42 % less likely, while those who perceived temperature to be hotter (OR = 0.58, p ≤ 0.05), rapidly changing (OR = 0.21, p ≤ 0.01), or even stable (OR = 0.13, p ≤ 0.01) compared to those who perceived temperature to be colder were less likely to report that LSLA was resulting in food insecurity. While male non-migrants reported the highest probability (0.81) of experiencing food insecurity as a result of LSLAs, with the added effect of climate change, the impact of LSLAs on food insecurity is reduced among non-migrants but exacerbated among migrants. These findings suggest the need for policy priority on smallholder agriculture as a climate change adaptation strategy. © 2020 Elsevier Ltd",Atuoye K.N.; Luginaah I.; Hambati H.; Campbell G.,Land Use Policy,"Department of Geography, Geomatics and Environment, University of Toronto - Mississauga, 3359 Mississauga Road, Mississauga, L5L 1C6, ON, Canada; The Department of Geography, University of Western Ontario, Social Science Centre, 1151 Richmond Street, London, N6A 5C2, ON, Canada; Population Studies and Research Centre, College of Social Sciences, University of Dar es Salaam, P. O. Box 35047, Dar es Salaam, Tanzania; McGill University, Peterson Hall, 3460 McTavish Street, Room 100, Montréal, H3A 1X9, Québec, Canada",English,Article,Climate change; Food security; Gendered-migration; Large scale land acquisitions; Livelihoods; Tanzania,30,Tanzania; adaptive management; agricultural land; agricultural policy; climate change; developing world; food security; gender; livelihood; migration; smallholder,2-s2.0-85094129822,Final,,A_ampliada,en,scopus_v2,10.1016/j.landusepol.2020.105154,1.0,Categorías combinadas: hombres no migrantes frente a mujeres no migrantes; el efecto climático se reduce en no migrantes y crece en migrantes.,0.5,"Ecología política y 'complex unequal power relations at multiple scales', sin teorizar los mecanismos de género o migración.",0.5,Costa de Tanzania y ola de adquisiciones de tierra en países de bajos ingresos; contexto poco detallado.,1.0,Regresión logística ordinal (n = 1136) con márgenes post-estimación para combinaciones de género y migración.,2.0,medium,,0.5,"Recomienda priorizar la agricultura campesina como estrategia de adaptación, sin desarrollo de justicia.",0.0,Los sujetos aparecen como perdedores de las adquisiciones; no se documenta agencia.,True,"Examina la inseguridad alimentaria 'across multiple intersections of vulnerabilities: gender, migration, and climate change'.",0.5,Cruce de ejes y método bien conectados; la explicación estructural queda enunciada.,empirico_cuantitativo,cambio_climatico_general; sequia,Tanzania,parcial,-1,6.283405,9.221942,-1_climate_change_climate change_health,Sin tópico (outliers),2
1461,Indigenous Feminisms: Disturbing Colonialism in Environmental Science Partnerships,2020,10.1177/2332649220908608,"Efforts have been under way by Indigenous peoples to reanimate governance that includes people of all ages and genders. Simultaneous initiatives to decolonize science within environmental fields must confront how settler colonial systems can continue to operate under the guise of partnership. Indigenous feminist theories aid understanding of ongoing colonialism alongside heteropatriarchy and racism with attempts to dismantle oppression in everyday practice. The author examines governance in a North American environmental science partnership consisting of Indigenous and non-Indigenous climate scientists. Using a mixed-methods social network approach, the author evaluates central actors in the national-scale climate science organization on the basis of intersectional identities, relational ties, and structural leadership roles. Findings indicate that Indigenous women and youth were not among core governance dominated by elder Indigenous men and White women. However, Indigenous women consistently bridged distant members back into the group and provided less visible labor to support the organization. These did not translate to decision-making roles. The author argues that Indigenous values of relational reciprocity and self-determination need to supersede the rhetoric of diversity in environmental fields. The case demonstrates the importance of inclusive Indigenous governance to decolonize environmental partnerships and the potential lack of legitimacy should unexamined notions of tradition be used to obscure settler colonial dominance. © American Sociological Association 2020.",Dhillon C.M.,Sociology of Race and Ethnicity,"Department of Environmental Studies, Bryn Mawr College, Bryn Mawr, PA, United States",English,Article,climate change; inclusive governance; Native Americans; patriarchy; racism; social networks,42,,2-s2.0-85087049381,Final,All Open Access; Hybrid Gold Open Access,A_nucleo,en,scopus_v2,10.1177/2332649220908608,1.0,Mujeres indígenas y jóvenes quedan fuera del núcleo dominado por hombres indígenas mayores y mujeres blancas: posiciones no aditivas.,1.0,"Colonialismo de asentamiento, heteropatriarcado y racismo operan bajo la apariencia de colaboración; marco feminista indígena.",1.0,"Colaboración científica climática norteamericana de escala nacional, anclada en el colonialismo de asentamiento; advierte sobre usos no examinados de la 'tradición'.",1.0,Análisis de redes sociales con métodos mixtos que evalúa actores centrales según identidades interseccionales y roles de liderazgo.,4.0,high,,1.0,Propone que la reciprocidad relacional y la autodeterminación indígenas sustituyan la retórica de la diversidad para descolonizar colaboraciones.,1.0,Documenta que las mujeres indígenas reconectan miembros y aportan trabajo invisible; iniciativas indígenas para reanimar la gobernanza.,True,Evalúa posiciones de gobernanza según identidades interseccionales: mujeres indígenas y jóvenes frente a hombres indígenas mayores y mujeres blancas.,1.0,"El poder colonial-patriarcal explica las posiciones interseccionales, medidas con redes en su contexto y orientadas a la descolonización.",empirico_mixto,cambio_climatico_general,United States,sustantivo_fuerte,10,8.502535,8.890163,10_indigenous_climate_change_women,Mujeres indígenas y saberes propios,2
1468,Livelihoods with multiple stressors: Gendered youth decision-making under global change in rural Northwest Mexico,2020,10.1177/2514848619878603,"Livelihoods in rural communities have become increasingly complex due to rapidly changing socio-economic and environmental forces, with differing impacts on and responses by female and male youth. This study contributes to feminist political ecology through an explicit focus on youth and an examination of the intersections of age and gender in educational choices, livelihood systems, and human–environment interactions. We undertake double exposures analysis to explore female and male youths’ livelihood-related decision-making in Rayón, a semi-arid rural community in Northwest Mexico, undergoing global environmental change and globalization-related shifts in agriculture, climate, water, and socio-economic conditions. Global environmental change exacerbates an already fragile, local ecological context. A focus on gender issues among youth in three age categories (14–15, 16–19, and youth in their 20s) with respect to their decision-making concerning the future is critical to gaining a better understanding of the roles women and men will play in linked agricultural and non-agricultural, rural to urban livelihood systems. Agricultural employment increasingly includes global agribusiness where local youth compete with people from other areas. Access to employment, education, as well as water and land resources varied by gender, age, and social class, and played significant roles in livelihood diversification and migration decisions and outcomes. Mothers’ access to government assistance for their natural resource-based livelihoods positively impacted daughters’ opportunities. Educational curricula failed to link environmental change with local livelihoods and to prepare students for urban careers. This study offers insights related to female and male youths’ needs associated with environmental education, technology access, job training, and child and sibling care in order for them to more successfully confront the future across village, town, and city spaces. © The Author(s) 2019.",Buechler S.; Lutz-Ley A.,Environment and Planning E: Nature and Space,"University of Arizona, United States; El Colegio de Sonora, Mexico",English,Article,double exposures framework; feminist political ecology; global change; Northwest Mexico; rural livelihoods; Youth,5,,2-s2.0-85103348123,Final,,A_ampliada,en,scopus_v2,10.1177/2514848619878603,0.5,"Declara analizar intersecciones edad-género, pero los resultados reportan variación por género, edad y clase por separado.",0.5,"Ecología política feminista; nombra globalización, agronegocio y acceso desigual a recursos sin teorizar mecanismos de poder.",1.0,"Rayón, comunidad rural semiárida del noroeste de México, con cambios agrícolas, hídricos y socioeconómicos detallados.",0.5,Jóvenes por género y tres categorías de edad; el abstract no detalla el método ni un análisis interaccional.,2.0,medium,,0.5,"Identifica necesidades de educación ambiental, capacitación y cuidados, sin orientación explícita a la justicia.",1.0,"Centra el análisis en decisiones juveniles: diversificación de medios de vida, migración y elecciones educativas.",True,Examina las intersecciones de edad y género en decisiones de sustento; el acceso a recursos también varía por clase social.,0.5,"Doble exposición y ecología política feminista enlazan contexto y decisiones, pero la intersección edad-género queda poco analizada.",empirico_cualitativo,cambio_climatico_general,Mexico,parcial,6,6.5491595,8.693514,6_gender_change_climate_climate change,"Género, vulnerabilidad y medios de vida",2
1473,Planetary precarity and feminist environmental art practices in Antarctica,2020,10.1080/17449855.2020.1782576,"The article addresses Antarctica exclusively and focuses on three women artists: New Zealander, Anne Noble (Massey University, Wellington), American, Judit Hersko (California State University, San Marcos), and New Zealander Joyce Campbell (University of Auckland/Los Angeles). In the absence of indigenous inhabitants and a human population that excluded all women until the 1960s, these feminist contemporary artists make linkages between the region and issues of climate change to gender, the relation of the human to the non-human, questions of territory, knowledge production, and empire. The intersectional art works of these artists jolt viewers out of routine assumptions about the natural world using the strategies of postmodernism, speculative fiction, the Gothic, and the horror genre. Their provocative aesthetic approaches enable us to understand the powerful webs where cultural and natural aspects are entangled in the context of a modern visual tradition dominated by masculinist imagery of Antarctic wilderness from the Heroic Age of Exploration (1885–1922). © 2020, © 2020 Informa UK Limited, trading as Taylor & Francis Group.",Bloom L.E.,Journal of Postcolonial Writing,"University of California, Berkeley, United States",English,Article,Antarctic art; Antarctica; feminist art; feminist ecological art; polar art; postcolonial art,3,,2-s2.0-85087930051,Final,,A_nucleo,en,scopus_v2,10.1080/17449855.2020.1782576,0.0,No aplica: no supera el gate.,0.0,No aplica: no supera el gate.,0.0,No aplica: no supera el gate.,0.0,No aplica: no supera el gate.,0.0,medium,,0.0,No aplica: no supera el gate.,0.0,No aplica: no supera el gate.,False,"Enumera género, relación humano/no humano, territorio, conocimiento e imperio como temas; 'intersectional' califica las obras sin relacionar ejes sociales.",0.0,No aplica: no supera el gate.,conceptual_teorico,cambio_climatico_general; glaciares_criosfera,Antarctica,mencion_sin_aplicacion,-1,9.940749,8.40808,-1_climate_change_climate change_health,Sin tópico (outliers),2
1485,Transforming Gendered Lives and Livelihoods in Post-disaster Settings in the Bangladesh Sundarbans Forest,2020,10.1007/978-3-030-37425-9_24,"This chapter surveys literature on gendered livelihoods, disasters and community resilience, and contributes to the application of intersectionality in research on the post-cyclone influences of Cyclone Aila on gendered livelihoods in the Sundarbans forest communities of south-west Bangladesh and Aila’s intersectional impacts on the forest communities’ resilience. Overall, the literature has established Aila’s severe impacts on the gendered livelihood-seeking behaviours of the forest-dependents in the Sundarbans. This review chapter examines the resilience-building of the rural poor communities of the Sundarbans forest areas, and patterns of livelihood support services given to the Aila survivors by the four national NGOs (Shushilan, BRAC, SAMS and LEADRS). Thereafter, the paper investigates the intersectional dimensions of gender, religion and marital status influencing the gendered relations of the Aila survivors. Finally, the study demonstrates the utility of intersectionality as a theoretical tool for delving into livelihood transformation and gendered relations of two contrasting Sundarbans forest communities. © 2020, Springer Nature Switzerland AG.",Roy S.,Climate Change Management,"Institute for Culture and Society, Western Sydney University, Building EM, Parramatta Campus, Locked Bag 1797, Penrith, 2751, NSW, Australia; Department of Gender and Development Studies, Begum Rokeya University, Rangpur, Bangladesh",English,Book chapter,Cyclone Aila; Gender; Intersectionality; Livelihood; Post-disaster; Sundarbans,7,,2-s2.0-85079758729,Final,,A_nucleo,en,scopus_v2,10.1007/978-3-030-37425-9_24,0.5,"Nombra género, religión y estado civil como dimensiones interseccionales sin mostrar cómo se co-construyen.",0.0,"Se centra en medios de vida, resiliencia y servicios de ONG; no nombra estructuras de poder.",0.5,"Comunidades forestales del Sundarbans, suroeste de Bangladesh, tras Aila; contexto geográfico concreto pero escaso en lo histórico-político.",0.0,Capítulo de revisión de literatura; sin diseño empírico que opere intersecciones.,1.0,medium,,0.0,Enfoque analítico sobre la transformación de medios de vida; no menciona implicaciones de justicia.,0.5,"Menciona la construcción de resiliencia y estrategias de búsqueda de sustento, sin documentarlas en detalle.",True,"Investiga las dimensiones interseccionales de género, religión y estado civil en las relaciones de género tras el ciclón Aila.",0.5,"Secciones sucesivas (literatura, ONG, dimensiones interseccionales) con articulación parcial en torno a medios de vida.",revision,ciclon_huracan_tormenta,Bangladesh,nominal_debil,-1,4.7348247,7.8850923,-1_climate_change_climate change_health,Sin tópico (outliers),2
1491,Wildfire in the news media: An intersectional critical frame analysis,2020,10.1016/j.geoforum.2020.06.008,"The unprecedented 2015 wildfire season in northern Saskatchewan, Canada resulted in the largest evacuation in the province's history. The depiction of such environmental hazards in the news media is one mechanism that can, even inadvertently, reinforce historical and contemporary social inequalities through its discursive construction of the event and actors involved. We modified and applied a critical frame analysis (CFA) to explicitly reveal how intersecting social identity attributes and associated power relations emerged in media narratives of the Saskatchewan wildfire event, as well as how dominant narratives were challenged. Findings derived from two local and two national news sources revealed that mainstream media largely reflected and reinforced a normative characterization of wildfire response and planning that is highly gendered and exclusionary. Specifically, this characterization constructed intersecting dualisms, giving agency to men and historically male-dominated organizations and casting women, as well as northern and Indigenous communities, as passive residents in need of protection. Our application of the framework also revealed how dominant narratives were challenged through alternative discourses that recognized the agency of community members. A key contribution of the CFA framework, when combined with an intersectional lens, is its ability to draw attention to the ways in which identity attributes (e.g., gender, race) and associated power relations (e.g., patriarchy, racism, colonialism) work together, and to thereby generate insights that can help redefine policy problems and ultimately, more effectively address the social dimensions of environmental hazards. © 2020 Elsevier Ltd",Walker H.M.; Reed M.G.; Fletcher A.J.,Geoforum,"School of Environment and Sustainability, University of Saskatchewan, 117 Science Place, Saskatoon, Canada; Department of Sociology and Social Studies, University of Regina, 3737 Wascana Parkway, Regina, Canada",English,Article,Critical frame analysis; Environmental hazards; Gender; Intersectionality; Media; Wildfire,44,Canada; Saskatchewan; fire management; gender disparity; hazard assessment; indigenous population; mass media; media role; power relations; social exclusion; social media; wildfire,2-s2.0-85086455657,Final,,A_nucleo,en,scopus_v2,10.1016/j.geoforum.2020.06.008,1.0,Dualismos que se intersectan: agencia para los hombres; mujeres y comunidades norteñas e indígenas como residentes pasivos.,1.0,"Patriarcado, racismo y colonialismo operan juntos; los medios reproducen desigualdades históricas mediante la construcción discursiva.",1.0,"Temporada de incendios de 2015 en el norte de Saskatchewan, mayor evacuación provincial, con desigualdades históricas y contemporáneas.",1.0,"Análisis crítico de marcos modificado con lente interseccional, aplicado a dos medios locales y dos nacionales.",4.0,high,,1.0,Busca redefinir problemas de política y abordar mejor las dimensiones sociales de las amenazas ambientales.,1.0,Identifica discursos alternativos que desafían la narrativa dominante y reconocen la agencia comunitaria.,True,"Analiza cómo atributos identitarios que se intersectan (género, raza, indigeneidad) y relaciones de poder operan juntos en narrativas mediáticas.",1.0,"Método, estructuras de poder, identidades entrelazadas y contexto se articulan en un análisis coherente.",empirico_cualitativo,incendio_forestal,Canada,sustantivo_fuerte,-1,6.627869,5.885008,-1_climate_change_climate change_health,Sin tópico (outliers),2
1500,Black feminism and radical planning: New directions for disaster planning research,2019,10.1177/1473095218763221,"After Hurricane Katrina’s devastation of the United States’ Gulf Coast, conversations about flooding became focused on the interconnections between so-called “natural” disasters, poverty, gender and race. Although research has long shown that women, people of color and low-income communities are more vulnerable to natural hazards, the disproportionate effects of Hurricane Katrina and subsequent federal and state disaster response efforts forced the national spotlight on the institutional and systemic nature of racism, classism and sexism. Using Black feminism and radical planning theory, two lenses that provides a comprehensive framework for understanding racism, classism and sexism, this article examines the concept and literature of social vulnerability. I argue while social vulnerability research has made significant contributions to planners’ understandings of disasters and inequity, it fails to center community knowledge, identify intersectional oppressions and name them as such and encourage community activism, all of which are keys to making meaningful change. © The Author(s) 2018.",Jacobs F.,Planning Theory,"Texas A&M University, United States",English,Article,Black feminism; disasters; environmental justice; feminism; social vulnerability; urban planning,136,Gulf Coast [United States]; United States; black population; disaster management; environmental justice; equity; feminism; flooding; gender disparity; Hurricane Katrina 2005; racism; social structure; state role; urban planning; vulnerability,2-s2.0-85044032902,Final,,A_nucleo,en,scopus_v2,10.1177/1473095218763221,1.0,"Desde el feminismo negro trata racismo, clasismo y sexismo como opresiones entrelazadas que la investigación sobre vulnerabilidad no nombra.",1.0,"Subraya la 'institutional and systemic nature of racism, classism and sexism' y la respuesta federal y estatal; marco de planificación radical.",0.5,"Katrina y la Costa del Golfo sirven de contexto, pero el análisis versa sobre el concepto general de vulnerabilidad social.",0.0,Análisis conceptual de la literatura sin operacionalización empírica de intersecciones.,2.5,medium,,1.0,Propone la planificación radical y el activismo comunitario como claves para un cambio significativo frente a la inequidad.,0.5,"Reclama centrar el conocimiento comunitario y el activismo, pero no documenta estrategias concretas de los sujetos.",True,"Relaciona pobreza, género y raza en la vulnerabilidad tras Katrina y exige identificar 'intersectional oppressions' desde el feminismo negro.",1.0,"El feminismo negro enlaza opresiones estructurales, vulnerabilidades entrelazadas y propuesta de praxis en un argumento coherente.",conceptual_teorico,desastres_multiples; ciclon_huracan_tormenta; inundacion,United States,sustantivo,0,4.363149,5.954689,0_disaster_disasters_risk_disability,"Desastres y riesgo: discapacidad, género y recuperación",3
1523,Livelihood Resilience of the Indigenous Munda Community in the Bangladesh Sundarbans Forest,2019,10.1007/978-3-319-93336-8_10,"The Indigenous (Adivasi) Munda community in the village of Kalinchi in Shyamnagar upazilla (subdistrict), Satkhira of Bangladesh has undergone severe threats to livelihood due to the long-term effects of climatic disasters (such as: tropical cyclones, floods, salinity intrusion, famine, and heat waves). Kalinchi is situated adjacent to the riverbank of Dhojikhali near the Sundarbans Forest. This is the largest mangrove forest in the world, and it provides livelihood support to a large number of the coastal populations southwest of Bangladesh. The Adivasi Munda Community at Kalinchi has been traditionally earning a livelihood (such as harvesting honey, catching fishes and crabs in the forest surrounding rivers and channels, cutting trees and timbers) in the Sundarbans Forest. The earning of livelihoods was severely threatened, due to the severe Cyclone Aila on 9 May 2009. This chapter primarily considers the long-term socioeconomic and ecological impacts of Aila on traditional livelihoods in the Sundarbans. The current study then documents resilience with a particular focus on the human livelihood of the untouchable Adivasi Munda Community dwelling near the Bangladesh Sundarbans Forest. An autoethnographic approach combing both focus groups and face-to-face life story interviews has been utilized in this study. © Springer Nature Switzerland AG 2020.",Roy S.,"Handbook of Climate Change Resilience, Volume 1-4","Institute for Culture and Society, Western Sydney University, Sydney, NSW, Australia; Department of Women and Gender Studies, Begum Rokeya University, Rangpur, Bangladesh",English,Book chapter,Adivasi Munda community; Cyclone Aila; Intersectionality; Livelihood resilience; Sundarbans forest,8,,2-s2.0-85162622122,Final,,A_nucleo,en,scopus_v2,10.1007/978-3-319-93336-8_10,0.5,"Indigeneidad e intocabilidad definen a la comunidad, pero el resumen no analiza cómo se co-construyen ante los impactos del ciclón.",0.0,"Atribuye las amenazas a los desastres climáticos; no articula estructuras como el casteísmo, el colonialismo o el despojo.",0.5,"Detalle geográfico (Kalinchi, Shyamnagar, Satkhira, Sundarbans) y del ciclón Aila de 2009, con poco contexto histórico-político.",0.5,"Autoetnografía con grupos focales e historias de vida en una comunidad adivasi, sin análisis interaccional de los ejes.",1.0,medium,,0.0,Descriptivo: documenta impactos y resiliencia sin orientación explícita a la justicia ni a la transformación.,1.0,"Documenta la resiliencia de los medios de vida tradicionales (miel, pesca, cangrejos) de la comunidad munda.",True,La población combina indigeneidad y casta ('untouchable Adivasi Munda Community'): ejes implícitos sin ambigüedad según la regla 3.,0.0,La palabra clave interseccional y la condición adivasi intocable no se conectan con el análisis de impactos y resiliencia.,empirico_cualitativo,ciclon_huracan_tormenta,Bangladesh,nominal_debil,-1,4.7374854,8.175981,-1_climate_change_climate change_health,Sin tópico (outliers),3
1535,Social dimensions of climate hazards in rural communities of the global North: An intersectionality framework,2019,10.1016/j.jrurstud.2019.09.012,"Livelihood, employment, subsistence, and recreational practices of rural and Indigenous communities in the global North are increasingly impacted by climate hazards such as wildfire, floods, and drought. However, communities are often viewed as homogenous entities, with little recognition to how diverse individuals within those communities experience and respond to such hazards. Intersectionality, a concept derived from feminist theory, offers a promising lens for delineating how power relationships and interacting social characteristics such as gender, race, ethnicity, class, location, and age influence context-specific experiences of climate hazards. In this paper, we relate our findings from a rapid literature review identifying how intersectionality is currently being approached in climate hazards research of the global North. With these findings, along with insights from theoretical intersectionality scholarship, we then develop an analytical framework composed of five attributes to guide empirical research on the social dimensions of climate hazards in rural communities of the global North. The framework offers a means for comparative intersectional research, contributing to an enhanced understanding of socially equitable and culturally appropriate adaptive responses, outcomes, and decision-making. © 2019 Elsevier Ltd",Walker H.M.; Culham A.; Fletcher A.J.; Reed M.G.,Journal of Rural Studies,"School of Environment and Sustainability, University of Saskatchewan, 117 Science Place, Saskatoon, Canada; Department of Sociology and Social Studies, University of Regina, 3737 Wascana Parkway, Regina, Canada",English,Article,Climate hazards; Gender; Global North; Intersectionality; Rural communities,51,Europe; North America; analytical framework; empirical analysis; gender; hazard assessment; indigenous population; literature review; meteorological hazard; rural society,2-s2.0-85072618907,Final,,A_nucleo,en,scopus_v2,10.1016/j.jrurstud.2019.09.012,0.5,"Presenta los ejes como características que interactúan, pero como lista genérica, sin analizar cómo se co-construyen.",0.5,"Nombra «power relationships» como factor, sin especificar estructuras (racismo, patriarcado, colonialismo) ni teorizar mecanismos.",0.5,"Comunidades rurales e indígenas del Norte global y «context-specific experiences», pero contexto amplio y sin anclaje histórico-político.",0.0,Revisión rápida y marco analítico para guiar investigación futura; no hay operacionalización empírica de intersecciones.,1.0,medium,,0.5,Alude a respuestas adaptativas «socially equitable and culturally appropriate» sin desarrollar una orientación transformadora.,0.5,"Menciona cómo los individuos «experience and respond to such hazards», sin documentar estrategias propias.",True,"Define la interseccionalidad como «power relationships and interacting social characteristics such as gender, race, ethnicity, class, location, and age».",0.5,"El marco vincula poder, características que interactúan y contexto, pero de forma programática y sin análisis empírico.",revision,incendio_forestal; inundacion; sequia,Global North,nominal_debil,-1,6.9429665,6.1091304,-1_climate_change_climate change_health,Sin tópico (outliers),2
1539,The Intersectionality of Disasters’ Effects on Trust in Public Officials,2019,10.1111/ssqu.12727,"Objective: Groups defined by race and ideology are well-known predictors of interpersonal and political trust, but gender-based effects are undecided. I investigate whether disaster experience conditions a difference in political trust between women and men. Methods: Examining the hurricane data set of U.S. public opinion, I analyze intersectionality's influence on disaster-based political trust with a three-way interaction between race, class, and gender. Results: Among disaster survivors, black women trust less than all other race–gender groups, and white men trust the most. The difference between black and white women survivors’ political trust is attenuated by education. Education exacerbates race-based political trust among observers. Among observers, there is not a gender-based distinction. Conclusion: Disasters create new identities based on shared experience, and offer a moment in time that illustrates how trust varies along gender–race–class–disaster dimensions. Knowing how trust differs according to intersectionality allows managers to manage critical events better. © 2019 by the Southwestern Social Science Association",Reinhardt G.Y.,Social Science Quarterly,"University of Essex, United Kingdom",English,Article,,20,,2-s2.0-85073830564,Final,,A_nucleo,en,scopus_v2,10.1111/ssqu.12727,1.0,"Interpreta posiciones combinadas: «black women trust less than all other race–gender groups, and white men trust the most».",0.0,"No nombra estructuras de poder (racismo, patriarcado); las diferencias se describen como efectos de grupo, sin teorización.",0.5,"Encuesta de opinión pública de EE. UU. sobre huracanes; contexto superficial, sin anclaje histórico o político.",1.0,Interacción triple raza × clase × género y comparación entre sobrevivientes y observadores (regla 4).,1.0,high,,0.0,"La implicación es gerencial («allows managers to manage critical events better»), sin orientación a la justicia.",0.0,Los sujetos aparecen como encuestados cuya confianza se mide; no se aborda agencia ni estrategias.,True,"Modela una «three-way interaction between race, class, and gender» en la confianza política tras huracanes.",0.5,"Identidades y método se articulan en el modelo de interacción, pero sin explicación estructural ni contextual.",empirico_cuantitativo,ciclon_huracan_tormenta,United States,nominal_debil,0,4.609272,6.238223,0_disaster_disasters_risk_disability,"Desastres y riesgo: discapacidad, género y recuperación",2
1550,At the intersections of multiple marginalisations: displacements and environmental justice in Mexico and Ethiopia,2018,10.1080/23251042.2017.1419418,"This article examines the politics of institutional governance of displacements and the intersecting experiences of environmental justice, drawing on case studies of flood disasters and urban displacements in Villahermosa, Mexico, and government-sponsored displacements and resettlements in rural Oromia, Ethiopia. We argue that a fuller understanding of how institutional governance produces multiple marginalisations requires political–ecological and intersectional analyses of residents’ experiences of injustices that encompass interlinkages between social position, gender and political power. The analysis is based on ethnographic fieldwork conducted in Mexico and Ethiopia, comprising interviews, participant observation, document analysis and surveys. The study shows similarities and differences in patterns of governance, mechanisms of marginalisation and relations of authority and power concerning differentiated displacements and everyday vulnerabilities in different contexts of the global South. Our analysis enriches theoretical understanding of governance and justice, demonstrating how multiple marginalities are produced, reinforced and contested through political processes imbricated with forms of governance characterised by institutional intrusion and absence. © 2017, © 2017 The Author(s). Published by Informa UK Limited, trading as Taylor & Francis Group.",Nygren A.; Wayessa G.,Environmental Sociology,"Development Studies, University of Helsinki, Helsinki, Finland",English,Article,Displacement; environmental justice; Ethiopia; governance; intersectionality; marginalisation; Mexico; political ecology,40,,2-s2.0-85050743219,Final,All Open Access; Green Open Access; Hybrid Gold Open Access,A_nucleo,en,scopus_v2,10.1080/23251042.2017.1419418,1.0,"Muestra cómo «multiple marginalities are produced, reinforced and contested», articulando posición social, género y poder político.",1.0,"Gobernanza institucional, «mechanisms of marginalisation and relations of authority and power», intrusión y ausencia institucional; marco de ecología política.",1.0,Inundaciones en Villahermosa y reasentamientos en Oromia; compara similitudes y diferencias entre contextos del Sur global.,0.5,"Etnografía con entrevistas, observación, documentos y encuestas; no describe muestreo ni codificación que operen las intersecciones.",3.5,high,,1.0,Marco de justicia ambiental y crítica situada de la gobernanza que produce marginaciones múltiples.,0.5,"Señala que las marginalidades son «contested», sin documentar las estrategias de los residentes.",True,"Análisis interseccional de injusticias con «interlinkages between social position, gender and political power».",1.0,"La gobernanza explica las marginaciones entrelazadas, analizadas etnográficamente en dos contextos y leídas desde la justicia ambiental.",empirico_mixto,inundacion,Mexico; Ethiopia,sustantivo_fuerte,-1,5.5127497,7.2279177,-1_climate_change_climate change_health,Sin tópico (outliers),2
1552,"Climate change, colonialism, and women’s well-being in Canada: what is to be done?",2018,10.17269/s41997-018-0031-z,"The impacts of accelerating climate change across Canada are unequally distributed between populations and regions. Emerging evidence shows climate change and resultant policies to be worsening gendered social and economic inequities between women and men, with women’s participation largely absent in climate change research and decision-making. These dynamics are resulting in negative impacts for women’s well-being, with Indigenous and historically marginalized women at increased risk of experiencing health inequities as a result of climate change. To date, public health discourse has largely failed to incorporate gender as a key determinant of health in discussions of climate change impacts on populations. Paralleling this lack of development, the entangled relationship between climate and colonialism tends to be subsumed under the term “Aboriginality” within health determinants discourse. This commentary on gender and climate change in Canada is framed within a radical intersectional approach as an alternative course of public health analysis and action aimed at addressing resulting health and power inequities. Following an overview of evidence regarding the gendered impacts of climate change on women’s work, roles, agency, and well-being, several possible public health action areas on climate change and gender are highlighted as necessary components for resilient communities capable of meeting contemporary challenges. © 2018, The Canadian Public Health Association.",Williams L.,Canadian Journal of Public Health,"School of Public Health, University of Saskatchewan, 104 Clinic Place, Saskatoon, S7K 2Z4, SK, Canada; School of Environmental Studies, University of Victoria, Victoria, BC, Canada",English,Note,Climate change; Gender; Indigenous; Women,17,Canada; Climate Change; Colonialism; Female; Health Status Disparities; Humans; Male; Sex Factors; Socioeconomic Factors; Women's Health; Canada; climate change; colonialism; female; health disparity; human; male; sex factor; socioeconomics; women's health,2-s2.0-85049134346,Final,All Open Access; Bronze Open Access; Green Open Access,A_nucleo,en,scopus_v2,10.17269/s41997-018-0031-z,0.5,"Señala a las mujeres indígenas como grupo de mayor riesgo, pero el análisis se centra en impactos de género entre mujeres y hombres.",0.5,"Nombra la relación «entangled» entre clima y colonialismo y las inequidades de género y poder, sin teorizar mecanismos.",0.5,"Canadá y colonialismo; critica la categoría «Aboriginality», pero sin contexto histórico detallado.",0.0,Comentario sin diseño empírico propio.,1.5,medium,,1.0,Propone «public health analysis and action» y áreas de acción para abordar inequidades de salud y poder.,0.5,"Incluye la agencia de las mujeres entre los ámbitos afectados, sin documentar estrategias propias.",True,"«Indigenous and historically marginalized women at increased risk», dentro de un «radical intersectional approach» sobre clima y colonialismo.",0.5,"Colonialismo, género y acción en salud pública se enlazan, pero la intersección con la indigeneidad no se desarrolla.",conceptual_teorico,cambio_climatico_general,Canada,parcial,10,8.295655,9.07312,10_indigenous_climate_change_women,Mujeres indígenas y saberes propios,2
1560,How must i explain to the dolphins? An intersectional approach to theorizing the epistemology of climate uncertainty,2018,,"The story of change and growth, i.e., evolution, in the traditional manner, involves an epistemology of indigenous knowledge systems that admits both evolution and the divine-and therefore the human capacity for free choice-that tells us that fossil fuels are a bad choice. Steven Biko's message of “Black Consciousness” responds to the dilemma of how we belong to the species that is damaging the planetary ecosystem, amd yet how we can deny complicity by saying that reclaiming our culture enables us to see what we have done, so we can refuse complicity with the system that has divided us and take responsibility for giving birth to new life. The uncertainties of climate change can be thought through using race, class, gender, sexual orientation, indigeneity, and disability as categories of analysis. The result is an understanding that through both climate science and lived experience, we can know enough to know we ought to act on climate change. We do not need more research; we need instead an acceptance of our ignorance amid a sense of ethical responsibility. This story speaks of liberation from oppression and of climate action as deeply entangled in. © 2021 Thieme Medical Publishers, Inc.. All rights reserved.",Abrahams Y.,Environmental Ethics,"Khoelife Indigenous Knowledge Systems, Cape Town, South Africa",English,Article,,2,,2-s2.0-85114098410,Final,,A_nucleo,en,scopus_v2,,0.5,Enumera seis categorías de análisis sin mostrar cómo se co-construyen.,0.5,"Alude a la «liberation from oppression» y al sistema que divide, desde la Conciencia Negra, sin teorizar mecanismos.",0.5,"Se ancla en la Conciencia Negra de Biko y en saberes indígenas, pero sin situar geografía ni historia explícitamente.",0.0,Ensayo teórico-epistemológico sin operacionalización empírica.,2.0,low,,1.0,Llama a la acción climática y a la responsabilidad ética: «we ought to act on climate change».,1.0,"Centra saberes indígenas, experiencia vivida y capacidad de elegir: recuperar la cultura para «refuse complicity with the system».",True,"Piensa la incertidumbre climática «using race, class, gender, sexual orientation, indigeneity, and disability as categories of analysis» en un enfoque interseccional.",0.5,"Epistemología indígena, liberación y acción climática se enlazan, pero las categorías interseccionales solo se enumeran.",conceptual_teorico,cambio_climatico_general,No especificado,parcial,10,8.803819,8.687949,10_indigenous_climate_change_women,Mujeres indígenas y saberes propios,2
1585,Critical ancestral computing for the protection of mother earth,2017,10.1108/S1479-368720150000029004,"In an age when computer science largely shapes the engagement of widely diverse populations with the world, the majority of computing professions are dominated by males, primarily of European descent. This monolithic group exhibits hubris that needs to be mitigated by drawing upon diverse points of view. This chapter examines computer science production and its contribution to global climate change through e-waste, water usage, and technophilia. Examining Indigenous epistemologies and intersectional theory to address race, class, and gender issues in relation to global climate change, the chapter advocates for broadening computer science education as a culturally sustaining (Paris, D. (2012). Culturally sustaining pedagogy: A needed change in stance, terminology, and practice. Educational Researcher, 41(3), 93-97; Paris, D., and Alim, H. S. (2014). What are we seeking to sustain through culturally sustaining pedagogy? A loving critique forward. Harvard Educational Review, 84(1), 85-100) and revitalizing (McCarty and Lee, 2014) approach to nurturing a social and environmentally responsible movement in computer science education. © 2017 by Emerald Publishing Limited.",Sandoval C.D.M.,Advances in Research on Teaching,"Arizona State University, United States",English,Article,Ancestral knowledge systems; Computer science education; Cultural revitalization; Culturally sustaining pedagogies; Decolonial feminism; Indigenous,4,,2-s2.0-85020456069,Final,,A_nucleo,en,scopus_v2,10.1108/s1479-368720150000029004,0.5,"Nombra raza, clase y género y el predominio de varones europeos, sin analizar cómo se co-construyen.",0.5,"Señala la dominación masculina y eurocéntrica de la computación, pero la atribuye a la 'hubris' del grupo sin teorizar mecanismos.",0.0,"No sitúa el análisis en un lugar, historia o política específicos.",0.0,Capítulo conceptual sin diseño empírico ni operacionalización de intersecciones.,1.5,medium,,1.0,Aboga por una educación en computación culturalmente sostenible que impulse un movimiento social y ambientalmente responsable.,1.0,Recupera epistemologías indígenas y saberes ancestrales como fuente de la propuesta y de revitalización cultural.,True,"Usa teoría interseccional para abordar raza, clase y género ante el cambio climático y critica el dominio de varones de ascendencia europea.",0.5,"Crítica interseccional, saberes indígenas y propuesta educativa se enlazan, pero sin contexto situado ni análisis de los ejes.",conceptual_teorico,cambio_climatico_general,No especificado,parcial,-1,9.687295,7.947209,-1_climate_change_climate change_health,Sin tópico (outliers),2
1620,"Masculinism, climate change and “man-made” disasters: Toward an environmental profeminist response",2016,10.4324/9781315678122-3,"This chapter examines both the reinstallation and intervention into, dominant gendered patterns after Hurricane Katrina struck the Gulf Coast on August 29, 2005. It focuses on advancement of men to positions of movement leadership and the promulgation and occasional subversion of dominant modalities of masculinity in movement values, visions and organizing styles. Within hours of Katrina’s landfall, local and national grassroots social movement organizers coalesced in the effort author call the movement for a Just Reconstruction. The post-disaster social movement provides the opportunity to examine men and masculinity across other social positionalities; important intersections of race, class, place, age and political experience complicate reductive notions of gender while also revealing gendered patterns. It describes the reproduction of men’s leadership, turn to an analysis of movement masculinity and then address instances of actual and potential intervention. Kai describes how the gendered experience of the disaster scape was reified in ways that promoted male leadership and naturalized masculinity. © 2016 selection and editorial material, Elaine Enarson and Bob Pease.",Pease B.,"Men, Masculinities and Disaster","University of Tasmania, Australia",English,Book chapter,,35,,2-s2.0-85031849695,Final,,A_ampliada,en,scopus_v2,10.4324/9781315678122-3,0.5,"Reconoce que raza, clase, lugar y edad complican el género, pero el análisis descrito se centra en la masculinidad.",1.0,Explica cómo el movimiento reprodujo el liderazgo masculino y naturalizó la masculinidad; marco crítico profeminista sobre el masculinismo.,1.0,"Huracán Katrina, Costa del Golfo (agosto de 2005) y el movimiento por una 'Just Reconstruction'.",0.0,No describe un método que opere las intersecciones.,2.0,low,,1.0,Orientado a una respuesta profeminista ambiental y a intervenciones en el movimiento por una reconstrucción justa.,1.0,Documenta la organización de base y la 'occasional subversion' de las masculinidades dominantes.,True,"Examina la masculinidad a través de otras posiciones: 'intersections of race, class, place, age and political experience complicate reductive notions of gender'.",0.5,"Poder de género, contexto, agencia y justicia se articulan, pero las intersecciones con raza, clase y edad quedan periféricas.",empirico_cualitativo,ciclon_huracan_tormenta; cambio_climatico_general,United States,parcial,0,4.394555,6.425691,0_disaster_disasters_risk_disability,"Desastres y riesgo: discapacidad, género y recuperación",3
1632,After the storm: The cultural politics of Hurricane Katrina,2015,10.14361/9783839428931,"»After the Storm« traces the cultural and political responses to Hurricane Katrina. Ever since Katrina hit the Gulf coast in 2005, its devastating consequences for the region, for New Orleans, and the United States have been negotiated in a growing number of cultural productions - among them Spike Lee's documentary film »When the Levees Broke«, David Simon and Eric Overmyer's TV series »Treme«, or Natasha Trethewey's poetry collection »Beyond Katrina«. This book provides interdisciplinary perspectives on these and other approaches to Hurricane Katrina and puts special emphasis on the intersections of the categories race and class. © 2015 transcript Verlag, Bielefeld. All rights reserved.",Dickel S.; Kindinger E.,After the Storm: The Cultural Politics of Hurricane Katrina,"Ruhr-Universität Bochum, Germany",English,Book,,2,Documentary films; Gulf coast; Hurricane katrina; Katrina; New Orleans,2-s2.0-105004720795,Final,,A_ampliada,en,scopus_v2,10.14361/9783839428931,0.5,"Anuncia un énfasis en la intersección raza-clase, pero el abstract no muestra cómo se co-construyen.",0.0,"Habla de 'cultural politics' sin nombrar estructuras (racismo, capitalismo) ni mecanismos.",0.5,"Katrina 2005, la Costa del Golfo y Nueva Orleans como escenario; contexto sociohistórico apenas desarrollado.",0.0,"Perspectivas interdisciplinarias sobre producciones culturales, sin método que opere intersecciones.",0.5,medium,,0.0,Sin orientación explícita a la justicia o la transformación.,0.0,"Analiza representaciones (documental, serie, poesía); no aborda la agencia de las personas afectadas.",True,Enfatiza explícitamente 'the intersections of the categories race and class' en las respuestas culturales a Katrina.,0.0,"La intersección raza-clase se declara como énfasis, sin articularse con poder, contexto ni método.",empirico_cualitativo,ciclon_huracan_tormenta,United States,nominal_debil,0,4.050399,5.9432893,0_disaster_disasters_risk_disability,"Desastres y riesgo: discapacidad, género y recuperación",2
1633,Climate change through an intersectional lens: Gendered vulnerability and resilience in indigenous communities in the United States,2015,,"The scientific and policy literature on climate change increasingly recognizes the vulnerabilities of indigenous communities and their capacities for resilience. The role of gender in defining how indigenous peoples experience climate change in the United States is a research area that deserves more attention. Advancing climate change threatens the continuance of many indigenous cultural systems that are based on reciprocal relationships with local plants, animals, and ecosystems. These reciprocal relationships, and the responsibilities associated with them, are gendered in many indigenous communities. American Indians, Alaska Natives, and Native Hawaiians experience colonization based on intersecting layers of oppression in which race and gender are major determinants. The coupling of climate change with settler colonialism is the source of unique vulnerabilities. At the same time, gendered knowledge and gender-based activism and initiatives may foster climate change resilience. In this literature synthesis, we cross-reference international literature on gender and climate change, literature on indigenous peoples and cli- mate change, and literature describing gender roles in Native America, in order to build an understanding of how gendered indigeneity may influence climate change vulnerability and resilience in indigenous communities in the United States. © 2015, USDA Forest Service. All rights reserved.",Vinyeta K.; Whyte K.P.; Lynn K.,USDA Forest Service - General Technical Report PNW-GTR,"Sociology Department, University of Oregon, Eugene, 97403, OR, United States; Department of Philosophy, Michigan State University, United States; University of Oregon, Eugene, 97403, OR, United States",English,Article,Climate change; Gender; Indigenous peoples,12,Alaska; United States; Animalia; climate change; colonialism; colonization; gender role; indigenous population; knowledge; literature review; nature-society relations; reciprocity; research work; vulnerability,2-s2.0-84951181255,Final,,A_nucleo,en,scopus_v2,,1.0,"Conceptualiza la 'gendered indigeneity' como posición específica que configura vulnerabilidad y resiliencia, no como suma de ejes.",1.0,El colonialismo de asentamiento acoplado al cambio climático como fuente de vulnerabilidades; colonización basada en opresiones de raza y género.,1.0,"Pueblos nativos de EE. UU. (American Indians, Alaska Natives, Native Hawaiians); relaciones recíprocas generizadas 'in many indigenous communities'.",0.5,"Síntesis que cruza tres literaturas (género-clima, indígenas-clima, roles de género nativos); sin datos propios.",3.5,high,,0.5,"Crítica del colonialismo de asentamiento e implicaciones para la resiliencia, sin recomendaciones ni agenda de justicia desarrolladas.",1.0,'gendered knowledge and gender-based activism and initiatives may foster climate change resilience'.,True,Articula género e indigeneidad/raza: 'intersecting layers of oppression in which race and gender are major determinants'; 'gendered indigeneity'.,1.0,El colonialismo explica la vulnerabilidad de la indigeneidad generizada en contextos nativos; saberes y activismo se ligan a la resiliencia.,revision,cambio_climatico_general,United States,sustantivo_fuerte,10,8.239185,9.164804,10_indigenous_climate_change_women,Mujeres indígenas y saberes propios,2
1647,Gendering Climate Change: Geographical Insights,2014,10.1080/00330124.2013.821730,"Although climate change is expected to increase vulnerabilities, marginalization, and sufferings of many in the Global South, impacts will be unevenly felt across social strata. Intersectionalities of social difference, especially along gender and class lines, differentiate the ways in which impacts of climate change are experienced and responded to. Feminist political ecology and feminist geography insights can explain how different groups of people understand, respond to, and cope with variability and uncertainties in nuanced and critical ways, thereby elucidating the gendered implications of climate change. With a regional focus on South Asia, the article underscores the key issues that can be applied geographically elsewhere. Gendered implications of climate change in South Asia are particularly poignant as patriarchal norms, inequities, and inequalities often place women and men in differentiated positions in their abilities to respond to and cope with dramatic changes in socioecological relations but also foreground the complex ways in which social power relations operate in communal responses to adaptation strategies. This is particularly evident in water-related productive and reproductive tasks in agrarian societies that constitute the majority of South Asia. As climate change is expected to exacerbate both ecological degradation (e.g., water shortages) and water-related natural hazards (e.g., floods, cyclones), thereby transforming gender-water geographies, it becomes imperative to undertake careful multiscalar and critical analyses to better inform policymaking. This article elucidates the complex ways that climate change will affect gender and social relations, thereby highlighting the ways that existing policy narratives and adaptation programs might be better informed by geographical insights. To this end, the article encourages feminist and critical geographers to more forcefully and fruitfully engage with global debates on climate change. © 2014 by Association of American Geographers.",Sultana F.,Professional Geographer,"Syracuse University, United States",English,Article,adaptation; climate change; gender; geography; vulnerability,292,South Asia; class; climate change; critical analysis; gender relations; policy making; power relations; vulnerability,2-s2.0-84902360183,Final,,A_nucleo,en,scopus_v2,10.1080/00330124.2013.821730,0.5,"Nombra la intersección género-clase, pero el desarrollo posterior se centra en el género (mujeres y hombres).",1.0,Normas patriarcales y relaciones de poder sitúan diferencialmente a mujeres y hombres; tareas hídricas productivas y reproductivas; ecología política feminista.,0.5,"Foco regional en Asia del Sur y sociedades agrarias, pero afirma que los temas pueden aplicarse en otros lugares.",0.0,Artículo conceptual sin operacionalización empírica.,1.5,high,,0.5,"Busca informar mejor las políticas y programas de adaptación, sin desarrollar una agenda de justicia.",0.5,"Reconoce cómo distintos grupos comprenden, responden y afrontan la variabilidad, sin documentar estrategias concretas.",True,"'Intersectionalities of social difference, especially along gender and class lines' diferencian cómo se experimentan los impactos climáticos.",0.5,"Articula patriarcado, geografías de género y agua y política, pero la clase queda poco integrada en el análisis.",conceptual_teorico,cambio_climatico_general,South Asia,parcial,6,6.2673182,8.750989,6_gender_change_climate_climate change,"Género, vulnerabilidad y medios de vida",2
1648,"Lost and Found Crops: Agrobiodiversity, Indigenous Knowledge, and a Feminist Political Ecology of Sorghum and Finger Millet in Northern Malawi",2014,10.1080/00045608.2014.892346,"This article tells the story of two indigenous, drought-tolerant grains, finger millet and sorghum, once grown in northern Malawi. Sorghum essentially disappeared from the landscape, replaced by maize. Finger millet persisted, despite being discouraged by colonial and postcolonial governments, but is now in decline. This case study of these two crops in northern Malawi uses data from in-depth interviews, focus groups, archival documents, and observations. I suggest that sorghum almost disappeared due to a combination of maize promotion, male migration, and pest problems. An upsurge of tobacco production, in part due to neoliberal policies, combined with gender dynamics that favor maize are reducing finger millet production. Drawing on theories of feminist political ecology, resilience, and indigenous knowledge, I argue that agrobiodiversity and related indigenous knowledge are situated in material and gendered practices. Efforts to improve social resilience in these vulnerable regions need to pay attention to processes and the intersectionality of gender, class, and other subjectivities at different scales that produce particular agricultural practices and knowledge in a given place. © 2014 © 2014 by Association of American Geographers.",Kerr R.B.,Annals of the Association of American Geographers,"Department of Development Sociology, Cornell University, United States",English,Article,feminist political ecology; gender; indigenous knowledge; Malawi; resilience,119,Malawi; Eleusine coracana; Nicotiana tabacum; Zea mays; agricultural practice; biodiversity; gender relations; indigenous knowledge; maize; millet; neoliberalism; political relations; sorghum; tobacco,2-s2.0-84899737800,Final,,A_nucleo,en,scopus_v2,10.1080/00045608.2014.892346,0.5,El análisis se centra en dinámicas de género; la intersección con la clase aparece sobre todo en la conclusión.,1.0,"Políticas coloniales y poscoloniales, promoción del maíz, políticas neoliberales y migración masculina como mecanismos; ecología política feminista.",1.0,Norte de Malawi con historia colonial y poscolonial; saberes 'situated in material and gendered practices' en un lugar dado.,0.0,"Entrevistas, grupos focales, archivos y observación, sin diseño que opere intersecciones.",2.0,low,,0.5,"Recomienda que la resiliencia social atienda la interseccionalidad, sin desarrollar una orientación de justicia.",1.0,Documenta saberes indígenas y la persistencia del mijo pese al desaliento de gobiernos coloniales y poscoloniales.,True,"Pide atender 'the intersectionality of gender, class, and other subjectivities' que producen prácticas y saberes agrícolas.",0.5,"Integra políticas, género y saberes en su contexto, pero la interseccionalidad género-clase no articula el análisis.",empirico_cualitativo,sequia,Malawi,parcial,4,6.5393457,10.094583,4_farmers_adaptation_change_climate change,Adaptación agraria y pequeños productores,2
1669,Hope Floats: African American Women's Survival Experiences after Katrina,2012,10.1080/10911359.2012.664982,"This article describes how 15 African American women 18 to 55 years of age coped with traumatic life events during and in the aftermath of Hurricane Katrina. The study's main question is how did African American women cope with traumatic events during and following Hurricane Katrina? Second, we explore how the intersection of race, gender, and social class influenced their experiences. An exploratory design of primary and secondary data using grounded theory methods generates a mid-level theory about resilience, spirituality and coping among Black women in the aftermath of the storm. © 2012 Copyright Taylor and Francis Group, LLC.",Hamilton-Mason J.; Everett J.; Hall J.C.; Harden S.; Lecloux M.; Mancini S.; Warrington R.,Journal of Human Behavior in the Social Environment,"School of Social Work, Simmons College, Boston, MA 02115, 300 The Fenway, United States; School for Social Work, Smith College, Northampton, MA, United States; College of Social Work, The University of Tennessee, Knoxville, TN, United States",English,Article,Black women; hurricane Katrina; resilience; spirituality,6,,2-s2.0-84860324501,Final,,A_ampliada,en,scopus_v2,10.1080/10911359.2012.664982,1.0,"Segunda pregunta: cómo 'the intersection of race, gender, and social class influenced their experiences' en mujeres negras.",0.0,"No nombra estructuras (racismo, patriarcado) ni mecanismos; la teoría resultante se centra en afrontamiento y espiritualidad individuales.",0.5,"Situado en Katrina y su posdesastre, sin desarrollo histórico, geográfico ni político del contexto.",1.0,Muestra de 15 mujeres afroamericanas (subgrupo interseccional) y teoría fundamentada que explora la intersección raza-género-clase.,2.0,medium,,0.0,"Sin orientación explícita a justicia, política o transformación; el foco es descriptivo sobre el afrontamiento.",1.0,"Documenta resiliencia, espiritualidad y estrategias de afrontamiento de las mujeres durante y después del huracán.",True,"Estudia mujeres afroamericanas y explora explícitamente cómo la intersección de raza, género y clase social moldeó sus experiencias tras Katrina.",0.5,"Intersección, muestra y agencia se conectan, pero sin poder estructural ni contexto que expliquen esa posición social.",empirico_cualitativo,ciclon_huracan_tormenta,United States,parcial,0,4.3114543,5.9664474,0_disaster_disasters_risk_disability,"Desastres y riesgo: discapacidad, género y recuperación",2
1671,"Mississippi front-line recovery work after Hurricane Katrina: An analysis of the intersections of gender, race, and class in advocacy, power relations, and health",2012,10.1016/j.socscimed.2011.08.034,"By disrupting the routine practices and social structures that support social hierarchy, disasters provide a unique opportunity to observe how gender, race, and class power relations are enacted and reconstituted to shape health inequities. Using a feminist intersectional framework, we examine the dynamic relationships among a government/corporate alliance, front-line disaster recovery workers, and disadvantaged residents in Mississippi Gulf Coast communities in the aftermath of Hurricane Katrina, which struck in August, 2005. Data were collected between January 2007 and October 2008 through field observations, public document analysis, and in-depth interviews with 32 front-line workers representing 27 non-governmental, nonprofit community-based organizations. Our analysis reveals how power relationships among these groups operated at the macro-level of the political economy as well as in individual lives, increasing health risks among both the disadvantaged and the front-line workers serving and advocating on their behalf. Socially situated as . outsiders-within, front-line recovery workers operated in the middle ground between the disadvantaged populations they served and the powerful alliance that controlled access to essential resources. From this location, they both observed and were subject to the processes guiding the allocation of resources and their unequal outcomes. Following a brief period of hope for progressive change, recovery workers became increasingly stressed and fatigued, particularly from lack of communication and coordination, limited resources, insufficient capacity to meet overwhelming demands, and gendered and racialized mechanisms of marginalization and exclusion. The personal and collective health burdens borne by these front-line recovery workers - predominantly women and people of color - exemplify the ways in which the social relations of power and control contribute to health and social inequities. © 2011 Elsevier Ltd.",Weber L.; Hilfinger Messias D.K.,Social Science and Medicine,"Department of Psychology, University of South Carolina, Columbia, SC 29208, United States; College of Nursing, University of South Carolina, Columbia, SC 29208, United States; Women's and Gender Studies Program, University of South Carolina, Columbia, SC 29208, United States",English,Article,Advocacy work; Burnout; Class; Disaster recovery; Gender; Health disparities; Hurricane Katrina; Intersectionality; Race; Social justice; USA,68,"Burnout, Professional; Consumer Advocacy; Continental Population Groups; Cyclonic Storms; Female; Health Status Disparities; Humans; Interviews as Topic; Male; Mississippi; Relief Work; Sex Factors; Social Class; Social Justice; Gulf Coast [Mexico]; Mexico [North America]; Mississippi; United States; advocacy; class; disaster management; gender; health risk; Hurricane Katrina 2005; marginalization; nongovernmental organization; nonprofit organization; political economy; power relations; race; resource allocation; social justice; article; city planning; conceptual framework; cooperation; economics; emergency health service; feminist intersectional framework; financial management; gender; group dynamics; health disparity; human; human relation; human rights; hurricane; interpersonal communication; intersectionality; non profit organization; occupational health; politics; power relation; public health; race; rescue personnel; social aspect; social aspects and related phenomena; social class; social inequality; social interaction; social justice; United States",2-s2.0-84860243304,Final,,A_nucleo,en,scopus_v2,10.1016/j.socscimed.2011.08.034,1.0,"Relaciones de poder de género, raza y clase 'enacted and reconstituted'; trabajadoras mayoritariamente mujeres y personas de color como 'outsiders-within'.",1.0,"Alianza gobierno/corporaciones, economía política macro y 'gendered and racialized mechanisms of marginalization and exclusion' en el acceso a recursos.",1.0,"Costa del Golfo de Mississippi, 2007-2008, recuperación posKatrina y economía política local; posición situada de las trabajadoras.",0.5,"Observación, documentos y 32 entrevistas con análisis multinivel, sin muestreo ni codificación explícitamente interseccionales.",3.5,high,,1.0,"Crítica situada del control de recursos y de las inequidades en salud, enmarcada en justicia social y trabajo de incidencia.",0.5,"Reconoce la incidencia de las trabajadoras, pero el análisis enfatiza su desgaste, estrés y marginación.",True,"Marco feminista interseccional que examina cómo las relaciones de poder de género, raza y clase se ejercen y reconstituyen tras Katrina.",1.0,"El poder estructural explica las cargas de salud de mujeres y personas de color, analizadas en su contexto y en varios niveles.",empirico_cualitativo,ciclon_huracan_tormenta,United States,sustantivo_fuerte,0,4.3024206,5.8627157,0_disaster_disasters_risk_disability,"Desastres y riesgo: discapacidad, género y recuperación",3
1678,"Coping with multiple disasters and diminishing livelihood resources caste, class, and gender perspectives: The case from Orissa, India",2009,,"This article examines the coping mechanisms of women-headed households against the diminishing effects of multiple disasters on livelihood assets. The evidence comes from Tarasahi, a coastal village in Orissa which experienced a super-cyclone in 1999; floods in 2001 and 2003; and drought in 2002. Based on in-depth interviews with twelve women- headed households and several governmental and nongovernmental organizations, farmland, livestock, and housing were found to be the most important livelihood assets for women. The findings suggest that the social relations of caste, class, and gender are factors just as significant for accentuating the impact of multiple disasters as the physical impact per se. Social and natural assets formed the most important means of coping for women. Nevertheless, the pattern, potential, and sustainability of these coping strategies reveal an increasing level of women's vulnerability rather than a reduction of it. It is recommended that mitigation of multiple disasters requires an integrated, multi-hazard disaster risk reduction (DRR) approach built on recognition of the intersection of caste, class, and gender.",Ray-Bennett N.S.,Regional Development Dialogue,"Disaster and Development Centre, Northumbria Univeristy, Newcastle upon Tyne, NE1 8ST, United Kingdom",English,Article,,10,Asia; Eurasia; India; Orissa; South Asia; coastal zone; coping strategy; disaster management; natural disaster; risk factor; womens status,2-s2.0-70350434479,Final,,A_ampliada,en,scopus_v2,,0.5,"Casta, clase y género figuran como 'factors' conjuntos; la intersección se invoca en la recomendación, sin mostrar su co-construcción.",0.5,"Nombra relaciones sociales de casta, clase y género y la erosión de activos, sin teorizar mecanismos estructurales.",0.5,"Aldea costera de Tarasahi (Orissa) con superciclón de 1999, inundaciones y sequía; escaso contexto histórico-político.",0.5,Entrevistas en profundidad a doce hogares encabezados por mujeres; no describe análisis cruzado por casta y clase.,2.0,medium,,1.0,Recomienda una RRD integrada y multiamenaza basada en el reconocimiento de la intersección casta-clase-género.,1.0,"Documenta estrategias de afrontamiento de las mujeres con activos sociales y naturales, aunque aumentan su vulnerabilidad.",True,"Analiza hogares encabezados por mujeres y concluye que las relaciones sociales de casta, clase y género acentúan el impacto de desastres múltiples.",0.5,"Hallazgos y recomendación se conectan, pero la intersección aparece más en la conclusión que en el análisis.",empirico_cualitativo,ciclon_huracan_tormenta; inundacion; sequia,India,parcial,-1,4.6405177,7.552248,-1_climate_change_climate change_health,Sin tópico (outliers),3
1679,The effects of disaster on the mental health of individuals with disabilities,2009,10.1017/CBO9780511730030.015,"INTRODUCTION Hemingway and Priestley (2006) report that “specific vulnerabilities arise at the intersections of disability, class, gender, and ethnicity” and conclude that people with disabilities “are disproportionately vulnerable to natural hazards primarily as a consequence of social disadvantage, poverty, and structural exclusion” (p. 54). However, while a limited number of studies have examined the physical and social impacts of disaster on individuals with disabilities, the extent to which disasters affect the mental health of individuals with disabilities is rarely addressed. In this chapter, I review results from studies that have systematically studied the effects of disaster on individuals with disabilities and whose results contribute to our understanding of the psychological impact of disaster on this population. Defining Disability Individuals with disabilities represent a significant portion of the population, accounting for 19.3% of the total U.S. population (Bault, 2008). The percent of population considered to have a disability varies geographically; in general, poorer communities and most of the U.S. southern states report higher disability rates. The National Organization on Disability estimated that over 23% of the population in New Orleans affected by Hurricane Katrina were individuals with a disability (National Organization on Disability, 2005a) and reported that it was “clear that a disproportionate number of [hurricane-related] fatalities were people with disabilities” (National Organization on Disability, 2005b). Statistics released support these observations and suggest that of those deaths directly attributable to Katrina, a disproportionate number were elderly or individuals with preexisting disabilities (Aldrich & Benson, 2008; Bourque, Siegel, Kano, & Wood, 2006). © Cambridge University Press 2009.",Stough L.M.,Mental Health and Disasters,"Department of Educational Psychology, Texas A and M University, College Station, TX, United States",English,Book chapter,,32,,2-s2.0-77955125642,Final,All Open Access; Green Open Access,A_ampliada,en,scopus_v2,10.1017/cbo9780511730030.015,0.0,No aplica: gate no superado.,0.0,No aplica: gate no superado.,0.0,No aplica: gate no superado.,0.0,No aplica: gate no superado.,0.0,medium,,0.0,No aplica: gate no superado.,0.0,No aplica: gate no superado.,False,La intersección discapacidad-clase-género-etnia solo aparece en una cita inicial de otros autores; la revisión trata la discapacidad como eje único.,0.0,No aplica: gate no superado.,revision,desastres_multiples; ciclon_huracan_tormenta,United States,mencion_sin_aplicacion,0,5.2083282,5.327579,0_disaster_disasters_risk_disability,"Desastres y riesgo: discapacidad, género y recuperación",2
1680,"The intersection of poverty discourses: Race, class, culture, and gender",2009,,"Hurricane Katrina and its aftermath present a timely window on the contradictory inner dynamics of race, class, gender, and poverty in America. The exposure of extreme poverty, closely associated with an urban Black underclass, stranded by natural disaster and political neglect, was both a reminder of the existence of deprivation that the public is reluctant to acknowledge and a reinforcement of popular prejudices and stereotypes about poverty that the same public is all too ready to espouse. In the United States, poverty is commonly given a Black and disreputable face and then alternately ignored and demonized, part of a legacy of institutionalized racism that obscures the complexity of its demographics, causes, and consequences. Media coverage of the disaster followed a familiar script: surprise and discovery, followed by efforts to classify victims and victimizers, deserving and undeserving, laced with a little sympathy for the former and moral outrage at the latter. Regardless of whether Katrina actually generates new concern, policy, or programs for the poor or just represents one of the periodic rediscoveries of poverty, the portrayal of its ravages graphically reinforces popular views of who is poor and why that underlies much of public opinion and policy. © 2009 by Rutgers University Press. All rights reserved.",Henderson D.; Tickamyer A.,"Emerging Intersections: Race, Class, and Gender in Theory, Policy, and Practice","Ohio University, United States; Department of Sociology and Anthropology, Ohio University, United States",English,Book chapter,,12,,2-s2.0-84889062701,Final,,A_ampliada,en,scopus_v2,,1.0,Analiza la racialización de la pobreza ('given a Black and disreputable face') como fusión de raza y clase; género apenas desarrollado.,1.0,Vincula el legado de 'institutionalized racism' y la negligencia política con guiones mediáticos que moldean opinión pública y política.,1.0,"Sitúa el discurso en la historia estadounidense de pobreza racializada, sus redescubrimientos periódicos y la cobertura de Katrina.",0.0,Capítulo interpretativo sin diseño empírico ni operacionalización de las intersecciones.,2.0,medium,,0.5,"Critica estereotipos que sostienen la opinión y la política sobre pobreza, sin desarrollar propuestas de transformación.",0.0,"Las personas pobres aparecen como objeto del discurso mediático y político, sin agencia documentada.",True,"Examina la intersección de raza, clase, género y pobreza revelada por Katrina, con la pobreza asociada a una 'urban Black underclass'.",0.5,"Racismo institucional, pobreza racializada y contexto se conectan; género y cultura quedan enumerados y falta método.",conceptual_teorico,ciclon_huracan_tormenta,United States,parcial,0,4.0666666,5.9322753,0_disaster_disasters_risk_disability,"Desastres y riesgo: discapacidad, género y recuperación",2
