paper_id,razonamiento
0,"Excluido por clima: aunque invoca un enfoque interseccional del trabajo en sentido social, el capítulo repasa aportes de la geografía feminista laboral y menciona la crisis climática únicamente como horizonte futuro de investigación, sin integrarla al objeto que efectivamente analiza."
1,"Excluido por clima: el trabajo modela con redes bayesianas la interrupción educativa por terremotos en Filipinas; aunque alude a efectos interseccionales de la vulnerabilidad social, la amenaza es sísmica y el registro no establece ningún vínculo con amenazas de origen climático."
2,"Excluido por clima: el capítulo sí invoca la intersección entre identidad subalterna y condición transgénero, pero el análisis etnográfico se centra en entorno construido, economía tecnológica y estigma, y el cambio climático figura solo como factor contextual incidental sobre la movilidad en los cruces viales."
3,"Gate no superado: el marco de aprendizaje automático agrupa hogares de Lekki por perfiles de vulnerabilidad ante inundación costera y afirma que esta es interseccional, pero combina atributos socioeconómicos con dependencia de infraestructura sin relacionar ejes de diferenciación social; por ello los criterios I–VI y la integración quedan en cero."
4,"Supera el gate con poca holgura: el marco relacional incluye las estructuras interseccionales como dimensión constitutiva, aunque no nombra ejes ni explica su cruce (I=0,5). Destaca la orientación a una adaptación socialmente justa (V=1); poder estructural y agencia quedan solo enunciados (II=0,5; VI=0,5) y, al ser conceptual, no hay método interseccional (IV=0)."
5,"Excluido por clima: la revisión de alcance sobre refugiados sirios menciona la interseccionalidad de las vulnerabilidades en sentido social, pero las crisis examinadas son guerra, pandemia y terremotos, y lo ambiental aparece solo como dimensión de vulnerabilidad, sin relación con amenazas climáticas."
6,"Aplicación parcial: el estudio cualitativo en Kibera vincula género, cuidados y tenencia insegura en la vulnerabilidad ante inundaciones, pero el análisis descansa en la comparación entre hombres y mujeres (I=0.5, IV=0.5); destaca la documentación de estrategias de adaptación propias (VI=1), mientras poder estructural y contexto quedan poco desarrollados."
7,"Gate no superado: la revisión de alcance mapea estudios cuantitativos sobre adopción de agricultura climáticamente inteligente en África subsahariana y solo señala la interseccionalidad de género como laguna de la literatura; no analiza ejes de diferenciación relacionados, de modo que los seis criterios y la integración quedan en cero."
8,"Gate no superado: la revisión integrativa evalúa cómo la literatura sobre soluciones basadas en la naturaleza frente al calor urbano incorpora equidad distributiva, de reconocimiento y procedimental; la lente interseccional aparece solo como vía recomendada, sin articular ejes de diferenciación social entre sí, por lo que todos los criterios quedan en cero."
9,"No supera el gate: el término interseccionalidad se usa para conectar discapacidad, cambio climático y resultados de rehabilitación mediante niveles socioecológicos, no para relacionar ejes sociales entre sí. La raza figura en el título y la búsqueda, pero el propio resumen admite que casi no aparece, por lo que la discapacidad queda como eje único."
10,"No supera el gate: la revisión compara el acceso de hombres y mujeres a la información climática por radio comunitaria y explica las barreras mediante normas de género, sin relacionar el género con otros ejes. La interseccionalidad solo se propone como marco para investigaciones futuras, uno de los supuestos que la regla excluye expresamente."
11,"Excluido por clima: la revisión propone un objetivo de desarrollo específico contra la discriminación racial y cita la acción climática del ODS 13 solo como ejemplo junto a pobreza y gestión de recursos, por lo que el clima no constituye el objeto del trabajo."
12,"Falso positivo: el artículo presenta un modelo de visión por computadora para segmentar deslizamientos en imágenes satelitales, donde la intersección es una métrica geométrica, sin contenido social interseccional ni vínculo explícito de los deslizamientos con lluvias o cambio climático."
13,"Pasa el gate porque sostiene que desigualdades e identidades entrelazadas agravan la vulnerabilidad de las mujeres, aunque con lógica de amplificación (I=0,5). Su fuerza está en la orientación a la justicia climática y en el liderazgo femenino (V=1, VI=1); el poder estructural se nombra sin mecanismos (II=0,5) y el contexto global es superficial (III=0,5)."
14,"No supera el gate: el trabajo es fundamentalmente técnico (downscaling con redes neuronales para Omán) y usa interseccional en el sentido de desafíos transversales o multidimensionales. Los roles de género y la identidad cultural aparecen en una lista de impactos discutidos en talleres, sin relacionarse entre sí ni con otras categorías sociales."
15,"Aplicación parcial: el estudio cualitativo en la costa de Ghana centra a mujeres jóvenes con discapacidad y nombra el cruce de género, discapacidad y pobreza ante inundaciones (I=0.5, IV=0.5), con clara orientación de derechos humanos (V=1); sin embargo, el marco conductual limita la teorización del poder estructural (II=0.5) y la agencia apenas aparece."
16,"No supera el gate, con dudas: la interseccionalidad poscolonial se declara como marco interpretativo, pero el resumen solo muestra lógicas ideológicas (neoliberalismo, eurocentrismo, antropocentrismo, realismo) que sostienen jerarquías genéricas. No relaciona categorías de diferenciación social ni teoriza cómo se cruzan; el abstract es insuficiente para descartar una articulación mayor."
17,"Excluido por interseccionalidad: el capítulo analiza el cruce temático entre agricultura, género e inseguridad alimentaria en África oriental, con el cambio climático como uno de sus factores, pero no invoca intersecciones entre categorías sociales ni un marco interseccional en sentido teórico-social."
18,"Excluido por interseccionalidad: el estudio cualitativo en Chimanimani documenta cómo la agroecología y los saberes indígenas sostienen la adaptación climática, pero la intersección que invoca es temática y no relaciona categorías sociales ni sistemas de opresión entre sí."
19,"Excluido por interseccionalidad: el capítulo vincula agroforestería y conocimiento indígena con la conservación y la resiliencia climática, pero la intersección mencionada es un cruce de campos y no articula categorías sociales ni opresiones entrelazadas."
20,"Aplicación parcial con fuerte anclaje crítico: el estudio cualitativo sobre sequía en uMkhanyakude conecta legados coloniales, Ubuntu y adaptación colectiva (II=1, III=1, VI=1) y propone políticas transformadoras (V=1), pero raza y género se nombran como construcciones coloniales sin analizarse como posiciones entrelazadas (I=0.5) y el método no opera intersecciones (IV=0)."
21,"Aplicación parcial centrada en el método: operacionaliza la vulnerabilidad interseccional al calor en Austria mediante arquetipos que combinan edad, ingreso, ocupación y lugar, interpretados como posiciones conjuntas (I=1, IV=1), pero no teoriza estructuras de poder (II=0), apenas desarrolla justicia (V=0.5) y no reconoce agencia de los grupos afectados (VI=0)."
22,"Aplicación parcial: el análisis espacial de refugios climáticos en Barcelona se orienta explícitamente a la justicia de movilidad con recomendaciones concretas (V=1), pero edad, ingreso y origen migrante se tratan como indicadores barriales separados, sin posiciones combinadas (I=0.5, IV=0), y no hay teorización estructural ni agencia de residentes (II=0.5, VI=0)."
23,"Aplicación parcial: la población sintética de Houston ante la tormenta Uri permite perfilar vulnerabilidades superpuestas por discapacidad, edad, ingreso y aislamiento lingüístico, pero los perfiles son descriptivos y acumulativos (I=0.5, IV=0.5); ofrece recomendaciones de equidad energética (V=1) sin teorizar poder estructural (II=0) ni documentar agencia (VI=0)."
24,"Aplicación parcial: el estudio de financiamiento climático en Nueva Escocia explica con racismo ambiental, legados coloniales y dependencia fiscal las desventajas compuestas de comunidades racializadas e indígenas (II=1, III=1) y se orienta a la justicia (V=1), pero trata los ejes de forma acumulativa (I=0.5) y entrevista a instituciones sin operacionalizar intersecciones (IV=0)."
25,"Excluido por interseccionalidad: el capítulo examina el nexo entre género, clima y seguridad en Canadá y Estados Unidos, pero la intersección invocada es temática y el abstract no relaciona categorías sociales ni sistemas de opresión entre sí."
26,"Excluido por interseccionalidad: la etnografía sobre el fatbike en Ámsterdam aborda justicia de movilidad y transición baja en carbono, pero la intersección que menciona vincula el vehículo con identidad, estilo de vida y autonomía, sin relacionar categorías sociales ni sistemas de opresión."
27,"Excluido por clima: el artículo aplica un análisis de políticas basado en interseccionalidad a la legislación canadiense sobre trabajo sexual, y la única alusión climática es al clima político, sin relación con el cambio climático ni con amenazas de origen climático."
28,"Aplicación metodológica sólida pero acotada: modela la exposición a inundaciones en California con indicadores cruzados de pobreza, raza y tenencia que interpreta como posiciones combinadas (I=1, IV=1), con sensibilidad a la heterogeneidad espacial (III=0.5), pero no teoriza estructuras de poder (II=0) ni desarrolla implicaciones de justicia (V=0) o agencia (VI=0)."
29,"Gate no superado: el estudio mixto evalúa una alianza universidad-comunidad para la justicia climática y reporta que los estudiantes comprendieron mejor la interseccionalidad, pero no analiza ejes de diferenciación social relacionados entre sí; por tanto los seis criterios y la integración quedan en cero pese a su orientación práctica."
30,"No supera el gate: la revisión examina cómo la identidad de género, incluidas personas no binarias y trans, condiciona el acceso al capital social en desastres. El capital social es un recurso, no un eje de diferenciación, y el enfoque interseccional que se reclama queda aplicado a un único eje, sin relacionarlo con raza, clase u otras categorías."
31,"Aplicación sustantiva: el estudio mixto con pastores hamer calcula vulnerabilidad para posiciones cruzadas como mujeres con discapacidad o en uniones polígamas y las interpreta como continuo de riesgo (I=1, IV=1), en un contexto institucional específico (III=1) y reconociendo agencia (VI=1); el poder estructural se nombra sin teorizar mecanismos (II=0.5)."
32,"Excluido por interseccionalidad: el análisis bibliométrico cuantifica tendencias de la literatura sobre saberes indígenas y adaptación climática, y la intersección que invoca es entre dos campos de estudio, sin referencia a categorías sociales ni a opresiones entrelazadas."
33,"No supera el gate, con dudas: la descripción del volumen alude a opresión interseccional e inequidades estructurales que afectan la vulnerabilidad climática, pero lo hace en una frase de alcance, sin teorizar el cruce de categorías ni nombrar ejes. El abstract editorial es insuficiente para saber si los capítulos articulan identidades entrelazadas."
34,"Excluido por clima: el análisis multinivel con interacciones por sexo y nivel socioeconómico sí es interseccional, pero examina actitudes antiinmigración y dolor crónico en adolescentes inmigrantes en Europa, y los desastres ambientales solo se mencionan como causa contextual de la migración."
35,"Excluido por interseccionalidad: la revisión bibliométrica sobre saberes indígenas y ciencia climática menciona el cruce de la adaptación con el género y el poder en comunidades indígenas como tema de la literatura, sin invocar intersecciones entre categorías sociales en sentido teórico-social."
36,"Aplicación parcial: la encuesta posterior al ciclón Remal en Bangladesh desagrega pérdidas de bienestar por sexo e incluye una clasificación cruzada de género y educación interpretada como posición combinada (I=1, IV=1), pero el poder estructural solo se insinúa en roles domésticos (II=0.5), la justicia queda enunciada (V=0.5) y no hay agencia (VI=0)."
37,"Gate no superado: el artículo defiende la colaboración presencial en equipos transdisciplinarios de un proyecto de resiliencia climática en Indonesia y Australia y acuña la noción de interseccionalidad transparente, pero se refiere a la diversidad del equipo y no articula ejes de diferenciación social relacionados entre sí."
38,"No supera el gate: el libro presenta enfoques interseccionales entendidos como integración de sostenibilidad ambiental con justicia social y climática, es decir, un cruce de campos. Los casos sobre activismo juvenil, desplazamiento o salud sexual y reproductiva se enumeran sin relacionar ejes de diferenciación; la agencia activista es visible, pero no la interseccionalidad sustantiva."
39,"Aplicación parcial con fuerte orientación crítica: el artículo vincula la crisis climática con sistemas patriarcales, coloniales y racistas (II=1) y destaca saberes y resistencias de mujeres negras quilombolas orientados a la justicia (V=1, VI=1), pero el abstract no describe método (IV=0) y enuncia las opresiones múltiples sin analizar su co-constitución (I=0.5)."
40,"No supera el gate: el capítulo analiza la agencia y el empoderamiento de mujeres costeras de Yakarta con el marco de Kabeer, pero trata el género como eje único. La interseccionalidad aparece solo como carencia de la literatura y la identidad social comunitaria se menciona de forma genérica, sin relacionar categorías entre sí."
41,"No supera el gate: el estudio cualitativo con seis madres ciclistas de Toronto examina cómo el ciclismo cotidiano se cruza con el cuidado, un cruce de prácticas. El marco ambientalista interseccional funciona como etiqueta y la maternidad no se articula con otros ejes; menciona desigualdades sistémicas y viabilidad económica sin relacionarlas con el género."
42,"Supera el gate al cuestionar la visión unidimensional y teorizar discriminaciones estructurales entrelazadas en la vulnerabilidad ante inundaciones. Como primer conceptual, no especifica ejes (I=0,5), nombra estructuras sin mecanismos (II=0,5), carece de contexto situado (III=0) y no operacionaliza empíricamente (IV=0); la orientación a reducir desigualdades es apenas esbozada (V=0,5)."
43,"No supera el gate: la revisión explica la vulnerabilidad de las agricultoras por inequidades de género y critica el supuesto patriarcal de hogares encabezados por hombres. La relación del género con otras desigualdades solo se plantea como vacío y agenda futura, supuestos excluidos por la regla; la condición de pequeña productora no se articula como eje."
44,"Aplicación parcial: la revisión sobre violencia de género en estudiantes 2SLGBTQIA+ ante estresores climáticos nombra la interseccionalidad y desigualdades estructurales (I=0.5, II=0.5) y ofrece recomendaciones institucionales y de política detalladas (V=1), pero no operacionaliza intersecciones (IV=0), representa a los sujetos como víctimas (VI=0) y reconoce un sesgo estadounidense."
45,"Gate no superado: el capítulo analiza desde fuentes secundarias la distribución del financiamiento climático en África y su débil enfoque de género, llamándolo análisis interseccional, pero trata el género como eje único y menciona lo rural de pasada, sin articular ejes de diferenciación relacionados; los criterios quedan en cero."
46,"No supera el gate: el marco de evaluación de la aptitud climática urbana incluye la interseccionalidad como uno de sus objetivos junto a justicia y equidad, pero no nombra ejes de diferenciación ni explica cómo se relacionan. El análisis evalúa tecnologías y proyectos urbanos, como tejas fotovoltaicas y el High Line, sin contenido interseccional."
47,"Aplicación conceptual con abstract insuficiente: el registro reproduce un texto teórico que define la interseccionalidad como sistemas de poder mutuamente constitutivos (I=1, II=1), pero no contiene análisis climático pese al título, no se sitúa en un contexto concreto (III=0.5) ni operacionaliza métodos (IV=0); la elegibilidad climática depende solo del título."
48,"Aplicación parcial: la descripción del libro vincula la crisis climática con disparidades de poder Norte-Sur y nombra la intersección de género y raza (I=0.5, II=0.5), con clara orientación a la justicia y a la resistencia comunitaria (V=1, VI=1), pero carece de contexto situado y de método interseccional (III=0, IV=0)."
49,"Pasa el gate porque presenta una metodología para captar cómo posiciones sociales que se cruzan moldean la vulnerabilidad climática. Su punto fuerte es el método, que operacionaliza intersecciones con mapas de relieve y SIG (IV=1); en cambio, no nombra estructuras de poder (II=0) ni tiene orientación a la justicia (V=0), y los ejes no se especifican (I=0,5)."
50,"Pasa el gate por la noción de desigualdades confluentes que agravan el riesgo climático, aunque los grupos vulnerables se enumeran por separado (I=0,5). Destaca su orientación normativa con recomendaciones de derechos humanos y protección de migrantes (V=1); el análisis jurídico nombra deficiencias sin mecanismos (II=0,5) y carece de contexto situado (III=0)."
51,"No supera el gate: el artículo analiza federalismo, polarización y subregistro de la mortalidad por calor en Estados Unidos, y llama interseccional al calor extremo en el sentido de problema transversal. Las disparidades socioeconómicas y raciales se citan como desigualdades que el calor amplificará, pero en paralelo, sin articularlas como entrelazadas."
52,"Excluido por interseccionalidad: el artículo propone una lectura relacional de la vulnerabilidad femenina ante eventos meteorológicos extremos, pero la intersección que invoca es entre género y vulnerabilidad como temas, sin articular dos o más categorías sociales ni un marco interseccional."
53,"No supera el gate: la pieza de perspectiva integra sistemas ecológicos, trauma colectivo y teoría interseccional para describir impactos psicosociales multinivel, pero la interseccionalidad funciona como lente nombrada y como carencia de la literatura. No identifica ejes de diferenciación ni explica cómo se relacionan para producir la inequidad que menciona."
54,"Aplicación parcial centrada en el método: el modelo de resiliencia energética de Nueva York cruza ingreso y raza-etnicidad e interpreta posiciones combinadas, como hogares negros de ingreso alto, frente a su estrato (I=1, IV=1), pero no teoriza estructuras que expliquen las disparidades (II=0), enuncia la justicia energética sin desarrollarla (V=0.5) y omite la agencia."
55,"Aplicación sustantiva en lo metodológico: el estudio con mujeres con enfermedad psiquiátrica en Toronto codifica con lente interseccional cómo los estresores climáticos se cruzan con roles de género (I=1, IV=1) e incorpora a usuarias como co-investigadoras (VI=1), aunque las estructuras de poder solo se insinúan (II=0.5) y las recomendaciones son asistenciales (V=0.5)."
56,"Aplicación parcial: la revisión de once litigios climáticos muestra cómo los demandantes construyen reclamos interseccionales con identidades de edad, origen cultural y salud, documentando su agencia legal (VI=1), pero describe la presencia de identidades más que su co-constitución (I=0.5) y apenas teoriza el poder estructural o el contexto de los casos (II=0.5, III=0.5)."
57,"Aplicación parcial: las historias de vida de agricultores en Baham, Camerún, comparan vulnerabilidad por género, estado civil y arraigo, con algunas posiciones combinadas como mujeres casadas (I=0.5, IV=0.5), y documentan estrategias propias de adaptación (VI=1), pero no teorizan el poder estructural (II=0) y las implicaciones de política quedan enunciadas (V=0.5)."
58,"Aplicación parcial y vínculo climático débil: el análisis del filme sobre escasez de agua en la India rural combina ecología política e interseccionalidad para leer cómo clase y casta condicionan la equidad hídrica (I=0.5, II=0.5), pero su objeto es ficcional, no operacionaliza método (IV=0) y el clima aparece sobre todo en el encuadre."
59,"Aplicación parcial: la revisión de alcance sobre personas mayores racializadas ante emergencias climáticas adopta una lente de justicia climática interseccional y propone preparación centrada en equidad y participación (V=1), pero describe vulnerabilidades en capas de manera acumulativa (I=0.5), sin teorizar el racismo (II=0.5) ni situar los hallazgos (III=0, IV=0)."
60,"Supera el gate solo por una mención contextual de desigualdades entrelazadas de clase, raza, género y poscolonialidad; el argumento central sobre afecto y deporte no las analiza (I=0.5, integración=0). Sin contexto situado ni método (III=0, IV=0), su puntuación descansa en la orientación explícita a la justicia climática (V=1)."
61,"Sustantivo: centra la posición específica de las mujeres indígenas en la gobernanza climática chilena (I=1, III=1) y contrasta su encuadre institucional como beneficiarias con sus propias demandas de derechos (V=1, VI=1). El poder se analiza en clave institucional sin teorizar estructuras coloniales o patriarcales (II=0.5), y el método documental opera las intersecciones solo parcialmente (IV=0.5)."
62,"Concepto crítico con fuerte anclaje estructural: interpreta el desempleo climático como despojo y exclusión epistémica (II=1) y lo orienta a la justicia estructural (V=1). Las desigualdades de clase, género y movilidad se declaran entrelazadas sin mostrar su co-construcción (I=0.5); como ensayo breve, carece de método (IV=0) y el caso turco es ilustrativo (III=0.5)."
63,"Uso interseccional mayormente nominal: el marco se invoca y la población se describe por raza y clase, pero el análisis de organizaciones no examina esas posiciones (I=0.5, IV=0). La puntuación proviene de la orientación a la equidad con recomendaciones de resiliencia comunitaria (V=1) y del reconocimiento de activos y saberes locales (VI=1)."
64,"Elegible por invocar un encuadre interseccional de la crisis climática, pero no supera el gate: género y etnicidad aparecen como temas asociados al clima, junto con violencia lenta y dignidad, sin relacionarse entre sí. El abstract, centrado en la representación mediática y el periodismo de soluciones, es insuficiente para saber si el análisis cruza ejes."
65,"Pasa el gate de forma mínima: nombra la influencia conjunta de casta, tribu, género y edad solo para señalar que la literatura la ignora (I=0.5, integración=0). Sin teorización del poder ni codificación interseccional (II=0, IV=0), puntúa sobre todo por sistematizar estrategias locales de adaptación (VI=1) en un contexto regional breve (III=0.5)."
66,"No supera el gate: el estudio evalúa si las comunicaciones de preparación ante desastres en Estados Unidos usan lenguaje sencillo e imágenes accionables para personas con discapacidad intelectual y del desarrollo. La vulnerabilidad climática interseccional se menciona como tema de aprendizaje, pero la discapacidad no se relaciona con otros ejes; la diversidad lingüística solo se enumera."
67,"Sustantivo en poder, contexto y praxis: sitúa la injusticia hídrica en los legados coloniales y del apartheid de Ciudad del Cabo (II=1, III=1) y co-produce herramientas de alianza e incidencia con activistas (V=1, VI=1). La intersección se trabaja entre movimientos más que como posiciones co-construidas, y el método no detalla análisis interaccional (I=0.5, IV=0.5)."
944,Falso positivo: revisión geográfica sobre la pandemia de COVID-19 y las sindemias en la que el clima es solo una mención incidental.
945,"Sustantivo en el plano teórico: interroga cómo las narrativas ecomaternalistas co-construyen raza, género y heteronormatividad (I=1) y las vincula con relaciones de poder patriarcales y poscoloniales (II=1), con una orientación transformadora explícita (V=1). Al ser una lectura de ficción, carece de método empírico (IV=0) y su contexto nigeriano y botsuano es solo literario (III=0.5)."
946,"Intersección operada cuantitativamente: la clasificación cruzada de género y estado civil identifica a viudas y divorciadas como posiciones de mayor vulnerabilidad (I=1, IV=1). Sin embargo, la vulnerabilidad se explica con atributos del hogar sin teorizar el patriarcado (II=0), los sujetos aparecen solo como vulnerables (VI=0) y las implicaciones se limitan a focalizar intervenciones (V=0.5)."
947,"Falso positivo: estudio de teledetección del calor urbano en Chicago que compara barrios solo por composición étnica, sin sentido interseccional."
948,"No supera el gate, aunque es un caso límite: el capítulo vincula discapacidad y opresión animal a través de la agroindustria y el calentamiento global. La especie no figura entre los ejes de diferenciación social de la rúbrica, por lo que la discapacidad queda como única categoría humana y los criterios se fijan en cero."
949,"Falso positivo: libro de ecocrítica sobre Virginia Woolf y el Antropoceno que relaciona el medio ambiente con diversos temas, sin articular categorías sociales entre sí."
950,"El criterio decisivo es la lectura interseccional de la cobertura: una representación más inclusiva en discapacidad, edad y género convive con el refuerzo del privilegio blanco, de clase y del Norte global (I=1). Reconoce a los activistas como agentes (VI=1), pero el poder, el contexto y la orientación transformadora quedan poco desarrollados (II, III, V=0.5)."
951,"No supera el gate: el editorial enumera muchos motivos de marginación y presenta casos sobre minorías étnicas, personas con discapacidad y minorías de género, pero los trata por separado. Lo interseccional del título alude al cruce de guerra, crisis económica y cambio climático, no a categorías sociales entrelazadas, por lo que la RSI es cero."
68,"Excluido: usa identidades interseccionales en sentido social, pero el clima es político y el objeto es la solidaridad queer intergeneracional, sin vínculo con el cambio climático."
69,"Excluido: aborda intersecciones de raza, colonialidad y género, pero analiza humor gráfico sobre salud planetaria y antropocentrismo, y el cambio climático figura solo como contexto incidental."
70,"Excluido: capítulo sobre comunicación climática en el Sur Global donde la interseccionalidad significa transversalidad sectorial del género, sin invocar intersecciones entre ejes sociales en sentido teórico."
71,"Supera el gate porque atribuye a atributos interseccionales la mediación de experiencias de movilidad, ilustrada con una tipología, aunque los ejes no se especifican (I=0,5). Destacan el anclaje situado en comunidades amazigh (III=1) y la agencia de quienes deciden irse o quedarse (VI=1); falta teorizar el poder estructural (II=0) y la orientación a la justicia (V=0,5)."
72,"No supera el gate, con dudas: la revisión concluye que la violencia climática es interseccional y estructural, pero esa caracterización no especifica qué categorías se cruzan ni cómo, y el término intersección se usa también para el vínculo entre clima y violencia. Falta una teorización explícita del entrelazamiento de ejes sociales en el abstract."
73,"Pasa el gate de forma ajustada: el marco Triple Loss incorpora desigualdades interseccionales, pero el análisis gira en torno al género con lógica acumulativa (I=0,5). Sobresale en poder estructural y orientación transformadora (II=1, V=1); como trabajo conceptual no operacionaliza intersecciones (IV=0) y el contexto se limita a la política internacional (III=0,5)."
74,"Estudio posthumano con tres familias, una de Primera Nación y dos colonas, durante inundaciones; la etiqueta de sostenibilidad interseccional, de sentido ambiguo, no se traduce en articular infancia e indigeneidad como posiciones entrelazadas, sino en una relación con Country, por lo que no supera el gate. Abstract poco descriptivo."
75,"Excluido: invoca la intersección de raza, lugar y estatus socioeconómico, pero estudia la formación de docentes de ciencias; el clima es solo un ejemplo incidental."
76,"No supera el gate: el capítulo propone actividades docentes con una novela de ficción climática y usa interseccionalidad para el cruce entre cambio climático y temas adolescentes como la ecoansiedad. Aunque menciona sistemas de poder y que ciertos grupos sufren los desastres de forma distinta, no nombra ni relaciona ejes de diferenciación social."
77,"Supera el gate al vincular discapacidad con Sur Global y marginación múltiple, pero la interseccionalidad no se desarrolla (I=0.5). Fuerte en poder estructural, al teorizar el capacitismo y la exclusión en la respuesta climática (II=1), en justicia (V=1) y en liderazgo discapacitado (VI=1); conceptual, sin método (IV=0)."
78,"Excluido: estudio crítico de gobernanza de desastres con interseccionalidad como palabra clave, pero los incendios analizados son urbanos y tecnológicos, sin relación con amenazas climáticas."
79,"Sustantivo: analiza cómo edad, género y desplazamiento co-constituyen masculinidades jóvenes (I=1) en Gulu posconflicto (III=1), con metodologías creativas centradas en un subgrupo interseccional (IV=1) y atención a negociaciones y esperanzas (VI=1). El poder estructural se nombra sin teorizar mecanismos (II=0.5) y la orientación a la justicia es limitada (V=0.5)."
80,"No supera el gate: la microsimulación compara hogares encabezados por hombres y por mujeres ante la reforma fiscal energética de la UE, con diferencias entre países. Aunque invoca una perspectiva interseccional, el género se analiza como eje único y la variación nacional no constituye una categoría de diferenciación social relacionada con él."
81,"Supera el gate porque las mujeres rurales y marginadas acumulan riesgos, aunque el eje central es el género (I=0.5). Destaca en poder estructural, al explicar la exclusión por financiamiento tecnocrático y de mercado (II=1), y en orientación transformadora con recomendaciones concretas (V=1); al basarse en literatura, no operacionaliza intersecciones (IV=0)."
82,"Excluido: panorama teórico sobre prácticas sociales y uso de energía que alude de pasada a dinámicas interseccionales y al calentamiento global, sin que el clima forme parte del objeto."
83,"Excluido: guía de estudios culturales de género con métodos interseccionales, donde el cambio climático es uno de varios temas listados y no el objeto del libro."
84,"Etnografía sobre discursos apocalípticos en la Escocia gaélica: usa lo interseccional para vincular luchas de justicia lingüística y ambiental en espacios marginados, pero no articula dos ejes de diferenciación social relacionados, por lo que no supera el gate. El vínculo climático se apoya sobre todo en las palabras clave."
85,"Excluido: duoetnografía sobre las identidades posicionadas de formadores docentes, donde el clima referido es sociopolítico y no hay vínculo con el cambio climático."
86,"Supera el gate al mostrar experiencias domésticas del clima diferenciadas por género, edad, economía y residencia, aunque enumeradas más que co-construidas (I=0.5). Los Climate Relief Maps no evidencian análisis interaccional (IV=0.5); documenta agencia cotidiana de adaptación y mitigación (VI=1) y apunta a la justicia climática sin desarrollarla (V=0.5)."
87,"Marco computacional de resúmenes de crisis orientado a la equidad: lista grupos vulnerables (edad, discapacidad, ingresos, idioma) por separado y reporta una métrica de cobertura interseccional sin explicar cómo relaciona los ejes, por lo que no supera el gate. El abstract es técnico e insuficiente para juzgar su operacionalización."
88,"No supera el gate: el ensayo teórico sitúa la comunicación intercultural estadounidense ante el cambio climático y propone un giro ecológico frente al gesto de evitación antropocéntrica. Solo menciona reimaginar vocabularios de opresión; no identifica ejes sociales ni los relaciona, y el abstract es insuficiente para valorar cómo se usa la interseccionalidad de las palabras clave."
89,"Supera el gate al presentar la experiencia del calor de personas con discapacidad entrelazada con discriminación interseccional, aunque los demás ejes no se analizan (I=0,5). Destaca el marco crítico feminista y anticolonial frente a la violencia estructural (II=1), la orientación transformadora (V=1) y el relato de sus propias luchas (VI=1); el contexto australiano queda superficial."
90,"Excluido: artículo de opinión sobre fitomejoramiento participativo para la transición agroecológica, donde el cambio climático es un desafío global más y la interseccionalidad solo figura como palabra clave."
91,"Supera el gate por centrarse en mujeres campesinas rurales, aunque el análisis es sobre todo de género (I=0.5). Destaca en poder estructural, al mostrar cómo gobernanza hídrica y relaciones de género reproducen desigualdad (II=1), en contexto situado (III=1), agencia documentada (VI=1) y propuestas transformadoras (V=1); el método estratifica solo por género (IV=0.5)."
92,"Falso positivo: estudio de teledetección y aprendizaje profundo sobre ríos trenzados del Amur, donde la intersección es una métrica de segmentación, sin contenido interseccional social."
93,"Supera el gate con vulnerabilidades al calor atribuidas a género, edad, movilidad y capacidad económica, aunque enumeradas (I=0.5). Destaca en poder estructural, al explicar la exposición por diseño patrimonial y refrigeración mercantilizada (II=1), en contexto situado en Isfahán (III=1), justicia reparadora (V=1) y solidaridades informales (VI=1); el método solo describe diferencias por ejes (IV=0.5)."
94,"Excluido: encuesta a directivos sobre eficiencia energética donde la interseccionalidad significa combinación de impulsores normativos, un sentido no social ajeno al marco teórico-social."
95,"Excluido: capítulo histórico sobre el emprendimiento baster en Namibia, sin intersección de categorías sociales en sentido teórico y con una mención climática incidental."
96,"No supera el gate, con dudas: el capítulo jurídico sobre equidad intergeneracional distingue niños no nacidos y juventud actual y adopta un enfoque interseccional para atender vulnerabilidades diversas dentro de las generaciones futuras. Sin embargo, no nombra otras categorías ni explica cómo se cruzan con la generación; el género solo figura en las palabras clave."
97,"No supera el gate: la revisión sistemática analiza el principio de responsabilidades comunes pero diferenciadas ante el desplazamiento ambiental, con foco en financiación, litigio y obligaciones históricas entre países. La única referencia interseccional es la insuficiencia de esas perspectivas en la literatura, y las poblaciones vulnerables se tratan de forma genérica, sin ejes relacionados."
98,"Revisión narrativa que integra justicia ambiental y One Health, con el clima como una de las cargas desiguales; enumera raza, ingreso u origen solo en una definición y propone el análisis interseccional como principio sin aplicarlo, por lo que no supera el gate pese a sus recomendaciones de equidad estructural."
99,"Supera el gate al proponer métricas que capten vulnerabilidades superpuestas por sexo, edad, discapacidad e ingreso, pero los ejes se desagregan por separado (I=0.5, IV=0). Destaca en orientación a la justicia con recomendaciones concretas (V=1); carece de contexto situado (III=0) y no reconoce agencia de las poblaciones (VI=0)."
100,"No supera el gate, con dudas: el estudio geosocial con trece jóvenes búlgaros concluye que tienen identidades complejas e interseccionales, pero las asocia a lazos intergeneracionales, vínculos con el campo y espacios digitales. El término parece significar identidades multifacéticas; la edad no se relaciona explícitamente con otras categorías de diferenciación social."
101,"Supera el gate y, por la regla cuantitativa, puntúa alto en identidades y método: el SEM multigrupo modela rutas distintas para jóvenes HSH y trabajadoras sexuales con VIH (I=1, IV=1), con estigma estructural explícito (II=1). El contexto de Kampala es escueto (III=0.5) y los participantes aparecen sin agencia (VI=0)."
102,"No supera el gate: la revisión de alcance analiza con el enfoque de capacidades la exposición y capacidad adaptativa de personas con discapacidad visual en el Sur Global. Reconoce que se discute poco cómo se cruzan los factores y recomienda estudiar factores interseccionales, por lo que la interseccionalidad queda como vacío y agenda futura."
103,"Sustantivo: estudia a mujeres negras rurales de KwaZulu-Natal desde el feminismo africano, articulando género, clase y ruralidad (I=1) con patriarcado y pobreza estructural (II=1), muestreo intencional (IV=1) y estrategias colectivas como los stokvels (VI=1). Integra contexto situado y recomendaciones de política (III=1, V=1) en un análisis coherente."
104,"Revisión sistemática y bibliométrica sobre hogares con jefatura femenina que cuenta autorías, países, métodos y marcos, entre ellos la interseccionalidad, y recomienda análisis interseccionales futuros; como en el caso de mención sin aplicación, no articula ejes de diferenciación relacionados, por lo que no supera el gate."
105,"Excluido: editorial que desarrolla un marco de justicia epistémica feminista, decolonial e interseccional para la UE, donde el clima es solo un tema más de la lista."
106,"Supera el gate al examinar cómo clase, cultura y religión se cruzan en la vulnerabilidad de minorías ante inundaciones, aunque como factores acumulativos (I=0.5). Sitúa el análisis en los humedales con un enfoque decolonial (III=1) y documenta adaptaciones comunitarias (VI=1); el poder estructural se nombra sin teorizar (II=0.5)."
107,"Supera el gate al analizar, dentro de población queer, exposición a inundaciones y calor por identidad de género, discapacidad y residencia, pero los ejes entran por separado en regresiones logísticas, por lo que la regla cuantitativa da I=0.5 e IV=0. Justicia distributiva apenas desarrollada (V=0.5) y sin agencia (VI=0)."
108,"Excluido: ensayo literario sobre ecoenfermedad en dos novelas sudasiáticas, donde lo interseccional es la convergencia de crisis ecológica y médica, sin objeto climático."
109,"Supera el gate al cruzar género y condición de movilidad climática en Bangladesh costero, aunque como dimensiones separadas y con la indigeneidad solo en palabras clave (I=0.5). Destaca en recomendaciones para reducir la desigualdad de género (V=1); el poder estructural se nombra sin teorizar (II=0.5) y el método describe subgrupos (IV=0.5)."
110,"Excluido: capítulo sobre cisnormatividad en la agenda Mujeres, Paz y Seguridad con lente interseccional, donde el clima referido es político y no climático."
111,"Supera el gate y, por la regla cuantitativa, obtiene I=1 e IV=1: la clasificación cruzada muestra que la vulnerabilidad se amplifica en mujeres norteñas, rurales, sin educación y de bajo ingreso, en el contexto nigeriano (III=1). Falta teorizar el poder estructural (II=0.5), no reconoce agencia (VI=0) y la recomendación es focalizar beneficiarios (V=0.5)."
112,"No supera el gate: la revisión de alcance examina cómo la literatura sanitaria conceptualiza la justicia de género ante la triple crisis planetaria, centrada en mujeres, personas de género diverso y enfermería. La interseccionalidad figura en la plantilla de extracción y como tema minoritario de los estudios, pero el resumen no relaciona el género con otros ejes."
113,"Excluido: capítulo crítico sobre la despolitización de Género y Desarrollo con crítica interseccional, donde la crisis climática es una mención incidental de contexto."
114,"No supera el gate: el volumen examina el cruce entre género y financiación climática en África y propone marcos de financiación sensibles al género. La interseccionalidad se enumera entre los temas tratados, junto a mecanismos institucionales o capacitación, sin que el resumen relacione el género con otros ejes de diferenciación social."
115,"Supera el gate y analiza la posición específica de mujeres migrantes recién llegadas a Mongla, cuya vulnerabilidad surge de restricciones superpuestas (I=1) en un destino urbano concreto (III=1), con integración coherente. El poder se nombra sin teorizar estructuras (II=0.5), el método se describe poco (IV=0.5) y la agencia es marginal (VI=0.5)."
116,"Revisión de alcance sobre salud mental y cambio climático que compara impactos entre hombres y mujeres y cuenta estudios por región y enfoque; la interseccionalidad aparece solo como palabra clave y no se relacionan otros ejes con el género, por lo que no supera el gate pese a mencionar agencia y determinantes estructurales."
117,"Uso ambiguo de 'intersección', aunque el análisis cruza género y estatus migratorio: las mujeres migrantes son el grupo más desfavorecido en acceso a servicios ecosistémicos, lo que por la regla cuantitativa da I=1 e IV=1, en un distrito fronterizo concreto (III=1). Falta teorizar poder estructural (II=0.5) y no documenta agencia (VI=0)."
118,"Supera el gate al vincular emigración masculina y feminización de la agricultura, pero la regresión trata migración, remesas y jefatura femenina como variables separadas, por lo que la regla cuantitativa da I=0.5 e IV=0. Destaca la agencia de las mujeres en prácticas sostenibles (VI=1); el poder estructural solo se nombra (II=0.5)."
119,"Excluido: revisión sobre igualdad de género e inclusión social en sistemas agrícolas, donde el clima es uno más de los temas emergentes y factores listados, no el objeto."
120,"No supera el gate: el capítulo revisa la incorporación del género en los instrumentos de gobernanza de la movilidad climática de Perú y Chile y critica su visión esencialista de las mujeres vulnerables. La inclusión interseccional se plantea como recomendación final, sin que el análisis relacione el género con otros ejes de diferenciación."
121,"No supera el gate, con dudas: la revisión evalúa la integración del género en planes de reubicación climática de los países insulares del Pacífico. Invoca una perspectiva de género interseccional y señala que las mujeres sufren también el propio proceso migratorio, pero no articula la condición migratoria como eje entrelazado; el análisis es de transversalización de género."
122,"Supera el gate al señalar raza, etnia y estatus socioeconómico como agravantes junto al género, pero solo los enumera (I=0.5) y usa estadística descriptiva de indicadores nacionales sin intersecciones (IV=0). Su orientación a estrategias de equidad en finanzas climáticas es explícita (V=1), con contexto superficial (III=0.5) y sin agencia (VI=0)."
123,"Supera el gate y trata la participación en soluciones basadas en la naturaleza como producto de poderes interseccionales, tenencia, riqueza y liderazgo junto al género (I=1), con crítica estructural al tokenismo (II=1) y propuesta transformadora (V=1), integradas. El contexto ghanés y el método se describen poco (III=0.5, IV=0.5) y no documenta agencia (VI=0)."
124,"Supera el gate al vincular género y sexualidad en su crítica al binarismo heteropatriarcal de las políticas, aunque sin analizar posiciones concretas (I=0.5). Destaca en poder estructural y jerarquías de conocimiento (II=1), contexto indonesio situado (III=1) y orientación transformadora (V=1); la agencia se reconoce sin documentarse (VI=0.5)."
125,"Supera el gate al mostrar que la inmovilidad de mujeres en asentamientos informales se moldea por pobreza, cuidados y tenencia, aunque sin co-construcción explícita (I=0.5). Destaca en fuerzas estructurales e institucionales (II=1), contexto situado en Accra (III=1), agencia cotidiana (VI=1) y gobernanza desde abajo (V=1); el método estratifica solo por género (IV=0.5)."
126,"No supera el gate: aunque se presenta como revisión feminista e interseccional, el resumen organiza la evidencia en temas paralelos, como vulnerabilidad de género, agencia femenina, migración, saberes indígenas y restricciones patriarcales, sin relacionar ejes. Además identifica la escasa operacionalización interseccional como vacío y la reclama como agenda, supuestos excluidos por la regla."
127,"Supera el gate al relacionar género, tenencia de tierra e informalidad en mujeres rurales, aunque el eje central sigue siendo el género (I=0.5). Destaca en barreras estructurales de gobernanza (II=1), pero como revisión no operacionaliza intersecciones (IV=0), usa Ghana y Bangladesh solo como ilustración (III=0.5) y no documenta agencia (VI=0)."
128,"Supera el gate al relacionar género, trabajo informal y desplazamiento climático, aunque el género domina y los demás ejes se suman (I=0.5). Destaca en poder estructural, con el clima como multiplicador de desigualdades (II=1), contexto provincial detallado (III=1) y propuestas de gobernanza exigibles (V=1); como revisión no opera intersecciones (IV=0)."
129,"Supera el gate al centrarse en mujeres indígenas del Altiplano y en la inmovilidad de mujeres y personas mayores, aunque el abstract describe sobre todo roles de género (I=0.5). Destaca la agencia de las mujeres (VI=1), pero sin método descrito (IV=0), con contexto apenas nombrado (III=0.5) y sin orientación a la justicia (V=0)."
130,"Supera el gate al analizar género, casta y emigración masculina ante crecidas y deslizamientos, aunque como ejes paralelos (I=0.5). Destaca en poder estructural, con la exclusión dalit y la feminización agrícola sin autoridad (II=1), contexto situado en Bajhang (III=1) y orientación a la adaptación transformadora (V=1); no documenta agencia (VI=0)."
131,"Supera el gate por analizar a mujeres iTaukei, pero la regresión cruza género con confianza y lugar, no con otros ejes sociales, por lo que I=0.5 e IV=0.5. Atribuye la recuperación al capital social sin teorizar poder estructural (II=0); el contexto es específico pero poco desarrollado (III=0.5) y la recomendación es general (V=0.5)."
132,"Sustantivo: compara mujeres kaivartta y mising para mostrar cómo casta, etnicidad tribal y género producen resiliencias distintas (I=1, IV=1), explicadas por patriarcado, normas de casta y apoyo institucional (II=1) en la isla fluvial de Majuli (III=1), con estrategias femeninas documentadas (VI=1). Las recomendaciones de política apenas se desarrollan (V=0.5)."
133,"Excluido: estudio sobre capital social de agricultoras en Aotearoa Nueva Zelanda que usa la intersección como cruce de temas, sin invocar la interseccionalidad en sentido teórico-social."
134,"Supera el gate al mostrar pobreza de tiempo femenina en distintos grupos de clase, religión, edad y familia, pero esos ejes entran como determinantes separados en un probit, por lo que la regla cuantitativa da I=0.5 e IV=0. Recomendaciones concretas sobre trabajo no remunerado y resiliencia (V=1); el poder estructural apenas se nombra (II=0.5)."
135,"Supera el gate al proponer un marco con consideraciones interseccionales de género, raza y clase, aunque los hallazgos tratan a las mujeres en general (I=0.5). Destaca en poder estructural por políticas ciegas al género (II=1) y en propuestas transformadoras (V=1); reconoce la no universalidad sin contexto concreto (III=0.5) y no opera intersecciones (IV=0)."
136,"Mención sin aplicación: el libro aborda el género como eje único a escala global y trata el cambio climático como uno de varios dominios; la interseccionalidad aparece solo como tema enumerado, sin relacionar ejes, por lo que no supera el gate. El abstract, descriptivo del volumen, es insuficiente para evaluar la sección climática."
137,"Mención sin aplicación: como capítulo de conclusiones, resume un volumen sobre globalización y ODS donde la migración climática es un tema entre muchos; los enfoques interseccionales se proponen solo como agenda futura y los ejes de desigualdad se enumeran por separado, de modo que no supera el gate y todos los criterios quedan en cero."
138,"Aplicación débil: el capítulo enmarca la vulnerabilidad climática africana en identidades que se intersectan, pero su análisis es bibliométrico y conceptual, por lo que el método no opera intersecciones (IV=0). Poder estructural, contexto y orientación a la inclusión aparecen solo nombrados (II, III, V=0.5), sin agencia de los sujetos."
139,"Sustantivo en poder y contexto: examina cómo la financiación con bonos verdes pasa por alto injusticias de distribución del agua en dos ciudades concretas (II=1, III=1) y propone un enfoque interseccional de justicia climática (V=1). Sin embargo, raza e ingreso se jerarquizan más que co-construirse (I=0.5) y no hay agencia comunitaria (VI=0)."
140,"Falso positivo: capítulo de agronomía y etnobotánica sobre microbios benéficos, sin contenido interseccional ni objeto climático."
141,"Falso positivo: libro sobre saberes indígenas y educación para la sostenibilidad, sin uso social de la interseccionalidad y con el clima solo como contexto."
142,"Excluido por clima: aunque vincula el capital social étnico con identidades inmigrante, minoritaria y asiática, la recuperación estudiada es post-COVID-19, no climática."
143,"Aplicación intermedia: estudia cómo el litigio climático recoge desigualdades de salud con dimensiones interseccionales, pero los ejes se enumeran sin analizar su co-construcción (I=0.5) y el poder aparece como barreras procesales, no como estructuras de opresión (II=0.5). El método clasifica casos sin operar interacciones (IV=0.5) y la orientación a justicia queda poco desarrollada."
144,"Aplicación intermedia: la revisión de alcance aplica explícitamente una lente interseccional al calor y la salud en Europa, pero, al mapear revisiones que tratan determinantes por separado, solo describe ejes y subgrupos (I=0.5, IV=0.5). Poder estructural y orientación a políticas se nombran sin desarrollarse (II=0.5, V=0.5), y no hay agencia."
145,"Excluido por clima: el análisis interseccional de género y edad en pescadores se refiere a un derrame petrolero y a la COVID-19, no a amenazas climáticas."
146,"No supera el gate: el estudio cualitativo evalúa la eficacia del programa de preparación ante ciclones en una costa de Bangladés y usa grupos interseccionales como sinónimo de grupos vulnerables. La inclusión de personas mayores, con discapacidad y el equilibrio de género del voluntariado se abordan por separado, sin relacionar ejes de diferenciación."
147,"Fuerte en poder y agencia, débil en interseccionalidad: la revisión muestra cómo las normas de género limitan la agencia y la resiliencia (II=1), documenta la acción colectiva femenina (VI=1) y propone intervenciones transformadoras (V=1); pero edad y discapacidad solo se suman al género (I=0.5) y el método no opera intersecciones (IV=0)."
148,"Pasa el gate al afirmar que el acceso a la movilidad depende del poder de género y de desigualdades entrecruzadas, aunque el análisis se concentra en el género (I=0,5). Destacan la explicación institucional del acceso (II=1), la agencia de las mujeres (VI=1) y las recomendaciones transformadoras (V=1); el análisis documental no capta intersecciones (IV=0)."
149,"No supera el gate: la introducción presenta un volumen sobre patrimonio y acción climática justa y enumera cinco temas transversales, entre ellos interseccionalidad y descolonización. Es una mención temática sin análisis propio: no identifica ejes de diferenciación ni explica cómo se relacionan, aunque sí enfatiza comunidades como custodias y cocreadoras de soluciones."
150,"Sustantivo en poder, praxis y agencia: analiza con marco feminista los mecanismos que invisibilizan el trabajo de las mujeres en colaboraciones climáticas latinoamericanas (II=1), documenta sus estrategias y resistencias (VI=1) y propone cambios estructurales (V=1). La racialización se afirma sin desarrollarse (I=0.5) y el diseño no cruza posiciones (IV=0.5); el abstract está truncado."
151,"No supera el gate: el artículo analiza 78 relatos ficcionales sobre (in)movilidades climáticas con una tipología de marcos (víctimas, amenazas, agentes, sujetos políticos) y una orientación a la justicia. La intersección mencionada es entre migración y cambio climático, y las perspectivas interseccionales solo se reclaman como importantes al final, sin ejes relacionados."
152,"Diseño interseccional sólido: centra a mujeres dalit madhesi y examina cómo casta, etnia y género configuran conjuntamente sus medios de vida tras la inundación del Koshi (I=1, III=1), con trabajo de campo dirigido a ese subgrupo (IV=1) y atención a estrategias adaptativas (VI=1). El abstract carece de hallazgos, lo que limita poder estructural y praxis (II, V=0.5)."
153,"Mención sin aplicación: la nota vincula el estrés térmico con la salud mental de trabajadores rurales de Rajastán desde la marginación estructural, pero su eje es socioeconómico-ocupacional y el género solo surge como efecto; el marco interseccional se pide sin aplicarse, por lo que no supera el gate. El abstract breve limita la evaluación."
154,"Excluido por clima: estudio interseccional de género, discapacidad y ruralidad en el emprendimiento, donde el cambio climático es solo una frase de contexto."
155,"Falso positivo: capítulo sobre textiles indígenas y moda sostenible donde 'intersection' une campos temáticos, sin uso social de la interseccionalidad."
156,"Excluido por interseccionalidad: encuesta CAP a mujeres indonesias sobre clima y salud que asocia variables demográficas por separado, sin invocar intersecciones entre categorías sociales."
157,"Excluido por clima: revisión sobre investigación participativa en enfermedades de la Amazonía que propone análisis interseccional, pero con el clima como mención incidental."
158,"Elegibilidad dudosa: el texto cruza impactos climáticos con desigualdades de edad, socioeconómicas y estructurales, sin invocar claramente la interseccionalidad. Pasa el gate porque juventud y género se combinan en riesgos concretos, pero los dominios se tratan en paralelo (I=0.5) y el diseño no opera intersecciones (IV=0); destaca su orientación transformadora y de derechos (V=1)."
159,"Fuerte en método, agencia y praxis: el muestreo intencional de mujeres con discapacidad opera una posición interseccional (IV=1), documenta sus estrategias de afrontamiento (VI=1) y cierra con propuestas de adaptación inclusiva y justicia para la discapacidad (V=1). Sin embargo, el género actúa como agravante de la discapacidad más que como eje co-constitutivo (I=0.5), y el contexto regional es genérico."
160,"Fuerte en método, débil en lo crítico: las pruebas formales de interacción muestran que posiciones combinadas, como mujeres de derecha con alta educación y grado social, tienen opiniones climáticas propias (I=1, IV=1, regla común de interacciones). Sin embargo, no articula estructuras de poder (II=0) ni orientación a la justicia o agencia (V=0, VI=0)."
161,"Interseccional en identidad y método, débil en lo crítico: los grupos focales con adolescentes mujeres muestran riesgos propios de la combinación de género y edad ante sequías e inundaciones (I=1, IV=1). Pero el poder estructural solo se nombra (II=0.5), las recomendaciones son asistenciales (V=0.5) y las niñas aparecen únicamente como afectadas (VI=0)."
162,"Aplicación intermedia: la revisión sobre sequía y bienestar de adolescentes y mujeres jóvenes en África subsahariana nombra desigualdades estructurales que agravan los impactos (I=0.5, II=0.5) y adopta un marco de derechos con recomendaciones claras (V=1). Como revisión temática no opera intersecciones (IV=0) ni documenta agencia (VI=0)."
163,"No supera el gate, con dudas: el capítulo reflexiona sobre retos y oportunidades de investigar el activismo ambiental juvenil con un enfoque interseccional, incluso cuando los jóvenes no usan el término. El abstract trata la interseccionalidad como enfoque metodológico y político, sin nombrar ejes ni teorizar su cruce; es insuficiente para juzgar el contenido sustantivo."
164,"Mención sin aplicación: el capítulo defiende incluir voces juveniles y aborígenes en la política del agua a partir de la mortandad de peces de Menindee, pero trata a jóvenes y pueblos originarios como grupos paralelos, sin relacionar edad e indigeneidad; por eso no supera el gate, aunque ofrece recomendaciones de equidad."
165,"Falso positivo: ensayo sobre bioética clínica y DEI con enfoque interseccional, donde el clima alude solo al contexto político-cultural."
166,"Sustantivo en identidad y contexto: la etnografía en Leyte muestra cómo indigeneidad, religión y género se entrelazan en la recuperación tras un tifón y en la reconstrucción de viviendas (I=1, III=1, IV=1), con análisis bien integrado. El poder estructural y la orientación a justicia quedan apenas nombrados (II=0.5, V=0.5), y la agencia es breve."
167,"Sustantivo: analiza cómo categorías de poder entrecruzadas moldean pertenencia, ciudadanía y despojo entre agricultores del Yamuna (I=1), con poder sociopolítico explícito (II=1), anclaje situado en la crecida de 2023 (III=1), orientación a la justicia ambiental (V=1) y saberes locales de adaptación (VI=1). Solo el método cualitativo no explicita cómo opera las intersecciones (IV=0,5)."
168,"Interseccional en identidad y método: entrevistas intencionales a personas LGBTQIA+ racializadas, comparadas con defensores LGBTQIA+ y de justicia ambiental, revelan experiencias propias ante desastres (I=1, IV=1). En cambio, discriminación y sesgos institucionales solo se nombran (II=0.5), el contexto regional es escaso (III=0.5) y no se documenta agencia (VI=0)."
169,"Aplicación sustantiva: con fotovoz, grupos focales y entrevistas analiza cómo edad y género entrelazados moldean la participación juvenil en la gobernanza climática de Auckland (I=1, IV=1), explica la exclusión procedimental como mecanismo de maladaptación (II=1), reconoce su activismo (VI=1) y propone una adaptación transformadora (V=1). Solo el contexto queda poco desarrollado (III=0.5)."
170,"No supera el gate, con dudas: el título anuncia vulnerabilidades interseccionales, pero el estudio cualitativo en Hunza investiga cómo el género influye en el riesgo de deslizamientos y en las estrategias cotidianas de las mujeres. Ni la pobreza de la zona ni otros aspectos identitarios se articulan explícitamente con el género como ejes entrelazados."
171,"Supera el gate por operacionalizar vulnerabilidades interseccionales de las mujeres en un análisis socioespacial, aunque sin nombrar los otros ejes y con lógica de solapamiento (I=0,5; IV=0,5). Aporta una crítica orientada a la justicia espacial y climática (V=1), pero el poder estructural apenas se nombra (II=0,5) y las mujeres aparecen sin agencia (VI=0)."
172,"Aplicación sustantiva en lo cuantitativo: la clasificación cruzada de identidad de género y discapacidad muestra riesgos mucho mayores para personas trans con discapacidad ante inundaciones y calor (I=1, IV=1), explicados por marginación estructural y estrés de minorías (II=1), con recomendaciones de equidad (V=1). Faltan agencia de los participantes (VI=0) y contexto desarrollado (III=0.5)."
173,"Aplicación aditiva, similar al ejemplo B de calibración: la muestra de hogares encabezados por mujeres permite pasar el gate, pero educación, crédito e ingresos entran como predictores separados en un modelo de Heckman (I=0.5, IV=0, regla común). Poder estructural, contexto y praxis solo se esbozan (II, III, V=0.5)."
174,"Aplicación intermedia: la introducción articula un marco de derechos de la niñez e injusticia climática en Zimbabue con clara orientación transformadora (V=1) y presenta a niñas y niños como agentes (VI=0.5). Sin embargo, las vulnerabilidades interseccionales de niñas, desplazados y población rural solo se enumeran (I=0.5) y, como síntesis, no opera intersecciones (IV=0)."
175,"Excluido por clima: estudio interseccional (casta, religión, estado civil, residencia) del trabajo informal femenino, con el clima como factor incidental."
176,"Falso positivo: crítica feminista decolonial de la película Barbie, sin objeto climático."
177,"Falso positivo: capítulo especulativo sobre el futuro de la islamofobia, sin uso interseccional en sentido social y con el calentamiento global solo enumerado."
178,"Falso positivo por clima: estudio interseccional sobre estigma y participación cívica LGBTQIA+ en Italia, donde el clima es político, no físico."
179,"No supera el gate: la revisión semisistemática propone un marco práctico para soluciones basadas en la naturaleza inclusivas y justas, con principios como no dejar a nadie atrás y empoderamiento comunitario. La interseccionalidad aparece solo en las palabras clave; el resumen no identifica ejes de diferenciación ni los relaciona entre sí."
180,"Mención sin aplicación: el análisis jurídico-político de la transición justa en Kenia invoca interseccionalidad y examina vulnerabilidades de género y generacionales, pero trata a mujeres y niñez como grupos paralelos, sin relacionar ambos ejes; por eso no supera el gate, aunque ofrece recomendaciones de justicia de género, infantil y ecológica."
181,"No supera el gate, con dudas: el libro declara una perspectiva interseccional, sitúa el género en el centro y denuncia múltiples capas de vulnerabilidad de las mujeres latinoamericanas, a quienes presenta como agentes de cambio. El resumen no especifica qué categorías se cruzan con el género; los saberes ancestrales del título sugieren etnicidad, pero no se articulan."
182,"Excluido por clima: análisis interseccional de clase, raza y colonialidad en el incendio de Grenfell, un desastre no climático."
183,"No supera el gate, con dudas: la revisión de 16 casos de reubicación planificada examina resultados de bienestar en cinco dimensiones y factores como la autodeterminación comunitaria. Afirma detallar la interseccionalidad de los impactos y su desigual reparto dentro de las comunidades, pero el abstract no indica qué categorías se cruzan ni cómo; resulta insuficiente."
184,"Aplicación sustantiva: el estudio con mujeres vedda muestra cómo indigeneidad y género, junto con barreras económicas e institucionales, limitan su adaptación (I=1, II=1), en comunidades concretas (III=1) y con un diseño centrado en ese subgrupo (IV=1). Documenta sus estrategias (VI=1) y deriva recomendaciones de política situadas (V=1), con buena integración."
185,"Excluido por clima: propone un enfoque interseccional de casta para los ODS en India, con el clima solo enumerado entre metas globales."
186,"Falso positivo: estudio de caso sobre saberes garo y adaptación climática, sin uso social de la interseccionalidad."
187,"Mención sin aplicación, como el ejemplo A de calibración: el análisis bibliométrico describe tendencias, redes y desigualdades Norte-Sur en la producción de conocimiento sobre clima y salud reproductiva, pero solo menciona la escasez de marcos interseccionales, sin articular ejes de diferenciación social; no supera el gate."
188,"Aplicación débil e incierta: el libro vincula clima, migración, género y precariedad como crisis interconectadas y propone un marco interseccional, feminista y poscolonial para analizar su comunicación, pero el abstract promocional no sitúa contextos (III=0), no operacionaliza intersecciones (IV=0) y solo esboza poder, praxis y agencia (II, V, VI=0.5)."
189,"Falso positivo por clima: estudio interseccional sobre salud mental estudiantil donde el clima es sociopolítico, no físico."
190,"Falso positivo: revisión sobre enfermedades tropicales cutáneas y salud mental, sin interseccionalidad social y con el clima solo como vacío de evidencia."
191,"Sustantivo en lo metodológico: propone una metodología interseccional situada en Quito, desde el feminismo decolonial latinoamericano, que articula corporeidad, investigación multisituada y pedagogía del lugar (II=1, III=1, IV=1, integración=1). Reconoce saberes de los participantes (VI=1) y orienta la praxis (V=1); los ejes concretos y su co-constitución no se analizan en el abstract (I=0,5)."
192,"Excluido por clima: capítulo de ecología política feminista sobre el mijo en Odisha, con el riesgo climático solo como factor enumerado."
193,"Sustantivo en poder, contexto y praxis: la investigación-acción feminista muestra cómo, en la semiperiferia postsocialista checa (III=1), las desigualdades entre bases y ONG reproducen enfoques tecnocráticos que invisibilizan a mujeres y grupos marginados (II=1), con agencia del movimiento documentada (VI=1). La interseccionalidad es coalicional más que identitaria (I=0.5, IV=0.5)."
194,"Aplicación débil e incierta: el capítulo critica la discrepancia entre el poder clasista de movimientos esotéricos y los saberes indígenas que invocan ante la crisis climática, lo que apenas permite pasar el gate; clase e indigeneidad se relacionan entre grupos, no como posiciones (I=0.5), sin método interseccional (IV=0) ni agencia indígena (VI=0)."
195,"Aplicación sustantiva e integrada: desde el feminismo negro, la etnografía con mujeres de comunidades ribereñas de Cap-Haïtien explica cómo capitalismo racial, gobernanza depredadora y legados imperiales producen un riesgo no aditivo (I=1, II=1, III=1). Recupera la crítica política de las propias mujeres (VI=1) y reclama epistemologías situadas (V=1)."
196,"Pasa el gate con dudas: el concepto de vulnerabilidades múltiples examina su solapamiento dentro de las personas, aunque se trata de factores más que de ejes sociales nombrados y con lógica acumulativa (I=0,5). Destaca la documentación de estrategias de afrontamiento (VI=1); el método cualitativo describe coincidencias sin análisis interaccional (IV=0,5) y la equidad apenas se esboza (V=0,5)."
197,"Falso positivo por clima: estudio sobre activismo musulmán y discriminación interseccional en Madrid, con el clima solo como metáfora del prejuicio."
198,"No supera el gate, con dudas: el capítulo combina ecología política feminista, interseccionalidad y feminismo decolonial para criticar las barreras estructurales que limitan el acceso de las mujeres a la financiación climática. Sin embargo, el análisis trata el género como eje único; la mención a las mujeres del Sur Global no articula la posición geopolítica como categoría entrelazada."
199,"No supera el gate: el análisis de la política climática de Umeå usa un enfoque interseccional para examinar cómo se integran dimensiones sociales y ecológicas, un cruce de dimensiones de sostenibilidad. El hallazgo de que la integración de género abrió paso a otros grupos describe una ampliación secuencial de categorías, no su entrelazamiento."
200,"Aplicación débil: el capítulo anuncia examinar la intersección de género e indigeneidad en Oceanía, lo que le permite pasar el gate, pero trata a las mujeres en general (I=0.5), sin teorizar poder (II=0) ni operar intersecciones (IV=0), y yuxtapone sectores sin articularlos (integración=0). Destaca la agencia y el liderazgo femeninos (VI=1)."
201,"Aplicación sustantiva e integrada: la investigación participativa con mujeres jóvenes y juventudes de género diverso en Auckland vincula su marginación por edad, identidad de género y etnicidad con discursos neoliberales y marcos coloniales (I=1, II=1, III=1), documenta su crítica y sus propuestas (VI=1) y defiende redistribuir el poder de decisión (V=1)."
202,"No supera el gate: el estudio de caso sobre el grupo asesor juvenil de la ONU analiza cómo jóvenes activistas negocian entre activismo y diplomacia. Que los participantes adopten un enfoque interseccional en su incidencia es un rasgo descrito, no un análisis que relacione la edad con otros ejes; la agencia juvenil está bien documentada."
203,"Falso positivo por clima: estudio cualitativo sobre estrés de minorías 2SLGBTQ+ en Waterloo, donde el clima es sociopolítico, no físico."
204,"Supera el gate porque critica las clasificaciones de eje único y defiende una lectura interseccional de la capacidad adaptativa. Los ejes no se analizan como co-constituidos (I=0.5) y el marco de factores no opera cruces (IV=0.5). Destaca la crítica de política orientada a la equidad (V=1), mientras la agencia campesina está ausente (VI=0)."
205,"No elegible: analiza discursos sobre tecnología nuclear en educación y medios, donde el clima es una mención incidental y la lente interseccional no se desarrolla."
206,"Falso positivo: revisión paraguas sobre obesidad en inmigrantes en la que el clima físico del destino es un factor de salud, sin vínculo con el cambio climático."
207,"Supera el gate al vincular bajos ingresos y condición inmigrante mediante la Ley Rotterdam. Fortalezas: mecanismos estructurales explícitos (II=1), contexto histórico-político detallado (III=1) y crítica orientada a la justicia (V=1). Debilidades: los ejes no se analizan como co-constituidos (I=0.5), el método documental no opera cruces (IV=0.5) y los residentes carecen de agencia (VI=0)."
208,No elegible: nota sobre raza y movilidad climática en la que la intersección es entre campos de estudio y no entre categorías sociales o sistemas de opresión.
209,"No supera el gate: la revisión crítica propone un índice de vulnerabilidad que combine inundación y exposición a sitios tóxicos, fundado en justicia ambiental, vulnerabilidad social, legados del colonialismo de asentamiento e interseccionalidad. Esos fundamentos se enumeran sin explicar cómo se cruzan categorías sociales, y el abstract no detalla la estructura del índice."
210,"Supera el gate: tenencia, discapacidad y educación diferencian internamente a los grupos de género. El contexto informal de Dar es Salaam cuestiona la guía global (III=1) y la orientación a un codiseño equitativo es explícita (V=1). Pero el cruce emerge como limitación, no como análisis (I=0.5, IV=0.5), y el poder queda poco teorizado (II=0.5)."
211,"No supera el gate: el trabajo compara nueve índices de vulnerabilidad al calor en Barcelona y menciona las vulnerabilidades interseccionales solo como un tema ausente en los mapeos. No articula ejes sociales relacionados; su aporte es metodológico y de justicia en la construcción de índices, sin tratamiento de identidades entrelazadas."
212,"No supera el gate, con dudas: el estudio comparado de tres programas de resiliencia en África austral amplía el modelo de vulnerabilidad del IPCC y muestra que fallas de gobernanza, inseguridad de tenencia y marginación de saberes indígenas moldean la vulnerabilidad. Llama interseccionales a esas dimensiones, pero son factores estructurales, no ejes sociales entrelazados."
213,"No elegible: introducción al campo de ecología política y género en América Latina con intersección temática, un solo eje social y el cambio climático mencionado solo incidentalmente."
214,"No supera el gate: la revisión crítica de la ecología política repasa debates sobre descolonización, saberes indígenas, justicia climática y Capitaloceno, con fuerte atención al poder. Sin embargo, la explotación colonial y las desigualdades socioeconómicas se tratan por separado, y abordar categorías sociales que se cruzan solo se plantea como agenda futura."
215,"Supera el gate de forma débil al tratar la maternidad como estatus interseccional con desventajas socioeconómicas transversales, pero los ejes no se analizan como co-constituidos (I=0.5). La revisión narrativa describe necesidades sin teorizar estructuras (II=0) ni operar cruces (IV=0); la agencia aparece marginalmente en su rol de respondientes (VI=0.5)."
216,"Supera el gate de forma ajustada: integra la teoría interseccional en un modelo que aborda desigualdades de género y socioeconómicas, aunque presentadas en paralelo (I=0,5). Destacan la sensibilidad al contexto, con respuestas distintas para el Volta y el norte de Ghana (III=1), y las recomendaciones transformadoras (V=1); al ser conceptual, no operacionaliza intersecciones (IV=0)."
217,"Supera el gate al centrar la intersección entre identidad queer y apalache. El muestreo intencional de este subgrupo (IV=1) y el foco en esa posición (I=1) sostienen el puntaje, pero la marginación se nombra sin mecanismos estructurales (II=0.5), el contexto regional es escueto (III=0.5) y la orientación a la justicia queda implícita (V=0.5)."
218,"No supera el gate: la revisión sistemática, marcada como retractada, analiza el papel de las mujeres en la logística humanitaria y las barreras a su liderazgo. Aunque nombra raza, clase, capacidad y edad como ejes que interactúan con el género, lo hace solo para señalar la falta de análisis interseccionales, es decir, como vacío y agenda."
219,"No supera el gate: el estudio modela la moderación de la raza-etnia sobre diferencias regionales de exposición, pero la región funciona como geografía física de amenazas y no como eje de diferenciación social; los demás factores sociodemográficos son controles. La ambigüedad del término 'intersection' justifica confianza baja."
220,"Sustantivo fuerte: el envejecimiento racializado de mayores quilombolas se analiza como posición específica (I=1) producida por racismo ambiental y exclusión territorial (II=1), anclada en la historia de sus territorios y las inundaciones de 2024 (III=1). El trabajo de campo focalizado (IV=1), la orientación a la equidad (V=1) y la agencia comunitaria documentada (VI=1) se integran coherentemente."
221,"No elegible: propuesta feminista de color para la colaboración interdisciplinaria universitaria, sin objeto climático más allá de una palabra clave."
222,"No supera el gate, con dudas: este estudio de ecología política feminista en valles de riego del norte de Ghana muestra cómo género y temporalidad co-constituyen el acceso a la tierra. Su interseccionalidad estacional cruza el género con ciclos ambientales y cambios tecnológicos, pero no articula otro eje social; las diferencias sociales quedan sin especificar."
223,"No elegible: antología general de justicia social donde la justicia climática es un tema entre decenas, sin formar parte del objeto."
224,"No elegible: estudio sobre canciones de protesta de mujeres de Kendeng y resiliencia climática en el que la intersección es entre campos académicos, no entre categorías sociales."
225,"No elegible: libro sobre saberes indígenas y agenda climática cuya intersección vincula saberes tradicionales y ciencia, sin marco interseccional."
226,"No supera el gate: la síntesis aplica una ética del cuidado a la transición hacia bombas de calor en Europa y el Reino Unido, cuestionando narrativas de elección racional y eficiencia. Las condiciones diferenciadas interseccionalmente solo se señalan como ausencia en la literatura, junto a inquilinos y prácticas vecinales, sin relacionar ejes."
227,"No elegible: revisión de economía política feminista y gobernanza ambiental en la que la adaptación climática es solo un ejemplo, no parte del objeto."
228,"No elegible: capítulo sobre educación en asuntos internacionales centrado en mujeres negras, donde el cambio climático solo figura en una lista de problemas transnacionales."
229,"No supera el gate: el artículo critica los paradigmas nacionales y neoliberales del trabajo social macro ante la crisis climática, el capitalismo del desastre y el despojo de recursos, y propone reimaginarlo con lentes interseccionales e interdisciplinarias. La interseccionalidad es una lente propuesta; las comunidades marginadas se mencionan sin ejes relacionados."
230,"No supera el gate, con dudas: la nota propone integrar saberes ecológicos indígenas con plataformas digitales comunitarias, priorizando agencia y soberanía de datos. Enumera comunidades del Sur Global y pueblos indígenas y vincula vulnerabilidades a identidades sociales, pero no explica cómo se cruzan categorías; la equidad interseccional funciona como principio enunciado."
231,"No supera el gate, con dudas: el artículo discute riesgos sociales y ambientales de reconvertir minas para energías renovables en Australia y Alemania y formula recomendaciones para una transición justa. Advierte que estos proyectos podrían agravar desigualdades interseccionales, pero es una mención de riesgo sin ejes nombrados ni teorización de cómo se cruzan."
232,"No supera el gate: el ejercicio Delphi fija prioridades de investigación en salud sexual y reproductiva y clima; los ejes (género, discapacidad, orientación sexual, edad, pobreza) aparecen como lista y como agenda futura, sin tratamiento de identidades entrelazadas. Es un caso límite, porque la interseccionalidad estructuró una de las áreas consultadas."
233,"Falso positivo: revisión técnica de detección de objetos en teledetección aérea, sin contenido interseccional ni climático sustantivo."
234,"No supera el gate: aunque la revisión declara un marco informado por la interseccionalidad, su síntesis gira en torno a la vulnerabilidad y la agencia de las mujeres, y los demás ejes aparecen solo como vacíos de la literatura. Es una mención del marco sin aplicación a identidades entrelazadas."
235,"Supera el gate al cruzar género y jefatura del hogar. La clasificación cruzada interpretada como posiciones combinadas sustenta I=1 e IV=1, y cuestiona la supuesta ventaja masculina. El poder estructural (II=0.5) y el contexto (III=0.5) quedan poco desarrollados; no hay agencia (VI=0). El vínculo climático descansa en la palabra clave de adaptación."
236,No elegible: revisión sobre parques de Berlín en la que 'intersectionality' alude al cruce de temas y no a categorías sociales entrelazadas.
237,"Supera el gate: el capítulo analiza cómo género, clase, casta y ruralidad se cruzan en la pobreza feminizada (I=1) desde una economía política interseccional con mecanismos estructurales (II=1) y propuestas transformadoras (V=1). Pierde puntos por un Sur Global genérico (III=0.5), sin método (IV=0) ni agencia (VI=0); la variabilidad climática es solo uno de varios impulsores."
238,"Sustantivo: analiza cómo clase, edad, ubicación y estado civil diferencian las experiencias de calor de mujeres rurales (I=1), con un diseño cualitativo que compara posiciones (IV=1), centrado en su agencia (VI=1) y con recomendaciones de equidad (V=1). El poder estructural (II=0.5) y el contexto histórico-político (III=0.5) quedan menos desarrollados."
239,"No elegible: capítulo sobre ecologías coloniales de asentamiento cuya intersección une campos de justicia, sin marco interseccional en sentido social."
240,"Falso positivo: libro sobre representaciones mediáticas del suicidio, sin contenido climático ni uso teórico-social de la interseccionalidad."
241,"Falso positivo climático: aplica un análisis interseccional (MAIHDA) a la salud mental universitaria, sin ningún vínculo con el clima."
242,"Supera el gate al articular racialización, soberanía política e indigeneidad en la injusticia climática urbana; el criterio decisivo es I=1, pues presenta la posición indígena como específica y no aditiva. La orientación reparadora sostiene V=1, pero al ser conceptual no hay método (IV=0) y el poder estructural y el contexto quedan poco desarrollados."
243,"No supera el gate: el artículo examina cómo incorporar la salud y los derechos sexuales y reproductivos en la acción anticipatoria ante desastres, desde una perspectiva de género. Los grupos marginados interseccionalmente aparecen en una enumeración junto a mujeres y niñas, sin explicar qué categorías se cruzan ni cómo moldean necesidades específicas."
244,"Supera el gate porque vincula género, racialización y categorías migratorias en el estudio de la migración climática, pero es una propuesta epistemológica: los ejes aparecen en paralelo (I=0.5), la ecología política nombra estructuras sin mecanismos (II=0.5) y faltan contexto situado, método y agencia (III, IV y VI=0)."
245,"Excluido: estudio interseccional sobre mujeres en STEM en un contexto de conflicto, donde el clima aparece solo como barrera puntual y recomendación."
246,"Excluido: la revisión usa identidades cruzadas, pero su objeto es la agricultura sostenible y el clima solo enmarca el inicio."
247,"Supera el gate con género, discapacidad e ingreso como dimensiones de vulnerabilidad, pero el análisis es aditivo: las pruebas separadas determinan I=0.5 e IV=0. Destacan el contexto local de dos upazilas costeras (III=1) y recomendaciones de equidad y rendición de cuentas (V=1); el poder estructural se limita a la gobernanza de las ONG."
248,"No supera el gate, con dudas: la revisión sobre calor extremo en comunidades rurales de Estados Unidos, Canadá y Australia identifica grupos de riesgo, como trabajadores al aire libre, personas mayores e indígenas, pero los enumera por separado. La referencia a vulnerabilidades interseccionales de las comunidades rurales no explica qué categorías se cruzan."
249,"Falso positivo: capítulo sobre innovación sostenible y emprendimiento verde en África, sin sentido social del término interseccional."
250,"Supera el gate al vincular género, etnia, clase y geografía en el desplazamiento etíope. Los criterios decisivos son II=1 y III=1: explica el desplazamiento por conflicto etnicizado, desarrollo extractivo y marginación histórica situados. La interseccionalidad se enuncia sin analizar co-construcción (I=0.5), la revisión no la operacionaliza (IV=0) y omite la agencia."
251,"No supera el gate: el capítulo propone revisar el trabajo social verde hacia una ética posthumana y multiespecie, a partir del Chthuluceno de Haraway. La alusión a impactos y responsabilidades interseccionales de los desastres es contextual, y el análisis se centra en la relación entre humanos y mundo más que humano, no en ejes sociales."
252,"No supera el gate: el manual sobre patrimonio cultural y justicia climática enumera temas transversales, entre ellos la interseccionalidad del riesgo, la pérdida y la acción con foco en el colonialismo y otras injusticias históricas. Es una descripción temática del volumen que no identifica ejes de diferenciación ni explica cómo se entrelazan."
253,"Supera el gate al mostrar cómo la juventud se etniciza en la transición post-petrolera nigeriana. Los criterios decisivos son I=1 y II=1: vincula esa co-construcción con la securitización estatal y la economía extractiva, en un contexto etnográfico del Delta del Níger (III=1). El método no se detalla (IV=0.5) y la agencia juvenil es prospectiva."
254,"Elegible porque la revisión evalúa el transporte público gratuito como política de mitigación y menciona perspectivas interseccionales de equidad. No supera el gate: ingreso y edad aparecen como grupos beneficiarios separados y lo interseccional solo figura como laguna de la literatura. Por regla, los seis criterios e integración quedan en cero."
255,"Falso positivo: estudio de seguridad vial sobre extensiones de acera en Filadelfia, sin contenido social ni climático."
256,"Supera el gate al vincular género y bajo nivel socioeconómico en los impactos económicos del cambio climático. El criterio más alto es V=1 por sus recomendaciones de equidad; la interseccionalidad es aditiva (I=0.5), las estructuras se nombran sin mecanismos (II=0.5) y el enfoque global, sin contexto ni método, deja III e IV en cero."
257,"Falso positivo: revisión de biología molecular de la papa, sin contenido social ni interseccional."
258,"Excluido: libro sobre mujeres indígenas, conservación y adaptación climática en el Himalaya, pero sin invocar un marco interseccional."
259,"Supera el gate al leer a la protagonista como joven afroamericana ante racismo ambiental y deshumanización durante Katrina. Destacan II, III, V y VI en 1: zona de sacrificio, Sur estadounidense, crítica situada y agencia. Raza y género se abordan con lentes sucesivas (I=0.5) y, al ser análisis literario, no hay método interseccional (IV=0)."
260,"Sustantivo: supera el gate y obtiene I=1 y II=1 al mostrar cómo raza, estatus migratorio y colonialidad distribuyen desigualmente el trabajo de cuidado en un movimiento climático juvenil. La agencia y la orientación transformadora son explícitas (V y VI=1). Pierde medio punto en contexto, sin geografía, y en método, sin muestreo interseccional descrito."
261,"Supera el gate y obtiene I=1 e IV=1 por su análisis de identidades marginadas combinadas en la percepción del riesgo climático en Estados Unidos, aunque el resumen no detalla la especificación. Carece de teorización del poder estructural (II=0) y de agencia (VI=0); el contexto es nacional (III=0.5) y las recomendaciones, genéricas."
262,"Excluido: marco interseccional explícito sobre mujeres étnicas y sostenibilidad, pero el cambio climático no forma parte del objeto."
263,"Pasa el gate porque su análisis interseccional distingue discursos que homogeneizan a los grupos marginados de otro que reconoce identidades entrecruzadas. Todo queda en nivel intermedio: no analiza ejes concretos (I=0,5), no vincula el poder discursivo con estructuras (II=0,5), no detalla las regiones (III=0,5) y critica la falta de agencia sin desarrollar propuestas (V=0,5)."
264,"Supera el gate por poco: identifica mujeres afectadas según educación e ingreso, además de jóvenes, y alude a una interseccionalidad compleja. Pero mujeres y jóvenes se tratan como grupos paralelos (I=0.5), sin estructuras de poder ni contexto (II y III=0), y la síntesis enumera impactos y estrategias sin integrarlos (integración=0)."
265,"Excluido: revisión amplia sobre ambientalismo y gobernanza, con activismo climático entre sus temas pero sin uso interseccional del término."
266,"Supera el gate de forma ajustada: halla que las políticas pesqueras y climáticas homogeneizan a las mujeres e ignoran identidades entrecruzadas, aunque su propio análisis mide integración de género (I=0,5; IV=0). Aporta recomendaciones concretas para una adaptación inclusiva (V=1), reconoce el papel de las mujeres en la pesca (VI=0,5) y compara dos contextos nacionales (III=0,5)."
267,"Supera el gate por su población de mujeres en asentamientos urbanos de bajos ingresos. El poder estructural es el criterio decisivo (II=1): muestra cómo la implementación de políticas genera lock-ins y maladaptación de género en Daca (III=1). Pero la clase funciona como contexto y no como eje entrelazado (I=0.5), y las mujeres aparecen sin agencia."
268,"No supera el gate: el artículo compara ejercicios de visión de futuro en ciudades de Tanzania, Palestina, Nepal y Bangladés, contrastando narrativas de distintos grupos sociales sobre injusticias situadas. El cruce que describe es entre valores universalistas y experiencias vividas; los grupos no se definen por ejes relacionados y el pensamiento interseccional queda como agenda."
269,"No supera el gate: la encuesta a 1.510 investigadores identifica sesgos conductuales percibidos como impulsores o barreras para la adaptación y la mitigación. El término interseccional se usa para proponer colaboración entre investigadores de trayectorias diversas, en sentido interdisciplinar, sin relación alguna con ejes de diferenciación social ni con poblaciones afectadas."
270,"Supera el gate al sumar la edad a clase, casta y género en la agencia climática infantil. Destacan la agencia de los niños (VI=1) y el contexto rural himalayo (III=1); pero los ejes funcionan como variables contribuyentes (I=0.5), la agencia limitada se atribuye a factores culturales (II=0) y la propuesta educativa no aborda desigualdades."
271,"Excluido: análisis histórico-hermenéutico interseccional sobre tenencia de tierra en Chile, con el clima solo como marco incidental."
272,"Comentario sobre resiliencia de sistemas alimentarios que nombra la interseccionalidad, pero donde el clima es solo contexto incidental."
273,"Pasa el gate porque su marco integrado define la vulnerabilidad como producida socialmente por desigualdades entrecruzadas, aunque sin especificar ejes (I=0,5). Destaca la orientación explícita a la justicia y la transformación (V=1); el poder estructural se nombra sin mecanismos (II=0,5), la agencia comunitaria se reivindica sin documentarse (VI=0,5) y, como editorial, no hay método (IV=0)."
274,"Elegibilidad dudosa: el vínculo climático descansa en las keywords y en los cambios ambientales que alteran la movilidad moken. Aunque menciona marginación interseccional, el análisis trata al pueblo moken como un solo colectivo y no relaciona ejes de diferenciación social, por lo que no supera el gate y los criterios quedan en cero."
275,"Ensayo sobre racismo y epidemiología en Brasil con perspectiva interseccional, pero sin objeto climático."
276,Estudio de género y adaptación climática en Zambia sin interseccionalidad en sentido social: cruza dos dimensiones del mismo eje.
277,"Pasa el gate al estudiar mujeres rurales con discapacidad ante desastres. El muestreo intencional del subgrupo sostiene IV=1, pero el análisis se queda en una discriminación doble y acumulativa (I=0.5). Poder estructural y contexto aparecen nombrados sin desarrollo (II, III=0.5), y las mujeres figuran sobre todo como víctimas (VI=0), lo que limita la integración."
278,"Pasa el gate al cruzar raza, género y partidismo en actitudes climáticas estadounidenses. La clasificación cruzada interpretada como identidades combinadas justifica I=1 e IV=1, pero el trabajo no teoriza estructuras de poder (II=0) ni proyecta implicaciones de justicia (V=0) o agencia (VI=0); el contexto es solo nacional (III=0.5) y la integración queda parcial."
279,"Aplicación sustantiva desde la ecología política feminista: las subjetividades interseccionales de género y riqueza se analizan en su lugar concreto (I=1, III=1) y se documenta la agencia cotidiana de los pastores maasái (VI=1). El poder estructural se nombra sin mecanismos (II=0.5) y el diseño con fotovoz no explicita muestreo interseccional (IV=0.5)."
280,"Revisión de alcance sobre vulnerabilidad y evacuación en inundaciones que usa 'interseccional' solo en la frase final, con sentido ambiguo. Enumera grupos vulnerables por separado sin articular ejes de diferenciación entre sí, de modo que no supera el gate y todos los criterios quedan en cero; es una mención nominal."
281,"Destaca por el poder estructural y el contexto situado: la exclusión institucional y las historias de marginación explican la adaptación desigual en el Himalaya indio (II=1, III=1), con orientación a la justicia y reconocimiento del saber local (V=1, VI=1). Sin embargo, género, grupo social y clase se tratan casi en paralelo (I=0.5) y el diseño no opera intersecciones (IV=0.5)."
282,"Elegible con reservas: el vínculo climático descansa solo en las keywords, pues el resumen trata desigualdad ambiental y de vivienda. En RSI es sustantivo: posición interseccional de jornaleras mexicanas explicada por fronteras legales y municipales (I=1, II=1), situada en el Valle de San Joaquín (III=1) con muestreo intencional (IV=1); falta agencia (VI=0)."
283,"No supera el gate: el capítulo analiza prácticas docentes universitarias sobre cambio climático que integran saberes indígenas, mindfulness, compasión radical y una pedagogía compasiva interseccional, junto con voces estudiantiles. La interseccionalidad nombra un enfoque pedagógico; el abstract no relaciona ejes de diferenciación ni explica cómo se cruzan en el aula."
284,"Pasa el gate por el vínculo entre clase y masculinidad obrera en el cierre del carbón portugués. Destaca la orientación a una transición justa (V=1) y el contexto concreto de Sines y Pego (III=1), pero la intersección se trata de pasada (I=0.5), el poder se reduce a crítica de política (II=0.5) y el método no opera intersecciones (IV=0.5)."
285,"Pasa el gate por la exposición desagregada y cruzada por casta y género. La clasificación cruzada interpretada como posición combinada (mujeres de castas registradas) da I=1 e IV=1, pero el enfoque es técnico: sin teorizar estructuras (II=0.5), con contexto solo geográfico (III=0.5), orientación equitativa genérica (V=0.5) y sin agencia (VI=0)."
286,"Revisión de alcance sobre calor urbano e injusticia ambiental, con énfasis estructural y de gobernanza. Sin embargo, los ejes (ingreso, raza, género, edad, migración) aparecen como factores en lista, sin articularse entre sí, y la interseccionalidad se plantea como agenda pendiente. No supera el gate, por lo que los criterios quedan en cero."
287,Estudio sobre arte visual y comunicación climática en Zimbabue que usa 'interseccionalidad' en sentido temático.
288,"Pasa el gate al señalar intersecciones de historia colonial, casta y género en las narrativas de PARI. Fuerte en poder epistémico decolonial, contexto sociohistórico, orientación transformadora y saberes locales (II, III, V, VI=1), pero las intersecciones se enuncian sin analizar su co-constitución (I=0.5) y el análisis de contenido no las opera (IV=0.5)."
289,"Gate no superado, caso límite. Texto programático de ecología política feminista que plantea la dimensión interseccional como línea futura de investigación sobre vulnerabilidad sanitaria ante el clima, sin nombrar ni relacionar ejes de diferenciación. Aunque alude a múltiples estructuras de poder, no teoriza posiciones derivadas de varias categorías sociales; RSI = 0."
290,"Gate no superado. El marco integrado sobre inseguridad alimentaria de los hogares invoca enfoques interseccionales y factores superpuestos, pero esos factores son dimensiones del sistema agroalimentario y no categorías sociales relacionadas entre sí. Sin ejes entrelazados ni población interseccional, los criterios no se puntúan y la RSI queda en cero."
291,"Gate no superado. El estudio replantea la vulnerabilidad epistémica ante desastres climáticos a partir de entrevistas narrativas en cuatro países europeos, pero el abstract no identifica ejes de diferenciación social ni los relaciona; género e interseccionalidad aparecen solo como palabras clave. La RSI queda en cero por ausencia de identidades entrelazadas."
292,"Libro con análisis interseccional de la agenda Mujeres, Paz y Seguridad en Canadá y Estados Unidos, donde el clima es un tema incidental."
293,"Falso positivo: estudio sobre enfermería escolar durante la COVID-19, sin contenido interseccional ni climático."
294,"Revisión sobre seguridad hídrica y conocimiento indígena, sin interseccionalidad en sentido social ni objeto climático."
295,"Falso positivo: estudio sobre chemsex entre hombres gais en China, sin interseccionalidad social ni clima físico."
296,"Estudio con lente interseccional sobre el estrés de mujeres jóvenes en asentamientos informales de Kampala, con una mención climática incidental."
297,"Revisión sobre mujeres y gestión del agua en Asia Central, de tema climático pero sin interseccionalidad en sentido social."
298,"Gate no superado. La revisión de políticas sudafricanas de adaptación analiza solo el eje de género; la interseccionalidad aparece como teoría declarada, etiqueta de vulnerabilidades y reforma recomendada, sin vincular a las mujeres con raza, clase u otra categoría. Por la regla de etiqueta sobre un solo eje, todos los criterios quedan en cero."
299,"Estudio cualitativo sobre mujeres agricultoras en Zimbabue con marco de ecología política feminista, poder estructural patriarcal y agencia bien documentada. Sin embargo, solo articula el eje de género; la interseccionalidad aparece como etiqueta de las recomendaciones y la condición de pequeña productora no se analiza como eje relacionado. No supera el gate."
300,"Aplicación sustantiva: las histerectomías entre cortadoras de caña migrantes muestran cómo género, casta, clase y vulnerabilidad climática se co-constituyen bajo regímenes laborales explotadores (I=1, II=1), en un contexto de sequía muy situado (III=1) y con muestreo intencional (IV=1). La orientación a la justicia y la agencia de negociación quedan poco desarrolladas (V, VI=0.5)."
301,"Gate no superado. La revisión sobre bienestar femenino y calor extremo en África, Asia y Oceanía adopta una lente de género y menciona especificidades culturales, pero no articula un segundo eje de diferenciación entrelazado con el género; la interseccionalidad solo figura en palabras clave. Sin identidades entrelazadas, la RSI es cero."
302,"Pasa el gate al articular género, etnia/color de piel y nacionalidad en la vulnerabilidad de mujeres desplazadas por desastres climáticos. Como texto de opinión, su fuerza está en la orientación a políticas de cuidado (V=1); los ejes se suman más que co-constituirse (I=0.5), no hay operacionalización empírica (IV=0) y las mujeres aparecen sin agencia (VI=0)."
303,"Capítulo sobre emprendedoras turísticas en Irán y justicia climática, sin interseccionalidad en sentido social."
304,"Gate no superado. El capítulo reivindica la agencia de mujeres del Sur Global con un enfoque interseccional y de psicología positiva, pero solo trabaja el eje de género; las condiciones estratificadas que menciona no se traducen en categorías sociales relacionadas. Es una etiqueta sobre un único eje, por lo que la RSI es cero."
305,"Gate no superado. La revisión sistemática documenta brechas de género en la agricultura india y la agencia de las agricultoras, pero lo interseccional se aplica a vulnerabilidades del eje mujer, intensificadas por clima, mecanización y exclusión, sin relacionar casta, clase u otra categoría. Etiqueta sobre un solo eje: RSI = 0."
306,"Análisis interseccional de sexualidad, etnicidad y género en la literatura malaya de posguerra, sin objeto climático."
307,"Gate no superado. La nota reflexiona sobre salud mental juvenil y crisis climática desde la experiencia de la generación Z; lo interseccional describe el activismo de las autoras y la intersección mencionada une procesos cognitivos y de acción, no categorías sociales. Con un solo eje, la edad, la RSI queda en cero."
308,"Gate no superado. El estudio de la alianza MenEngage examina masculinidades y justicia climática y de género mediante quince entrevistas, pero las intersecciones que menciona son temáticas y los grupos marginados se enumeran sin relacionarse con el género. Al no haber dos ejes entrelazados, ningún criterio se puntúa y la RSI es cero."
309,"Gate no superado, con duda. El estudio cualitativo con jóvenes activistas canadienses alude a realidades interseccionales y al peso de las identidades, pero no indica qué categorías se cruzan ni cómo; la juventud es el único eje explícito y la etiqueta interseccional recae sobre él. Por ello la RSI queda en cero."
310,"Gate aprobado con dudas: juventud y racialización son identificables y se vinculan al examinar grupos minorizados en la acción climática. Sobresalen la orientación a la justicia y la agencia juvenil documentada (V=1, VI=1), mientras que la intersección, el poder estructural, el contexto británico y el método quedan en nivel parcial (I–IV=0.5)."
311,"Sustantivo fuerte: analiza la posición de mujeres racializadas de bajos ingresos ante la sequía de Ciudad del Cabo, vinculándola con marginación histórica y gobernanza tecnocrática (I=1, II=1, III=1), documenta sus prácticas (VI=1) y propone reformas concretas (V=1). El resumen no detalla técnicas de recogida, aunque el diseño multiescalar centrado en el subgrupo sostiene IV=1."
312,"Gate no superado, caso límite. La investigación sobre la coalición contra el oleoducto Line 3 analiza con detalle la desigualdad entre activistas indígenas y blancos, pero la opresión interseccional solo se invoca al señalar un vacío en la literatura y un objetivo de los movimientos. Sin un segundo eje relacionado, la RSI es cero."
313,"Estudio cualitativo sobre menopausia y calor en Israel que usa una lente interseccional de sentido ambiguo: la intersección central es entre sofocos y estrés térmico ambiental. Género y edad solo están implícitos en la población de mujeres de mediana edad, sin articularse como ejes relacionados, por lo que no supera el gate."
314,"Gate no superado. El estudio con veinte jóvenes activistas en Mi'kma'ki examina agotamiento, duelo y visiones de futuro, y cita la interseccionalidad como uno de tres factores sin precisar qué categorías se cruzan. La edad es el único eje articulado y el abstract, breve, no permite más evaluación; RSI = 0."
315,"Estudio interseccional sobre personas trans y hormonoterapia autogestionada, sin vínculo con el clima físico."
316,"Gate no superado. El artículo de ecoteología propone la rabia climática y las voces más que humanas como herramienta contra la injusticia epistémica antropocéntrica; la interseccionalidad entra solo como referencia a Lorde, sin ejes de diferenciación social. No hay identidades entrelazadas que evaluar, por lo que la RSI es cero."
317,"Pasa el gate al identificar familias con marginación múltiple ante incendios forestales. Destaca la agencia parental documentada (VI=1), pero la intersección se entiende como suma de estresores (I=0.5), el poder y el contexto apenas se desarrollan (II, III=0.5) y el diseño, basado en gestores de casos, no opera intersecciones (IV=0.5)."
318,"Sustantivo: analiza cómo género y clase se entrelazan en hogares sudafricanos encabezados por mujeres ante inundaciones (I=1), con violencia estructural explícita (II=1), muestreo intencional (IV=1), orientación a la justicia (V=1) y agencia documentada como primeras respondedoras (VI=1). Solo el contexto queda superficial (III=0.5), sin anclaje histórico-político."
319,Estudio feminista interseccional sobre protestas en Bangladesh y Nepal donde el clima es solo contexto de uno de los casos.
320,"Pasa el gate con claridad: estudia mujeres dalit pobres en la intersección de discriminaciones de género y casta, con muestreo intencional (I=1, IV=1). Sin embargo, el resumen es descriptivo: nombra la discriminación sin teorizarla (II=0.5), sitúa el caso superficialmente (III=0.5) y no desarrolla justicia ni agencia (V=0, VI=0)."
321,"Falso positivo: red de segmentación 3D para evaluar daños posdesastre con drones, sin contenido interseccional."
322,"Análisis eco-crip de una novela centrado en discapacidad y naturaleza, sin interseccionalidad social ni análisis climático."
323,"Estudio sobre feminismo negro y activismo deportivo, interseccional pero sin objeto climático."
324,"Revisión sobre la propiedad heredada afroamericana y el uso del suelo, sin interseccionalidad social ni objeto climático."
325,Entrevista a una antropóloga de obra interseccional donde el clima es una mención incidental.
326,"Estudio interseccional de raza, género y clase en madres trabajadoras durante la COVID-19, sin objeto climático."
327,"Gate no superado. El estudio con ONG ugandesas vincula cambio climático y violencia de género, pero la intersección que analiza es temática y lo interseccional califica vulnerabilidades de mujeres y niñas sin relacionarlas con clase, etnia u otro eje. Al tratarse de una etiqueta sobre el género, la RSI queda en cero."
328,"Revisión que pasa el gate al nombrar múltiples ejes cuyas identidades condicionan los impactos climáticos. Destaca su orientación a la justicia epistémica y climática y el reconocimiento de las personas como coproductoras de conocimiento (V=1, VI=1), pero trata la interseccionalidad como agenda (I=0.5), sin contexto situado (III=0) ni operacionalización empírica (IV=0)."
329,"Gate no superado. La revisión bibliométrica sobre soluciones basadas en la naturaleza e inseguridad alimentaria en África cataloga prácticas agroecológicas y señala la interseccionalidad únicamente como laguna de investigación, sin mencionar categorías sociales. Corresponde al caso de mención como vacío de la literatura, de modo que la RSI es cero."
330,"Gate no superado. El capítulo revisa la literatura que cruza adaptación urbana e interseccionalidad y propone alianzas teóricas críticas, pero el abstract habla del campo y de su agenda sin articular categorías sociales concretas ni teorizar su cruce. Es una mención metabibliográfica, por lo que los criterios no se puntúan y la RSI es cero."
331,Revisión sobre participación política indígena sin interseccionalidad en sentido social y con el clima como tema incidental.
332,"Gate no superado. El capítulo usa una teoría feminista interseccional para criticar la lógica tecnocrática de la política climática de Gotemburgo y Malmö, pero el abstract no identifica ejes sociales ni su entrelazamiento; la lente se dirige a lógicas organizativas. Abstract insuficiente para ver identidades entrelazadas, así que la RSI es cero."
333,"Análisis literario sobre capacitismo en una novela ambientada tras el desastre industrial de Bhopal, sin objeto climático."
334,"Gate no superado. El capítulo propone un diagrama del nexo poder-salud-ambiente para explicar la inacción ambiental, pero lo interseccional designa el cruce de esos tres ámbitos y no de ejes de diferenciación social. Los grupos con menos poder quedan sin desagregar, por lo que no hay identidades entrelazadas y la RSI es cero."
335,"Estudio cualitativo sobre cómo jóvenes activistas climáticas construyen identidades ecocéntricas en Instagram. La interseccionalidad figura como uno de los valores que expresan, no como marco analítico; ser joven y mujer describe a la población, pero el análisis no relaciona esos ejes, por lo que no supera el gate y los criterios quedan en cero."
336,"Gate no superado. El capítulo defiende la protección social adaptativa para la recuperación posdesastre en Indonesia; el marco interseccional anunciado en el título no aparece en el abstract, que solo habla de grupos vulnerables y brecha socioeconómica. Sin ejes entrelazados, y con un abstract insuficiente sobre ese marco, la RSI es cero."
337,"Capítulo sobre el curso de vida adulto con desigualdad interseccional, pero con una mención climática solo prospectiva."
338,"Artículo sobre datos de género en la financiación climática, sin interseccionalidad en sentido social."
339,"Gate no superado. El capítulo analiza el edadismo en el discurso climático y la solidaridad intergeneracional en India, pero la lente interseccional se reduce a la relación entre cohortes de edad; ningún otro eje se vincula con la edad. Es una etiqueta sobre un solo eje, de modo que todos los criterios quedan en cero."
340,"Libro conceptual con orientación crítica fuerte: vincula capitalismo, globalización económica y jerarquías Norte-Sur con crímenes atroces climáticos y propone reparaciones y ecocidio (II=1, V=1). Los ejes de género, raza y especie se nombran juntos pero el abstract no muestra su co-constitución (I=0.5), carece de método interseccional (IV=0) y no reconoce agencia de los sujetos (VI=0)."
341,"Falso positivo interseccional: la revisión cruza género y clima como temas y compara solo mujeres con hombres, sin plantear intersecciones entre categorías sociales."
342,"Falso positivo interseccional: el volumen cruza discapacidad y reducción del riesgo de desastres como campos, sin plantear intersecciones entre categorías sociales o sistemas de opresión."
343,"Falso positivo climático: revisión de alcance sobre anemia ferropénica con lente interseccional, donde los desastres naturales son solo una barrera logística mencionada al pasar."
344,"Falso positivo climático: el ensayo revisa la sociología relacional y sus estudios en Turquía; lo interseccional y los desastres se mencionan de pasada, sin objeto climático."
345,"Falso positivo interseccional: el estudio cruza índices de riesgo climático y susceptibilidad escolar en ciudades de Estados Unidos, con la pobreza como único factor social."
346,"Estudio mixto sobre Fridays For Future en Austria que aplica tres lentes interseccionales explícitos; analiza el encuadre y la estrategia de activistas (VI=1), pero género y edad se enumeran sin mostrar su co-constitución (I=0.5) y el poder y la exclusión se nombran sin estructuras concretas (II=0.5), con integración parcial."
347,"Falso positivo interseccional: estudio sobre la sinergia entre rehabilitación patrimonial y oficios de construcción en Reino Unido, donde lo interseccional significa intersectorial."
348,"Uso ambiguo del enfoque interseccional: el capítulo analiza novelas del noreste de India sobre el Antropoceno y la subalternidad humana y no humana, pero no articula dos ejes de diferenciación social relacionados; la categoría central es la agencia no humana, por lo que no supera el gate y todos los criterios quedan en cero."
349,"Estudio cualitativo participativo con jóvenes refugiados racializados en Norteamérica: la crítica antirracista a la narrativa de migración climática y la praxis de los jóvenes en el huerto sostienen II, V y VI en 1; la desventaja interseccional se invoca como antecedente sin analizar la co-constitución de raza, estatus migratorio y edad (I=0.5)."
350,"Gate no superado. El ensayo vincula transición justa, derechos humanos y trabajo social; menciona comunidades racializadas, justicia económica y posicionalidad, pero como elementos separados y como recomendación de enfoque interseccional, sin articular su entrelazamiento. Al listar grupos sin relacionar ejes, la RSI queda en cero."
351,"Estudio cualitativo participativo en comunidades costeras de Khulna afectadas por ciclones: muestra cómo edad, estado civil y religión se superponen al género y amplifican riesgos en salud sexual y reproductiva (I=1, III=1, IV=1), con recomendaciones de justicia climática (V=1); el poder estructural se nombra genéricamente (II=0.5) y la agencia es marginal (VI=0.5)."
352,"Falso positivo climático: artículo teórico sobre inteligencia artificial y empoderamiento de mujeres agricultoras que menciona el análisis interseccional de género, sin tratar el clima como objeto."
353,"Gate no superado. El marco para evaluar la equidad distributiva de la financiación de la adaptación incluye la interseccionalidad como un elemento de una lista junto a descolonización y dinámicas de poder, sin nombrar ni relacionar categorías sociales. Es una mención enumerativa, por lo que todos los criterios quedan en cero."
354,"Estudio epidemiológico sobre olas de calor y urgencias de salud mental en jóvenes con TDAH en Carolina del Norte: los modelos interseccionales interpretan posiciones combinadas de raza y sexo (I=1, IV=1), pero no explican el riesgo mediante estructuras de poder (II=0) ni incluyen dimensión de justicia o agencia (V=0, VI=0)."
355,"Gate no superado. El estudio mixto con 400 mujeres tras la inundación de Bozkurt documenta normas de género, acceso desigual a recursos y estructuras patriarcales, pero el cruce se da entre el género y factores contextuales, no con otra categoría social. Eje único con lenguaje interseccional: los criterios quedan en cero."
356,"Capítulo sobre cooperativas agrícolas de jóvenes palestinos que cruza colonización, políticas neoliberales y cambio climático; destaca la agencia juvenil como economía de resistencia (VI=1) y la soberanía alimentaria (V=1), pero no analiza la co-constitución de edad, nación y clase (I=0.5) ni describe método (IV=0); el abstract breve limita la evaluación."
357,"Falso positivo interseccional: estudio cualitativo en Bangsamoro sobre choques combinados de clima y conflicto; lo interseccional alude a amenazas compuestas, no a ejes de diferenciación social."
358,"Falso positivo climático: estudio cualitativo con profesionales sobre el acceso sanitario de mujeres sin hogar en España; invoca un enfoque interseccional, pero no trata el clima."
359,"Falso positivo climático: estudio fenomenológico interseccional sobre mujeres migrantes en Milán durante la pandemia de COVID-19, un desastre no climático."
360,"Mención nominal: la revisión crítica sobre inundaciones y educación centra las voces de niñas, niños y jóvenes y sugiere enfoques interseccionales y decoloniales en una agenda futura, pero no relaciona la edad con otros ejes de diferenciación social, por lo que no supera el gate."
361,"Falso positivo climático: análisis literario de Animal's People sobre discapacidad, masculinidad y sexualidad tras un desastre industrial, sin vínculo con el clima."
362,"Gate no superado, con duda. El marco 5R de transiciones reparativas conecta colonialismo y desarrollo industrial y se ilustra con la comunidad indígena Tremembé, pero la injusticia interseccional se atribuye a otra literatura y el análisis solo articula el eje indígena-colonial. Sin una segunda categoría social entrelazada, la RSI es cero."
363,"Análisis crítico situado en Sindh: muestra cómo el calor extremo se cruza con género, posición económica y roles de cuidado y trabajo agrícola para intensificar riesgos en el embarazo (I=1, II=1, III=1), con llamado a la justicia climática (V=1); el método documental solo describe subgrupos (IV=0.5) y las mujeres aparecen sin agencia (VI=0)."
364,"Gate no superado. El texto presenta un congreso europeo sobre determinantes ecosociales de las inequidades en salud; la interseccionalidad figura solo como palabra clave junto a la intersectorialidad, y los grupos desfavorecidos no se caracterizan por categorías relacionadas. No hay análisis propio ni ejes entrelazados, así que la RSI es cero."
365,"Falso positivo interseccional: estudio cuantitativo en Mali que cruza género e información climática como temas, sin invocar intersecciones entre categorías sociales."
366,"Gate no superado. El capítulo, escrito desde el activismo académico en Sudáfrica, analiza narrativas que vinculan la acción climática con luchas y prioridades comunitarias; lo interseccional designa esa conexión entre causas, sin nombrar ni relacionar ejes como raza, clase o género. Al no haber identidades entrelazadas, la RSI queda en cero."
367,"Mención nominal: la encuesta en el delta del Níger invoca sistemas de opresión interseccionales para explicar prácticas de belleza racializadas y su vínculo con la crisis climática, pero género y raza aparecen por separado y sin relación, por lo que no supera el gate."
368,"Falso positivo interseccional: el artículo analiza desde el marxismo el carácter de clase de la ciudad sostenible, cruzando clase con escala geográfica y no con otras categorías sociales."
369,"Estudio cualitativo en el centro-sur de Chile que compara estrategias de afrontamiento de mujeres rurales y urbanas: documenta agencia en la emergencia y la recuperación (VI=1), pero género y territorio se contrastan descriptivamente (I=0.5, IV=0.5) y las desigualdades previas no se vinculan con estructuras de poder (II=0)."
370,"Falso positivo climático: capítulo sobre raza y lengua en la formación docente para estudiantes multilingües en Colorado, donde el clima solo aparece como clima político."
371,"Estudio cualitativo en cuatro comunidades chinas urbanas, rurales y rurales de minorías étnicas: analiza cómo etnicidad, estatus socioeconómico y localidad se cruzan con el género para profundizar la exclusión (I=1, IV=1), explicada por gobernanza estatal y sistemas patriarcales (II=1), y documenta capacidades y vías de empoderamiento femenino (VI=1), con integración coherente."
372,"Falso positivo: estudio de teledetección sobre la severidad de incendios forestales en la Sierra Madre Occidental, donde la intersección es una métrica de aprendizaje profundo."
373,"Gate no superado. El análisis de muertes por sobredosis con implicación del calor en Arizona estima correlatos separados mediante regresión logística; lo interseccional alude a la coincidencia de calor, sinhogarismo y metanfetamina, que son riesgos y no ejes de diferenciación relacionados. Sin interacción entre categorías sociales, la RSI es cero."
374,"Encuesta a feligreses en Nigeria con interacciones significativas entre género y estado civil, interpretadas como posiciones combinadas (I=1, IV=1); sin embargo, no vincula las diferencias con estructuras de poder (II=0), el contexto religioso se describe superficialmente (III=0.5) y no plantea implicaciones de justicia (V=0)."
375,"Gate no superado, caso límite. El artículo defiende la planificación urbana como vía hacia la justicia climática interseccional y abre con la idea de que varias dimensiones identitarias condicionan el impacto climático, pero no las relaciona ni teoriza su cruce; el desarrollo se centra en uso del suelo y metabolismo urbano. RSI = 0."
376,"Capítulo breve sobre el caso Bumbeș contra Rumanía con lente de justicia climática interseccional: critica extractivismo, capitalismo y violencia estatal-corporativa (II=1) y destaca la resistencia de base (V=1, VI=1); clase y raza solo se nombran en el título sin mostrar su co-constitución (I=0.5), y el abstract es insuficiente para evaluar método y contexto."
377,"Estudio cualitativo con mujeres pastoralistas de Kajiado ante la sequía: explica cómo edad, activos, escolaridad y estado civil condicionan la capacidad adaptativa (I=1, IV=1) mediante reglas que asignan reconocimiento y reproducen jerarquías de clase y matrimoniales (II=1), documenta estrategias colectivas (VI=1) y propone palancas de política concretas (V=1)."
378,"Falso positivo interseccional: entrevista sobre violencia de género y huracanes en Dominica que cruza clima, violencia y gestión de desastres como temas, sin plantear intersecciones entre categorías sociales."
379,"Gate no superado. El estudio cualitativo sobre cambio climático y seguridad cultural en el norte de Ghana usa la teoría de la securitización; lo interseccional solo califica la diversidad buscada en el muestreo, sin especificar ni relacionar categorías sociales en el análisis. Sin identidades entrelazadas, todos los criterios quedan en cero."
380,"Gate no superado. La revisión narrativa clasifica dimensiones de vulnerabilidad sanitaria ante el cambio climático y habla de intersecciones múltiples, pero estas combinan tipos de vulnerabilidad e infraestructura, no categorías como género, raza o clase. Los grupos históricamente desfavorecidos no se especifican, así que la RSI queda en cero."
381,"Revisión integradora sobre mujeres del Sur Global ante extremos climáticos: nombra la intersección de desigualdad de género y limitaciones socioeconómicas, pero las trata como causas paralelas (I=0.5), generaliza sin contexto específico (III=0) y no operacionaliza intersecciones (IV=0); sus recomendaciones de liderazgo femenino y políticas sensibles al género sostienen V=1."
382,"Gate no superado. La revisión sistemática explica la inequidad térmica urbana mediante injusticia transicional, gentrificación climática y una praxis adaptativa interseccional, pero solo articula clase y segregación espacial, sin relacionar otra categoría social como entrelazada. Lo interseccional opera como marco nominal, por lo que la RSI es cero."
383,"Falso positivo interseccional: ensayo desde el enfoque de capacidades sobre clima y desigualdad de género que cruza temas, con el género como único eje social."
384,"Volumen sobre litigio climático en el Sur Global orientado explícitamente a la justicia climática interseccional (V=1) y a las estrategias de litigantes que enfrentan opresiones entrecruzadas (VI=1); género, raza y generación se enumeran sin mostrar su co-constitución (I=0.5), las barreras institucionales no se teorizan (II=0.5) y no hay método interseccional (IV=0)."
385,"Artículo de opinión sobre agricultura sudafricana que articula la exclusión estructural en la producción de conocimiento, tecnologías y jerarquías geopolíticas (II=1) y propone un enfoque africano e interseccional de justicia para agricultores marginados (V=1); clase, indigeneidad y género se listan como fuerzas entrecruzadas sin análisis de su co-constitución (I=0.5) ni método (IV=0)."
386,"Capítulo situado en el conflicto armado colombiano y la Jurisdicción Especial para la Paz (III=1), con orientación feminista y de justicia transicional (V=1); enumera grupos históricamente marginados y opresiones entrelazadas, pero plantea el análisis interseccional como propuesta más que realizarlo (I=0.5), sin método (IV=0) ni reconocimiento de agencia (VI=0)."
387,"Falso positivo interseccional: el capítulo cruza discapacidad y cambio climático en África como temas, con la discapacidad como único eje social y factores contextuales no categoriales."
388,"Falso positivo interseccional: el capítulo cruza discapacidad y cambio climático en Asia como temas, con la discapacidad como único eje social."
389,"Falso positivo interseccional: el capítulo cruza discapacidad y cambio climático en Australasia como temas, sin plantear intersecciones con otras categorías sociales."
390,"Falso positivo interseccional: el capítulo sobre discapacidad y cambio climático en Centro y Sudamérica llama interseccionales a factores contextuales, sin cruzar categorías sociales."
391,"Estudio de ecología política feminista con pastoralistas de Kenia e India: explica la maladaptación por despojo de tierras, políticas del conocimiento y adaptación vertical (II=1) y la crítica situada abre vías contra la marginación (V=1), pero las subjetividades interseccionales solo explicitan el género (I=0.5) y el abstract no describe el método (IV=0)."
392,"Revisión de alcance sobre impactos del cambio climático en la salud en Aotearoa Nueva Zelanda: enumera etnicidad, edad, género, discapacidad y privación socioeconómica como factores de vulnerabilidad y los llama interseccionales, pero los trata por separado (I=0.5), sin teorizar estructuras de poder (II=0) ni operacionalizar intersecciones (IV=0), con elementos yuxtapuestos."
393,"Falso positivo interseccional: revisión narrativa sobre cambio climático, discapacidad y medicina de rehabilitación que cruza temas, sin intersecciones entre categorías sociales."
394,"Capítulo crítico sobre desastres climáticos y discapacidad que explora sus intersecciones con género, raza o etnicidad y estatus LGBTQ+ para mostrar fallas de la reducción del riesgo (I=0.5) y orientar una gestión inclusiva y equitativa (V=1); no sitúa un contexto específico (III=0), carece de método (IV=0) y apenas reconoce agencia."
395,"Supera el gate por la vía teórica: el estudio sostiene que identidades que se cruzan, junto con el lugar, moldean las emociones climáticas en comunidades rurales canadienses. Sin embargo, no especifica ejes ni usa un diseño interseccional (I=0.5, IV=0), y poder y contexto quedan apenas esbozados (II=0.5, III=0.5)."
396,"Estudio cualitativo con inmigrantes mayores de la ex Unión Soviética en Israel: enmarca su vulnerabilidad en la intersección de edad y estatus migratorio y documenta estrategias de aclimatación (VI=1), pero los hallazgos se explican por factores psicosociales sin mostrar la co-constitución de los ejes (I=0.5) ni estructuras de poder (II=0)."
397,"Mención nominal: el capítulo presenta la plataforma Sobrevidas para datos desagregados por género sobre víctimas de desastres climáticos en Brasil y reconoce a las mujeres como agentes, pero la desigualdad étnica solo aparece como contexto y no se relaciona con el género, por lo que no supera el gate."
398,"Supera el gate porque su argumento central es que las vulnerabilidades y desigualdades climáticas se cruzan y que el Tribunal Europeo debe pensar interseccionalmente. Destaca su orientación a transformar la doctrina sobre la condición de víctima (V=1), pero sin ejes nombrados (I=0.5), sin operacionalización (IV=0) ni agencia de los sujetos (VI=0)."
399,"Falso positivo interseccional: análisis jurídico de REDD+ y del consentimiento previo en el caso Pirá Paraná que cruza política climática y derechos indígenas como temas, sin intersecciones entre categorías sociales."
400,"Falso positivo interseccional: libro sobre justicia climática comunitaria y derechos indígenas que cruza temas de política y desarrollo, sin relacionar categorías sociales entre sí."
401,"Gate no superado. El estudio muestra cómo las amenazas climáticas superpuestas en Banaskantha añaden cargas de cuidado y vulnerabilidad de género, y reconoce el papel de las mujeres en la preparación; pero solo trabaja el eje de género y la intersección descrita es entre extremos climáticos. Etiqueta sobre un eje: RSI = 0."
402,"Falso positivo climático: estudio sobre desapariciones de personas en Misisipi con marcos de violencia estructural e interseccionalidad, sin objeto climático."
403,Falso positivo climático: el capítulo integra un libro sobre bienestar y factores humanos en la economía de plataformas y menciona el cambio climático solo de pasada.
404,"Mención programática: la conclusión del volumen sobre litigio climático subraya la interseccionalidad, los legados coloniales y las barreras estructurales, pero solo enumera grupos por investigar sin relacionar dos ejes de diferenciación social, por lo que no supera el gate pese a su clara orientación a la justicia climática."
405,"Gate no superado. El editorial plantea si las artes pueden mitigar el sufrimiento humano y ambiental ante conflictos, catástrofe climática y pandemias; las cuestiones interseccionales son problemas entrelazados y los pueblos diversos y originarios solo se enumeran. No hay análisis propio de identidades entrelazadas, por lo que la RSI es cero."
406,"Artículo metodológico sobre justificaciones estatales de derechos humanos en litigio climático que integra género e interseccionalidad en una metodología participativa con sociedad civil feminista y marginada (IV=0.5, VI=0.5) y propone justificaciones sensibles al género (V=1); género y raza se nombran como factores entrecruzados sin analizar su co-constitución (I=0.5)."
407,"Falso positivo climático: estudio participativo sobre estrategias de bienestar de jóvenes urbanos e indígenas en Brasil tras la COVID-19, donde el clima es solo una crisis de contexto."
408,"Invoca la interseccionalidad en sentido social, pero el clima es una mención incidental dentro de una lista de condiciones sindémicas y no forma parte del objeto, centrado en la pandemia y la retención escolar."
409,"Falso positivo para el criterio interseccional: la intersección del título es un cruce temático entre desastres climatológicos y desigualdad racial, sin invocar la interseccionalidad ni cruzar categorías sociales."
410,"Falso positivo: libro sobre diversidad dietaria en Tanzania donde la intersección une campos temáticos, no categorías sociales, y el cambio climático es solo una mención de contexto."
411,"Gate no superado. El artículo jurídico propone un enfoque de género, litigio estratégico y una relatoría de la ONU frente a la mortalidad materna agravada por el clima en África subsahariana; lo interseccional califica la amenaza, no el cruce de categorías sociales. Al haber un solo eje, la RSI queda en cero."
412,"Gate no superado. La ponencia propone un feminismo de datos interseccional para la IA aplicada a reducción de riesgo de desastres, con preguntas sobre tecnología y finanzas feministas, pero solo articula el género; ningún otro eje social aparece relacionado. La etiqueta interseccional recae sobre un único eje y la RSI es cero."
413,"Falso positivo: análisis literario decolonial y de discapacidad sobre la novela de Sinha y el desastre industrial de Bhopal, con sujetos interseccionales pero sin contenido climático."
414,"Falso positivo: estudio paleodemográfico del Berlín medieval y moderno donde la intersección une clima (Pequeña Edad de Hielo) y urbanización, sin invocar interseccionalidad ni cruzar categorías sociales."
415,"Gate no superado, con duda. El capítulo examina la exclusión de personas con discapacidad en desastres durante conflictos y desplazamiento forzado, y critica el capacitismo; pero el cruce que articula es entre un eje, la discapacidad, y contextos de crisis. Si el desplazamiento se leyera como estatus migratorio podría pasar; aquí RSI = 0."
416,"Aplicación conceptual sólida: trata la discapacidad como posición que se cruza con otras y critica la inclusión aditiva y la interseccionalidad perezosa (I=1), con crítica explícita del modelo médico y de las relaciones de poder-saber (II=1). Al ser conceptual, carece de operacionalización (IV=0) y el contexto queda en ejemplos genéricos (III=0.5)."
417,"Falso positivo: estudio de discapacidad y sexualidad en una novela sobre el desastre industrial de Bhopal; hay intersecciones sociales, pero ningún contenido climático."
418,"Gate no superado. El análisis de la retórica de Fridays for Future identifica tres líneas de conflicto, generacional, global y democrática, que se presentan como antagonismos separados; las alianzas interseccionales solo aparecen como crítica recibida por el movimiento. Sin ejes relacionados como entrelazados, los criterios no se puntúan y la RSI es cero."
419,"Mención nominal: el análisis de representación en comités de clima y salud cuenta miembros por ingreso del país, pertenencia al G7, vulnerabilidad climática y género por separado, sin cruzarlos. La interseccionalidad solo aparece como recomendación de política, así que no supera el gate y todos los criterios quedan en cero."
420,"Sustantivo fuerte: entiende la vulnerabilidad al calor de migrantes como posición encarnada donde se cruzan migración, racismo y precariedad (I=1), explicada por el urbanismo neoliberal (II=1) en El Raval (III=1). El diseño participativo con un subgrupo interseccional (IV=1) documenta resistencias y adaptaciones radicales (VI=1) orientadas a una adaptación justa (V=1)."
421,"Integración parcial: muy situado en los Sundarbans (III=1) y con muestreo de grupos marcados por casta, clase, religión e indigeneidad (IV=1), pero esos ejes funcionan como descriptores y el análisis gira hacia afectos multiespecie (I=0.5). El poder estructural se nombra sin mecanismos (II=0.5) y la justicia queda como concepto teórico."
422,"Articulación débil: la reflexión metodológica sobre mapeo con desplazados en Lagos relaciona movilidad y etnicidad y menciona la subida del mar, lo que permite pasar el gate con dudas. Todos los criterios quedan en 0.5 porque ejes, poder y contexto aparecen esbozados y la lente interseccional se anuncia más de lo que se aplica."
423,"Aplicación parcial: declara un enfoque interseccional y de justicia social y relaciona clase, religión y género en la adaptación a la inseguridad alimentaria climática, pero los hallazgos enumeran factores sin mostrar su co-construcción (I=0.5, II=0.5). Destaca la documentación de estrategias propias de los hogares (VI=1); contexto y método quedan en nivel intermedio."
424,"Gate no superado. El ensayo filosófico revisa las metanarrativas ecológicas de Sloterdijk, Latour y Chakrabarty y reclama grandes relatos más diversos; lo interseccional aparece como deseo de diversidad y las tradiciones críticas solo se enumeran. No hay ejes de diferenciación relacionados, de modo que la RSI se fija en cero."
425,"Análisis situado de un litigio climático transnacional: conecta los impactos de género en la isla de Pari con sistemas de desigualdad y con el sesgo eurocéntrico del derecho (II=1, III=1), y recoge la acción colectiva de las pescadoras (VI=1). La intersección de ejes queda implícita (I=0.5) y no hay método empírico (IV=0)."
426,"Sustantivo en poder y contexto: explica la inseguridad térmica encarnada mediante estructuras de violencia, neoliberalismo y colonialismo de asentamiento en Perth (II=1, III=1), con orientación crítica explícita (V=1). Los ejes se enumeran más que se co-construyen (I=0.5) y el muestreo cualitativo no opera intersecciones de forma explícita (IV=0.5)."
427,"Gate no superado. El capítulo documenta la formación de una red de educación climática en California y sus estrategias de reclutamiento inclusivo; la justicia climática interseccional figura solo en las palabras clave y las comunidades marginadas no se caracterizan por categorías. Abstract sin contenido interseccional evaluable, por lo que la RSI es cero."
428,"Excluido por amenaza no climática: etnografía feminista interseccional de la recuperación posterior al terremoto de Kachchh, sustantiva en lo interseccional pero ajena al cambio climático."
429,"Nota de perspectiva que pide atender las emociones en la migración laboral generizada vinculada al cambio ambiental; relaciona género y migración y afirma que las emociones se viven interseccionalmente, lo que supera el gate. Al ser un planteamiento sin método ni orientación transformadora (IV=0, V=0), los demás criterios quedan en niveles intermedios."
430,"Gate no superado, caso límite. La revisión crítica sobre metodologías participativas con jóvenes atribuye sus dificultades a desigualdades que se cruzan y al discurso adultocéntrico, pero solo desarrolla el eje etario; no relaciona la edad con otras categorías. Funciona como etiqueta sobre un único eje, por lo que la RSI queda en cero."
431,"Mención nominal en un estudio de encuesta sobre estrés climático, olas de calor y experiencias de COVID-19. Las asociaciones se comparan por raza/etnia y por discriminación de forma separada e inconsistente, sin cruzar ejes de diferenciación; la equidad interseccional solo se invoca al cierre, así que no supera el gate."
432,"Gate no superado. El capítulo sobre migración y desplazamiento ambiental en Ciudad de México, Bangladés y el Pacífico recomienda una perspectiva interseccional y de género y destaca por separado la realidad indígena; los ejes se yuxtaponen sin articularse como entrelazados. Corresponde a listar ejes por separado, así que la RSI es cero."
433,Falso positivo: capítulo sobre derecho ambiental y pueblos indígenas donde la intersección es entre campos jurídicos y la política climática es solo una de varias protecciones enumeradas.
434,"Falso positivo: estudio sobre conflictos entre políticas agrarias y biodiversidad en Europa donde interseccional equivale a transversal o intersectorial, sin contenido social ni climático sustantivo."
435,"Aplicación conceptual sustantiva: trata a las personas BIPOC con discapacidad como posición específica donde se cruzan racismo ambiental y capacitismo (I=1), con mecanismos como el redlining y la infraestructura deficiente (II=1), y propone justicia climática centrada en sus saberes (V=1). Falta contexto situado (III=0.5) y operacionalización empírica (IV=0)."
436,"Gate no superado. La perspectiva critica las promesas vacías de equidad, diversidad e inclusión en transiciones energéticas y propone prácticas concretas; abordar desigualdades interseccionales figura solo como recomendación, y los grupos marginados se enumeran sin categorías relacionadas. Al no articular identidades entrelazadas, la RSI se fija en cero."
437,Falso positivo: estudio etnoecológico sobre reciprocidad en territorios gitxsan y nłeʔkepmx donde la intersección une sistemas de conocimiento y la mitigación climática es una mención incidental.
438,"Aplicación parcial con buen diseño: el muestreo intencional de mujeres negras de Durban (IV=1) documenta saberes situados y agencia (VI=1) y orienta una adaptación desde abajo más equitativa (V=1). Sin embargo, el análisis privilegia el género sobre la co-construcción con la raza (I=0.5) y no explicita mecanismos estructurales (II=0.5)."
439,Ensayo pedagógico que propone el ecofeminismo negro como intervención en la educación climática jesuita: su fuerza está en la crítica de la autoridad epistémica cristiana occidental y de las historias de opresión racial y de género (II=1) y en la orientación a la reparación y la justicia (V=1). Los ejes se enumeran (I=0.5) y no hay método (IV=0).
440,"Uso ambiguo de lo interseccional, que cruza ocupación, limpieza étnica, ecocidio y cambio climático más que ejes de diferenciación; se admite con confianza baja. No supera el gate porque solo aparece la posición del pueblo palestino como eje, y el abstract, de tres frases, es insuficiente para evaluar el análisis."
441,Falso positivo para el criterio interseccional: estudio sobre raza e impactos climáticos en el interior de Alaska que usa intersección como cruce temático y trabaja un único eje social.
442,"Excluido por clima incidental: estudio sobre discriminación y estrés postraumático en jóvenes negros y latinos con identidades entrecruzadas, donde los desastres naturales son una variable menor."
443,"Gate no superado. La revisión documental de políticas climáticas de Ghana muestra la invisibilidad de las personas con discapacidad y critica el capacitismo, pero la interseccionalidad funciona como marco nominal sobre un solo eje; los factores socioeconómicos se citan como causas, no como categoría entrelazada. La RSI queda en cero."
444,"Excluido por clima incidental: capítulo descriptivo sobre desplazados internos y violencia de género, con un uso ambiguo de interseccionalidad como nexo entre fenómenos y el clima solo como causa mencionada al pasar."
445,"Falso positivo para el criterio interseccional: revisión exploratoria latinoamericana que usa intersección como cruce temático; enumera mujeres indígenas, afrodescendientes o migrantes sin invocar marco interseccional alguno."
446,"Mención con escasa sustancia: nombra género, nivel socioeconómico, ruralidad e identidad cultural como factores que agravan riesgos, lo que basta para el gate, pero no teoriza poder (II=0), no sitúa el análisis (III=0) ni lo operacionaliza (IV=0). La propuesta de IA para salud mental se yuxtapone a esos factores (integración=0)."
447,"Falso positivo: colección sobre feminismos del Sur global que menciona la interseccionalidad, pero no trata el clima; la única palabra asociada a amenazas es metafórica."
448,"Gate no superado, caso límite. La ponencia defiende la justicia climática feminista y usa un marco interseccional para mostrar cómo patriarcado y desigualdades estructurales agravan el impacto climático sobre las mujeres, pero no especifica la segunda categoría y trata los países pobres y lo rural como contexto. Predomina el eje de género: RSI = 0."
449,"Excluido por clima incidental: análisis sustantivo de jerarquías raciales y coloniales en la política exterior feminista alemana, cuyo objeto es la migración y no el cambio climático."
450,"Aplicación sustantiva: explica las presiones de ser migrante ideal mediante la infraestructura filipina de exportación laboral (II=1), con contexto histórico y el tifón Haiyan como punto de inflexión (III=1), y documenta resistencias de enfermeras y enfermeros (VI=1). Los ejes se enuncian más que se analizan (I=0.5) y las recomendaciones no se orientan a la justicia (V=0.5)."
451,"Gate no superado. El capítulo final sintetiza un libro sobre desigualdad, derechos humanos y litigio climático; menciona la interseccionalidad como perspectiva requerida, pero no articula categorías sociales ni las relaciona, y carece de análisis propio. Sin identidades entrelazadas, ningún criterio se puntúa y la RSI es cero."
452,"Falso positivo para el criterio interseccional: estudio de mediación sobre ahorro comunitario y agricultura climáticamente inteligente en mujeres de Zambia, con intersección solo temática."
453,"Integración parcial: etnografía situada en dos comunidades indígenas de India y Pakistán (III=1) que documenta sus saberes performativos como comentario e intervención ante el cambio climático (VI=1). La marginación por casta, comunidad y política se presenta entrelazada pero sin análisis de co-construcción ni mecanismos (I=0.5, II=0.5); el estudio es exploratorio."
454,"Mención nominal: encuesta mixta sobre plataformas digitales y anonimato en el activismo climático de personas de color, que compara cinco orígenes raciales sin cruzarlos con género, clase u otros ejes. La interseccionalidad aparece solo como recomendación para el diseño tecnológico, así que no supera el gate."
455,"Gate no superado, con duda. El análisis de redes de gobernanza del riesgo en Dominica se declara interseccional y estudia cómo las identidades de los actores afectan el intercambio de información, pero no indica qué identidades son ni las relaciona entre sí. Abstract insuficiente para identificar ejes sociales entrelazados; RSI = 0."
456,"Aplicación parcial con orientación práctica fuerte: el muestreo intencional de mujeres rurales e indígenas peruanas (IV=1) documenta sus saberes y respuestas (VI=1) y deriva recomendaciones de justicia de género (V=1). El análisis, sin embargo, se organiza por género y deja la co-construcción con indigeneidad y ruralidad sin desarrollar (I=0.5), con barreras sistémicas apenas teorizadas (II=0.5)."
457,"Aplicación débil: declara estudiar desigualdades que se entrecruzan en la vulnerabilidad al calor de mayores de Varsovia y Madrid, pero en los modelos edad, salud y situación financiera funcionan como variables separadas (I=0.5, IV=0). Las paradojas de vulnerabilidad se describen sin estructuras de poder (II=0) ni orientación a la justicia (V=0)."
458,"Uso ambiguo de lo interseccional: la genealogía de las zonas de sacrificio propone categorías de sacrificio superpuestas que suman extracción, contaminación, explotación laboral y cambio climático, no ejes sociales. Las reservas indígenas y las lógicas socioeconómicas aparecen en giros discursivos distintos, sin relacionarse, por lo que no supera el gate; confianza baja."
459,Excluido por clima incidental: descripción editorial de un volumen sobre delito y reforma penal en el Caribe que solo enumera el cambio climático entre muchos temas.
460,"Excluido por clima incidental: revisión sistemática sobre igualdad de género educativa que invoca la interseccionalidad, pero menciona el clima solo como tema emergente dentro de una lista."
461,Falso positivo: estudio de justicia de género y seguridad alimentaria en Ciudad del Cabo con intersección solo temática y el cambio climático como una presión enumerada entre otras.
462,"Aplicación conceptual general: nombra varios ejes que se cruzan y el carácter patriarcal de las comunidades, pero el desarrollo se reduce a diferencias de género en la resiliencia ante desastres (I=0.5, II=0.5). Sin contexto ni método (III=0, IV=0), la agencia y la inclusión se reconocen solo de forma genérica."
463,"Aplicación parcial: explica las injusticias de vivienda y sustento de personas de género y sexualidad diversos en Kampala por el funcionamiento cotidiano del poder de género, agravado por el cambio climático (II=1). El abstract es breve: la co-construcción de ejes, el contexto y el método quedan poco desarrollados (I=0.5, III=0.5, IV=0.5) y no registra agencia (VI=0)."
464,Excluido por clima incidental: introducción editorial a artículos sobre género y trabajo que anuncia la voz interseccional para otra entrega y cita la crisis climática como un contexto más.
465,"Mención nominal: la encuesta a estudiantes de la costa suroeste de Bangladesh compara conocimientos de riesgo entre chicas y chicos con pruebas bivariadas, sin cruzar el género con otro eje. Las vulnerabilidades interseccionales solo se invocan en las recomendaciones finales, así que no supera el gate."
466,"Revisión sistemática que diagnostica la escasez de análisis interseccional en los servicios de información climática: relaciona género con escasez de activos y exclusión, lo que supera el gate, pero la articulación queda en el nivel del diagnóstico (I=0.5, II=0.5). Sin operacionalización propia (IV=0) ni atención a la agencia de las agricultoras (VI=0)."
467,"Aplicación parcial: el estudio mixto en Kachin documenta la agencia ecológica de las mujeres (VI=1) y propone una gobernanza que enfrente desigualdades estructurales (V=1), pero trata la edad y la educación como factores añadidos al género (I=0.5) y compara por género sin analizar interacciones (IV=0.5)."
468,"Falso positivo para el criterio interseccional: análisis participativo desagregado por género en poblaciones desplazadas de Nampula, donde la intersección es temática y el enfoque es de género."
469,"Falso positivo para el criterio interseccional: revisión sobre género, cambio climático y pesca ilegal en pesquerías artesanales que cruza un eje social con estresores, sin marco interseccional."
470,Falso positivo: análisis de género en la política exterior india para el Indo-Pacífico con intersección temática y el clima como uno de varios desafíos no tradicionales enumerados.
471,"Revisión que diagnostica la falta de análisis interseccional en la agricultura climáticamente inteligente de Asia meridional y reclama incorporar clase y casta junto al género, lo que supera el gate. Su fuerza es la orientación a transformar marcos de política con criterio de equidad (V=1); la co-construcción, el poder y el contexto quedan enunciados (I, II y III=0.5)."
472,"Gate no superado. El estudio evalúa planes climáticos y de movilidad ingleses y alemanes con métodos de evaluación de impacto de género; la justicia interseccional en movilidad solo aparece como algo que los planes rara vez vinculan, sin categorías relacionadas en el análisis. Un solo eje, el género, deja la RSI en cero."
473,"Aplicación sustantiva: vincula el heteropatriarcado y la falta de derechos sobre la tierra (II=1) con la situación de mujeres tribales mal pahariya en Jharkhand (III=1), estudiadas mediante etnografía con un subgrupo interseccional (IV=1) y orientadas a una adaptación transformadora (V=1). Los ejes se presentan como desafíos acumulados más que co-construidos (I=0.5)."
474,"Cuantitativo con modelización diferenciada por género: los determinantes de la adaptación indígena cambian entre agricultoras y agricultores, lo que se interpreta interseccionalmente (I=1, IV=1) y documenta estrategias propias (VI=1). Sin embargo, atribuye todo a características individuales y de finca, sin teorizar poder (II=0), y el contexto del norte de Ghana queda superficial."
475,"Aplicación parcial: examina la violencia sexual en refugios durante las inundaciones de Porto Alegre y nombra desigualdades de género, raza e ingreso, pero las trata por separado y solo reclama su interacción al recomendar políticas (I=0.5). Destaca la orientación a una gestión del riesgo feminista e interseccional (V=1); las mujeres aparecen solo como víctimas (VI=0)."
476,"No elegible: invoca un enfoque interseccional para la salud mental global, pero el cambio climático aparece solo como palabra clave, sin presencia en título ni abstract; el abstract es insuficiente para saber si el clima forma parte del objeto."
477,"No elegible: el análisis feminista interseccional de la obra trata xenofobia, género y estatus migratorio en Sudáfrica, pero 'climate' solo alude al clima político, sin relación con el cambio climático ni con amenazas de origen climático."
478,No elegible: manual de economía política global que menciona la interseccionalidad como enfoque crítico y el cambio climático como uno de muchos temas añadidos; el clima no constituye el objeto de la obra.
479,"Bibliometría de la producción sobre ecoansiedad y acción climática que solo menciona los análisis interseccionales como vacío pendiente. No articula ejes de diferenciación social relacionados, por lo que no supera el gate y todos los criterios quedan en cero; su aporte es descriptivo (autores, revistas, clústeres) y no operacionaliza ninguna intersección."
480,"No elegible: el trabajo sí trata narrativas sobre la crisis climática y la descolonización del currículo científico en India, pero usa 'interseccionalidad' en sentido disciplinar, sin intersección de categorías sociales ni marco afín."
481,"No elegible: estudia la política climática en ciudades medianas de Estados Unidos, pero 'intersectional' describe el cruce de contextos económico y político, sin referencia a categorías sociales, desigualdades entrelazadas ni marcos afines."
482,"Gate no superado. El capítulo propone integrar la igualdad de género en la economía del hidrógeno verde africana, con casos como Solar Sister; las intersecciones que menciona son entre sector energético y género, y el marco interseccional no relaciona a las mujeres con otra categoría social. Eje único: RSI = 0."
483,"Gate no superado. La perspectiva redefine la habitabilidad como propiedad relacional entre personas y lugares y propone cuatro ejes analíticos; uno de ellos exige una mirada interseccional a las desigualdades, pero como principio de agenda futura, sin categorías sociales relacionadas. Corresponde a mención programática, por lo que la RSI es cero."
484,"Revisión paraguas sobre efectos sanitarios de desastres y eventos extremos que describe grupos vulnerables por separado (ingresos, edad, maternidad, ocupación) y solo constata que pocos estudios analizan determinantes interseccionales. Al no relacionar ejes entre sí, no supera el gate; sus recomendaciones de equidad no bastan para puntuar."
485,"Revisión rápida sobre riesgos del calor extremo para personas sin hogar en países de ingresos altos. Trata el sinhogarismo como eje principal y deja la interseccionalidad (raza, género, edad) como recomendación para investigación futura, sin relacionar ejes en el análisis; por eso no supera el gate y los criterios quedan en cero."
486,"Gate no superado. El editorial presenta pedagogías artísticas esperanzadoras ante la precariedad ecológica, como caminatas, hibridación digital-material y autoetnografía; la interseccionalidad solo aparece en las palabras clave y el abstract, muy breve, no menciona categorías sociales. Abstract insuficiente y sin identidades entrelazadas, por lo que la RSI es cero."
487,"Gate no superado. La revisión crítica analiza cómo el patriarcado verde margina a las mujeres en la gobernanza climática, con casos de Bolivia y Aotearoa; el Sur Global opera como contexto y los enfoques interseccionales y decoloniales solo se reclaman como agenda. Al articular un único eje, la RSI se fija en cero."
488,"No elegible: analiza con enfoque feminista, incluido un subtema interseccional (discapacidad, LGBTQ+, refugio), el debate parlamentario tras los terremotos de 2023 en Türkiye, pero la amenaza es sísmica y no se vincula con el clima."
489,"Capítulo conceptual que centra una posición interseccional concreta (personas LGBTQ+ con discapacidad) frente a impactos climáticos, lo que supera el gate. Afirma vulnerabilidades compuestas y discriminación social sin mostrar su co-construcción ni teorizar estructuras (I y II=0.5), carece de contexto situado y de método (III y IV=0) y no documenta agencia."
490,"Estudio cuantitativo sobre sequías y anticoncepción en Vietnam cuyo análisis de heterogeneidad muestra efectos mayores en mujeres pobres, de minorías étnicas y con menor educación, leídos como vulnerabilidades interseccionales (I=1, IV=1). Los mecanismos no se vinculan con estructuras de poder (II=0.5), el contexto es escaso (III=0.5) y no aparece agencia (VI=0)."
491,"Gate no superado. El modelo de ecuaciones estructurales sobre parcelas operadas por mujeres en Assam relaciona empoderamiento, vulnerabilidad y eficiencia; la interseccionalidad se aplica a constructos del eje de género y la propiedad de la tierra entra como variable, no como posición social combinada. Por eso todos los criterios quedan en cero."
492,"Supera el gate: el SEM multigrupo muestra que edad y educación influyen en la intención adaptativa de los hombres pero no de las mujeres, una moderación leída como posiciones combinadas (I=1, IV=1). Nombra el patriarcado sin teorizarlo (II=0.5), el contexto urbano es escueto (III=0.5) y formula recomendaciones transformadoras explícitas (V=1)."
493,"Sustantivo: desde el feminismo dalit analiza cómo casta, género y clase se co-constituyen en el acceso al agua en Bundelkhand (I=1), con mecanismos estructurales históricos y coloniales explícitos (II=1, III=1) y el cambio climático como amplificador de esa violencia estructural. Al ser un análisis sin diseño empírico, IV=0; la agencia apenas aparece."
494,"No elegible: analiza litigios climáticos con comunidades indígenas en Colombia y Nueva Zelanda, pero 'intersection' solo une un colectivo y un campo temático; no hay intersección de categorías sociales ni marcos afines."
495,"Gate no superado, con duda. La reflexión de líderes desplazados internos de seis países aborda siete temas de participación; uno enumera raza, género y sexualidad como dimensiones de diversidad, sin explicar cómo se entrelazan con el desplazamiento, y lo interseccional designa enfoques integrados. Corresponde a listar ejes por separado: RSI = 0."
496,"Introducción de un libro que defiende un liderazgo climático feminista y critica las petro-masculinidades y el fracaso del gender mainstreaming. Reclama un feminismo interseccional y ecológico, pero no articula un segundo eje de diferenciación social junto al género, de modo que no supera el gate pese a su clara orientación crítica."
497,"No elegible: introducción a un volumen sobre raza y arquitectura; la 'intersección' une una categoría social con una disciplina y los desastres naturales son una mención incidental, sin objeto climático."
498,"Capítulo cualitativo que aplica un análisis interseccional a minorías sexuales y de género en la gestión del riesgo de desastres en Dominica; supera el gate. El abstract solo enumera temas (identidades, poder, lugar, agencia), por lo que I–V quedan en 0.5; la agencia y las capacidades sí aparecen como hallazgo (VI=1). La amenaza no se especifica."
499,"No elegible: aunque aplica la noción de discriminaciones interseccionales a mujeres trans trabajadoras sexuales, el desastre analizado es el terremoto y tsunami chileno de 2010, de origen geofísico y sin relación con el clima."
500,"Gate no superado. El análisis de las referencias a niñez y juventud en los informes del IPCC cuantifica menciones y encuadres; lo interseccional solo califica necesidades complejas de un único eje etario, sin vincularlo con género, clase u otra categoría. Al tratarse de una etiqueta sobre la edad, la RSI queda en cero."
501,"Supera el gate porque, al explicar la omisión de la discapacidad en la planificación climática de Massachusetts, teoriza su cruce con otros factores de marginación. Esa intersección queda en la discusión (I=0.5) y el diseño no la operacionaliza (IV=0); la propuesta de un enfoque de derechos dentro de la justicia ambiental sostiene V=1."
502,"Análisis documental de tres políticas de adaptación de Bangladesh desde la interseccionalidad; supera el gate porque plantea cómo género, discapacidad, edad, etnia y geografía se combinan en una vulnerabilidad compuesta. Pero solo constata su ausencia, sin teorizar poder (II=0) ni operar intersecciones en el método (IV=0); contexto nacional superficial (III=0.5)."
503,"Libro sobre justicia climática indígena en la cuenca del lago Chad que declara enfoques interseccionales y reúne indigeneidad e impactos de género, lo que basta para el gate. Destaca saberes indígenas (VI=1) y orientación a la justicia (V=1), pero la descripción editorial no muestra cómo se entrelazan los ejes (I=0.5) ni método (IV=0)."
504,"Estudio mixto con ecología política feminista interseccional sobre sequía agrícola en KwaZulu-Natal. Explica experiencias de género por estructuras, normas e instituciones (II=1), documenta el uso activo de saberes indígenas frente a enfoques eurocéntricos (VI=1) y pide adaptación equitativa (V=1); el cruce del género con clase campesina e indigeneidad queda implícito (I=0.5, IV=0.5)."
505,"Reflexión decolonial y antirracista que centra a mujeres indígenas del oeste de Canadá, supera el gate y destaca su liderazgo, estrategias y saberes territoriales (VI=1) con orientación explícita a la justicia y la autodeterminación (V=1). Las opresiones entrelazadas se nombran sin analizar su co-construcción ni mecanismos (I y II=0.5), y no hay método empírico (IV=0)."
506,"Gate no superado. La revisión de alcance sobre amenazas naturales, medios de vida y salud mental de agricultores en África austral sintetiza cargas y estrategias de afrontamiento; abordar vulnerabilidades interseccionales aparece únicamente como recomendación, sin categorías sociales relacionadas. Es una mención de agenda, por lo que la RSI queda en cero."
507,"Estudio cuantitativo sobre infraestructura y seguridad alimentaria en el norte de Pakistán que analiza educación y edad como factores separados y propone una protección social 'interseccional' de sentido ambiguo. Supera el gate por esos dos ejes, pero sin interacciones ni posiciones combinadas (I=0.5, IV=0), con estructuras apenas nombradas (II=0.5) y ejes yuxtapuestos (integración=0)."
508,"No elegible: el análisis 'interseccional' combina planificación, diseño y museología para comunicar la conservación de fauna urbana, sin categorías sociales, y el cambio climático solo se menciona como motor contextual."
509,"No elegible: introducción a un número especial sobre paisajes acuáticos interiores que invoca enfoques 'interseccionales' de sentido ambiguo, pero las crisis climáticas figuran solo en una enumeración de contextos, sin formar parte del objeto."
510,"Revisión sistemática que construye y aplica un marco de riesgo climático interseccional en Sudáfrica: muestra cómo ingresos y medios de vida se cruzan con el género (I=1, IV=1), vincula el patriarcado con violencia, tierra y trabajo doméstico (II=1) y exige enfoques situados (III=1). La agencia aparece de forma parcial (VI=0.5)."
511,"Análisis de políticas de adaptación basada en ecosistemas en Fiyi, Islas Salomón y Vanuatu que usa el marco IBPA. La integración que evalúa es entre salud, ambiente, género y saberes tradicionales como ámbitos de política, sin relacionar ejes de diferenciación social, por lo que no supera el gate; las recomendaciones son técnicas."
512,"Gate no superado. El estudio de caso noruego describe una práctica docente que une educación intercultural, interseccionalidad y sostenibilidad, con aprendizajes estudiantiles sobre justicia social y climática; el abstract no precisa categorías sociales ni su cruce. Abstract insuficiente para evaluar identidades entrelazadas, de modo que la RSI se fija en cero."
513,"Artículo teórico-normativo sobre justicia climática intergeneracional que menciona las teorías de la interseccionalidad y del reconocimiento. Su único eje es la generación o edad, sin relacionarlo con género, clase u otros, por lo que no supera el gate; propone asambleas climáticas, presupuestos de carbono y litigio como estrategias."
514,"Estudio cuantitativo con datos longitudinales de Estados Unidos que supera el gate al relacionar raza y nivel socioeconómico en la migración tras desastres. Como la brecha racial se mantiene con independencia del nivel socioeconómico, este funciona como variable separada (I=0.5, IV=0); los lazos familiares explican la brecha sin teorizar el racismo estructural (II=0.5)."
515,"Supera el gate porque su objeto son desigualdades que se cruzan y sus impulsores estructurales entre poblaciones diversamente situadas de Perth y Delhi. Destacan el poder estructural (II=1) y la orientación transformadora (V=1); pero no nombra los ejes (I=0.5) ni describe un análisis interaccional (IV=0.5), lo que deja la integración en 0.5."
516,"Capítulo conceptual que presenta la interseccionalidad como herramienta para la acción climática: trata raza, clase, género, indigeneidad, capacidad y nacionalidad como opresiones vinculadas (I=1), teoriza escalas de poder (II=1) y centra la resistencia (VI=1) y la justicia (V=1). Carece de contexto situado y de método (III=0, IV=0)."
517,"No elegible: entrevista a organizadoras feministas de Nepal, Puerto Rico y Trinidad y Tobago sobre comunicación de crisis interseccional, pero el desastre analizado es la COVID-19, una pandemia sin vínculo climático explícito."
518,"No elegible: propone pautas de análisis interseccional cuantitativo para ciencias naturales y tecnología; el impacto climático sobre poblaciones marginadas es solo un ejemplo entre otros, no el objeto del trabajo."
519,"Capítulo conceptual sobre inteligencia artificial en desastres con un enfoque interseccional de género y raza; supera el gate, aunque ambos sesgos se tratan en paralelo (I=0.5). Explica mecanismos técnicos de reproducción del sesgo sin teorizar estructuras de opresión (II=0.5), carece de método (IV=0) y sus ejemplos son mayormente no climáticos."
520,"Gate no superado. El estudio aplica un marco MAIHDA a 229 regiones surcoreanas y halla efectos sobre todo aditivos; aunque el método es interseccional, los estratos combinan características territoriales, como temperatura, vivienda antigua y acceso a urgencias, y no categorías sociales como género, clase o edad. Por eso la RSI es cero."
521,"Estudio cuantitativo en Almora (Uttarakhand) que cruza el género de la jefatura del hogar con grupos sociales construidos por casta, ingreso y educación, interpretando posiciones combinadas (I=1, IV=1) y documentando estrategias de adaptación (VI=1). La jerarquía social se explica por acceso desigual a recursos, sin marco crítico (II=0.5), y el contexto es escueto (III=0.5)."
522,"Estudio mixto en Chikombedzi (Zimbabue) que supera el gate al cruzar género, geografía y pobreza en la resiliencia ante desastres. Explica la exclusión por normas patriarcales, abandono infraestructural y tenencia de la tierra (II=1) y propone reformas transformadoras (V=1), pero sus resultados presentan cada eje por separado (I=0.5, IV=0.5) y la agencia es marginal."
523,"Gate no superado. La revisión narrativa sobre justicia climática en Suecia constata que esa literatura es geográfica y demográficamente estrecha y defiende el potencial de la interseccionalidad, pero la trata como vacío y agenda futura, sin teorizar cómo se cruzan categorías concretas. Corresponde a la exclusión por agenda, así que la RSI es cero."
524,"Revisión sistemática sobre violencia de pareja en la COVID-19 y otras emergencias, incluidos desastres naturales, que supera el gate al centrar a mujeres negras ante efectos compuestos de raza, clase y género. Esa intersección se describe de forma acumulativa (I=0.5), sin contexto situado (III=0), aunque recomienda políticas antirracistas y de equidad (V=1); el vínculo climático es secundario."
525,"Gate no superado. El artículo examina la interseccionalidad como concepto en el derecho antidiscriminatorio y de derechos humanos, incluido el derecho climático, pero el abstract describe orígenes y ámbitos de aplicación sin explicitar qué categorías se cruzan ni cómo. Abstract insuficiente para identificar identidades entrelazadas; la RSI queda en cero."
526,"Revisión breve que usa 'interseccionalidad' para vincular juventud, desastres ambientales y sistema penal en Australia, con foco en jóvenes indígenas, lo que basta para el gate. Pero edad e indigeneidad se suman sin analizar su co-construcción (I=0.5) y el riesgo se explica por factores individuales, sin estructuras como el colonialismo (II=0)."
527,"Estudio cuantitativo por tractos censales de Estados Unidos que usa 'interseccionalidad' como interacción de factores; supera el gate porque analiza nivel socioeconómico y diversidad racial, pero como predictores separados (I=0.5) y con interacciones no leídas como posiciones sociales (IV=0). No aborda estructuras de poder (II=0) y yuxtapone dimensiones (integración=0)."
528,"No elegible: el ensayo vincula justicia ambiental, luchas democráticas y derechos de las mujeres ante problemas climáticos, pero 'interseccionalidad' designa el cruce de esas agendas y no la intersección de categorías sociales o sistemas de opresión."
529,"No elegible: examina la intersección de educación y empleo en la violencia de pareja durante el periodo perinatal y la pandemia de COVID-19, sin ningún vínculo con el cambio climático ni con amenazas de origen climático."
530,"No elegible: pese a su análisis interseccional (estado civil, salud, edad, discapacidad, género, clase) de las familias afectadas, el desastre estudiado es el terremoto de 2023 en Türkiye, de origen sísmico y sin relación con el clima."
531,"No elegible: presenta un compendio de geografía social y cultural que incluye la interseccionalidad entre sus conceptos y el cambio climático en una lista de temas, sin que el clima constituya el objeto."
532,"No elegible: introducción a una sección sobre diseño urbano con perspectiva de género que menciona enfoques interseccionales, pero la justicia climática figura solo como una consideración más, sin formar parte del objeto."
533,"Introducción que enmarca un volumen sobre litigio climático desde el Sur Global y define la interseccionalidad como la interacción de género, raza, etnia, orientación sexual, identidad de género y discapacidad en la injusticia climática. Lo hace de forma definicional (I=0.5), con desigualdad Norte-Sur nombrada (II=0.5) y clara orientación a la justicia (V=1)."
534,"Gate no superado. El modelo de ecuaciones estructurales en una comunidad reasentada de Penang compara la resiliencia entre grupos étnicos y estima el efecto de la desigualdad percibida, que actúa con independencia de la etnicidad; la intersección declarada une un eje con percepciones y resultados, no dos categorías sociales. RSI = 0."
535,"No elegible: aunque alude a la interseccionalidad de la vulnerabilidad en salud mental (idioma y rol de cuidados), trata el impacto psicológico de la COVID-19 en trabajadores sanitarios sudafricanos, sin relación con el cambio climático."
536,"Gate no superado, caso límite. La revisión de alcance critica la asociación simplista entre mujeres e inmovilidad, y solo al recomendar marcos teóricos afirma que el género es relacional e interseccional, sin relacionarlo con otras categorías en la síntesis. Al quedar como agenda futura, aplica la exclusión de la regla 3 y la RSI es cero."
537,"Gate no superado. El análisis de planes climáticos y de salud de cinco ciudades del Norte Global propone un marco de justicia fundacional y clasifica a las ciudades por su tratamiento de la equidad; lo interseccional solo señala ausencias y los grupos marginados no se desagregan. Sin identidades entrelazadas, la RSI se fija en cero."
538,"No elegible: estudia el activismo de mujeres kurdas en Irán con enfoque interseccional de género y etnicidad, pero 'climate' solo alude al clima político desfavorable, sin relación con el cambio climático."
539,"Gate no superado. El libro sostiene que la cultura popular digital y el conocimiento científico pueden impulsar la acción planetaria frente a la lógica de grupos enfrentados; la interseccionalidad aparece como valor genérico y mujeres y niños se enumeran por separado, sin articular su entrelazamiento. Por ello la RSI queda en cero."
540,"Gate no superado. El artículo jurídico examina las bases legales para una transición energética con justicia de género y propone cuatro palancas, una de ellas la interseccionalidad; las intersecciones analizadas son entre género, clima y energía como ámbitos, sin otro eje social relacionado con el género. RSI = 0."
541,"No elegible: analiza cómo los discursos de crisis construyen la 'buena madre' entre madres primerizas de Toronto y Montreal; menciona desigualdades interseccionales, pero el cambio climático figura solo en una enumeración de crisis de contexto."
542,"Artículo jurídico-político sobre la participación de niñez y juventud sámi en la transición verde noruega: la posición combinada de indigeneidad y edad supera el gate, aunque se aborda mediante regímenes de derechos paralelos (I=0.5). Critica el paternalismo adulto y las consultas meramente simbólicas (II=1), documenta la agencia en las protestas de Fosen (VI=1) y pide reformas (V=1)."
543,"No elegible: comentario sobre conflictos de transformación en la industria automotriz alemana que discute la relación entre los ejes de clase y ecológico; la 'intersección' une clase y lucha climática, no dos categorías sociales o sistemas de opresión."
544,"Revisión sistemática que pasa el gate porque examina si los estudios consideran factores socioeconómicos y culturales que intersecan con el género. Sin embargo, la interseccionalidad aparece como recomendación metodológica: los ejes no se analizan como co-constitutivos (I=0.5), el poder solo se nombra (II=0.5) y la revisión no operacionaliza intersecciones (IV=0)."
545,"Aplicación sustantiva: el marco de injusticias migrantes analiza cómo casta, identidad regional y condición migrante se combinan con la precariedad climática (I=1), explicada por opresión de casta, desarrollo desigual y privatización (II=1), en contextos concretos de India (III=1). La agencia de los migrantes aparece solo marginalmente (VI=0.5) y el abstract no detalla las técnicas de campo."
546,"Volumen sobre migración y ciudadanía poscolonial que incluye el desplazamiento climático, pero usa 'intersections' como cruce de conceptos y no invoca la interseccionalidad en sentido teórico-social."
547,Supera el gate porque el diseño simula identidades interseccionales al pedir textos sobre problemas climáticos a un modelo de lenguaje. El método las varía sin análisis interaccional explícito (IV=0.5) y sin precisar ejes (I=0.5); falta contexto situado (III=0) y no hay sujetos cuya agencia documentar (VI=0).
548,"Caso bien situado en Puerto Rico tras los huracanes de 2017 (III=1) con marco interseccional y afrodiaspórico explícito. Sin embargo, los hallazgos presentan género, raza, discapacidad e ingreso como factores paralelos (I=0.5, IV=0.5), la inequidad estructural se nombra sin teorizar mecanismos (II=0.5) y la agencia alimentaria apenas se documenta (VI=0.5)."
549,"Fuerte en poder estructural y contexto: vincula la adaptación en los Sundarbans con el desarrollo neoliberal y la reproducción de normas heteronormativas y capitalistas (II=1, III=1), con orientación explícita a la justicia (V=1). Género y clase se abordan conjuntamente, pero no como ejes co-constitutivos (I=0.5), y el método cualitativo no opera intersecciones explícitas (IV=0.5)."
550,"Capítulo sobre desconfianza cultural en la población negra que recurre a teorías de la interseccionalidad, pero 'clima' tiene sentido político y el trabajo no trata el cambio climático."
551,"Ensayo de pedagogía literaria sobre escritoras premodernas: la intersección es entre género y forma literaria, y el 'clima' es académico-político, sin vínculo con el cambio climático."
552,"Perspectiva conceptual que pone en diálogo la justicia climática crítica y los estudios de políticas; la interseccionalidad aparece solo en una enumeración de temas del campo, sin articular ejes de diferenciación social relacionados, por lo que no supera el gate y todos los criterios quedan en cero."
553,"Reflexión de una coalición que defiende integrar la salud y los derechos sexuales y reproductivos en la acción climática. La interseccionalidad funciona como principio organizativo declarado, pero el texto no relaciona dos o más ejes de diferenciación social, por lo que no supera el gate y los criterios quedan en cero."
554,"Ensayo crítico que articula supremacía blanca, capitalismo, patriarcado y colonización como raíces del cambio climático (II=1) y convoca a la acción colectiva (V=1), incorporando diálogos con activistas y líderes comunitarios (VI=1). Los ejes se enumeran sin análisis de co-construcción (I=0.5), el contexto es general (III=0.5) y no hay operacionalización empírica (IV=0)."
555,"Estudio cualitativo que documenta la agencia y el liderazgo de jóvenes activistas racializados en Ontario (VI=1) y deriva recomendaciones de justicia climática para la educación (V=1). Pasa el gate por la combinación de raza y edad, pero esa intersección no se analiza como co-constitutiva (I=0.5) y el poder estructural apenas se nombra (II=0.5)."
556,"Gate no superado. El estudio cualitativo sobre profesionales de actividades deportivas en la naturaleza en una zona rural del sur de Francia invoca interseccionalidad y ecofeminismo, pero solo compara a mujeres y hombres ante el cambio climático; ningún otro eje se cruza con el género. Etiqueta sobre un solo eje: RSI = 0."
557,"Análisis cuantitativo global que cruza la exposición a inundaciones con la protección legal y la aceptación social de las minorías sexuales y de género. Aunque usa la interseccionalidad como palabra clave, trata a este colectivo como una sola categoría sin relacionarla con otros ejes de diferenciación, por lo que no supera el gate."
558,"Trabajo conceptual sobre vulnerabilidad, seguridad humana y dignidad que menciona la interseccionalidad como alternativa crítica, pero la migración climática figura solo como ejemplo de aplicación y no como objeto."
559,"Lectura interseccional de una obra teatral africana sobre la subyugación femenina y el patriarcado, sin vínculo con el cambio climático ni con amenazas de origen climático."
560,"Editorial que enmarca un número especial desde una crítica feminista interseccional y decolonial: identifica cómo los marcos dominantes reproducen estructuras coloniales y patriarcales (II=1), propone una agenda emancipadora (V=1) y valora los saberes cotidianos (VI=1). Al ser una presentación de contribuciones, los ejes no se analizan como co-constitutivos (I=0.5) y no hay operacionalización empírica (IV=0)."
561,"Reflexión sobre la inclusión de personas con discapacidad visual en un sistema de separación de residuos, con un 'intersectional approach' de sentido ambiguo y el clima solo como marco de contexto."
562,"Estudio de madres evacuadas tras el desastre nuclear de Fukushima que analiza la precariedad de género, pero la amenaza es tecnológica y no guarda relación con el clima."
563,"Ensayo jurídico sobre salud laboral y salud planetaria ante el cambio climático, donde 'intersectional' designa la relación entre dos disciplinas y no un análisis de categorías sociales."
564,"Gate no superado. El estudio sobre narrativas de crisis entre activistas climáticos de Aotearoa durante la pandemia contrasta el activismo de pánico con la solidaridad de crisis; lo interseccional describe una aspiración organizativa, sin categorías sociales relacionadas. Al no haber identidades entrelazadas, ningún criterio se puntúa y la RSI es cero."
565,"Encuesta a pacientes quirúrgicos sobre sostenibilidad hospitalaria y cambio climático en la que 'intersectionality' nombra el vínculo entre atención sanitaria y clima, sin sentido teórico-social."
566,"Capítulo sobre una propuesta pedagógica de permacultura basada en saberes haudenosaunee, sin interseccionalidad en sentido social y con el clima solo como mención de contexto."
567,"Editorial sobre geografías de la alimentación y justicia alimentaria urbana que invoca enfoques interseccionales, pero menciona el cambio climático solo junto a la pandemia y las guerras comerciales como contexto."
568,"Capítulo de ecología política y justicia climática que usa 'intersectionality' para designar el cruce entre dos campos de estudio, sin invocar la interseccionalidad como marco teórico-social."
569,"No supera el gate: la etiqueta de desventajas interseccionales aparece solo en los hallazgos, sin identificar qué categorías sociales se cruzan. El estudio cualitativo de díadas rurales tras incendios analiza conectividad social y comunicación familiar; edad y ruralidad funcionan como contexto, no como ejes relacionados, por lo que la RSI queda en cero."
570,"Artículo conceptual que propone un campo de estudios del embarazo con enfoque feminista interseccional y de justicia reproductiva ante el cambio climático. El abstract solo desarrolla el eje de género y reproducción; el racismo aparece únicamente como palabra clave, sin relación explícita entre ejes, por lo que no supera el gate. El abstract es insuficiente para confirmarlo."
571,"Nota sobre conservación de primates desde la antropología pública, donde 'intersectional' significa intersectorial o interdisciplinar y el cambio climático solo sirve de comparación con otras crisis globales."
572,"Capítulo conceptual que, desde una lente feminista interseccional y los principios de justicia de la discapacidad, critica como violenta la configuración hegemónica de fronteras, justicia climática y Estado de bienestar (II=1) y propone enfoques decoloniales (V=1). Los ejes se yuxtaponen sin análisis de co-construcción (I=0.5), falta contexto situado (III=0) y no hay operacionalización empírica (IV=0)."
573,"Análisis cuantitativo que clasifica perfiles de vulnerabilidad social combinada ante inundaciones en Estados Unidos; la clasificación cruzada revela configuraciones como poblaciones negras, pobreza y hogares con jefatura femenina (I=1, IV=1), pero no teoriza estructuras de poder que expliquen esos perfiles (II=0), trata a la población como objeto de riesgo (VI=0) y solo apunta a una adaptación equitativa (V=0.5)."
574,"Estudio sobre cómo las ramas europeas de Extinction Rebellion y Fridays for Future respondieron a Black Lives Matter, mediante análisis de Twitter y entrevistas. Solo aborda el eje racial y menciona la interseccionalidad como agenda futura, sin relacionar ejes de diferenciación, por lo que no supera el gate y los criterios quedan en cero."
575,"Estudio sobre liderazgo de mujeres en la gobernanza climática de Asia del Sur que emplea ecofeminismo y ecología política feminista, pero su 'intersection' une género y gobernanza, no categorías sociales."
576,"No supera el gate: las vulnerabilidades interseccionales se invocan como rasgo del contexto latinoamericano, sin especificar qué categorías se cruzan ni cómo. La revisión trata salud mental, movilidad climática y COVID-19, y menciona desigualdades socioeconómicas regionales como marco, no como ejes articulados con el estatus migratorio; por ello todos los criterios quedan en cero."
577,"Nota psicoanalítica sobre identidad y crisis existenciales que menciona la interseccionalidad de pasada, pero el cambio climático es solo una amenaza más en una enumeración de contexto."
578,"Análisis secundario sobre estrés por racismo y salud en hombres asiático-americanos de minorías sexuales que menciona factores interseccionales, pero el único 'clima' presente es el político."
579,"Editorial sobre pedagogías radicales con marcos decoloniales, interseccionales y feministas, en el que la crisis climática solo figura dentro de la policrisis de contexto y no forma parte del objeto."
580,"Artículo conceptual sobre trabajo social eco-social en comunidades remotas de África subsahariana. Invoca enfoques interseccionales de sentido ambiguo, cercano a lo intersectorial, y aunque menciona pobreza, lejanía y epistemología indígena, no los articula como ejes de diferenciación relacionados, por lo que no supera el gate y los criterios quedan en cero."
581,"Análisis de perfiles latentes en tres países que interpreta el compromiso ambiental según combinaciones sociodemográficas, superando la regresión con grupos independientes (I=1, IV=1). Sin embargo, no teoriza estructuras de poder (II=0), sitúa los datos solo nacionalmente (III=0.5) y orienta sus implicaciones a campañas estratégicas, no a la justicia (V=0)."
582,"Propuesta para reconceptualizar la modelación de inundaciones urbanas en ocho ciudades estadounidenses, con atención a legados de desarrollo racializado. Su perspectiva interseccional es espacial y temporal, no social: raza y factores socioeconómicos aparecen por separado, sin articularse como ejes relacionados, por lo que no supera el gate, aunque el caso es ambiguo."
583,"Capítulo coral sobre justicia ambiental decolonial y cambio climático cuyas secciones abordan por separado perspectivas indígenas, socioeconómicas y LGBTQ+, sin invocar la interseccionalidad ni marcos afines en sentido teórico-social."
584,"Respuesta a comentarios sobre un libro de género y educación ambiental que menciona la interseccionalidad y el Capitaloceno como agenda futura, sin que el cambio climático forme parte del objeto."
585,"Reseña sobre un marco radical de reparaciones e identidad negra con enfoque interseccional, en la que el único 'clima' mencionado es el político."
586,"Marco conceptual que integra ecofeminismo, hermenéutica gadameriana y ecoteología para una ética climática intergeneracional. La interseccionalidad aparece solo como rasgo del feminismo de cuarta ola y la dimensión intergeneracional es ética, no un eje de diferenciación social, por lo que no supera el gate y los criterios quedan en cero."
587,"No supera el gate según el abstract: aunque declara aplicar un análisis de políticas basado en interseccionalidad y menciona la colonialidad de la política climática, no identifica ejes de diferenciación ni los relaciona. Los hallazgos tratan injusticias de reconocimiento y procedimiento en una comunidad de práctica; el abstract es insuficiente para ver cómo se operó la interseccionalidad."
588,"Encuesta con regresiones logísticas ordenadas en dos ciudades portuguesas; pasa el gate porque interpreta los efectos de género, edad e ingreso como injusticia interseccional. Sin embargo, esos ejes entran como variables separadas (I=0.5, IV=0), la injusticia se nombra sin teorizar estructuras de poder (II=0) y los habitantes aparecen solo como evaluadores de servicios ecosistémicos (VI=0)."
589,"Comunicación breve sobre Nepal que vincula justicia reproductiva, igualdad de género y justicia climática, pero su 'intersection' cruza agendas y no invoca la interseccionalidad en sentido teórico-social."
590,"Sustantivo fuerte: con la matriz de dominación analiza cómo patriarcado, etnicidad, escolaridad y neocolonialismo se superponen en la vulnerabilidad de agricultoras de Koraso (I=1, II=1), con anclaje histórico poscolonial (III=1), entrevistas a un grupo situado (IV=1), agencia documentada (VI=1) y orientación a la justicia climática interseccional (V=1)."
591,"Estudio de caso sobre terapia con una pareja queer que usa una lente interseccional, pero el 'clima' referido es político y no hay vínculo con el cambio climático."
592,"Estudio sobre clima escolar e identidades interseccionales del alumnado, en el que 'climate' designa el ambiente escolar y no tiene relación con el cambio climático."
593,"Pasa el gate de forma limítrofe porque la población combina edad y discapacidad y el texto alude a identidades que se intersecan ante desastres. El análisis de entrevistas al personal docente no opera intersecciones (IV=0) y el alumnado aparece como objeto de protección (VI=0), aunque las recomendaciones de política apuntan a la equidad (V=1)."
594,"Capítulo conceptual sobre el papel de las mujeres y los valores feministas en la respuesta a la crisis climática. Aunque defiende el énfasis feminista en la interseccionalidad, el análisis se limita al eje de género y no relaciona otros ejes de diferenciación, por lo que no supera el gate y los criterios quedan en cero."
595,"Estudio mixto sobre vulnerabilidades interseccionales de mujeres urbanas en Deyang durante la política de COVID cero, cuya amenaza es una pandemia y no guarda relación con el clima."
596,"Desarrolla un marco que operacionaliza la matriz de dominación para la planificación energética en Kenia, lo que permite pasar el gate. Sin embargo, los hallazgos se presentan por grupos vulnerables separados, sin posiciones combinadas explícitas (I=0.5, IV=0.5), y el poder estructural y el contexto quedan poco desarrollados (II=0.5, III=0.5)."
597,"Revisión sistemática sobre desigualdades sociales en la exposición al calor que pasa el gate al considerar varios ejes y calificarlos de interseccionales. Sin embargo, los ejes se sintetizan por separado (I=0.5, IV=0), no se teorizan estructuras de poder (II=0) y los grupos aparecen solo como expuestos y con menor capacidad adaptativa (VI=0)."
598,"Nota sobre una técnica indígena de almacenamiento de forraje en el Himalaya con valor adaptativo al clima, pero su 'intersection' une saberes y sostenibilidad, no categorías sociales."
599,"Análisis literario de narrativas del embaucador igbo en el que la sequía funciona como metáfora moral y la 'intersection' une dos motivos narrativos, sin contenido interseccional-climático."
600,"Sustantivo fuerte: combina interseccionalidad y violencia lenta para analizar la sequía en el suroeste de Queensland (II=1, III=1), con entrevistas relacionales a mujeres aborígenes y colonas en posiciones diferenciadas (I=1, IV=1) y reconocimiento de sus saberes y liderazgo (VI=1). El abstract detalla poco los hallazgos, lo que modera la confianza."
601,"No supera el gate: el modelo de gobernanza corporativa invoca la teoría interseccional y menciona vulnerabilidades acumuladas de mujeres y grupos marginados del Sur Global, pero enumera grupos sin articular cómo se cruzan sus posiciones. El foco es institucional, diversidad como activo estratégico, sin análisis de categorías sociales entrelazadas; la RSI queda en cero."
602,"No supera el gate: la interseccionalidad aparece solo como una de las perspectivas progresistas que Barcelona y Berlín muestran apertura a adoptar. El análisis de resiliencia equitativa se organiza en dimensiones de reconocimiento, procedimiento y distribución, sin identificar ejes de diferenciación social ni relacionarlos; por ello los criterios de la rúbrica quedan en cero."
603,"Estudio de caso sobre una empresa social de mujeres rurales en Sindh cuya 'intersection' une emprendimiento, empoderamiento y desarrollo, y donde el clima es solo contexto regional."
604,"Estudio cualitativo sobre la respuesta inclusiva a desastres para personas con discapacidad en Lampung del Sur, cuyo único caso es el tsunami de 2018, una amenaza no climática según los criterios de cribado."
605,"Artículo técnico sobre 6G, inteligencia artificial y tecnologías verdes en el que 'intersectionality' une dominios tecnológicos y el clima es solo un telón de fondo."
606,"Lectura de la novela Mutiny que vincula justicia social y cambio climático, pero su 'intersection' cruza temas (violencia de género, clima y temporalidad) y no invoca la interseccionalidad en sentido teórico-social."
607,"Análisis jurídico de políticas climáticas y derechos de las mujeres en Sri Lanka cuya 'intersection' cruza clima, igualdad de género y marcos legales, sin interseccionalidad en sentido teórico-social."
608,"Manual de geografía social y cultural que incluye las geografías interseccionales entre sus temas, pero menciona el cambio climático solo de pasada en una enumeración de asuntos actuales."
609,"No supera el gate: el artículo ofrece recomendaciones pedagógicas para enseñar cambio climático en escuelas estadounidenses e incluye la interseccionalidad como tema de conversación, sin nombrar categorías sociales ni relacionarlas. Al tratarse de una guía práctica para docentes sin análisis de posiciones entrelazadas, todos los criterios y la integración quedan en cero."
610,"Analiza la masculinidad blanca como posición entrelazada que estructura el arquetipo Tech Dude en documentales ambientales (I=1), explicada por normas industriales colonialistas y el solucionismo neoliberal (II=1), con crítica orientada a otras prácticas (V=1). No documenta agencia de sujetos marginados (VI=0) y el método textual no detalla cómo opera las intersecciones (IV=0.5)."
611,"Capítulo conceptual que propone un enfoque feminista decolonial de justicia climática para programas de deporte para el desarrollo frente a la violencia de género y la colonialidad climática (V=1). Pasa el gate de forma limítrofe: género y colonialidad se nombran juntos, pero sin análisis de co-construcción (I=0.5), con contexto genérico (III=0.5) y sin operacionalización empírica (IV=0)."
612,"Supera el gate al centrarse en mujeres dalit maithili con enfoque interseccional. El diseño cualitativo sobre ese subgrupo y el anclaje en Madhesh sostienen IV=1 y III=1, pero la casta funciona como descriptor y el análisis privilegia pobreza y género (I=0.5); poder estructural, justicia y agencia aparecen sin desarrollo (0.5)."
613,"Pasa el gate por invocar identidades superpuestas y desigualdades estructurales en mujeres y niñas costeras. El contexto local detallado sostiene III=1, pero la interseccionalidad aparece sobre todo en la conclusión: el análisis temático se centra en género (I=0.5), el muestreo varía edades sin análisis interaccional (IV=0.5) y no se documenta agencia (VI=0)."
614,"Libro sobre esperanza y género en mujeres rurales australianas de diversidad interseccional, donde el clima es solo una mención incidental entre otros temas vitales."
615,"Capítulo histórico sobre teorías del desarrollo adolescente que cita la interseccionalidad entre los enfoques recientes, sin ningún vínculo con el cambio climático."
616,"No supera el gate: el análisis jurídico de la Opinión Consultiva OC-32/25 menciona obligaciones estatales interseccionales como etiqueta, sin identificar grupos o categorías sociales que se crucen. El foco está en el derecho a un clima sano, los derechos de la naturaleza y el constitucionalismo ecológico; por ello la RSI queda en cero."
617,"Pasa el gate por poco: además del género, menciona mujeres desplazadas en campos y mujeres rurales como más expuestas, sin analizar la co-constitución (I=0.5). La síntesis regional explica la violencia por estrés económico y roles de cuidado (II=0.5, III=0.5), carece de método interseccional (IV=0) y se orienta claramente a políticas de justicia (V=1)."
618,"Supera el gate al señalar que género, etnicidad y clase moldean el acceso a recursos. Destacan el poder estructural, con legados coloniales y neoliberalismo (II=1), el contexto indonesio (III=1) y las recomendaciones de justicia (V=1); pero los ejes solo se enumeran (I=0.5) y el método institucional no los operacionaliza (IV=0)."
619,Estudio decolonial sobre temperatura y mortalidad por enfermedades no transmisibles en población maorí; las intersecciones cruzan un solo eje social con variables climáticas y de salud.
620,"Ensayo de estudios de medios sobre The L Word y la diversidad queer, con uso social de lo interseccional pero sin ninguna relación con el cambio climático."
621,"No supera el gate: el ensayo propone una resiliencia normativa orientada a la justicia, informada por teoría feminista e interseccional, pero no identifica categorías sociales ni las relaciona. Los seis principios propuestos son de diseño institucional y ecológico; el abstract, breve, no permite ver un tratamiento de posiciones entrelazadas, por lo que la RSI queda en cero."
622,Análisis jurídico del acceso a tribunales para litigio climático en Kenia y África oriental; el término interseccionalidad se usa como sinónimo de interconexión global.
623,"Supera el gate al vincular género y pertenencia religiosa en mujeres sionistas rurales. Documenta estrategias propias de respuesta y medios de vida (VI=1) en un contexto local bien situado (III=1) con muestreo del subgrupo (IV=1), pero trata género y religión como variables conectadas más que co-constitutivas (I=0.5) y atribuye la vulnerabilidad a creencias culturales (II=0.5)."
624,"Capítulo sobre la política feminista interseccional de las mujeres musulmanas en Shaheen Bagh, donde el clima solo aparece en sentido político."
625,"Modelización del estrés térmico en hornos de ladrillo de India; la interseccionalidad alude a vínculos entre ODS, no a categorías sociales entrelazadas."
626,"Revisión de alcance sobre clima, género, migración y salud reproductiva en África subsahariana; las intersecciones son temáticas y no se invoca la interseccionalidad social."
627,"Supera el gate por señalar intersecciones de edad, género y riqueza en la experiencia de la movilidad rabari. Destacan la agencia pastoral (VI=1), el anclaje histórico y político (III=1) y la crítica al sesgo sedentarista (V=1), pero la interseccionalidad es lateral (I=0.5) y el método solo describe diferencias entre miembros (IV=0.5)."
628,"Supera el gate porque examina cómo identidades sociodemográficas se cruzan con capitales de medios de vida, aunque sin nombrar los ejes ni probar su co-constitución (I=0.5). El diseño mixto en Talensi no muestra modelado de interacciones (IV=0.5) y la ausencia de teorización del poder estructural (II=0) limita el puntaje."
629,"Etnografía visual sobre servicios de información climática en Kampala; lo interseccional se refiere a vínculos entre ODS, no a categorías sociales."
630,"Sustantivo fuerte: el análisis interseccional por grupos de género, edad, estado civil y posición en el hogar identifica posiciones combinadas especialmente afectadas (I=1, IV=1), explicadas por la división sexual del trabajo y el trabajo reproductivo (II=1) en Saint Louis (III=1). La agencia de los sujetos aparece principalmente como restringida (VI=0.5)."
631,Capítulo testimonial sobre discapacidad y cambio climático en países en desarrollo; la intersección es temática y solo aborda un eje social.
632,"Análisis literario victoriano sobre género y degradación ambiental, con un uso ambiguo de lo interseccional y el cambio climático solo como mención incidental."
633,"No supera el gate: el ensayo visual autobiográfico sobre un tornado en Arkansas reflexiona sobre una vulnerabilidad material compartida por todos los cuerpos, inspirado en Anzaldúa. La interseccionalidad solo aparece entre las palabras clave y el texto no nombra ni relaciona categorías sociales; por ello los criterios y la integración quedan en cero."
634,"No supera el gate: el artículo conceptualiza la imaginación política radical para una psicología crítica de la justicia climática y recurre a principios interseccionales para incluir a grupos marginados, pero no identifica categorías sociales ni las articula. La interseccionalidad funciona como orientación normativa general, sin posiciones entrelazadas analizadas; la RSI queda en cero."
635,"Supera el gate al vincular edad y racialización en las discriminaciones que limitan la agencia juvenil. Destacan la crítica estructural, con extractivismo verde y colonialidad (II=1), la orientación transformadora (V=1) y la agencia (VI=1); al ser conceptual, no operacionaliza intersecciones (IV=0) y la interseccionalidad queda como una de seis propuestas (I=0.5)."
636,"No supera el gate: la revisión historiográfica descoloniza el nexo calor-salud y menciona aspectos interseccionales de las prácticas frente al calor, pero no identifica categorías sociales que se crucen. La crítica se centra en lógicas coloniales y epistemologías eurocéntricas, un solo eje estructural sin articulación con otras categorías; por ello la RSI queda en cero."
637,"Supera el gate al examinar dimensiones superpuestas de la pobreza energética en hogares de bajos ingresos. Destacan el contexto irlandés concreto (III=1) y las recomendaciones de política justa (V=1), pero los hallazgos presentan grupos separados (I=0.5), las entrevistas a informantes solo describen subgrupos (IV=0.5) y no se reconoce agencia (VI=0)."
638,"Capítulo de crítica literaria sobre memoria y trauma transgeneracional en escritoras diaspóricas, sin relación con el clima ni uso social de la interseccionalidad."
639,"Elegible con dudas: análisis fílmico donde la inundación de Kedarnath es un elemento secundario. Supera el gate por el nexo casta-género en la migración forzada, pero el foco en trauma y memoria deja la intersección poco analizada (I=0.5), sin método empírico (IV=0), sin orientación a la justicia (V=0) y con personajes solo como víctimas (VI=0)."
640,"Pasa el gate por teorizar sistemas de opresión entrecruzados y criticar el uso aditivo de identidades. Como revisión sistemática global, su fortaleza es conceptual: lectura no aditiva (I=0.5) y poder estructural sin mecanismos concretos (II=0.5); carece de contexto situado y de operacionalización empírica (III=0, IV=0) y no considera agencia."
641,"Revisión de ecología política del Ártico centrada en pueblos indígenas, donde la interseccionalidad nombra la relación entre política, ecología e impactos climáticos."
642,"No supera el gate: el estudio analiza la distribución desigual de impactos climáticos y cargas de la transición entre naciones, ciudades e individuos, y declara dimensiones interseccionales sin especificar qué categorías sociales se cruzan. Las desigualdades se expresan entre países y grupos desfavorecidos genéricos, no como ejes relacionados; la RSI queda en cero."
643,"Supera el gate de forma débil: la pobreza urbana y el género, vía ecología política feminista y palabras clave, se vinculan al afirmar una precariedad interseccional. Destacan los mecanismos de gobernanza del desastre (II=1) y el contexto de Lodwar (III=1), pero la intersección solo se afirma en la conclusión (I=0.5) y no se operacionaliza metodológicamente (IV=0)."
644,"Revisión bibliométrica sobre extremos climáticos, resiliencia y ODS, donde la interseccionalidad designa la interrelación entre eventos y tácticas, no categorías sociales."
645,"Supera el gate al vincular género con pobreza y marginación bajo legados coloniales. Destacan la crítica estructural a capitalismo, patriarcado y neocolonialismo (II=1), el marco transformador (V=1) y el protagonismo de las mujeres (VI=1); pero el eje de género domina (I=0.5), el contexto es genérico (III=0.5) y no hay operacionalización empírica (IV=0)."
646,Trabajo de mejora genética de arándanos donde lo intersectional alude a híbridos entre secciones botánicas y el clima solo describe la adaptación del cultivo.
647,"Revisión temática que presenta la sociología vegana con énfasis en justicia interseccional, pero el cambio climático es solo una mención contextual."
648,"Estudio de caso interseccional sobre la custodia de una niña trans y su madre afrolatina, sin relación con el clima físico ni con amenazas climáticas."
649,"Supera el gate y trata a las mujeres con discapacidad como posición específica ante desastres (I=1), con barreras sistémicas y marcos de RRD excluyentes como mecanismos (II=1), orientación a derechos (V=1) y centralidad de su voz (VI=1). El contexto es global y genérico (III=0.5) y no hay diseño empírico (IV=0)."
650,"No supera el gate: el modelo de priorización por vulnerabilidad en Estambul alude a interseccionalidades de comunidades vulnerables, pero opera con un índice barrial de vulnerabilidad y enumera grupos de bajos ingresos o marginados sin articular categorías entre sí. Es un estudio de optimización logística humanitaria; por ello los criterios y la integración quedan en cero."
651,"Supera el gate al cruzar el género del manejo de la tierra con los sistemas de parentesco. La clasificación cruzada interpretada como posición combinada sostiene I=1 e IV=1, y la dependencia contextual del efecto sostiene III=1; pero las normas se tratan como instituciones culturales sin teorizar poder (II=0.5) y las implicaciones de política son breves (V=0.5)."
652,"Nota conceptual sobre determinantes estructurales de la salud de mujeres negras mayores en el nexo género-raza-edad, sin relación con el cambio climático."
653,"Capítulo interseccional sobre jerarquías en organizaciones humanitarias occidentales, donde los desastres solo aparecen como contexto de trabajo y no como objeto."
654,"No supera el gate: el marco de calor crónico habla de la intersección de factores sociales e individuales que producen exposiciones acumuladas divergentes, pero no identifica categorías de diferenciación social ni las relaciona. El riesgo interseccional se usa en sentido de factores interactuantes de exposición y salud; por ello todos los criterios quedan en cero."
655,"No supera el gate: el marco EJ-CJ FEWs propone una perspectiva interseccional centrada en justicia ambiental y climática, pero la intersección refiere a sectores alimento-energía-agua y a impactos de la perforación no convencional. No se identifican categorías sociales relacionadas entre sí, de modo que la RSI queda en cero pese a su orientación crítica."
656,"No supera el gate: el análisis bibliométrico de migración climática en el Sur Global mapea producción, citas y redes, y menciona las experiencias de género e interseccionales solo como vacíos pendientes. Al tratarse la interseccionalidad como agenda futura, sin categorías sociales relacionadas en el propio análisis, la regla del gate asigna cero a todos los criterios."
657,"Supera el gate al relacionar estatus migratorio, ingreso y raza en la adaptación del Valle del Río Grande. Destacan la agencia de las iniciativas de base (VI=1), el contexto sociopolítico (III=1) y la orientación transformadora (V=1), pero los grupos solo se enumeran (I=0.5) y el método no opera intersecciones (IV=0)."
658,"Capítulo sobre mujeres, transporte y gestión de desastres naturales en Malasia, con enfoque de transversalización de género y sin marco interseccional."
659,"Supera el gate al examinar con lente interseccional los efectos cruzados de clima y pobreza sobre la salud de las mujeres. Sin embargo, al analizar la cobertura mediática, trata la intersección como cruce de problemas más que de posiciones (I=0.5), con análisis de marcos sin codificación cruzada (IV=0.5) y recomendaciones generales (V=0.5)."
660,"Estudio histórico de patentes de mujeres en Italia entre 1861 y 1939, donde el clima es político y la intersección cruza género con contexto."
661,"Capítulo feminista sobre financiamiento climático y mujeres del Sur Global, cuyo uso de intersecciones es temático y se centra solo en el género."
662,"Libro con marco interseccional sobre raza, género, guerra y políticas migratorias, donde las referencias marítimas son metafóricas y no remiten al clima."
663,"Supera el gate al vincular jerarquía de casta y vulnerabilidad en hogares encabezados por mujeres de Odisha. Destacan el poder estructural de casta e instituciones (II=1), el contexto local (III=1) y las recomendaciones (V=1); pero casta, ingreso y educación entran como variables separadas, por lo que I=0.5 e IV=0."
664,"No supera el gate: el enfoque teo-ecofeminista africano se presenta como respuesta interseccional, pero el análisis trata un solo eje, las desigualdades de género en acceso a recursos y decisiones. La ruralidad de Kitui funciona como escenario del estudio, no como categoría articulada con el género; por ello los criterios y la integración quedan en cero."
665,"Estudio sobre liderazgo femenino en Ambon ante tsunami, conflicto y pandemia, amenazas no climáticas, aunque recomiende perspectivas interseccionales en la gestión del riesgo."
666,"Supera el gate al conectar racismo antinegro y violencia contra pacientes con discapacidad en Katrina. Destacan el racismo estructural como mecanismo (II=1), el anclaje en Nueva Orleans (III=1) y la propuesta de cuidados interseccionales (V=1); pero el resumen breve no desarrolla la co-construcción (I=0.5) ni hay diseño empírico (IV=0)."
667,"No supera el gate: el libro reúne perspectivas interseccionales en el sentido de cruce entre humanidades, artes y ciencias sociales para estudiar fronteras y barreras en la crisis climática. Aborda nacionalismo y activismo artístico, pero no nombra ni relaciona categorías de diferenciación social; por ello todos los criterios y la integración quedan en cero."
668,"No supera el gate según la regla: la interseccionalidad posthumana del caso Aurora entrelaza a la juventud demandante con los bosques antiguos, es decir, un eje social, la generación, con lo no humano. No articula una segunda categoría de diferenciación social; queda la duda de si la especie debería contar como eje, por eso la confianza es baja."
669,"Supera el gate al estudiar activistas jóvenes con desigualdades de edad, etnicidad, clase y género. Destacan la agencia (VI=1) y la selección intencional de casos no estereotípicos (IV=1), pero el resumen no muestra la co-construcción de los ejes (I=0.5) y el poder dentro del movimiento se nombra sin teorizar (II=0.5)."
670,"No supera el gate: el teatro juvenil en la COP26 aborda desequilibrios de poder estructural que limitan la agencia de niñas, niños y jóvenes, pero la etiqueta interseccional se aplica a un solo eje, la edad, sin relacionarla con género, clase u otras categorías. Por la regla corregida, los criterios y la integración quedan en cero."
671,"No supera el gate, con dudas: el análisis de sistemas del Sahel identifica la inmovilidad de género como vía de vulnerabilidad y menciona posiciones interseccionales especialmente atrapadas, pero no especifica qué categorías se cruzan ni las relaciona con el género. La etiqueta sin anclaje no basta según la regla corregida; la RSI queda en cero."
672,"Supera el gate con una comunidad indígena donde cultura, edad, género y espiritualidad se combinan de forma específica (I=1). El lente guía diseño y reclutamiento (IV=1), en un contexto bien situado (III=1) y con agencia comunitaria (VI=1); pero el resumen no nombra estructuras de poder (II=0), lo que limita la integración (0.5)."
673,Capítulo sobre gestión verde de recursos humanos con un uso ambiguo del conocimiento interseccional y el clima solo como uno de varios ODS ambientales.
674,"Análisis literario del enfoque interseccional de una trilogía irlandesa sobre heteronormatividad, blanquitud y extrema derecha, sin relación con el clima físico."
675,"Estudio cuantitativo sobre victimización sexual en jóvenes españoles con lente interseccional de género y diversidad sexual, ajeno al cambio climático."
676,"Estudio cualitativo interseccional sobre personas mayores tras los terremotos de Türkiye, una amenaza sísmica sin vínculo con el clima."
677,"Estudio cualitativo sobre organizaciones comunitarias que atendieron necesidades interseccionales de mujeres inmigrantes en Nueva York durante la pandemia, sin relación climática."
678,"Supera el gate al centrar a migrantes de asentamientos informales y sus variaciones interseccionales ante inundaciones. Destacan el mecanismo de no reconocimiento de los slums (II=1), el contexto de Bengaluru (III=1) y las propuestas participativas (V=1), pero la intersección apenas se desarrolla (I=0.5) y el método no la analiza interaccionalmente (IV=0.5)."
679,"Revisión bibliométrica de dos décadas de estudios interseccionales sobre riesgo, donde el cambio climático es solo una mención entre las áreas emergentes."
680,"Supera el gate con una mención breve a la intersección de raza, clase y género, pero el discurso analiza sobre todo la clase en desastres de EE. UU. (I=0.5). Invoca teorías críticas de desigualdad sin detallar mecanismos (II=0.5); al ser un resumen de volúmenes carece de método interseccional (IV=0) y de agencia (VI=0)."
681,"Falso positivo para el corpus: aunque aplica explícitamente la interseccionalidad a personas LGBT+ refugiadas y de acogida, el desastre analizado es la explosión del puerto de Beirut, una amenaza tecnológica sin vínculo con el clima, por lo que no cumple el criterio climático."
682,"No supera el gate: la perspectiva feminista crítica evalúa reconocimiento, diálogo y presupuesto en planes municipales de adaptación y habla de vulnerabilidades interseccionales, pero el contenido empírico se limita a la conciencia de género y a las vulnerabilidades de las mujeres. Al aplicar la etiqueta a un solo eje sin relacionarlo con otras categorías, la RSI queda en cero."
683,"No supera el gate: el análisis de políticas climáticas, energéticas y del carbón en Colombia se centra en la incorporación del género, y la interseccionalidad aparece solo como ausencia detectada y recomendación para una transición justa, sin articular otros ejes de diferenciación con el género."
684,"Supera el gate al reportar el impacto añadido de identidades que se cruzan con la identidad queer, aunque en clave aditiva (I=0.5). La revisión global no sitúa contextos ni opera intersecciones (III=0, IV=0); documenta agencia mediante estrategias colectivas de resiliencia (VI=1) y describe exclusión en la ayuda posdesastre sin teorizar estructuras (II=0.5)."
685,"Pasa el gate con dudas: los mensajes analizados incluyen descriptores de identidades interseccionales, pero el abstract no las nombra ni analiza su co-construcción (I=0.5). El diseño varía subgrupos sin comparación interaccional (IV=0.5), falta contexto situado (III=0) y los hallazgos temáticos no se vinculan con esas identidades, por lo que la integración es nula."
686,"No elegible: el artículo propone una agenda de investigación y acción climática inclusiva de la discapacidad, pero la palabra intersección solo designa el cruce entre discapacidad y cambio climático como campos, sin invocar la interseccionalidad ni relacionar categorías sociales entre sí."
687,"Falso positivo: el artículo reclama perspectivas globales y ecológicas en la investigación sobre experiencias adversas infantiles y resiliencia; usa interseccionalidad para la interrelación de factores, no de categorías sociales, y el cambio climático figura solo como una forma de trauma entre varias enumeradas."
688,"No elegible: epílogo metodológico sobre el complejo animal-industrial y la opresión animal que invoca una perspectiva interseccional de pasada, pero el cambio climático aparece solo como un efecto enumerado del orden institucional global, sin formar parte del objeto de análisis del capítulo."
689,"Falso positivo: el capítulo examina la representación de raza y discapacidad en dos adaptaciones de King Lear, con una intersección social explícita, pero la escena de la tormenta es un recurso dramático y el análisis no trata el clima ni amenazas climáticas reales."
690,"No elegible: el capítulo revisa el movimiento de ciudades amigables con las personas mayores como marco de equidad e invoca la naturaleza interseccional de sus desafíos, pero las crisis climáticas figuran solo en una frase de contexto junto a la pandemia, sin formar parte del objeto."
691,"Falso positivo: el artículo evalúa la eficacia de soluciones informáticas de movilidad en seis ciudades europeas; la evaluación llamada interseccional cruza perspectivas de proveedores y viajeros, sin sentido social, y el calentamiento global aparece solo como motivación contextual del transporte público."
692,"Falso positivo: el capítulo reflexiona sobre la praxis de justicia social en la sociología estadounidense tras la pandemia; la intersección que menciona une dominios de influencia y no categorías sociales, y el cambio climático aparece solo de pasada como tema de investigación ignorado."
693,"Elegible con duda: el marco general es la gestión del riesgo de desastres, aunque el caso es el sismo de 2016. Relaciona género y movilidad humana de forma más bien aditiva (I=0.5) y critica leyes y prácticas sin teorizar mecanismos (II=0.5); destaca su propuesta normativa contra la violencia de género (V=1), sin método interseccional (IV=0)."
694,"No elegible: la revisión de alcance y las entrevistas examinan la planificación con perspectiva de género en emergencias de salud animal, que abarcan crisis humanitarias y brotes infecciosos, y aunque señala la ausencia de impactos interseccionales, no establece vínculo alguno con el clima ni con amenazas climáticas."
695,"No elegible: el artículo examina los esfuerzos antirracistas del Consejo Mundial de Iglesias y vincula racismo y desigualdad económica en sentido interseccional, pero el cambio climático aparece solo en una frase como ámbito relacionado y no forma parte del objeto de análisis."
696,"Falso positivo: el ensayo analiza la obra literaria y artística de Sara Baume frente a la crisis ecológica y neoliberal, y usa el adjetivo interseccional para describir el entrelazamiento de crisis, no intersecciones entre categorías sociales ni sistemas de opresión, por lo que no cumple el criterio interseccional."
697,"Supera el gate al centrarse en mujeres negras africanas afectadas por inundaciones en Durban, con muestreo intencional (IV=1) y ecología política feminista que vincula poder y gobernanza (II=1). Sin embargo, los hallazgos atribuyen la vulnerabilidad sobre todo a la falta de enfoque de género, sin mostrar la co-construcción de raza y género (I=0.5)."
698,"No supera el gate: la revisión cruza los marcos de justicia climática y reproductiva en EE. UU. y menciona disparidades raciales y justicia intergeneracional, pero el abstract no articula ejes de diferenciación relacionados entre sí; la crítica al poblacionismo y la atención a resultados reproductivos encarnados no bastan para el gate."
699,No supera el gate: el análisis narrativo de movimientos climáticos estadounidenses identifica la justicia climática e interseccionalidad como una narrativa entre cinco y estudia dinámicas de despolitización. El abstract no articula categorías sociales relacionadas; la división intergeneracional aparece como narrativa aparte. Por ello los criterios y la integración quedan en cero.
700,"Supera el gate al estudiar jóvenes con trayectoria migratoria y mayoritariamente racializados en Manchester y Melbourne, con muestreo intencional de esa posición (IV=1). Documenta prácticas propias de cuidado ambiental (VI=1), pero nombra el racismo ambiental sin teorizar mecanismos (II=0.5) y no muestra cómo edad, raza y migración se co-construyen (I=0.5)."
701,"No supera el gate, con dudas: el artículo defiende un enfoque interseccional para el litigio climático en derechos humanos, pero la única intersección que desarrolla es la de edad y clima, un eje social cruzado con la amenaza. Aunque el caso KlimaSeniorinnen sugiere edad y género, el abstract no los relaciona; la RSI queda en cero."
702,"No elegible: el estudio cualitativo con diecisiete personas con discapacidad en Java Oriental aborda riesgos y resiliencia ante desastres, pero la intersección que invoca es la de los temas desastre y discapacidad, sin interseccionalidad en sentido social ni relación entre categorías de diferenciación."
703,"No elegible: el artículo analiza cómo dos relatos de viaje occidentales representaron cuerpos nativos durante la hambruna y la peste en la India colonial, con una interseccionalidad explícita de raza, religión, enfermedad y discapacidad, pero no vincula esas crisis con la sequía ni con el clima."
704,"Articula raza, género y sexualidad en la censura escolar estadounidense, pero el clima aludido es político y no físico."
705,"No supera el gate: el comentario sobre adaptación en Asia del Sur analiza normas de género, acceso restringido a recursos y espacios de decisión, y menciona a otros grupos interseccionales sin especificarlos ni vincularlos con el género. Es un análisis de un solo eje con etiqueta interseccional, por lo que los criterios y la integración quedan en cero."
706,"Artículo jurídico que conecta justicia ambiental y reproductiva ante la crisis climática. Supera el gate al señalar un riesgo agudo para mujeres racializadas de bajos recursos, aunque no analiza cómo se co-construye esa posición (I=0.5). Destaca su orientación a estrategias legales y comunitarias (V=1) y carece de método empírico (IV=0)."
707,"No supera el gate: el texto narra la reforma de cursos de moda en la Universidad del Sur de Dinamarca y enumera la interseccionalidad entre otros énfasis, junto a críticas al eurocentrismo y al racismo de la industria. No relaciona categorías sociales entre sí; es un relato docente breve, por lo que la RSI queda en cero."
708,"Supera el gate al afirmar que mujeres, niñas y personas de género diverso enfrentan vulnerabilidades superpuestas por sistemas de opresión, aunque el análisis se centra en género y paridad (I=0.5). Como comentario sin método (IV=0), destaca su orientación a la justicia y crítica de la representación numérica (V=1), con poder estructural nombrado (II=0.5)."
709,"Entrevistas a investigadores subrepresentados en estudios de desastres sobre su acceso a recursos de la NSF. El vínculo climático es indirecto, por el campo de investigación en amenazas, y aunque lista grupos raciales, sexuales y de género, los trata como categorías paralelas de exclusión sin relacionarlos, por lo que no supera el gate."
710,"Memo sobre la alianza FCWA que menciona activistas interseccionales, pero el clima es solo una implicación citada de pasada."
711,"Estudio de casos de organizaciones de base lideradas por mujeres y personas no binarias en Nueva York. Destaca por documentar estrategias de resistencia (VI=1) frente a políticas neoliberales explícitamente teorizadas (II=1) y por un contexto bien situado (III=1), pero la relación entre género y pobreza se enuncia más que se analiza (I=0.5, integración parcial)."
712,Capítulo sobre capacidad evaluativa sin interseccionalidad en sentido social y con el clima como mención incidental.
713,"Capítulo curricular que usa la interseccionalidad, de forma ambigua, para cruzar historias, con el cambio climático solo como parte de la justificación ambiental."
714,"Encuesta en India, México y Nigeria con clases latentes y árboles de clasificación que identifican perfiles combinados de género, ruralidad e ingreso, lo que sustenta I=1 e IV=1 según la regla cuantitativa. Sin embargo, no teoriza poder estructural (II=0) y el contexto es superficial, de modo que la integración resulta parcial."
715,"No supera el gate: la revisión sobre cambio climático y salud reproductiva femenina menciona la interseccionalidad de vulnerabilidades y a mujeres en distintas situaciones, pero no especifica categorías sociales que se crucen con el género. Es un análisis de un solo eje con mención genérica a comunidades marginadas; por ello los criterios y la integración quedan en cero."
716,"Libro sobre cambio climático y equidad en salud mental con enfoque de justicia social. Invoca la vulnerabilidad interseccional y contrasta países de ingresos altos y bajos, pero no articula dos ejes de diferenciación relacionados: clase, lugar e indigeneidad aparecen yuxtapuestos. No supera el gate, por lo que todos los criterios quedan en cero."
717,"No supera el gate: el estudio cualitativo de activistas de FridaysForFuture Roma muestra que conciben la crisis climática de forma interseccional, uniendo luchas por la justicia climática y social. Ese uso remite al cruce de causas, no a categorías de diferenciación social relacionadas entre sí; por ello todos los criterios y la integración quedan en cero."
718,"Volumen colectivo sobre justicia climática en India. Enumera temas como casta, derechos de tierra de las mujeres e interseccionalidad del acceso al agua, pero el resumen, que incluye reseñas promocionales, los presenta como capítulos independientes sin articular ejes relacionados. No supera el gate y los criterios quedan en cero."
719,"Análisis jurídico de la migración climática con perspectiva de género. Supera el gate de forma débil al relacionar género y condición de migrante sin protección legal, pero la interseccionalidad se enuncia sin analizarse (I=0.5). Se orienta claramente a la protección jurídica (V=1), aunque carece de contexto situado y representa a las mujeres solo como vulnerables."
720,"Revisión sistemática PRISMA sobre impactos de las políticas climáticas en la desigualdad desde el género. Diagnostica que la literatura omite relaciones de poder e interseccionalidad, pero el propio análisis solo trabaja el eje de género sin relacionarlo con otro, de modo que no supera el gate y todos los criterios quedan en cero."
721,"Pasa el gate por una mención breve: la violencia afecta especialmente a mujeres y niños yanomami, sin análisis de co-constitución (I=0.5). Destaca el contexto detallado de contacto, territorio y datos satelitales (III=1) y la orientación a políticas de defensa territorial (V=1); las presiones extractivas se describen sin marco crítico (II=0.5) y sin método interseccional."
722,"Estudio colaborativo sobre salud mental de mujeres indígenas ante el cambio climático en Canadá occidental. Supera el gate por su población y su enfoque feminista indigenista, con estructura colonial explícita (II=1), contexto situado y agencia documentada. La co-construcción de género e indigeneidad queda implícita (I=0.5) y el término interseccionalidad se usa de forma ambigua."
723,Protocolo de revisión paraguas sobre salud indígena y clima sin uso social de la interseccionalidad.
724,"Estudio mixto en comunidades forestales vietnamitas que declara un análisis interseccional de género, etnicidad y geografía, pero cuyos resultados se reducen a una brecha de género atribuida a normas culturales (I=0.5, II=0.5). Su fortaleza está en las recomendaciones para la igualdad de género (V=1); el método desagrega sin analizar interacciones."
725,"No supera el gate: el libro introductorio sobre justicia climática vincula la economía del carbono con desigualdades humanas y propone cinco ángulos cuyas interseccionalidades son espacio, tiempo, diferencia, dominio y movimiento, no categorías sociales. El abstract, basado en reseñas, no articula ejes de diferenciación relacionados; por ello los criterios y la integración quedan en cero."
726,"Capítulo jurídico sobre migración climática con perspectiva de género. Supera el gate débilmente al vincular género y condición de migrante sin protección legal, aunque las discriminaciones interseccionales se enuncian sin análisis (I=0.5). Su aporte es la orientación a la protección jurídica (V=1); carece de contexto situado, de método empírico y de agencia de las mujeres."
727,"No supera el gate: el artículo teoriza la transformación climática desde la paz feminista y la ética del cuidado en Puerto Rico y alude a violencias históricas e interseccionales, pero no identifica qué categorías sociales se cruzan ni cómo. La etiqueta interseccional califica a las violencias sin anclarse en ejes concretos; la RSI queda en cero."
728,"Revisión de alcance complementada con datos de Bangladesh sobre sistemas alimentarios acuáticos y cambio climático. Identifica posiciones interseccionales concretas, como las mujeres jóvenes de minorías étnicas (I=1), y se orienta a intervenciones transformadoras (V=1), pero no teoriza estructuras de poder, el contexto es superficial y el método no opera interacciones."
729,"Ensayo decolonial que muestra cómo la colonialidad estructura los enfoques de género en las soluciones climáticas. Articula género y colonialidad como co-constituidos (I=1) mediante mecanismos estructurales explícitos (II=1) y una praxis de justicia interseccional (V=1), integrados coherentemente; al ser conceptual carece de método empírico (IV=0) y de contexto geográfico concreto."
730,"Proyecto PhotoVoice con mujeres de Comerío, Puerto Rico, sobre recuperación ante desastres. Identifica género y generación como factores intersecados que median la adaptación (I=1), con contexto situado (III=1), participación y efectos en políticas locales (V=1, VI=1). La colonialidad se invoca sin mecanismos (II=0.5) y el método no opera subgrupos."
731,"No supera el gate: la revisión de unos 300 textos sobre adaptación basada en comunidades concluye que los roles de género no cambian y que hacen falta enfoques diferenciales e interseccionales. La interseccionalidad figura como agenda pendiente, sin categorías sociales relacionadas en el análisis; según la regla corregida, los criterios y la integración quedan en cero."
732,"Análisis multinivel de desigualdad escolar con trasfondo interseccional, pero sin relación con el clima físico."
733,"Capítulo de cierre sobre hogar y patria en la cultura visual, con uso ambiguo de lo interseccional y el clima como mención incidental."
734,Conclusión de un libro sobre educación inclusiva interseccional en la que el clima es solo una mención incidental.
735,"Nota sobre exposición concurrente a calor extremo y contaminación entre personas sin hogar. Supera el gate de forma mínima al relacionar la situación de calle con capacidad y edad, pero esa mención no se desarrolla (I=0.5); carece de teoría estructural, contexto situado y agencia, y solo esboza implicaciones de protección (V=0.5)."
736,Análisis interseccional-feminista de un medio puertorriqueño en el que el clima no forma parte del objeto de estudio.
737,"No supera el gate: el ensayo combina teoría del ensamblaje, ética feminista del cuidado y teoría decolonial para abordar desigualdades sistemáticas e interseccionales que originan desastres, pero no especifica categorías sociales ni sus relaciones. Su aporte se centra en imaginarios geográficos y lógicas occidentales del riesgo; por ello todos los criterios quedan en cero."
738,"No supera el gate: el análisis de unos 150 libros ilustrados ambientales con el marco multicultural de Bishop valora la diversidad de protagonistas y recomienda narrativas interseccionales, pero no identifica categorías sociales ni las relaciona. La interseccionalidad funciona como criterio de selección deseable, no como análisis de posiciones entrelazadas; la RSI queda en cero."
739,"Pasa el gate porque la población, refugiados y migrantes cultural y lingüísticamente diversos, combina estatus migratorio y etnicidad, aunque no se analiza su co-constitución (I=0.5). Destaca la agencia vía capital social y enfoque de activos (VI=1), pero no nombra estructuras de poder (II=0) ni opera intersecciones (IV=0); la interseccionalidad queda yuxtapuesta."
740,"Libro que critica al ambientalismo dominante desde un marco decolonial y antirracista. Teoriza cómo colonialismo y capitalismo producen consecuencias racializadas de las falsas soluciones climáticas (II=1), se orienta a la transformación (V=1) y recoge estrategias de movimientos (VI=1), pero el ecofeminismo interseccional se enuncia sin analizar identidades entrelazadas (I=0.5)."
741,"Investigación participativa feminista decolonial con mujeres indígenas de Canadá occidental sobre crisis climática y adaptación basada en la tierra. Articula género e indigeneidad frente a legados coloniales explícitos, en un contexto situado, documenta saberes y respuestas propias y se orienta a la política, integrando todos los criterios de forma coherente, con un perfil sustantivo fuerte."
742,"No supera el gate: el estudio de prácticas digitales de Fridays for Future Alemania describe un storytelling interseccional que traduce voces marginadas del Sur Global, pero no identifica categorías sociales ni sus cruces. La etiqueta califica prácticas mediáticas y solidaridades transnacionales, no posiciones entrelazadas; por ello los criterios y la integración quedan en cero."
743,"Estudio con enfoque interseccional sobre cuidado y vejez en la pandemia, ajeno al cambio climático."
744,"Capítulo con perspectiva interseccional sobre discapacidad en la pandemia, sin objeto climático."
745,"Capítulo conceptual sobre justicia climática para pueblos indígenas con discapacidad. Supera el gate al centrar esa posición combinada, aunque superpone opresiones sin analizar su co-construcción (I=0.5). Destaca en praxis y agencia, pues los presenta como agentes de litigio climático (V=1, VI=1), pero carece de contexto situado y de método empírico."
746,"Capítulo sobre crisis habitacional y desplazamiento de personas trans en India ante el cambio climático. Supera el gate al vincular identidad de género con precariedad económica y habitacional, pero esa relación se enuncia sin análisis (I=0.5); estructuras y contexto son superficiales y la comunidad aparece solo como víctima (VI=0)."
747,"No supera el gate: el mapeo de soluciones basadas en la naturaleza en ciudades europeas habla de una relación interseccional entre disparidades socioeconómicas, condiciones estructurales históricas y política de convergencia regional. Son factores territoriales y económicos, no categorías sociales entrelazadas; la clase aparece como único eje. Por ello todos los criterios y la integración quedan en cero."
748,"Registro excluido porque, aunque alude a identidades que se intersecan en Australia, el clima es solo contexto inicial y el capítulo analiza inequidades en salud ligadas a la COVID-19 y la política migratoria."
749,"No supera el gate: el capítulo sobre diversidad de perspectivas en sostenibilidad examina retos desde la raza, las generaciones jóvenes, las mujeres y los migrantes, pero los trata como lentes yuxtapuestas. Listar grupos o ejes por separado no basta según la regla corregida, y no se articula ningún cruce; por ello la RSI queda en cero."
750,"Propuesta pedagógica para el trabajo social canadiense que combina feminismo, marxismo, saberes indígenas y raza crítica ante la crisis climática; el abstract enumera esas tradiciones como contenidos curriculares sin relacionar ejes de diferenciación entre sí, por lo que no supera el gate pese a su clara orientación a la justicia social y climática."
751,"No supera el gate: el libro sobre cine eco-adolescente analiza películas en que jóvenes enfrentan desastres ambientales y destaca perspectivas marginadas e interseccionales fuera de Hollywood, sin especificar qué categorías se cruzan. La edad es el único eje articulado y la etiqueta interseccional no se ancla en otras categorías; la RSI queda en cero."
752,"No supera el gate: la colección ecocrítica sobre precariedad planetaria declara metodologías interseccionales y debates poscoloniales, y menciona la división Norte-Sur y utopías queer, pero no articula categorías sociales entre sí. La interseccionalidad aparece como etiqueta metodológica de un volumen editado; por ello los criterios y la integración quedan en cero."
753,"No supera el gate, con dudas: el programa para jóvenes adultos atendió la demanda generacional de interseccionalidad y el papel del racismo sistémico en el activismo climático, pero no analiza cómo edad y raza se combinan en posiciones concretas. Ambos ejes aparecen como demandas y temas paralelos, no entrelazados; por ello la RSI queda en cero."
754,"Falso positivo: la intersección que examina el capítulo une temas (ecoturismo, populismo ambiental indígena y gobierno en Nagaland), no categorías sociales, de modo que queda fuera aunque mencione el cambio climático."
755,"Falso positivo climático: el ensayo artístico aborda la intersección de raza y género en torno a Edmonia Lewis y #SayHerName, y sus alusiones al fuego son metafóricas, sin vínculo con amenazas climáticas."
756,"Supera el gate al centrarse en mujeres refugiadas como posición específica, pero la intersección entre género y estatus migratorio se reduce a un enfoque de género (I=0.5), sin estructuras de poder ni contexto situado (II=0, III=0); la muestra focalizada no analiza interacciones (IV=0.5) y la adaptación climática queda desconectada de los hallazgos."
757,"No supera el gate: el volumen ecocrítico interamericano analiza literatura, cine y cultura frente a la crisis climática y menciona consideraciones interseccionales e interregionales como potencial del enfoque, sin identificar categorías sociales que se crucen. Es una mención programática dentro de un libro de estudios culturales; por ello todos los criterios quedan en cero."
758,"Ensayo crítico fuerte en poder estructural y justicia (II=1, V=1): el capitalismo racial y el racismo ambiental explican cómo las soluciones climáticas agravan injusticias. Sin embargo, el análisis gira casi solo en torno a la raza (I=0.5), carece de operacionalización empírica (IV=0) y reclama, más que ofrece, contexto situado (III=0.5)."
759,"Sustantivo fuerte: entrevistas a mujeres de una tribu no reconocida del Golfo estadounidense muestran cómo saberes generizados y situados median la pérdida ambiental (I=1, IV=1), explicada por colonialismo de asentamiento y extracción petrolera (II=1) en un contexto detallado (III=1), con marco de justicia reproductiva ambiental y resistencia documentada (V=1, VI=1)."
760,"Supera el gate al ubicar la discapacidad junto a identidades marginadas múltiples, aunque sin analizar su co-constitución (I=0.5). El ensayo articula poder estructural mediante discapacitación ecológica y violencia estatal (II=1), orientación a la justicia (V=1) y agencia en redes de ayuda mutua (VI=1); carece de contexto situado y método (III=0, IV=0)."
761,"Se excluye porque el cambio climático solo enmarca la relevancia del agua subterránea en Cachemira, mientras el análisis trata contaminación microbiológica, saneamiento y enfermedad, con una interseccionalidad de factores socioculturales de sentido ambiguo."
762,"No supera el gate: el comentario crítico sobre reacciones populistas contra la acción climática urbana menciona la interseccionalidad como objeto de contramovimientos y como tema de una agenda futura, sin identificar categorías sociales ni sus cruces. Según la regla corregida, esa mención no basta, por lo que todos los criterios y la integración quedan en cero."
763,"Supera el gate al enmarcar clase, género, casta y otras dimensiones como interseccionales, aunque solo las enumera (I=0.5). Destacan su orientación ética a la justicia y el reconocimiento de saberes locales y redes de solidaridad de pescadores artesanales indios (V=1, VI=1); poder estructural y contexto quedan poco desarrollados (II=0.5, III=0.5) y no hay método empírico interseccional (IV=0)."
764,Falso positivo: el estudio sobre protección comunitaria frente al suicidio de jóvenes nativos de Alaska usa lo interseccional para el cruce entre sentido individual y colectivo y no aborda el cambio climático ni amenazas climáticas.
765,"Se excluye porque el cambio climático es solo una cláusula de contexto en la presentación de un número centrado en ecologías negras e indígenas, despojo ambiental y legados coloniales, y la intersección invocada es ambigua entre cruce de campos y de grupos sociales."
766,"Pasa el gate porque concluye que identidades marginadas múltiples se cruzan con el consumo de drogas y amplifican la vulnerabilidad posdesastre, aunque solo como conclusión (I=0.5). Las entrevistas en Houston muestran barreras estructurales nombradas sin teorizar (II=0.5) y agencia mediante ayuda mutua (VI=1); el abstract no desarrolla implicaciones de justicia (V=0)."
767,"No supera el gate, con dudas: el ensayo gramsciano defiende coaliciones de justicia climática que organizan de forma interseccional a través de diversas identidades sociales, pero no especifica categorías ni analiza cómo se cruzan en posiciones concretas. Se trata de alianzas entre grupos, más cercanas a enumerar identidades; por ello los criterios y la integración quedan en cero."
768,"Se excluye porque el artículo sobre el plan de igualdad de género del proyecto PHOENIX usa intersección para cruzar género con investigación e innovación y solo enumera clase y raza, sin invocar la interseccionalidad en sentido teórico-social."
769,"No supera el gate: el capítulo sobre eventos extremos y desigualdades en salud analiza determinantes sociales, acceso a servicios y resiliencia de comunidades marginadas como bloque, y cierra señalando la necesidad de enfoques interseccionales. Al aparecer la interseccionalidad solo como agenda pendiente, sin categorías relacionadas, todos los criterios y la integración quedan en cero."
770,"Falso positivo interseccional: el análisis etnográfico del proyecto hidroeléctrico Big Canyon en la Nación Navajo trata el cruce institucional entre FERC y la soberanía tribal dentro de la transición energética, sin articular categorías sociales ni sistemas de opresión entrelazados."
771,Falso positivo técnico: el trabajo segmenta especies forestales en imágenes Sentinel-2 de Turquía con aprendizaje profundo; la intersección es una métrica de evaluación y el cambio climático aparece solo como contexto de la importancia de los bosques.
772,"Falso positivo interseccional: el análisis jurídico del caso Daniel Billy contra Australia usa intersección para unir cambio climático, derechos indígenas y derecho internacional de los derechos humanos, sin invocar ejes sociales entrelazados."
773,"Se excluye porque el capítulo analiza una novela sobre racismo ambiental, contaminación y violencia estatal desde la justicia ambiental crítica, y la emergencia climática aparece solo dentro de enumeraciones de problemas, sin formar parte del objeto."
774,"Supera el gate con baja confianza: el abstract, breve, vincula liderazgo femenino y marginación de un asentamiento informal santiaguino, sin analizar su co-construcción (I=0.5). Documenta con claridad autogestión, cuidados y redes de solidaridad de mujeres (VI=1), mientras abandono estatal, contexto y método quedan poco desarrollados (II, III, IV=0.5); las amenazas no se especifican."
775,"Se excluye porque, aunque aborda la interseccionalidad de mujeres migrantes, la amenaza estudiada es el accidente nuclear de Fukushima, un desastre tecnológico y radiológico sin vínculo explícito con el clima."
776,"Análisis interseccional explícito: muestra cómo las normas de género se cruzan con clase, edad y estado civil para limitar la capacidad adaptativa de mujeres pobres bangladesíes (I=1, IV=1) y lo integra en una crítica a la feminización de la adaptación. Poder estructural, contexto y orientación a la justicia quedan menos desarrollados (II, III y V=0.5)."
777,"Se excluye porque, pese a su marco interseccional explícito, el capítulo analiza movilidades de cuidado de migrantes y trabajadoras domésticas latinoamericanas, y la transición baja en carbono y la justicia climática solo aparecen en una enumeración final de ámbitos."
778,"Se excluye porque el artículo propone marcos feministas, de raza crítica, poscoloniales y crip para la comunicación humano-máquina, y el cambio climático figura solo en una lista final de asuntos de justicia, no como objeto."
779,"Se excluye porque, aunque aplica un enfoque interseccional de feminismo negro a mujeres jamaicanas, las injusticias analizadas son la gestión de residuos y la minería de bauxita, y lo climático aparece solo como campo al que se aporta."
780,"Se excluye porque, aunque examina opresiones interseccionales de personas ucranianas desplazadas en Valencia, la amenaza es la guerra y el objeto la reconstrucción urbana posconflicto, sin vínculo explícito con el cambio climático ni con amenazas climáticas."
781,Falso positivo climático: el llamado a la acción sobre violencia estructural contra personas trans y de género expansivo en Estados Unidos usa clima solo en sentido político y no aborda el cambio climático ni amenazas climáticas.
782,"Sustantivo: combina el análisis histórico de trayectorias de adaptación con la ecología política feminista para mostrar cómo riqueza, normas de género y geografía se cruzan en la vulnerabilidad de pastores del sur de Kenia (I=1, IV=1), con poder estructural y contexto situados (II=1, III=1); orientación a la justicia y agencia quedan menos desarrolladas (V=0.5, VI=0.5)."
783,"Se excluye porque la iniciativa Her City, que integra perspectivas de género y edad de niñas y jóvenes en la planificación urbana, menciona el cambio climático solo como contexto inicial, sin que forme parte del objeto analizado."
784,"No supera el gate: el estudio del activismo climático queer enumera por separado a personas racializadas, pueblos indígenas, mujeres y el Sur Global, y centra el eje LGBTQ+. Aunque los activistas usan análisis interseccional para unir movimientos, el abstract no relaciona categorías sociales entre sí; por ello los criterios y la integración quedan en cero."
785,"Pasa el gate porque concluye que el género se cruza con otras identidades sociales para definir vulnerabilidades, aunque como hallazgo sobre el discurso y sin análisis de co-constitución (I=0.5). El estudio ecolingüístico de 40 tuits es descriptivo: no nombra estructuras de poder, carece de contexto situado y no aborda agencia ni orientación transformadora."
786,"No supera el gate: el estudio histórico de la Women and Gender Constituency en la CMNUCC declara un marco interseccional, pero su análisis se limita al género y a la tensión entre vínculos mujer-ambiente y género-ambiente. Aplicar la etiqueta a un solo eje sin relacionarlo con otras categorías no basta; la RSI queda en cero."
787,"Sustantivo: con el marco de corporalidad interseccional, dos casos cualitativos en Lodwar muestran cómo viudas, madres solas y mujeres mayores o enfermas cargan con riesgos lentos desplazados por abstracción política (I=1, II=1, IV=1), en un contexto detallado (III=1) y con estrategias propias documentadas (VI=1); la orientación explícita a la justicia es menor (V=0.5)."
788,"Mención nominal: la revisión sobre agricultura climáticamente inteligente reconoce barreras estructurales y relaciones de poder, pero trata el género como eje central y añade la inclusión juvenil y la interseccionalidad como requisitos enumerados, sin relacionar ejes de diferenciación entre sí, por lo que no supera el gate."
789,"No supera el gate: el análisis colaborativo e intergeneracional del humor en el activismo climático juvenil muestra que los jóvenes señalan injusticias interseccionales y estructuras jerárquicas, pero el único eje analizado es la edad. La etiqueta interseccional describe temas de denuncia, no categorías relacionadas entre sí; por ello los criterios y la integración quedan en cero."
790,"Supera el gate al invocar sistemas de dominación entrelazados (capitalismo, heteropatriarcado, supremacía blanca, colonialismo de asentamiento), con poder estructural y orientación transformadora explícitos (II=1, V=1). Sin embargo, el análisis de identidades se reduce a mujeres y niñas como categoría general (I=0.5), sin contexto situado ni operacionalización empírica (III=0, IV=0)."
791,"Se excluye porque el capítulo sobre la cooperativa SEWA usa intersección para vincular género, cultura y desarrollo en el marco de los ODS 5 y 13, sin invocar la interseccionalidad como cruce de categorías sociales o sistemas de opresión."
792,"Falso positivo interseccional: el libro sobre igualdad de género y acción climática en África usa intersección para unir género y cambio climático como temas y analiza a mujeres y niñas como categoría única, sin cruzar ejes sociales."
793,"Supera el gate por su anclaje en el feminismo negro y la afectación desigual de mujeres y comunidades de color, aunque trata esos ejes de forma casi aditiva (I=0.5). Destaca en poder estructural (II=1) y en una ética del cuidado resistente orientada a transformar la respuesta a desastres (V=1, VI=1), sin contexto situado (III=0)."
794,"Supera el gate con claridad: analiza en Santos por qué las mujeres, sobre todo no blancas, que viven en zonas de riesgo de deslizamientos resultan más afectadas (I=1), con métodos estadísticos y cartográficos centrados en esa posición combinada (IV=1). El abstract, breve, apenas desarrolla mecanismos y contexto (II=0.5, III=0.5) y omite justicia y agencia (V=0, VI=0)."
795,"Supera el gate al vincular dinámicas de poder de género con otras formas de discriminación, aunque sin nombrarlas (I=0.5). Destaca la teorización de injusticias epistémicas (II=1), la orientación a la justicia epistémica (V=1) y el reconocimiento de grupos marginados como agentes de saber (VI=1); el contexto latinoamericano es regional y no hay método interseccional."
796,"No supera el gate: el capítulo pregunta cómo la interseccionalidad y el feminismo transnacional pueden iluminar la crisis climática y el activismo, pero el abstract solo desarrolla el género y la reproducción social, enumerando pobreza y marginación sin relacionarlas con él. Su clara orientación a la justicia social, reproductiva y ambiental no se puntúa."
797,"Se excluye porque la revisión sobre clima y salud mental de mujeres y minorías sexuales y de género usa intersección para cruzar dos tipos de disparidades, no ejes sociales, y trata género, curso de vida y países de ingresos bajos por separado."
798,"Se excluye porque el libro entiende lo interseccional como el cruce entre género, ambiente y derechos humanos, y aunque menciona desigualdades socioeconómicas, no relaciona categorías sociales ni sistemas de opresión en sentido teórico-social."
799,"Supera el gate de forma débil: la revisión PRISMA de 49 estudios dedica un eje a interseccionalidad y justicia climática y destaca a mujeres de bajos ingresos del Sur global, pero el género domina el análisis (I=0.5) y el patriarcado se nombra sin mecanismos (II=0.5). Como revisión temática, yuxtapone categorías sin operacionalizar intersecciones (IV=0, integración=0)."
800,"No supera el gate: el estudio cuantitativo en costas de Bangladesh compara vulnerabilidad y capacidad adaptativa entre hogares encabezados por hombres y por mujeres. La perspectiva interseccional se refiere a múltiples dimensiones de vulnerabilidad, social, sanitaria, económica, de vivienda y tierra, y no a categorías sociales que se crucen con el género; la RSI queda en cero."
801,"Se excluye porque el estudio cualitativo sobre liderazgo de mujeres rurales en los comunes de Rajastán usa intersección para cruzar género y bienes comunes, y aunque menciona casta y comunidades tribales, no invoca la interseccionalidad ni cruces entre categorías sociales."
802,"No supera el gate: el capítulo revisa vínculos entre movilidades de género y cambio climático, con ejemplos del Norte y Sur globales, y recomienda al final adoptar un enfoque interseccional. Al tratar un solo eje y presentar la interseccionalidad como agenda futura, sin categorías relacionadas, todos los criterios y la integración quedan en cero."
803,"No supera el gate: el capítulo sobre impactos climáticos en la agricultura asiática declara marcos feministas e interseccionales, pero el análisis trata un solo eje, las desigualdades de género que afectan a las mujeres agricultoras, incluidas pérdidas no económicas y cuidados. Sin relación con otras categorías sociales, la etiqueta no basta; la RSI queda en cero."
804,"Se excluye porque el capítulo etnográfico sobre violencia e informalización en los asentamientos de Mathare no trata el cambio climático, que solo aparece en una palabra clave sin reflejo en el abstract."
805,"No supera el gate: el comentario repasa el aporte de la geografía a los estudios de vulnerabilidad climática y al Grupo de Trabajo II del IPCC, y enumera la interseccionalidad entre conceptos como doble exposición o maladaptación. No articula categorías sociales relacionadas; es una mención en una lista, por lo que todos los criterios quedan en cero."
806,"Supera el gate al centrar a organizadoras BIPOC jóvenes y sus estrategias interseccionales y decoloniales. Destacan la agencia colectiva y la orientación transformadora de estos contrapúblicos de cuidado (V=1, VI=1), pero la co-construcción de género, raza y edad no se analiza (I=0.5), el poder se nombra sin mecanismos (II=0.5) y falta contexto situado (III=0)."
807,"Supera el gate al vincular género, edad y condiciones socioeconómicas en la educación de niñas tras las inundaciones de 2022 en Pakistán, aunque no analiza su co-construcción (I=0.5). Destaca la agencia de las niñas, sus aspiraciones y redes relacionales (VI=1); las restricciones estructurales, el contexto y el método quedan desarrollados solo parcialmente (II, III, IV=0.5)."
808,"No supera el gate, con dudas: el caso de Barcelona describe tácticas de gobernanza para una justicia climática interseccional frente a vulnerabilidades socioeconómicas que se cruzan, pero esas intersecciones remiten a ámbitos de acceso, vivienda, energía, salud y transporte, no a categorías sociales nombradas. Sin ejes relacionados explícitamente, la regla deja la RSI en cero."
809,"Pasa el gate con dudas: la única articulación interseccional es la afirmación final de que los bonos verdes reproducen estructuras del capitalismo racial (I=0.5). El estudio de prácticas inversoras critica sin desarrollar mecanismos (II=0.5) ni alternativas (V=0.5), no opera intersecciones en el método (IV=0) y no considera agencia de grupos subordinados (VI=0)."
810,"No supera el gate: la introducción editorial sobre justicia del desastre en Filipinas sintetiza temas de los artículos y conversaciones con profesionales, y propone atender dimensiones emocionales, epistemológicas e interseccionales de las brechas de justicia. Esa mención programática no identifica categorías sociales relacionadas; por ello todos los criterios y la integración quedan en cero."
811,"Se excluye porque la revisión de alcance sobre equidad en salud de personas con discapacidad menciona la interseccionalidad, pero el cambio climático aparece solo como palabra clave y la sostenibilidad como contexto general, sin formar parte del objeto."
812,"Supera el gate al centrar a mujeres y niños pobres del Sundarbans indio. Destaca en poder estructural y justicia (II=1, V=1): políticas patriarcales, mercados neoliberales y capitalismo del desastre producen maladaptación y daños a la salud, en un contexto situado (III=1). La co-construcción de ejes y el método se describen poco (I=0.5, IV=0.5)."
813,"No supera el gate: la revisión sobre calor extremo y salud mental resume deterioros psiquiátricos, causas biológicas, sociales y cognitivas y factores moderadores de la vulnerabilidad emocional. La interseccionalidad aparece solo entre las palabras clave y el abstract no identifica categorías sociales relacionadas; por ello todos los criterios y la integración quedan en cero."
814,"Mención nominal: el capítulo sobre hermenéutica y narrativas en la comunicación climática pide conversaciones interseccionales e incluir a personas de cualquier raza, género, sexualidad o clase, pero enumera esos ejes como criterios de inclusión sin relacionarlos entre sí, por lo que no supera el gate pese a su crítica de estructuras heteronormativas."
815,"No supera el gate: la revisión sobre instituciones ambientales sensibles al género en África, Asia del Sur y América Latina compara roles y necesidades de mujeres, hombres y otros grupos interseccionales, sin especificar ni relacionar esas otras categorías con el género. Es un análisis de un solo eje con etiqueta interseccional; la RSI queda en cero."
816,"Caso límite de elegibilidad: la crítica decolonial de la historia del arte invoca un análisis interseccional de forma laxa y trata el cambio climático antiguo como factor civilizatorio. No supera el gate porque no relaciona ejes de diferenciación social; la raza aparece solo vía racismo científico, sin género, clase ni otras posiciones entrelazadas."
817,"Estudio sobre hábitos informativos de la Generación Z que invoca la teoría interseccional, pero el clima es un ítem incidental del cuestionario y no forma parte del objeto."
818,"Supera el gate por su definición de sistemas de opresión interconectados y un marco con varios ejes, pero la aplicación enumera factores de riesgo (I=0.5) y nombra estructuras sin mecanismos (II=0.5). Sin contexto situado ni método (III=0, IV=0). La elegibilidad climática es implícita: trata desastres en general."
819,"Libro sobre teatro abolicionista que menciona el feminismo interseccional y la justicia climática de pasada, sin que el clima sea objeto del trabajo."
820,"No supera el gate: la introducción de sección afirma que un mismo desastre impacta distinto según factores interseccionales, pero luego presenta por separado ruralidad, violencia de género, refugiados y migrantes, personas mayores y niñez. Listar poblaciones sin relacionar categorías no basta según la regla corregida; además es un texto introductorio, por lo que la RSI queda en cero."
821,"Introducción a un manual de antropología feminista que invoca la interseccionalidad, pero menciona el clima solo como parte del contexto de época."
822,"Operacionaliza la interseccionalidad con clasificación cruzada de edad y posiciones sociodemográficas, lo que sostiene I=1 e IV=1. La puntuación se limita porque nombra la injusticia ambiental sin mecanismos (II=0.5), el contexto es solo geográfico (III=0.5), las recomendaciones son breves (V=0.5) y los grupos aparecen como expuestos, sin agencia (VI=0)."
823,"Ensayo crítico que supera el gate al vincular la brecha generacional con desigualdades raciales, económicas y geopolíticas; destaca la orientación transformadora (V=1). Los ejes se enuncian sin analizar su co-construcción (I=0.5), las estructuras se nombran sin mecanismos (II=0.5) y, al ser análisis literario, no hay método interseccional (IV=0)."
824,"Falso positivo: estudio epidemiológico de hospitalizaciones por calor en París que usa el término interseccional como interacción de variables, sin sentido teórico-social."
825,"Análisis de políticas con lente feminista interseccional sobre violencia doméstica en India durante la pandemia, excluido por no tratar el clima."
826,"Volumen sobre saberes indígenas y sostenibilidad que usa la noción de intersección en sentido temático, sin invocar la interseccionalidad teórico-social."
827,"Trabajo sobre justicia climática indígena que usa la intersección en sentido temático y trata la indigeneidad como eje único, sin marco interseccional."
828,"Libro sobre derechos indígenas, gobernanza y clima que usa la intersección en sentido temático y no invoca la interseccionalidad."
829,"Estudio histórico que cruza masculinidades con jerarquías de clase y raza, pero sobre volcanes y turismo colonial, sin vínculo con el clima."
830,"No supera el gate: el capítulo ofrece una genealogía del nexo género-energía en transiciones urbanas del Norte y Sur globales y vincula justicia espacial y de género, pero trata un solo eje. Los enfoques interseccionales figuran solo en la agenda de estudio futura, sin categorías relacionadas; por ello todos los criterios y la integración quedan en cero."
831,"Aplica sustantivamente la interseccionalidad al mostrar que el derecho clasifica a las mujeres como víctimas climáticas o como migrantes, invisibilizando su posición conjunta (I=1), en el contexto vietnamita (III=1) y con propuestas de reforma (V=1). Pierde puntos porque el mecanismo es institucional sin teorizar estructuras (II=0.5) y no usa datos primarios (IV=0.5)."
832,"Fuerte en lo teórico: concibe sexismo, racismo y colonialismo como opresiones entrelazadas (I=1, II=1) y orienta la investigación-acción hacia la acción climática transformadora (V=1, VI=1). Se queda en integración parcial porque el componente empírico, un curso en Reino Unido, apenas se contextualiza (III=0.5) y no muestra cómo opera las intersecciones (IV=0.5)."
833,"Capta la intersección con interacciones edad × raza-etnia e interpreta posiciones combinadas, como adultos mayores asiáticos frente a blancos (I=1, IV=1). La puntuación se limita porque no teoriza estructuras como el racismo (II=0), el contexto es una muestra nacional sin anclaje (III=0.5) y las implicaciones políticas apenas se enuncian (V=0.5)."
834,"Sustantivo en el plano jurídico-conceptual: construye la figura de víctimas interseccionales (I=1) y las presenta como agentes de cambio en litigios climáticos (VI=1), con orientación a la justicia procedimental (V=1). Las estructuras de poder quedan genéricas (II=0.5), el contexto es solo jurisprudencial (III=0.5) y no hay método empírico (IV=0)."
835,"Sustantivo en lo conceptual: explica la injusticia hídrica por el entrelazamiento de casta, clase y género (I=1) y por mecanismos estatales de asignación desigual (II=1), con contexto indio detallado (III=1) y enfoque de justicia (V=1). Carece de método empírico descrito (IV=0) y de agencia (VI=0); el resumen reproduce el inicio del capítulo."
836,"No supera el gate, con dudas: el estudio de organizaciones comunitarias en San Francisco examina cómo su acción climática conduce a justicia interseccional y reconoce vulnerabilidades históricas y acumuladas, pero no identifica qué categorías sociales se cruzan. La etiqueta califica vulnerabilidades sin anclarse en ejes concretos; por ello los criterios y la integración quedan en cero."
837,"Interseccionalidad sustantiva en el plano conceptual: concibe las desigualdades como relaciones sociales mutuamente constitutivas e historizadas (I=1), ligadas al control de la tierra y a la política bioeconómica indonesia (II=1, III=1), con orientación transformadora (V=1). Al ser un marco sin operacionalización empírica, IV=0, y no aborda la agencia de los sujetos (VI=0)."
838,"Etnografía situada en Portugal (III=1) que documenta la agencia y las estrategias de jóvenes activistas (VI=1) con clara orientación transformadora (V=1). La interseccionalidad se estudia como práctica política que conecta causas, no como co-construcción de identidades (I=0.5), y las estructuras se nombran sin mecanismos (II=0.5), lo que limita la integración."
839,"Supera el gate al relacionar religión, género y etnicidad con el acceso a recursos adaptativos en la costa de Bangladés, pero el resumen afirma sinergias sin mostrar posiciones conjuntas analizadas (I=0.5) ni un método interaccional (IV=0). Nombra la estructura de poder local sin mecanismos (II=0.5) y generaliza el contexto (III=0.5)."
840,"Introducción a un volumen sobre saberes indígenas y sostenibilidad con un uso temático de la intersección, sin marco interseccional teórico-social."
841,"Introducción editorial que supera el gate al relacionar género, clase y raza con capitalismo racial, colonialismo y heteropatriarcado en la vulnerabilidad climática urbana. Al no tener análisis propio, los ejes quedan enunciados (I=0.5), las estructuras sin mecanismos (II=0.5), sin contexto concreto (III=0) ni método (IV=0); la justicia urbana solo se menciona (V=0.5)."
842,"Introducción a un manual de asilo con enfoque interseccional y decolonial, en la que el clima es solo una mención incidental entre causas migratorias."
843,"Introducción a un libro sobre fronteras que alude a identidades interseccionales, pero en la que el clima es solo una mención contextual."
844,"No supera el gate: la introducción del manual cita la interseccionalidad como uno de sus focos, junto a la justicia de la movilidad y la complejidad, pero no relaciona categorías sociales ni teoriza su cruce. Se ocupa de escalas y grados de agencia en la movilidad climática, de modo que los seis criterios y la integración quedan en cero."
845,"Introducción a un volumen sobre narrativas climáticas; supera el gate de forma mínima al presentar patriarcado y racismo como opresiones interseccionales ligadas a la destrucción ambiental. Sin análisis propio, contexto ni método (III=0, IV=0), los ejes solo se enuncian (I=0.5) y la interseccionalidad queda yuxtapuesta al tema central de la esperanza (integración=0)."
846,"No supera el gate: el comentario introductorio contrasta los enfoques socioecológico y de ecología política ante los conflictos marinos y solo al cierre propone la interseccionalidad como enfoque prometedor. No nombra ni relaciona ejes de diferenciación social; la mención funciona como agenda futura, supuesto que la regla del gate excluye, y el total RSI es cero."
847,"Marco teórico sobre edadismo y opresiones interseccionales en emergencias humanitarias, excluido porque no vincula su objeto con el clima ni con amenazas climáticas."
848,"Comentario metodológico sobre investigación participativa con jóvenes activistas climáticos; invoca un enfoque interseccional de justicia climática y la injusticia epistémica, pero el único eje explícito es la edad, sin relación con otros, por lo que no supera el gate. Destaca su reflexión sobre poder académico, que no puntúa sin gate."
849,"Investigación-acción participativa en Australia Occidental sobre cuidado colectivo en movimientos climáticos juveniles; propone responder a la interseccionalidad con solidaridad activa, pero el resumen solo tematiza la edad y no relaciona ejes de diferenciación social, así que no supera el gate. Documenta agencia juvenil, aunque sin gate no puntúa."
850,Falso positivo: capítulo sobre saberes ecológicos tradicionales y conservación que usa la intersección en sentido no social.
851,"No supera el gate: el marco de métricas de adaptación local incluye un análisis interseccional de género como paso propuesto para tipificar a pequeños agricultores, pero no relaciona el género con otras categorías sociales ni teoriza su cruce. La etiqueta recae en un solo eje dentro de una revisión de métricas, por lo que todos los criterios quedan en cero."
852,"Falso positivo: estudio de química atmosférica sobre partículas finas, sin contenido interseccional ni climático."
853,"Capítulo situado en Noruega que teoriza el colonialismo de asentamiento y la cisheteronormatividad como estructuras de poder (II=1, III=1) y examina estrategias de solidaridad coalicional queer e indígena (V=1, VI=1). La relación entre ejes se plantea como coalición y analogía, no como co-construcción de posiciones (I=0.5), y no hay método empírico (IV=0)."
854,"Estudio interseccional sobre marginación y preferencias varietales de agricultores, excluido porque el clima es solo una justificación incidental del tema."
855,Artículo jurídico sobre la fragmentación institucional del socorro ante desastres que usa lo interseccional como cruce de disciplinas.
856,"Capítulo interseccional sobre maternidad en la Sudáfrica posapartheid en el que el clima tiene sentido político, sin vínculo climático."
857,Capítulo sobre comunidades Adat en Indonesia que usa la interseccionalidad como cruce de problemáticas y trata la indigeneidad como eje único.
858,"Manual de guion que incluye personajes interseccionales, donde el clima es una mención temática incidental."
859,"Revisión sobre cambio climático y salud mental en contextos humanitarios; recomienda una lente interseccional anclada en la justicia climática, pero solo menciona a los jóvenes como grupo vulnerable y no articula ejes de diferenciación relacionados, por lo que no supera el gate y todos los criterios de la RSI quedan en cero."
860,"No supera el gate, aunque es un caso límite: declara un análisis de género interseccional y alude a privilegios y grupos marginados, pero el resumen solo examina barreras de género y no vincula el género con otra categoría social. Enumerar mujeres y grupos marginados por separado no cumple la regla, así que la RSI queda en cero."
861,"No supera el gate: el capítulo identifica la interseccionalidad como una de cinco tendencias de la literatura jurídica, ecofeminista y posthumanista para ampliar la justicia planetaria, pero no articula categorías sociales entrelazadas. Las alusiones al colonialismo y a saberes diversos no se conectan con ejes de diferenciación, por lo que el total es cero."
862,"Libro sobre educación en derechos humanos que apoya el pensamiento interseccional, pero menciona el clima solo como contexto."
863,"No supera el gate: el capítulo sobre docentes y activismo climático usa lo interseccional para describir perspectivas de enseñanza junto a lo transdisciplinar, sin nombrar categorías sociales ni teorizar su cruce. El término incluso parece significar interdisciplinar, de modo que no hay identidades entrelazadas que evaluar y la RSI es cero."
864,"Supera el gate porque la población, mujeres perinatales rurales, cruza género, maternidad y ruralidad bajo un marco feminista interseccional. Sin embargo, el análisis temático se basa en percepciones de enfermeras y no examina cómo se co-construyen esos ejes (I=0.5, IV=0.5). El poder estructural se reduce a desatención institucional (II=0.5) y las mujeres aparecen sin agencia (VI=0)."
865,"Supera el gate al mostrar que el género, junto con otras dimensiones socioeconómicas, estructura el reasentamiento; destaca el mecanismo estatal que refuerza roles de género (II=1) y el contexto amazónico detallado (III=1). La intersección queda dominada por el género (I=0.5) y la crítica no llega a propuestas (V=0.5). La amenaza de origen no se especifica."
866,Capítulo sobre iconografía feminista surasiática y artistas que se posicionan como interseccionales; no trata el clima.
867,"Capítulo interseccional sobre edadismo de género en la pandemia, excluido porque no vincula su objeto con el clima."
868,"Sustantivo fuerte: explica la vulnerabilidad ante desastres por la acción conjunta de casta, colonialidad y género (I=1, II=1), con anclaje histórico en India (III=1) y propuestas transformadoras (V=1). El análisis de documentos no detalla una codificación interseccional (IV=0.5) y la agencia es marginal (VI=0.5). La elegibilidad climática es implícita: desastres sin especificar amenazas."
869,"Capítulo introductorio sobre comportamiento climáticamente justo que enumera grupos vulnerables por separado y menciona la discriminación interseccional como factor de injusticia climática, sin relacionar ejes de diferenciación social; por ello no supera el gate. Reconoce el papel activo de pueblos indígenas en la conservación, pero sin gate no puntúa."
870,"Libro sobre la gestión de la pandemia en India cuyo marco interseccional es intersectorial, centrado en actores estatales y comunitarios, y cuyo objeto no es climático."
871,"Revisión narrativa con perspectiva de género e interseccional sobre migración y pandemia en India, sin objeto climático."
872,"Capítulo sobre clima, género y violencia que usa lo interseccional como cruce temático, análogo al cruce entre género y política climática que el criterio excluye."
873,"Sustantivo fuerte: con un enfoque interseccional relacional, explica la vulnerabilidad de inmigrantes racializados en Calgary por su posición y por la marginación estructural ligada a la falta de políticas antirracistas (I=1, II=1, III=1). Documenta estrategias comunitarias y propuestas propias (VI=1) y formula recomendaciones de justicia (V=1), integrando todos los criterios."
874,"Revisión de alcance sobre pobreza y discapacidad que registra la interseccionalidad como tema, pero en la que el clima es incidental."
875,"Desarrollo de una escala sobre justicia climática y racial que habla de intersección entre campos, sin invocar la interseccionalidad teórico-social."
876,"Pasa el gate por la tercera vía: teoriza identidades multidimensionales, no predefinidas y moldeadas por relaciones de poder, aunque no nombra ejes. Como texto conceptual no operacionaliza intersecciones (IV=0) ni documenta agencia (VI=0). Su fortaleza es la orientación a una gobernanza inclusiva frente a las causas raíz (V=1), con poder y contexto insular solo esbozados (II=0.5, III=0.5)."
877,"Proceso comunitario de planificación climática en la isla Cortes, Canadá, con enfoque de equidad y de determinantes de la salud; invoca una lente interseccional, pero solo tematiza comunidades rurales y remotas sin relacionar ejes de diferenciación social, por lo que no supera el gate aunque destaque su enfoque basado en fortalezas."
878,"Metodología de regeneración urbana para Roma que usa lo interseccional como integración intersectorial, sin categorías sociales en intersección."
879,Análisis documental de iniciativas contra la desinformación sanitaria en Argentina y España en el que el clima es incidental.
880,"Conversación sobre dos libros de política social con análisis interseccional, en la que el clima aparece como contexto y no como objeto."
881,"Capítulo sobre la cultura política queer en el movimiento climático; afirma que la interseccionalidad lo define, junto a un enfoque sistémico y la acción hiperlocal, pero el resumen solo trata la identidad LGBTQ+ sin relacionarla con otros ejes, así que no supera el gate. Reconoce la agencia colectiva queer, que sin gate no puntúa."
882,Reflexiones de un libro de teatro abolicionista que mencionan el feminismo interseccional y la justicia climática solo dentro de una lista.
883,"Articula con solidez el poder estructural patriarcal y agrario (II=1) en la India rural (III=1) con una propuesta de justicia climática agraria basada en derechos colectivos (V=1). La interseccionalidad entre casta, clase y género se plantea como requisito analítico más que desarrollarse (I=0.5), y no hay método empírico (IV=0)."
884,"Falso positivo: capítulo sobre inseguridad alimentaria en India durante la pandemia que usa 'intersectional' en sentido intersectorial, como coordinación entre actores, sin contenido interseccional social."
885,"Falso positivo: ensayo sobre inclusión educativa e identidades múltiples en la escuela, sin relación con el cambio climático ni con amenazas climáticas."
886,"Pasa el gate por poco: enumera raza, lugar y religión con una conciencia interseccional, sin articular su relación (I=0.5). El experimento con escritores racializados del Reino Unido aporta un muestreo intencional pero no analiza interacciones (IV=0.5). Destaca la agencia creativa de los autores (VI=1); poder estructural y justicia quedan apenas aludidos."
887,"No supera el gate: el capítulo propone diseño interactivo para la educación en sostenibilidad en contextos de pocos recursos y llama interseccional a ese diseño, pero solo alude a comunidades marginadas en general. No relaciona categorías de diferenciación social ni teoriza su cruce, por lo que los seis criterios y la integración quedan en cero."
888,"Excluido: pese a su enfoque de justicia climática indígena y crítica del colonialismo de asentamiento, la 'intersección' refiere a cruces temáticos entre salud y lugar, no a interseccionalidad social."
889,"Falso positivo: análisis textual feminista de una serie televisiva donde 'climate' tiene sentido político, sin relación con el cambio climático."
890,"Excluido: manual sobre desigualdades interseccionales en el trabajo que menciona la crisis climática solo como contexto, sin que forme parte del objeto."
891,"No supera el gate: el comentario propone integrar disciplinas, colaborar con saberes diversos e innovar en gobernanza para incorporar la interseccionalidad, pero nunca identifica categorías sociales ni explica cómo se cruzan. El término se asocia más a sistemas y sectores interconectados que a desigualdades entrelazadas, por lo que el total RSI es cero."
892,Excluido por clima incidental: etnografía decolonial e interseccional de los jardines Hewsel cuyo único vínculo climático es una frase de contexto.
893,"Excluido: repensar la vulnerabilidad desde la pandemia de COVID-19, amenaza no climática, con la interseccionalidad solo como palabra clave."
894,"No supera el gate: el análisis de prensa contrasta marcos indígenas y occidentales sobre el clima, con la indigeneidad como único eje frente al colonialismo de asentamiento. La justicia ambiental interseccional aparece solo como llamado disciplinar al cierre, sin relacionar la indigeneidad con otras categorías sociales, por lo que la RSI es cero."
895,"Pasa el gate porque los activistas relacionan capitalismo y colonialismo en su comprensión de la justicia climática, aunque el estudio no analiza identidades entrelazadas (I=0.5) ni opera intersecciones en el método etnográfico (IV=0). Sus fortalezas son la orientación a la praxis ecosocialista (V=1) y la documentación de estrategias organizativas juveniles (VI=1)."
896,"Excluido: manual sobre cambio climático y sociedad que usa 'intersectionality' como cruce temático entre el clima y factores sociales, sin sentido interseccional social."
897,"Aplicación parcial: el muestreo estratificado por casta entre mujeres rurales opera la intersección en el diseño (IV=1), pero los hallazgos tratan casta y nivel socioeconómico como factores añadidos (I=0.5) y atribuyen la vulnerabilidad a la baja percepción de riesgo (II=0.5). Agencia y justicia aparecen solo de forma marginal."
898,"Supera el gate al vincular estatus migratorio y diversidad cultural-lingüística bajo opresiones múltiples en la reducción del riesgo de desastres en Nueva Zelanda. Su fortaleza es la orientación práctica anti-opresiva (V=1); la co-construcción de ejes y los mecanismos estructurales solo se enuncian (I=0.5, II=0.5) y no hay método empírico propio (IV=0)."
899,"No supera el gate: el análisis crítico del discurso sobre un proyecto eólico en Noruega llama 'interseccional' al cruce entre intereses indígenas y biodiversidad, pero solo considera un eje social, la indigeneidad. Señala un sesgo estructural contra las aportaciones indígenas, aunque sin articular identidades entrelazadas; el uso del término resulta ambiguo."
900,"Falso positivo: estudio interseccional sobre clima escolar en sentido educativo, sin relación con el cambio climático."
901,"Supera el gate con base en la condición racial y la desinversión del barrio, aunque la co-construcción de ejes no se analiza (I=0.5). Destaca el anclaje histórico en Edgemere tras Sandy (III=1), los mecanismos estructurales con marco de justicia (II=1, V=1) y el saber de los residentes (VI=1); el método no operacionaliza intersecciones (IV=0.5)."
902,Excluido por clima incidental: capítulo sobre desigualdades interseccionales en África oriental que menciona el cambio climático y los desastres solo como factores agravantes.
903,"Falso positivo: análisis interseccional de la representación electoral de minorías en Canadá, ajeno al cambio climático."
904,"Excluido: capítulo de síntesis sobre economía circular que lista la adaptación climática y la interseccionalidad entre muchos temas, sin que el clima sea su objeto."
905,"No supera el gate: el capítulo introductorio sobre diseño regenerativo presenta la interseccionalidad como causa sistémica de la crisis y como espacio de justicia climática, pero no identifica categorías sociales ni explica su entrelazamiento. Las soluciones interseccionales para los más perjudicados quedan como consigna, por lo que todos los criterios valen cero."
906,"Falso positivo: libro sobre estudiantes con discapacidad durante la pandemia, sin interseccionalidad social ni amenaza climática."
907,"No supera el gate: el estudio cuantitativo con estudiantes universitarios árabes habla de interseccionalidad de factores demográficos, académicos y socioeconómicos, pero solo informa correlaciones entre uso de redes sociales y conciencia climática. Los factores funcionan como predictores separados, sin categorías sociales entrelazadas, de modo que la RSI queda en cero."
908,"No supera el gate, aunque se acerca: el capítulo sobre trabajo social y desastres climáticos discute la desventaja interseccional y la opresión global sobre pueblos marginados, pero no nombra categorías sociales ni explica su entrelazamiento. La mención genérica no alcanza la teorización explícita que exige la regla, por lo que los criterios quedan en cero."
909,Excluido: manual de antropología feminista con enfoque interseccional que menciona los desastres ambientales solo como contexto.
910,"Excluido: capítulo sobre la resistencia de mujeres mayores en Camerún frente a opresiones entrelazadas, sin contenido climático."
911,"No supera el gate: el libro para docentes de ciencias propone una mirada interseccional sobre la emergencia climática y enumera injusticias sociales, raciales y ambientales, pero las presenta por separado. No relaciona categorías de diferenciación como entrelazadas; es una guía didáctica, así que los criterios y la integración quedan en cero."
912,Excluido: ensayo sobre la discapacidad en el discurso ambiental y climático que usa 'intersection' como cruce temático con un único eje social.
913,"Excluido: revisión sobre las mujeres en la transición energética neerlandesa donde 'intersection' une temas, no categorías sociales."
914,"Propuesta teórica que supera el gate al afirmar que la interrelación entre género, clase, etnia, edad, discapacidad e identidad sexual genera impactos diferenciados en desastres (I=0.5). Aporta un marco feminista del cuidado y reconoce la agencia colectiva (II=0.5, VI=0.5), pero carece de contexto situado y de operacionalización empírica (III=0, IV=0)."
915,"Pasa el gate por poco: nombra a personas BIPOC y en pobreza como las más afectadas por la ganadería industrial, pero en paralelo y sin analizar su entrelazamiento (I=0.5). Es un análisis jurídico sin método empírico (IV=0) y las comunidades aparecen solo como víctimas (VI=0); el vínculo climático descansa en una palabra clave."
916,"Supera el gate de forma ajustada al relacionar juventud y posición geopolítica frente al ícono normativo del Norte global. Destaca la crítica decolonial del discurso mediático (II=1), la propuesta del mapa alternativo (V=1) y la agencia de los activistas (VI=1), pero las identidades no se analizan como co-construidas (I=0.5) y el contexto es escueto (III=0.5)."
917,Excluido: libro sobre políticas de igualdad de género en Australia que menciona el cambio climático solo dentro de una lista de temas.
918,Excluido: artículo teórico sobre sociología de la esperanza que menciona la crisis climática y la violencia interseccional solo de pasada.
919,"Aplicación parcial: los grupos focales con jóvenes activistas del Reino Unido vinculan identidad social, emociones y agencia, y la agencia es el eje fuerte del análisis (VI=1). La dimensión interseccional aparece como hallazgo final sin examinar la co-construcción de identidades (I=0.5), y el poder estructural solo se insinúa mediante la marginación y los riesgos (II=0.5)."
920,"Aplicación sustantiva: al comparar hogares de jefatura única y doble muestra que las diferencias en estrategias de adaptación se asocian al cruce entre género y jefatura del hogar, no al género aislado (I=1, IV=1). Critica la narrativa de mujeres vulnerables y visibiliza la agencia de las agricultoras (V=1, VI=1), aunque los mecanismos estructurales quedan poco desarrollados (II=0.5)."
921,"No supera el gate: la obra colectiva sobre migración y Objetivos de Desarrollo Sostenible menciona enfoques interseccionales y temas como pobreza, derechos laborales y voto migrante, pero no articula la condición migratoria con otras categorías sociales. Los temas se enumeran por separado, por lo que no hay identidades entrelazadas y el total es cero."
922,"Excluido: estudio interseccional sobre mujeres migrantes en Milán durante la pandemia de COVID-19, sin vínculo climático."
923,"No supera el gate: la etnografía climática en la Australia regional menciona determinantes interseccionales de la vulnerabilidad junto a los histórico-estructurales y psicosociales, pero no identifica categorías sociales ni explica cómo se cruzan. El análisis se dirige a la gubernamentalidad de la resiliencia y la violencia estructural, y el resumen no permite hallar ejes entrelazados."
924,"Excluido: comentario sobre cambio climático y desigualdad de género en África que usa 'intersectional' como cruce entre clima y género, sin interseccionalidad social."
925,"Supera el gate solo por una frase que cruza la discapacidad comunicativa con raza, edad, sexo e ingreso, planteada como posibilidad (I=0.5). El resto es una revisión educativa para clínicos sin contexto situado ni método (III=0, IV=0), que presenta a las personas con afasia únicamente como vulnerables (VI=0) y sin integración de elementos."
926,"No supera el gate: el texto conceptual sobre los límites de la migración como adaptación propone una perspectiva translocal atenta a dinámicas multiescalares, relacionales e interseccionales, sin nombrar categorías sociales. La desigualdad de los objetivos de adaptación se trata en abstracto, por lo que no hay ejes entrelazados y la RSI queda en cero."
927,"No supera el gate: la revisión sobre clima y migración en Asia del Sur reconoce que la desigualdad social condiciona quién puede migrar, pero no especifica ni relaciona categorías sociales. La interseccionalidad se plantea únicamente como agenda para estudios futuros, supuesto que la regla excluye, de modo que los seis criterios quedan en cero."
928,"Aplicación parcial: el estudio sobre la circulación mediática de YouthStrike4Climate documenta la agencia del movimiento (VI=1) y detecta misoginia y una brecha de clase y raza, pero estos ejes aparecen como hallazgos periféricos, sin análisis de su entrelazamiento (I=0.5), sin mecanismos estructurales (II=0.5) y sin un método que opere intersecciones (IV=0)."
929,"No supera el gate: el análisis de políticas climáticas urbanas en nueve ciudades turcas critica que los planes prioricen ciertas vulnerabilidades y descuiden la interseccionalidad, pero esa mención describe un vacío y no un análisis. No relaciona categorías sociales entrelazadas, por lo que los criterios y la integración se fijan en cero."
930,Excluido: manual de teoría no ideal cuyas intersecciones son disciplinares y que menciona la justicia climática solo como un tema más.
931,"Excluido: estudio sobre concepciones indígenas de las soluciones basadas en la naturaleza en Canadá, sin marco interseccional social pese a su crítica colonial."
932,"No supera el gate: el marco de educación para la paz une ciencia, tecnología y espiritualidad frente a la crisis climática y alude a lentes interseccionales para abordar la violencia sistémica, pero no identifica categorías sociales ni su cruce. La mención es nominal, de modo que los seis criterios y la integración quedan en cero."
933,"Mención nominal con ejes aditivos: la 'intersectionality' de factores sociales, demográficos y físicos se traduce en un modelo Probit con edad, estatus indígena y educación como variables separadas (I=0.5, IV=0), sin teorizar poder estructural (II=0). El contexto de Accra y la recomendación de un enfoque de derechos aportan puntos parciales."
934,Excluido: revisión sobre equidad en salud mental pública con enfoque interseccional que menciona el cambio climático solo como contexto.
935,"Aplicación parcial, con un abstract breve que limita la evaluación: la lectura ecocrítica interseccional de dos novelas climáticas señala que reinscriben discursos de género y clase, sin detallar cómo se entrelazan (I=0.5, II=0.5). Como análisis literario no opera intersecciones empíricamente (IV=0); la orientación crítica y la agencia apenas se esbozan."
936,"Falso positivo: estudio de aprendizaje profundo sobre la severidad de incendios forestales en Corea del Sur, sin contenido interseccional."
937,"No supera el gate: el estudio mixto sobre medios de vida translocales en Tailandia menciona la naturaleza interseccional de la migración como adaptación y distintas posicionalidades de individuos y hogares, pero no especifica categorías sociales ni teoriza su cruce. El foco es la socioespacialidad de la resiliencia, por lo que el total es cero."
938,"Aplicación parcial con ejes aditivos: estima el exceso de mortalidad por olas de calor en 14 áreas urbanas de Brasil y lo desagrega por educación, raza, edad y sexo por separado (I=0.5, IV=0). Destacan el contexto regional de desigualdad Norte-Sur (III=1) y la recomendación de reducir desigualdades estructurales (V=1); no hay agencia (VI=0)."
939,"Pasa el gate con dudas: la población, jóvenes de comunidades históricamente marginadas, implica la edad y otra posición social no especificada. Destaca en praxis y agencia, pues reconoce activos juveniles y propone ceder poder de decisión (V=1, VI=1). La intersección no se analiza como co-constitutiva (I=0.5) y el poder estructural queda aludido sin teorizar (II=0.5)."
940,"Falso positivo: estudio interseccional sobre el deporte de niñas indofiyianas en Fiyi, sin relación con el cambio climático."
941,"Aplicación parcial con ejes aditivos: la regresión logística muestra que raza/etnicidad y discapacidad influyen en la motivación para prepararse ante desastres, pero como variables separadas (I=0.5, IV=0). La lente de trabajo social transformador aporta orientación a causas raíz y cambio comunitario (V=1), aunque el marco estructural no guía el análisis micro."
942,"Aplicación parcial: la investigación-acción con trabajadores informales de India y Zimbabue relaciona informalidad y género al señalar impactos climáticos inequitativos (I=0.5), con determinantes estructurales nombrados (II=0.5). Documenta respuestas individuales y colectivas (VI=1) y orienta a soluciones co-desarrolladas (V=1), pero la recogida interseccional de datos queda como recomendación futura (IV=0.5)."
943,"Aplicación sustantiva: examina con métodos mixtos interseccionales cómo la pobreza sistémica de refrigeración afecta a personas afrobrasileñas, LGBTQI+ y con discapacidad en dos favelas de Río (II=1, IV=1), bajo un marco de justicia térmica (V=1). El abstract no detalla la co-construcción de ejes ni el contexto histórico (I=0.5, III=0.5)."
952,"No elegible: el vínculo climático existe, pero la única 'intersección' del abstract, muy breve, es temática entre género, resiliencia y saneamiento, sin categorías sociales entrelazadas ni marco afín."
953,"No supera el gate, aunque es un caso límite: la revisión de alcance identifica facetas de identidad social y procesos estructurales que moldean el duelo ecológico, pero no las relaciona como entrelazadas. La lente interseccional se propone como vía futura para entender una experiencia en capas, supuesto que la regla excluye, y los criterios quedan en cero."
954,"No elegible: aunque trata el racismo ambiental y la vulnerabilidad infantil al cambio climático, la 'intersección' es entre campos de estudio y no invoca la interseccionalidad ni un marco afín en sentido teórico-social."
955,"Supera el gate al nombrar desigualdades que se intersecan (etnia, discapacidad, religión, localidad, género), aunque el foco sigue en las mujeres (I=0.5). Destaca el análisis del poder en la planificación de arriba abajo (II=0.5) y la demanda de cambio en la toma de decisiones (V=1); el método, con profesionales y documentos, no opera intersecciones (IV=0)."
956,"No elegible: invoca opresiones entrelazadas en sentido social, pero el clima es una mención incidental dentro de un análisis literario centrado en la sanación negra mediante el arte."
957,"Intersección intra-categórica: distingue a las mujeres según edad, religión e ingreso en sus experiencias de movilidad climática en Fiyi y Bangladesh (I=0.5, IV=0.5), con fuerte atención a aspiraciones y capacidades (VI=1). Lo que limita el puntaje es la ausencia de estructuras de poder que expliquen esas diferencias (II=0)."
958,"Análisis interseccional de la participación femenina en adaptación comunitaria en Bangladesh: compara mujeres de distintas etnias y religiones y critica que las ONG atiendan a grupos marginados o a mujeres en general (I=0.5, IV=0.5). Los factores hallados son sobre todo individuales y familiares, y el poder estructural queda apenas nombrado (II=0.5)."
959,"No elegible: pese a su enfoque ecofeminista y a la mención de la dimensión interseccional, el objeto es un desastre minero-industrial en Brasil, no una amenaza climática."
960,"No supera el gate: el libro analiza las poéticas de escritoras románticas ante la catástrofe climática desde enfoques feministas interseccionales y ecocríticos, pero centra el género como única categoría. La etiqueta interseccional no se acompaña de otros ejes sociales relacionados, por lo que los seis criterios y la integración valen cero."
961,"Supera el gate porque vincula privilegios y desventajas de las entrevistadas a identidades multifacéticas, aunque no nombra los ejes. Puntúa alto en agencia y en orientación a la equidad (VI=1, V=1), al criticar la tokenización y recomendar cambios organizacionales. El análisis se centra en el género y no examina la co-construcción de ejes (I=0.5, IV=0.5)."
962,"Ensayo literario de clima-ficción que integra, desde el feminismo indígena, colonialismo de asentamiento, opresión reproductiva y violencia ambiental en una misma teorización (I=1, II=1, integración=1). Al ser crítica textual carece de operacionalización empírica (IV=0), y el contexto euroamericano, la resistencia y la orientación a la justicia quedan apenas esbozados."
963,"No supera el gate: el capítulo examina el marco legal de la acción climática con perspectiva de género en Bangladesh y explica la doble carga de las mujeres bajo normas patriarcales, pero trata un solo eje. La interseccionalidad aparece solo como carencia de las políticas, de modo que los criterios y la integración quedan en cero."
964,"No supera el gate por insuficiencia del resumen: declara aplicar la Teoría del Riesgo Interseccional a entrevistas en tres barrios inundables de Monterrey y documenta agencia y organización comunitaria, pero no menciona qué categorías sociales se cruzan ni cómo. Con la regla vigente el total es cero; el texto completo podría cambiar la decisión."
965,"Supera el gate al estudiar jóvenes de Oriente Medio y Norte de África frente al activismo juvenil blanco, occidental y acomodado, aunque la interseccionalidad se plantea más como agenda que como análisis (I=0.5, IV=0.5). Destaca la agencia de los activistas en la COP27 (VI=1); poder espacial y contexto regional se nombran sin desarrollo (II=0.5, III=0.5)."
966,"No elegible: usa un marco interseccional en sentido social, pero trata una pandemia, amenaza no climática, y solo alude de pasada a emergencias y desastres en la conclusión."
967,"Caso fenomenológico de una estudiante birracial y bisexual ante las dimensiones raciales del cambio climático en un aula neerlandesa; supera el gate por los ejes presentes en la participante, pero el análisis se centra en su sentido ontológico y cuestiona la interseccionalidad sin operar la co-construcción (I=0.5, IV=0.5). Poder estructural apenas nombrado (II=0.5)."
968,"No elegible: trata la acción climática urbana en Denver y Salt Lake City, pero lo interseccional alude a una planificación intersectorial entre políticas y departamentos, sin categorías sociales entrelazadas."
969,"Estudio mixto en Vietnam que cruza etnia (Pa Cô, Tà Ôi) y género al medir la resiliencia de los medios de vida y lee a las mujeres de minorías étnicas como posición combinada de menor resiliencia (I=1, IV=1). La explicación estructural se limita a división sexual del trabajo y normas patriarcales tradicionales (II=0.5); contexto e implicaciones poco desarrollados."
970,"Análisis de discursos sobre acoso en la política climática (Thunberg en Reino Unido y ante Trump) desde la geopolítica feminista: muestra cómo la inocencia blanca sostiene el poder petro-masculino, articulando raza y género con poder estructural (I=1, II=1) y proponiendo desafíos colectivos interseccionales a la injusticia climática (V=1). Método y contexto quedan poco descritos."
971,"No supera el gate: la síntesis de políticas para poblaciones sin hogar ante el cambio climático recomienda diseños interseccionales e inclusivos, pero trata la falta de vivienda como única categoría y no la vincula con otras posiciones sociales. La mención es normativa y genérica, de modo que todos los criterios valen cero."
972,"No supera el gate: el capítulo introductorio sobre manejo colaborativo adaptativo enumera inclusividad e interseccionalidad como uno de cuatro temas del libro, sin identificar categorías sociales ni teorizar su cruce. El énfasis está en escalas, facilitación y foros multiactor, por lo que no hay identidades entrelazadas que puntuar y la RSI es cero."
973,"Etnografía con mujeres maoríes que integra capitalismo racial e interseccionalidad: muestra cómo legados coloniales y desventajas de raza, clase, género y edad se combinan en un proyecto de almacenamiento de agua y agravan la vulnerabilidad (I=1, II=1, III=1, integración=1). Solo la agencia queda ausente: las mujeres aparecen como afectadas, no como actoras (VI=0)."
974,"No supera el gate por insuficiencia del resumen: integra un enfoque interseccional en la teoría del acceso para estudiar inclusión y exclusión entre pastores maasáis, pero no especifica qué categorías sociales se cruzan. La diferenciación social y las relaciones de producción se mencionan en abstracto; el texto completo podría justificar otra decisión."
975,"No elegible: la antología trata resiliencia climática y sistemas alimentarios, pero su interseccionalidad une campos temáticos, sin categorías sociales entrelazadas ni marco afín."
976,"No elegible: pese a su análisis claramente interseccional de raza e ingreso, el objeto es la contaminación por partículas finas y el abstract no la vincula con el clima."
977,"No supera el gate: la revisión temática sobre el aporte de Emiratos Árabes Unidos a la salud global y al clima menciona la interseccionalidad solo dentro de una lista de principios para un plan regional futuro. No hay categorías sociales ni relación entre ellas, por lo que los criterios y la integración quedan en cero."
978,"No elegible: analiza calor y frío extremos como riesgo climático, pero la intersección cruza la discapacidad con efectos de la temperatura, sin una segunda categoría social ni marco interseccional."
979,"Análisis de diferencias en diferencias sobre la recuperación económica tras los incendios del Verano Negro en Nueva Gales del Sur; entra con baja confianza porque su uso de lo interseccional, que combina espacio, tiempo y nivel socioeconómico, es ambiguo. No supera el gate: el único eje de diferenciación social es la pobreza."
980,"No supera el gate: la revisión modela efectos del cambio climático sobre la agresión y la violencia y sugiere políticas sobre inmigración y desigualdad de ingresos, pero lo interseccional describe consecuencias cruzadas del calentamiento. No relaciona categorías de diferenciación social como entrelazadas, de modo que el total RSI es cero."
981,"No elegible: usa la colonialidad del género en sentido social, pero el huracán solo nombra la novela y el análisis se centra en la violencia de género, no en el clima."
982,"No supera el gate: el capítulo pide una agenda crítica sobre desplazamiento climático con ejemplos de Estados Unidos y Reino Unido, y propone enfoques multidisciplinares e interseccionales a futuro. No identifica categorías sociales ni las relaciona; la interseccionalidad funciona como agenda, supuesto que la regla excluye, y los criterios valen cero."
983,"No elegible: aplica teoría interseccional a raza, clase y género en Sudáfrica, pero el clima solo aparece como clima político, sin vínculo con el cambio climático."
984,"No supera el gate: la colección sobre justicia climática en la Mayoría Mundial adopta una lente decolonial y dice priorizar una perspectiva interseccional, pero el resumen solo describe casos por país y temas. No relaciona categorías sociales entrelazadas, por lo que, pese a su orientación a la justicia, todos los criterios se fijan en cero."
985,"Conclusión editorial que supera el gate al vincular discriminación étnica en el Mundo Mayoritario con inequidades interseccionales entre investigadores y comunidades, aunque sin analizarlas (I=0.5). Pesa su llamado explícito a transformar financiamiento, alianzas y publicación en favor de la justicia epistémica (V=1); carece de método empírico (IV=0) y el masculinismo académico solo se nombra."
986,"No elegible: invoca representaciones interseccionales de raza, clase, género y sexualidad, pero el clima es el ambiente racial del campus, sin relación con el cambio climático."
987,"Pasa el gate al teorizar que sistemas de poder entrelazados moldean la asignación de culpa tras el incendio. Destaca en poder estructural y praxis (II=1, V=1), con mecanismos retóricos de marginación y una alternativa de cuidado inclusivo. Salvo la masculinidad, los ejes concretos no se analizan (I=0.5) y el método no detalla codificación cruzada (IV=0.5)."
988,"Volumen colectivo sobre género en la transición verde y digital, elegible por sus perspectivas interseccionales declaradas y su foco en políticas climáticas. No supera el gate: el análisis gira en torno al género, y pobreza o Sur Global aparecen como palabras clave o resultados económicos, no como ejes articulados con él."
989,"Revisión sistemática de desastres sin amenaza especificada que supera el gate al explorar a quienes pertenecen a más de un grupo marginado, aunque trata mujeres, niñez, discapacidad y edad mayormente por separado (I=0.5, IV=0.5). Sin estructuras de poder, contexto ni agencia (II=0, III=0, VI=0), los elementos quedan yuxtapuestos (integración=0)."
990,"No supera el gate: el comentario llama a la promoción de la salud a sumarse a la justicia climática y menciona factores estructurales como la pobreza y la exposición tóxica. La matriz de dominación aparece solo entre las palabras clave y el resumen no articula dos categorías sociales entrelazadas, de modo que el total es cero."
991,"Artículo conceptual que examina género e indigeneidad en el Ártico desde la interseccionalidad y una justicia climática explícita (V=1), pero el abstract describe el marco en términos generales sin mostrar cómo se co-construyen los ejes (I=0.5) ni documentar agencia (VI=0); al no ser empírico, no hay operacionalización (IV=0)."
992,"No elegible: trata la ira ante la crisis climática y la misoginia del capitalismo tardío, pero su interseccionalidad une temas (ira, clima y turismo), sin categorías sociales entrelazadas."
993,"Pasa el gate porque relaciona el género con otras disparidades sociales que se cruzan en la vulnerabilidad rural a inundaciones. Sin embargo, el índice compara mujeres y hombres de forma aditiva, sin interacciones (I=0.5, IV=0), como fija la regla para métodos cuantitativos. Poder, contexto y praxis aparecen nombrados pero poco desarrollados (II, III y V=0.5)."
994,"No supera el gate: el capítulo problematiza la transversalización de género en la diplomacia climática y la transición energética de India mediante una lente interseccional, pero esa lente cruza marcos conceptuales y no categorías sociales. El análisis se limita al género, sin vincularlo con otros ejes, por lo que la RSI queda en cero."
995,"Etnografía con mujeres de asentamientos informales de Yangon que supera el gate por la combinación de género y precariedad, aunque el análisis se centra en lo generizado (I=0.5). Destacan la resistencia cotidiana y los saberes propios de resiliencia (VI=1) y la orientación a un futuro climático justo (V=1); el poder estructural queda apenas nombrado (II=0.5)."
996,"No supera el gate: la revisión documental sobre agricultura climáticamente inteligente en India y Sudáfrica usa lo interseccional para pedir esfuerzos coordinados entre sectores y niveles. La feminización de la agricultura se menciona sin relacionarla con otras categorías sociales, de modo que no hay ejes entrelazados y los criterios valen cero."
997,"No supera el gate: el estudio cualitativo con jóvenes ecoactivistas de Canadá identifica la justicia climática interseccional como componente de sus narrativas, pero el resumen no especifica qué categorías se cruzan. Solo la edad y la intergeneracionalidad aparecen como ejes, por lo que no hay identidades entrelazadas y el total queda en cero."
998,"No elegible: define a estudiantes interseccionalmente vulnerables en sentido social, pero la amenaza es una pandemia y el estudio no guarda relación con el clima."
999,"Comentario sobre política climática india que supera el gate al señalar a las mujeres más pobres y marginadas, aunque sin analizar su posición (I=0.5). Pesa la crítica al entrelazamiento del patriarcado con el mercado y la acumulación (II=1) y a la injusticia de las políticas tecnocéntricas (V=1); sin método ni agencia (IV=0, VI=0)."
1000,"No supera el gate: el foro comunitario sobre comunidades aisladas de Puerto Rico prioriza el acceso a servicios, las personas mayores y la preparación ante desastres, y cierra aludiendo a una interseccionalidad de factores. El término designa factores de riesgo combinados, no categorías sociales entrelazadas, de modo que los seis criterios valen cero."
1001,"Etnografía sobre gestión de desastres en Nepal que supera el gate porque concluye que la intersección de género, etnia, clase y territorialidad es clave, pero esa idea no organiza el análisis, que aborda indígenas y género por separado (I=0.5, IV=0, integración=0). La crítica al enfoque estatal descendente nombra estructuras sin teorizarlas (II=0.5)."
1002,"Síntesis del capítulo africano del IPCC AR6 que trata género, estatus migratorio e ingreso como impulsores de vulnerabilidad que interactúan (I=1) y orienta la agenda hacia intervenciones inclusivas contra la maladaptación (V=1). Al ser una revisión conceptual no operacionaliza intersecciones (IV=0), y poder y agencia aparecen como vacíos de investigación (II=0.5, VI=0.5)."
1003,"Revisión crítica sobre la agenda Mujeres, Paz y Seguridad en los campos rohinyás de Bangladesh; entra con baja confianza porque su uso de lo interseccional, que cruza género y crisis climática, es ambiguo. No supera el gate: aunque la población sugiere mujeres refugiadas, el abstract no relaciona el género con etnia ni condición de refugio."
1004,"No supera el gate: el libro estudia hombres veganos del norte de Europa y su potencial para cuestionar masculinidades antropocéntricas, con aportes ecofeministas y de estudios animales críticos. El género es el único eje social; la especie y las desigualdades sociales genéricas no constituyen otra categoría entrelazada, así que la RSI es cero."
1005,"Crítica de arte que muestra cómo dos obras sobre el Ártico desmontan la heroicidad blanca y masculina de la exploración polar, articulando raza, género y colonialismo con el imperialismo del Antropoceno (I=1, II=1, integración=1) y recuperando a actores excluidos (VI=1). Sin operacionalización empírica (IV=0); la orientación a la justicia queda implícita (V=0.5)."
1006,"No elegible: invoca a mujeres en la intersección de casta, clase, etnia y otras identidades, pero el objeto es la pandemia de COVID-19, sin vínculo climático."
1007,"No elegible: el clima y la interseccionalidad figuran solo en una enumeración de contextos de un libro sobre bienestar ecosocial en Irlanda, sin formar parte central del objeto."
1008,"No supera el gate: la revisión crítica propone cuatro principios para los estudios del calor urbano, uno sobre interseccionalidad y epistemologías, pero el resumen no identifica categorías sociales ni explica cómo se entrelazan. Aunque critica el calor despolitizado, la información no basta para hallar ejes relacionados y el total es cero."
1009,"No supera el gate por insuficiencia del resumen: la reseña del libro sobre el cambio climático como guerra de clases valora su uso docente y discute la clase y los movimientos ambientales. La interseccionalidad aparece solo entre las palabras clave y la clase no se relaciona con otra categoría social, por lo que los criterios valen cero."
1010,"Entrevista con una coreógrafa mozambiqueña que supera el gate, con baja confianza, por la condición de mujeres africanas y la alusión a identidades interseccionales de género. Pesa la agencia artística y activista documentada (VI=1); sin estructuras de poder ni método (II=0, IV=0), los temas quedan yuxtapuestos (integración=0)."
1011,"No elegible: alude a la intersección de raza y capitalismo en sentido social, pero el clima es una mención incidental dentro de una reflexión teórica sobre la decolonialidad en Europa nórdica."
1012,"Supera el gate con dudas, porque estudia vulnerabilidades de género dentro de comunidades agrarias marginadas y afirma captar desigualdades interseccionales. Es sobre todo una reflexión metodológica: la herramienta digital registra experiencias, pero no opera las intersecciones (IV=0.5). Poder, contexto, praxis y agencia aparecen de forma parcial (0.5 cada uno) y no se analiza la co-construcción de ejes (I=0.5)."
1013,"Marco conceptual sobre vulnerabilidades visibles y ocultas ante inundaciones urbanas en un municipio acomodado de Copenhague, elegible por su análisis declarado como interseccional. No supera el gate: el abstract solo trabaja la relación entre riqueza y vulnerabilidad, y la edad figura como palabra clave sin articularse; el abstract resulta insuficiente sobre otros ejes."
1014,"No supera el gate: el ensayo propone una ética semítica, con tradiciones judías e islámicas y activismo sagrado, frente a la crisis climática y la limpieza étnica, y habla de desarraigar injusticias interseccionales. No identifica categorías sociales que se crucen ni las relaciona entre sí, por lo que el total RSI es cero."
1015,"No elegible: aborda las dimensiones sociales de los ODS ambientales y climáticos, pero lo interseccional alude a una lógica de intervención intersectorial e interdisciplinar, sin categorías sociales entrelazadas."
1016,"Capítulo sobre justicia climática en Mozambique que supera el gate al señalar efectos interseccionales en los más pobres (mujeres, niñez, mayores, discapacidad), aunque sin analizarlos (I=0.5, IV=0). Destacan la crítica a REDD+ y a la gobernanza climática internacional (II=1), el contexto de ciclones e inundaciones recientes (III=1) y la demanda de participación (V=1)."
1017,"No elegible: se apoya en principios interseccionales en sentido social, pero el clima es una mención de contexto dentro de una propuesta metodológica sobre salud planetaria y justicia multiespecie."
1018,"No elegible: la interseccionalidad aparece de pasada junto a la pobreza y el clima solo como palabra clave, en una síntesis sobre servicios ecosistémicos y desarrollo sostenible en el Hindu Kush Himalaya."
1019,"No elegible: trata minerales de la transición energética, vinculados a la mitigación climática, pero la intersección es geográfica entre proyectos y territorios, sin categorías sociales entrelazadas."
1020,"Falso positivo: estudia el clima organizacional de departamentos de ingeniería y las intersecciones de raza y género del alumnado, sin relación con el cambio climático."
1021,"No supera el gate: el ensayo sobre arte activista feminista ante la crisis climática destaca el papel de mujeres artistas y discute conceptos como Antropoceno y Capitaloceno. El feminismo interseccional figura solo entre las palabras clave y el género no se relaciona con otras categorías sociales, de modo que los criterios quedan en cero."
1022,"Pasa el gate con dudas porque nombra comunidades racializadas y de clase trabajadora blanca, con racismo y pobreza como causas, aunque los trata en paralelo (I=0.5). Destaca el contexto histórico concreto (III=1) y el foco en activismo y organización comunitaria (V=1, VI=1). Como compilación de casos, no operacionaliza intersecciones (IV=0)."
1023,"No supera el gate: el artículo examina los dilemas de equidad de las supermanzanas de Barcelona y enumera evaluaciones de necesidades con equidad interseccional, justicia de movilidad y gentrificación verde. La interseccionalidad aparece como un punto de agenda, sin categorías sociales relacionadas, por lo que todos los criterios valen cero."
1024,"Falso positivo: lo interseccional designa el cruce temático entre derrames de petróleo, preparación y cambio climático en Massachusetts, sin ninguna categoría social."
1025,Libro plenamente interseccional sobre feminismos de las Américas en el que la crisis climática es solo un ítem más de una lista de opresiones abordadas.
1026,"Capítulo con marco interseccional (matrices de dominación) sobre paz frágil y extremismo violento en Nepal, donde el cambio climático es solo un factor contextual."
1027,"No supera el gate: el volumen sobre criminología verde y género examina patrones de delito, victimización y resistencia con análisis feministas e interseccionales, pero el resumen solo trata el género. No relaciona ese eje con otras categorías sociales ni teoriza su cruce, de modo que los criterios y la integración se fijan en cero."
1028,Capítulo sobre compras públicas con perspectiva de género en organismos internacionales que menciona el cambio climático solo dentro de una lista de consideraciones.
1029,"Falso positivo para interseccionalidad: estudio de género y clima en Sudáfrica con un solo eje, donde la intersección es entre dos campos temáticos."
1030,"No supera el gate: el análisis documental compara la incorporación de la perspectiva de género en acuerdos internacionales y latinoamericanos de reducción del riesgo de desastres. El enfoque interseccional figura solo entre las palabras clave y el género no se vincula con otras categorías sociales, por lo que el total RSI es cero."
1031,"Supera el gate porque vincula la desigualdad de género con edad, discapacidad e identidad trans, aunque como listado de poblaciones vulnerables (I=0.5). La orientación transformadora y la recomendación de tratar el género como causa subyacente del riesgo sostienen V=1, mientras que las entrevistas a funcionarios no operan intersecciones (IV=0) y el poder estructural queda poco teorizado."
1032,"Encuesta sobre sesgo de género en carreras de conservación que alude a raza y cuidados como cuestiones interseccionales, pero en la que el clima solo enmarca la introducción."
1033,"No supera el gate, aunque se acerca: el capítulo analiza dimensiones de género de cuatro Objetivos de Desarrollo Sostenible en India, Etiopía y Australia y defiende la interseccionalidad como lente necesaria. Sin embargo, el resumen trata solo el género y no lo relaciona con otras categorías sociales, de modo que los criterios quedan en cero."
1034,"Supera el gate al plantear la intersección de género y etnicidad en la adaptación costera, pero los hallazgos se reportan solo para las mujeres en general (I=0.5). La desventaja se atribuye a capital social y prácticas culturales, sin estructuras de poder (II=0); los grupos étnicos y no étnicos se comparan descriptivamente (IV=0.5)."
1035,"Capítulo interseccional sobre género, agua y desarrollo que deja el cambio climático en una lista de temas futuros, sin incorporarlo a su objeto."
1036,"Supera el gate de forma mínima: compara por género determinantes como educación, estado civil y crédito, pero de modo aditivo (I=0.5). Los ejes entran como variables separadas sin interacciones interpretadas (IV=0), no nombra estructuras de poder (II=0) y las recomendaciones de programas sensibles al género quedan sin desarrollo crítico (V=0.5)."
1037,"Revisión sistemática que supera el gate al identificar edad, estado civil, religión, etnicidad y estatus social como factores que se cruzan con el género en la adaptación agrícola, aunque sin analizar su co-construcción (I=0.5). Reconoce la contextualidad y el poder intrahogar sin teorizarlos (II=0.5, III=0.5) y propone una agenda transformadora apenas esbozada."
1038,"No supera el gate: la revisión sistemática sobre conocimiento agroecológico tradicional examina su carácter generizado, el acceso desigual a recursos y las instituciones de género. La interseccionalidad aparece como pregunta de revisión, pero los resultados no relacionan el género con otras categorías sociales, por lo que el total RSI es cero."
1039,"Estudio interseccional sobre una artista migrante de grafiti en Lisboa durante la COVID-19, donde el cambio climático es solo una mención de contexto."
1040,"Supera el gate porque examina cómo la discapacidad se cruza con injusticias económicas, socioculturales y estructurales en dos ciudades indonesias. Destaca en poder estructural, contexto situado, praxis y agencia (II, III, V y VI=1), integrados en un análisis coherente. Los demás ejes no se especifican (I=0.5) y el método etnográfico no opera intersecciones de forma explícita (IV=0.5)."
1041,"Supera el gate de forma mínima al nombrar la interseccionalidad entre grupos socioeconómicos y étnico-raciales, aunque luego los trata como poblaciones afectadas por separado (I=0.5). Los determinantes sociales quedan sin teorizar (II=0.5), no hay contexto situado ni método interseccional (III=0, IV=0) y el resumen editorial es escueto para juzgar más."
1042,"Falso positivo: trata la vigilancia de académicos gais en universidades chinas, donde el clima es político y no guarda relación con el cambio climático."
1043,Capítulo sobre derechos humanos y salud pública global que menciona la emergencia climática solo como desafío futuro en su conclusión.
1044,"Introducción editorial sobre ecopoética cuyo alcance interseccional es de sentido ambiguo y que no trata el cambio climático, aunque mencione desastres como parte del campo."
1045,"Falso positivo: libro interseccional sobre estudiantes musulmanes e islamofobia en universidades de Estados Unidos, donde el clima es sociopolítico."
1046,"Marco de vulnerabilidad social con lente interseccional, pero evaluado solo en un apagón, la pandemia y un ciberataque, amenazas explícitamente no climáticas."
1047,"Nota sobre la estrategia EDI de Global Water Futures, con lente interseccional explícita, en la que el cambio climático solo justifica la misión de la red."
1048,"Artículo colaborativo sobre diálogo intergeneracional ante la crisis climática que no supera el gate: aunque reconoce interrelaciones interseccionales, declara centrarse en una sola distinción social, la generación, sin relacionarla con otros ejes. Por ello los seis criterios y la integración quedan en cero, pese a su orientación a la acción."
1049,"Supera el gate porque, dentro de una población definida por la pobreza urbana, reporta efectos diferenciados en mujeres, hombres y niños, aunque solo descriptivamente (I=0.5, IV=0.5). La intersección que más desarrolla es entre condición socioeconómica y ambiente peligroso; la falta de vivienda asequible se nombra sin teorizar poder (II=0.5) y las recomendaciones son generales (V=0.5)."
1050,Estudio sobre transversalización de género en proyectos de riego etíopes que menciona la resiliencia climática solo como marco inicial y la interseccionalidad como recomendación.
1051,"Falso positivo: estudio geotécnico del sismo de Nippes de 2021 en Haití, sin sentido social de interseccionalidad ni amenaza climática."
1052,"Estudio cuantitativo en Austin que supera el gate y examina cómo raza y género, conjuntamente, moldean experiencias y percepciones climáticas, desde un marco de estructuras de poder co-constituidas (I=1, IV=1). El poder se invoca desde la literatura sin mecanismos propios (II=0.5), el contexto local es escueto (III=0.5) y la orientación a la justicia apenas se esboza."
1053,"No supera el gate: el comentario vincula vulnerabilidad climática y riesgo de cáncer, y nombra grupos raciales, étnicos y de bajos recursos como afectados, pero los enumera por separado. Las intersecciones que propone abordar son entre riesgos de salud y clima, no entre categorías sociales entrelazadas, de modo que los criterios valen cero."
1054,"Pasa el gate porque define la reflexión interseccional como análisis de opresiones interconectadas, aunque no nombra ejes. Destaca en agencia y praxis (VI=1, V=1), pues los jóvenes activistas actúan en varios movimientos a la vez. No sitúa el estudio en un contexto concreto (III=0) ni opera intersecciones en el método (IV=0), y las estructuras quedan genéricas (II=0.5)."
1055,Falso positivo: trabajo de taxonomía de briófitas donde lo interseccional remite a secciones taxonómicas y las inundaciones solo describen el hábitat.
1056,"No supera el gate, aunque es un caso límite: la intervención propone extender la interseccionalidad a la justicia climática y enumera afinidades teóricas y metodológicas entre ambos campos. No relaciona categorías sociales ni explica cómo se cruzan; funciona como agenda para investigaciones futuras, supuesto que la regla excluye, y la RSI queda en cero."
1057,"Introducción a un número especial interseccional sobre relatos de mujeres ante diversas crisis, donde el cambio climático es solo una crisis más de la lista."
1058,"Introducción sobre desigualdades exponenciales y derecho de igualdad centrada en la pandemia, que menciona las emergencias climáticas solo como crisis futuras."
1059,"Estudio sobre barreras de poder para mujeres profesionales en los sectores de agua, energía, alimentos y ambiente de Nepal, con el cambio climático solo como contexto."
1060,"Comentario teórico sobre la sociología del Antropoceno en Chile que supera el gate al reclamar analizar cómo se viven las intersecciones de etnicidad, género, clase y territorio ante el extractivismo y la crisis climática. Es una propuesta programática: sin método (IV=0), con estructuras nombradas sin mecanismos (II=0.5) y activismos reconocidos sin documentarse (VI=0.5)."
1061,"Entrevista sobre una obra teatral de Winnipeg donde la tormenta es metáfora pandémica y las agencias interseccionales, de sentido ambiguo, no remiten al clima."
1062,"No supera el gate: la evaluación del movimiento de justicia ambiental en Estados Unidos encuestó y entrevistó a más de 200 activistas sobre prioridades y estrategias. Califica el marco de justicia climática como interseccional, pero no identifica categorías sociales relacionadas; pese a su orientación transformadora, los seis criterios y la integración se fijan en cero."
1063,"Experimento de encuesta que supera el gate y opera la intersección de tono de piel e idioma como dimensiones de subordinación racial y étnica, hallando efectos no aditivos (I=1, IV=1) explicados por un marco estructural explícito (II=1). Es analítico: no desarrolla implicaciones de justicia (V=0) y los puertorriqueños aparecen solo como víctimas representadas (VI=0)."
1064,"Falso positivo: estudio interseccional sobre latinas en comunidades carcelarias de California, donde la tormenta es solo una metáfora de problemas sociales."
1065,"Supera el gate con un enfoque interseccional sobre desigualdades de género, edad y discapacidad en la movilidad inducida por los huracanes Irma y María, aunque los grupos se tratan por separado (I=0.5) y sin estructuras de poder nombradas (II=0). Destacan la propuesta práctica a gobiernos locales (V=1) y las experiencias exitosas protagonizadas por mujeres y niñas (VI=1)."
1066,"Supera el gate: su metodología feminista interseccional de punto de vista permite ver cómo género, edad, nivel socioeconómico y geografía se entrecruzan en la experiencia de incendios forestales (I=1, IV=1) y coproduce conocimiento con dos comunidades de Saskatchewan (VI=1). Las estructuras sociales se nombran sin teorizar (II=0.5) y el contexto es escueto (III=0.5)."
1067,"Supera el gate al mostrar que la sociedad civil climática encasilla identidades como género, juventud e indigeneidad separando luchas interconectadas. Destaca el poder estructural, con el discurso masculinizado y la arquitectura de la CMNUCC (II=1), y las estrategias feministas documentadas (VI=1); no describe un método que opere intersecciones (IV=0) y la co-construcción se afirma más que se analiza."
1068,"Pasa el gate porque el capitalismo racial articula raza y clase como entrelazadas y la interseccionalidad integra el marco. Su fuerza está en el poder estructural y la orientación transformadora (II=1, V=1). Como perspectiva conceptual no sitúa un contexto (III=0), no operacionaliza intersecciones (IV=0) ni aborda agencia (VI=0); la co-construcción de ejes queda enunciada (I=0.5)."
1069,"Capítulo de historia intelectual de las ciencias de la vida donde la crisis climática es solo contexto y lo interseccional, de sentido ambiguo, acompaña a lo interdisciplinar."
1070,"No supera el gate: el análisis bibliométrico sobre discapacidad y cambio climático en Scopus califica de interseccional la vulnerabilidad de las personas con discapacidad, pero no la relaciona con otras categorías sociales. Los subgrupos mencionados son tipos de discapacidad y la propuesta es una agenda futura, de modo que el total es cero."
1071,"Revisión sistemática sobre salud mental de grupos vulnerables ante sequías e incendios que no supera el gate: enumera ruralidad, posición socioeconómica baja y pertenencia a minorías étnicas como vulnerabilidades separadas, y deja el examen de vulnerabilidades interseccionales como recomendación para estudios futuros. Por ello todos los criterios quedan en cero."
1072,"No supera el gate: la revisión de 57 artículos examina métodos participativos que pueden fortalecer capacidades políticas y resiliencia, y menciona desigualdades interseccionales como tema de la literatura crítica. No identifica ni relaciona categorías sociales, pues se centra en asimetrías de poder en la investigación, de modo que los criterios valen cero."
1073,"No supera el gate: el artículo defiende el potencial de la economía política internacional crítica ante el colapso climático a partir del crecimiento, el Estado y las finanzas. La interseccionalidad aparece solo como recomendación para investigaciones futuras, sin categorías sociales relacionadas, por lo que todos los criterios quedan en cero."
1074,"Sustantivo fuerte: relatos situados en Uttarakhand, Khumbu y Assam muestran cómo casta, generación, indigeneidad y alteridad etnorreligiosa se entrelazan con la adaptación (I=1), con crítica a la adaptación despolitizada (II=1) y anclaje histórico-geográfico (III=1). Documenta agencia cotidiana (VI=1) y propone una praxis justa (V=1); el método no muestrea subgrupos interseccionales (IV=0.5)."
1075,Falso positivo: artículo sobre apoyo a investigadoras noveles de enfermería donde tormentas y resiliencia son metáforas de la carrera académica.
1076,"Falso positivo: trabajo de visión por computador sobre defectos en aliviaderos de presas, donde la intersección es la métrica IoU."
1077,"Caso límite: el marco de marginalidades múltiples y la población de trabajadores latinos en labores precarias permiten superar el gate con etnicidad y posición laboral, aunque sin co-construcción explícita (I=0.5). Destacan los mecanismos estructurales de inequidad laboral (II=1), la historia situada del sector en Oregón (III=1) y recomendaciones transformadoras (V=1); no tiene método interseccional (IV=0)."
1078,"Falso positivo: antropología forense sobre la identificación de caídos en Tarawa, donde la intersección es entre identidad biológica y social."
1079,"No supera el gate: la revisión sistemática identifica necesidades insatisfechas de las personas mayores en la respuesta a desastres urbanos, con la edad como único eje. La comprensión interseccional se propone solo como dirección de investigación futura, supuesto que la regla excluye, de modo que los seis criterios y la integración valen cero."
1080,"No supera el gate, aunque es un caso límite: el libro teopoético usa el suelo como símbolo para pensar efectos climáticos compartidos y diferenciados, y alude a diferencias de ubicación social y a una política antirracista. No relaciona categorías sociales como entrelazadas ni teoriza su cruce, por lo que la RSI queda en cero."
1081,Falso positivo: teledetección de agricultura protegida donde la intersección es la métrica IoU y el cambio climático solo enmarca la introducción.
1082,"No supera el gate, aunque es dudoso: el análisis literario examina representaciones de raza, explotación colonial y clima en la novela desde la necropolítica. Las intersecciones son entre tramas temáticas paralelas y no se relaciona la racialización con otra categoría social entrelazada, por lo que los criterios valen cero."
1083,"Perspectiva sobre justicia energética que supera el gate al señalar la omisión de género, indigeneidad, raza y otras desigualdades que se entrecruzan, aunque trata los cuatro enfoques por separado antes de sintetizarlos (I=0.5). Destacan la crítica a supuestos coloniales y masculinistas (II=1) y la orientación normativa a la justicia (V=1); carece de contexto situado y método (III=0, IV=0)."
1084,Ensayo sobre ética sanitaria rural cuyo argumento interseccional es de sentido ambiguo y cuya prevención cotidiana de desastres no remite a amenazas climáticas.
1085,Comentario sobre compost urbano y equidad en ciudades estadounidenses donde lo interseccional es intersectorial y el clima solo enmarca la introducción.
1086,"Supera el gate al mostrar que los despojos por parques solares en India producen una población campesina sin tierra racializada por casta y generizada (I=1), explicada mediante regímenes raciales de propiedad y el Plantationoceno (II=1). Orienta a coaliciones campesinas interseccionales y a intervenciones redistributivas (V=1), aunque no describe método (IV=0) y la agencia se plantea normativamente."
1087,"Capítulo de cierre sobre poder, género y psicología que valora la interseccionalidad y deja el cambio climático en una lista de temas futuros."
1088,"No elegible: usa 'intersectional' en sentido social para redes entre comunidades en lucha, pero el clima es una mención incidental dentro de un ensayo sobre pacifismo y no violencia."
1089,"Falso positivo: estudio de caso sobre programas educativos de una sociedad histórica de Ohio, sin interseccionalidad en sentido social ni vínculo con el clima."
1090,Falso positivo: libro de psicoanálisis lacaniano sobre el cierre de cines en la pandemia; ni la interseccionalidad social ni el cambio climático forman parte del objeto.
1091,"Mención conceptual con cierta densidad: el ecofeminismo queer vincula justicia climática con género, sexualidad, raza e indigeneidad y nombra jerarquías (I=0.5, II=0.5), pero sin contexto situado ni método empírico (III=0, IV=0). La orientación transformadora es declarada más que desarrollada (V=0.5) y no aborda la agencia de sujetos concretos (VI=0)."
1092,"Falso positivo: crítica literaria de dos novelas de Timothy Findley; el enfoque combina campos teóricos y el diluvio es un motivo narrativo, no una amenaza climática."
1093,"Insuficiencia del abstract: es una reseña editorial breve que anuncia un análisis ecointerseccional sobre racismos sistémicos, degradación ambiental y justicia climática, pero solo explicita un eje social (raza). Sin evidencia de dos ejes articulados no supera el gate y los criterios quedan en 0; la obra completa podría puntuar distinto."
1094,"No elegible: autoetnografía sobre racialización y desplazamiento forzado en Canadá con enfoque interseccional social, pero sin objeto climático; el 'clima' es solo el clima sociopolítico."
1095,"Sustantivo en poder estructural y praxis: enmarca el clima en la colonización capitalista patriarcal y convierte el saber de una mujer africana indígena en intervención educativa por la justicia epistémica (II=1, V=1, VI=1). La posición interseccional se nombra pero no se analiza (I=0.5), el contexto es genérico y el método no opera intersecciones (III=0.5, IV=0.5)."
1096,Falso positivo: ensayo sobre humanizar la educación STEM; el clima figura solo en una lista de problemas y 'intersectional' no alude a categorías sociales entrelazadas.
1097,"Interseccionalidad parcial y aditiva: mide la resiliencia de hogares por etnia y género en Vietnam y halla desventajas de mujeres, pobres y minorías, pero como grupos paralelos (I=0.5, IV=0). No nombra estructuras de poder (II=0) y las recomendaciones de política no desarrollan un marco de justicia (V=0.5)."
1098,"Sustantivo en identidades y método: conceptualiza la responsabilidad ambiental desde el cruce entre diferencia cultural-migratoria y generacional, con entrevistas intergeneracionales conducidas por jóvenes (I=1, IV=1, VI=1). El poder estructural se limita a la crítica de la responsabilización (II=0.5) y el contexto urbano es poco detallado (III=0.5), lo que limita la integración."
1099,"No supera el gate: el capítulo cuestiona la gobernanza tecnocrática del riesgo urbano en India y pide reconocer la heterogeneidad urbana y la interseccionalidad de identidades urbanas. Los factores superpuestos que nombra son geográficos y de planificación, con la brecha de ingresos como único eje social, de modo que el total es cero."
1100,"No elegible: manual general sobre investigación interseccional en el que las emergencias climáticas son solo uno de varios temas enumerados, sin constituir el objeto de la obra."
1101,"No elegible: comentario geográfico sobre una ética del amor basada en la alteridad; menciona relaciones interseccionales, pero el desastre es un marco epocal y no el objeto."
1102,"No supera el gate: el capítulo sobre política de seguridad climática en el Levante analiza respuestas estatales, corrupción, protestas y exclusión política en Irak y Líbano. Lo interseccional se refiere al carácter compuesto de las crisis, que afectan a quienes viven en precariedad, sin categorías sociales entrelazadas, por lo que los criterios valen cero."
1103,"No supera el gate: la revisión de alcance analiza cómo las políticas de reducción del riesgo y la respuesta al ciclón Harold en Fiyi, Vanuatu y Tonga atienden la salud sexual y reproductiva juvenil. Aunque declara un marco interseccional, la juventud es el único eje y no se vincula con otras categorías sociales; el total es cero."
1104,"Interseccionalidad aplicada con base estructural y situada: explica las desigualdades térmicas en un barrio obrero de Barcelona por vivienda, pobreza energética y acceso desigual a refugios (II=1, III=1), con orientación a la justicia (V=1). Sin embargo, clase, origen y género se reportan en paralelo y sin análisis de interacciones (I=0.5, IV=0)."
1105,"No elegible: análisis WPR de la política de igualdad de género en universidades irlandesas que alude a agendas interseccionales, sin ningún vínculo con el clima."
1106,"Gate no superado: el artículo propone una tipología de dimensiones de desigualdad, impactos sociales y principios de justicia en la política climática, pero las dimensiones se enumeran por separado y la interseccionalidad figura como un objetivo de detección futura, sin teorizar cómo se entrelazan las categorías. Los seis criterios quedan en cero."
1107,No elegible: libro sobre pedagogías de justicia social que menciona discriminaciones interseccionales y la crisis climática solo dentro de una lista de desafíos contextuales.
1108,Falso positivo: análisis de frecuencia de términos sobre espiritualidad en informes de ONG australianas; la interseccionalidad es un cruce de temas y el clima solo contextualiza el Pacífico.
1109,"No elegible: ensayo histórico-literario sobre gemas y cuerpos en naufragios de la Carreira da Índia; alude a cuerpos interseccionales, pero sin objeto climático."
1110,"Sustantivo en poder estructural, contexto y praxis: vincula pérdidas no económicas, violencia de género y bienestar mediante vías específicas en Bangladesh, Fiyi y Vanuatu, con recomendaciones de política (II=1, III=1, V=1). Mujeres y niños se tratan como grupo conjunto sin analizar la co-construcción de género y edad (I=0.5), y la agencia aparece solo en relatos de sanación (VI=0.5)."
1111,"No elegible: estudio sobre metáforas visuales de padres de hijos trans en Aotearoa atento a experiencias interseccionales; las nubes de tormenta son una metáfora, no una amenaza."
1112,"Sustantivo en identidades entrelazadas: muestra que la combinación de género, edad, estatus socioeconómico y composición del hogar genera prácticas y percepciones de habitabilidad diferenciadas en el norte de Ghana (I=1, IV=1), reconoce a los actores como sujetos de saber (VI=1) y orienta a políticas no reproductoras de desigualdad (V=1); el poder estructural queda poco teorizado (II=0.5)."
1113,"No elegible: estudio con enfoque interseccional sobre estrés y resiliencia de sobrevivientes de violencia de pareja durante la pandemia de COVID-19, que no es una amenaza climática."
1114,"Fuerte en contexto, poder y praxis: sitúa el acceso diferenciado a recursos de diversificación en la historia de conflictos étnico-religiosos de Kuka y lo explica con la Teoría del Acceso, con recomendaciones contra la discriminación (II=1, III=1, V=1). Los ejes se enumeran como factores que se cruzan sin describir posiciones combinadas ni análisis interaccional (I=0.5, IV=0.5)."
1115,"No elegible: manual de estudios de la edad en literatura y cine que se presenta como interseccional, pero el clima es solo uno de los temas enumerados."
1116,"No elegible: revisión sobre acceso inequitativo a la telesalud en Estados Unidos que considera la interseccionalidad del paciente, pero los desastres son solo contexto."
1117,Falso positivo: editorial sobre diez desafíos de política sanitaria; lo interseccional alude a temas transversales y el cambio climático es una mención de lista.
1118,"No elegible: perspectiva interseccional sobre la equidad sanitaria de minorías árabes palestinas y haredíes en Israel durante la COVID-19, sin vínculo con amenazas climáticas."
1119,"No elegible: capítulo de retórica sobre el veganismo que alude a la justicia interseccional global, pero el clima solo contextualiza el argumento."
1120,"Supera el gate porque la segmentación combina varias características sociales en grupos interseccionales; por la regla 4 obtiene I=1 e IV=1. El poder, el contexto belga y la justicia solo se nombran (II, III y V en 0.5) y no hay agencia (VI=0). El resumen no especifica qué ejes forman los grupos."
1121,"Interseccionalidad declarada pero acumulativa: la revisión cruza discapacidad, género y orientación sexual en la reducción del riesgo de desastres, aunque describe capas de marginación y discriminación adicional (I=0.5) sin teorizar estructuras (II=0.5) ni situar contextos más allá de los países OCDE (III=0.5). No reconoce agencia de los grupos estudiados (VI=0)."
1122,Falso positivo: foro sobre política exterior feminista; las intersecciones son entre áreas de política y la crisis climática es uno de varios temas tratados.
1123,"No elegible: análisis del utopismo cosmopolita en el cine del siglo XXI que alude a activismo interseccional y ecocrítica, pero el clima solo contextualiza las películas."
1124,"No elegible: libro sobre la retórica del discurso vegetariano y vegano que alude a retórica y justicia interseccionales, pero el clima es solo una mención de contexto."
1125,"Gate no superado: el texto aboga por estrategias de adaptación transformadoras en sistemas de salud y alude a poblaciones vulnerables y países menos desarrollados, pero el término interseccional parece usarse como intersectorial y no se relaciona ningún par de ejes sociales. Confianza baja por la ambigüedad del término, conforme a la regla 2."
1126,No elegible: estudio cualitativo con lente interseccional sobre niños desplazados en Etiopía cuyo objeto son las inseguridades posconflicto; el clima es solo contexto.
1127,"Gate no superado: la revisión vincula cambio climático, dermatitis atópica y salud mental, y menciona impactos desproporcionados en poblaciones vulnerables, pero el resumen no nombra ni relaciona ejes de diferenciación social. La interseccionalidad anunciada en el título queda sin contenido verificable; el resumen es insuficiente para saber si el texto completo la desarrolla."
1128,No elegible: investigación feminista interseccional sobre viudas tras los terremotos de Nepal; el sismo es una amenaza explícitamente no climática.
1129,No elegible: manual sobre migración Sur-Sur y desigualdades interseccionales en el que el cambio climático figura únicamente en una lista de temas transversales.
1130,"Gate no superado: el estudio de caso analiza talleres en línea de aprendizaje basado en objetos en una universidad de artes londinense. El ambientalismo interseccional aparece solo como rótulo del título; aunque se cita un plan antirracista, no se articula la raza con otro eje ni se teoriza su entrelazamiento. Criterios en cero."
1131,"No elegible: marco feminista interseccional de economía política sobre el capitalismo patriarcal racializado de desastre, ilustrado solo con la COVID-19 y sin vínculo climático."
1132,"Interseccionalidad débil con marco crítico fuerte: la síntesis explica la inequidad térmica de personas encarceladas por la combinación de condición carcelaria y salud, desde geografías carcelarias, capitalismo racial y abolición (II=1, V=1), pero suma factores sin analizar su co-construcción (I=0.5), carece de contexto específico y de método (III=0.5, IV=0)."
1133,No elegible: libro de psicoanálisis relacional sobre temporalidad con perspectivas interseccionales; el cambio climático es una mención de lista junto a la pandemia y la guerra.
1134,"Sustantivo en agencia y contexto: sitúa el activismo filantrópico de musulmanes puertorriqueños desde El Barrio hasta la respuesta al huracán María y lo presenta como resistencia (III=1, VI=1). La doble minorización étnico-religiosa se sugiere sin analizarse (I=0.5), el poder estructural no se teoriza (II=0.5) y el abstract, breve, no describe el método."
1135,"No elegible: ensayo sobre vudú, danza y resistencia de mujeres negras haitianas frente a opresiones interseccionales; las tormentas son figuras simbólicas, no amenazas."
1136,"Interseccionalidad cuantitativa operada: la clasificación cruzada muestra que las mujeres pobres pa cô tienen la resiliencia más frágil y se interpreta como posición combinada (I=1, IV=1), con recomendaciones de derechos y acceso equitativo a la tierra (V=1). Las normas patriarcales se nombran sin teorizar (II=0.5), el contexto es escueto (III=0.5) y no documenta agencia (VI=0)."
1137,"Gate no superado: la revisión sistemática describe herramientas digitales para transiciones urbanas climáticamente neutras, inclusivas y bellas en el marco europeo, pero no menciona categorías de diferenciación social ni su relación. La interseccionalidad aparece únicamente como palabra clave, sin desarrollo en el resumen, por lo que los seis criterios y la integración quedan en cero."
1138,"Falso positivo interseccional: libro sobre sistemas alimentarios y resiliencia climática en comunidades marginadas donde la interseccionalidad nombra sinergias entre temas, no ejes sociales entrelazados."
1139,"No elegible: análisis de planes de infraestructura verde en Estados Unidos centrado en equidad y racismo sistémico, pero 'intersectional' alude a desafíos urbanos entrecruzados."
1140,"Gate no superado: el capítulo problematiza el riesgo, la seguridad y la resiliencia como construcciones sociales y presenta la comunicación de directrices como acto político, pero solo alude a personas con trasfondos y experiencias diversas, sin nombrar ni entrelazar ejes de diferenciación social. La interseccionalidad aparece únicamente entre las palabras clave."
1141,No elegible: introducción a un manual sobre familias transnacionales y desigualdades entrelazadas donde el cambio climático es solo uno de varios desafíos enumerados.
1142,"Supera el gate porque define la interseccionalidad como opresiones y privilegios superpuestos y la propone como concepto clave para la gestión de crisis. Sin embargo, es una revisión sin contexto situado (III=0) ni método (IV=0); el poder y la orientación práctica solo se enuncian (II y V en 0.5) y falta agencia."
1143,"No elegible: presentación de un número especial con análisis interseccionales sobre mujeres, trabajo y familias durante la COVID-19, sin vínculo con amenazas climáticas."
1144,No elegible: reseña de una monografía sobre narración y activismo de jóvenes indocumentados con enfoque interseccional; el 'clima' es solo el clima político.
1145,"Sustantivo fuerte en teoría, poder y praxis: desde el feminismo decolonial muestra cómo las políticas suecas de adaptación ignoran jerarquías co-constituidas de raza y género mediante estrategias de producción de ignorancia (I=1, II=1, III=1), y busca aperturas transformadoras (V=1). El método documental no detalla una codificación interseccional (IV=0.5) y no aborda la agencia de sujetos (VI=0)."
1146,"Interseccionalidad cuantitativa parcial: la clasificación cruzada identifica a los hogares pobres periurbanos como los más vulnerables y se interpreta como posición combinada (I=1, IV=1), aunque el género se analiza por separado y el poder se limita al menor poder de decisión femenino (II=0.5). Contexto urbano escueto (III=0.5) y recomendaciones sin marco de justicia (V=0.5)."
1147,"Gate no superado: el capítulo repasa la equidad en la sostenibilidad urbana, critica las nociones liberales de justicia y destaca el poder desigual y la dominación, pero solo menciona desventajas múltiples de áreas y grupos vulnerables, además de especies no humanas, sin entrelazar ejes de diferenciación social. Criterios en cero."
1148,Falso positivo: presentación de tres folkloristas donde la interseccionalidad alude a las esferas pública y académica; el desplazamiento climático es solo una de las tres perspectivas.
1149,"Sustantivo en identidades pero débil en contexto: la revisión se centra en mujeres migrantes como posición específica frente a los análisis separados y describe vías de vulnerabilidad (I=1), aunque todos los estudios incluidos tratan la COVID-19, sin contexto situado (III=0) ni agencia (VI=0). Su elegibilidad climática descansa solo en el alcance general sobre desastres."
1150,No elegible: capítulo sobre el apoyo a estudiantes indocumentados atento a la naturaleza interseccional de sus identidades; el 'clima' es solo el clima político.
1151,"No elegible: artículo programático sobre relaciones laborales que enumera la emergencia climática y la interseccionalidad entre temas emergentes, sin tratarlos como objeto."
1152,No elegible: propuesta teórica ecofeminista interseccional sobre la equidad de la vida silvestre en el turismo; el cambio climático es solo una crisis de contexto.
1153,No elegible: introducción a un libro sobre mujeres y COVID-19 con efectos interseccionales de los cuidados; la inundación rural es solo un tema de capítulo.
1154,"No elegible: encuesta con marco interseccional sobre género, raza y clase ante la pandemia de COVID-19 en Estados Unidos, sin vínculo con amenazas climáticas."
1155,"Sustantivo en poder, contexto y agencia: vincula las desigualdades interseccionales de agricultoras del Cabo Oriental con el legado colonial y del apartheid mediante mecanismos concretos (II=1, III=1) y documenta un movimiento agroecológico liderado por ellas que co-construye conocimiento (VI=1, V=1). La intersección se enuncia sin analizar su co-construcción y el método no la opera (I=0.5, IV=0.5)."
1156,"Invoca desigualdades entrelazadas en sentido social, pero el clima solo contextualiza la migración y el objeto son las luchas feministas anticapitalistas frente al extractivismo en las Américas."
1157,"Falso positivo climático: aplica un enfoque feminista e interseccional a la discapacidad, pero el desastre analizado es la guerra en Ucrania, no una amenaza climática."
1158,"Usa la interseccionalidad del trabajo con varios ejes sociales, pero el clima figura solo como un desafío futuro dentro de una lista y no forma parte del objeto de la revisión."
1159,"La interseccionalidad figura como keyword en sentido social, pero el clima es una mención incidental dentro de una lista de problemas y no forma parte del objeto del libro."
1160,"Describe la resiliencia como interseccional y cita la emergencia climática solo como contexto; el capítulo trata la radicalización juvenil y el extremismo violento, no el clima."
1161,"Gate no superado: la etnografía con 21 jóvenes de Turquía analiza subjetividades sociales, espaciales y políticas en la formación de ciudadanía ambiental, pero la edad es el único eje y lo interseccional se menciona como aspecto de la socialización sin relacionarlo con otras categorías. Por eso no se puntúan criterios pese al contexto autoritario descrito."
1162,"Gate no superado: la observación participante del Klimakemp checo propone la justicia climática como práctica performativa y contrahegemónica, con fuerte componente de praxis, pero lo interseccional solo califica las relaciones de cuidado y solidaridad, sin nombrar ni entrelazar ejes de diferenciación social. Los méritos de agencia y justicia no se puntúan por el gate."
1163,"Supera el gate al tratar facetas de identidad del agricultor (posición económica, edad, género) que se intersectan en la adaptación. Destacan el contexto agrario histórico situado (III=1) y la agencia basada en saberes locales (VI=1), pero los ejes se enumeran sin co-construcción (I=0.5) y el poder estructural apenas se teoriza (II=0.5)."
1164,"Gate no superado: el análisis del discurso periodístico sobre ciclistas y conductores trata identidades de usuario vial, que no constituyen ejes de diferenciación social, y solo afirma de pasada que la automovilidad refuerza otras discriminaciones interseccionales sin precisarlas. Confianza baja: podría leerse como un eje cruzado con otros no nombrados."
1165,"Interseccional en sentido social, pero el impacto climático sobre personas con discapacidad solo ilustra un argumento sobre la praxis anticapacitista del trabajo social, sin que el clima sea objeto."
1166,"Gate no superado: la lectura de un episodio del pódcast YIKES examina cuidado, intimidad y contrapúblicos en el activismo por la justicia climática, pero lo interseccional y feminista funciona como rótulo del pódcast. El resumen no relaciona el género con otros ejes; la referencia a chicas y jóvenes figura solo en las palabras clave."
1167,"Falso positivo climático: el estudio aplica la interseccionalidad a experiencias LGBTQIA+ durante la COVID-19 en Reino Unido y Brasil, sin relación con amenazas climáticas."
1168,"Interseccional en sentido social, pero el análisis se centra en la alfabetización digital y la identidad de una niña latina; el huracán María solo aparece como tema de su app."
1169,"Mención nominal: el capítulo pedagógico sobre alfabetización climática reclama un enfoque interseccional de justicia climática y enumera numerosos ejes, pero no los relaciona ni analiza su entrelazamiento; el contenido se centra en empatía, creatividad y proyectos estudiantiles, por lo que no supera el gate y los seis criterios quedan en cero."
1170,"Adopta una lente feminista negra e interseccional, pero la entrevista trata la formación y el activismo en antropología; el clima solo aparece al mencionar la ecología política."
1171,"Sustantivo en lo conceptual: la entrevista articula raza, género y trabajo migrante como imbricados por el capitalismo colonial extractivo (I=1, II=1), anclados en la historia minera sudafricana (III=1) y en una praxis poética de activismo climático (V=1, VI=1); al ser una entrevista sin diseño empírico, el método no aditivo vale cero (IV=0)."
1172,"Supera el gate con dudas: presenta la islamofobia junto a otras desigualdades interseccionales no nombradas. Destaca por mecanismos de invisibilización e instrumentalización (II=1), orientación a reparar la exclusión (V=1) y estrategias propias de las comunidades musulmanas (VI=1), pero el análisis es de un solo eje (I=0.5, IV=0). Confianza baja por la fragilidad del gate."
1173,Falso positivo climático: analiza desde un feminismo decolonial el aborto y las parteras en ficciones latinoamericanas; los huracanes solo aparecen en el título de una novela.
1174,"El estudio de entrevistas sobre transición justa y Green New Deal en Estados Unidos usa lo interseccional para referirse a coaliciones amplias de trabajadores, comunidades e indígenas, pero no articula ejes de diferenciación como relacionados entre sí; por eso no supera el gate y los criterios quedan en cero pese a su análisis político-geográfico."
1175,"Falso positivo climático: el artículo de opinión trata la intersección de raza, género y clase en la enseñanza de química; la tormenta perfecta del título es una metáfora."
1176,"Gate no superado: la revisión de alcance mapea 169 estudios sobre género y medios de vida agrícolas y pastoriles en África occidental y oriental. El género es el único eje analizado; la interseccionalidad aparece como enfoque presente en parte de la literatura y como vacío a ampliar, sin que el texto relacione categorías entre sí."
1177,"Supera el gate al vincular género y posición económica del hogar en la adaptación. El diseño mixto documenta estrategias empresariales de las mujeres (VI=1), pero los ejes no se analizan como co-constitutivos (I=0.5), las restricciones estructurales se nombran sin teorizarse (II=0.5) y el método desagrega por género sin captar interacciones (IV=0.5)."
1178,"Supera el gate al vincular género y sexualidad bajo supuestos cis-heteronormativos. Es fuerte en poder estructural, pues explica la vulnerabilidad por discriminación y marcos heteronormativos (II=1), y en orientación a políticas inclusivas (V=1); como revisión sin diseño empírico, el método puntúa cero (IV=0) y los ejes no se analizan como co-constitutivos (I=0.5)."
1179,"Supera el gate al leer la historia del Mississippi desde la intersección de raza y clase. Su fortaleza es el anclaje histórico y geográfico detallado, desde el siglo XVIII hasta Katrina (III=1), pero enuncia la intersección sin analizar su co-construcción (I=0.5), el poder estructural apenas se teoriza (II=0.5) y carece de método interseccional (IV=0)."
1180,"Falso positivo climático: el ensayo teológico sobre ciudadanía urbana africana menciona movimientos interseccionales, pero no aborda el clima ni amenazas de origen climático."
1181,"Supera el gate con un análisis conceptual de cómo colonización, capitalismo racial y heteropatriarcado se entrelazan en el apartheid climático (I=1, II=1) y propone intervenciones de justicia (V=1). Sin embargo, el contexto histórico queda general (III=0.5), no hay operacionalización empírica (IV=0) y los sujetos aparecen solo como afectados, sin agencia (VI=0)."
1182,"Falso positivo climático: analiza interseccionalidades de personas LGBTQ+ mayores ante la COVID-19 en Estados Unidos, una pandemia sin relación con amenazas climáticas."
1183,"El uso de perspectivas interseccionales es ambiguo entre lo social y lo interdisciplinar, pero el registro se excluye porque el clima solo contextualiza un estudio de seguridad hídrica urbana."
1184,"Gate no superado: el análisis crítico del programa ambiental y climático de Gotemburgo examina suficiencia, poscrecimiento y nociones de ciudadanía, justicia y relación humano-naturaleza, pero la perspectiva interseccional posthumanista se declara sin relacionar ejes de diferenciación social ni teorizar cómo se cruzan. Por ello los criterios quedan en cero."
1185,"Falso positivo: estudio de teledetección sobre temperatura superficial e isla de calor en Nanjing, donde la intersección es una operación espacial y no un marco social."
1186,"Gate no superado: el metaanálisis de 138 casos de reubicación planificada construye cinco tipologías de éxito y las cruza con dimensiones de justicia social, ecológica e intergeneracional. Aunque usa la etiqueta de justicia interseccional, la clase socioeconómica y la generación figuran como métricas separadas, sin analizarse como posiciones entrelazadas. Criterios en cero."
1187,"Supera el gate al vincular relaciones de género con edad, estado civil y educación en el acceso a redes para la adaptación. La interacción de ejes se afirma sin mostrar posiciones combinadas (I=0.5), las desigualdades estructurales se nombran sin teorizarse (II=0.5) y el diseño con marco interseccional no detalla cómo opera las intersecciones (IV=0.5)."
1188,"Falso positivo: entrevista sobre un documental del movimiento del cabello natural negro, donde la intersección une temas y no ejes sociales, sin contenido climático."
1189,"Gate no superado: la revisión crítica reconceptualiza el desplazamiento inducido por el cambio climático a partir de los incendios australianos de 2019-2020 y señala su distribución desigual entre poblaciones, pero no nombra ni relaciona ejes de diferenciación social. La interseccionalidad aparece únicamente como palabra clave, sin desarrollo en el resumen."
1190,"Gate no superado: el estudio sobre finanzas climáticas en Fiyi e Indonesia muestra cómo estructuras y relaciones de poder favorecen grandes proyectos y excluyen a los más vulnerables, pero no nombra ni entrelaza ejes de diferenciación social. Lo interseccional aparece en la conclusión con sentido ambiguo, quizá intersectorial; por eso la confianza es baja."
1191,"Menciona la interseccionalidad como agenda futura de la identidad vegana, pero el clima es solo una frase de contexto y la revisión no trata el cambio climático como objeto."
1192,"Falso positivo climático: aplica la interseccionalidad de Collins a la comedia de mujeres negras estadounidenses, sin tratar el cambio climático ni amenazas climáticas."
1193,"Gate no superado: el artículo de perspectiva propone repensar los índices de equidad mediante la herramienta PREACT en Filadelfia, incorporando saberes locales y activos comunitarios. Señala la naturaleza interseccional de las preocupaciones de justicia ambiental, pero no relaciona ejes; la raza solo aparece en las palabras clave como justicia racial."
1194,"Propone una lente interseccional con género, edad, discapacidad y pobreza, pero el editorial trata habilidades educativas adolescentes y el clima figura solo en una lista de crisis globales."
1195,"Supera el gate porque teoriza que el género se cruza con otros sistemas de poder y marginación para producir vulnerabilidades desiguales. Como ensayo conceptual, el cruce se enuncia sin analizarse (I=0.5) y no hay método (IV=0); poder, contexto, justicia y agencia se nombran sin desarrollo, por lo que quedan en 0.5."
1196,"Gate no superado: el breve texto conceptual vincula amenazas climáticas y vulnerabilidad social y reclama acción transgeneracional atenta a la interseccionalidad de las poblaciones en riesgo, pero esa mención es un llamado normativo sin ejes nombrados ni relacionados. Al no superarse el gate, los seis criterios y la integración quedan en cero."
1197,"Mención nominal: la revisión sobre cambio climático y violencia de género trata el género como variable diferenciadora y enumera privaciones de las mujeres, como pobreza o baja educación, sin articularlas como ejes relacionados; la interseccionalidad aparece solo como recomendación final, así que no supera el gate y los criterios quedan en cero."
1198,"Gate no superado: la revisión narrativa de 54 estudios sobre salud y eventos extremos en asentamientos informales concluye que los impactos dependen de factores que se cruzan, pero estos son determinantes individuales, materiales y contextuales, no ejes de diferenciación social entrelazados. Confianza baja: la conclusión pide explícitamente un enfoque interseccional."
1199,"Supera el gate al articular la interseccionalidad de edad y cultura entre jóvenes activistas climáticos taiwaneses. Destacan el contexto situado frente a los discursos globales (III=1) y las estrategias juveniles (VI=1), pero la cultura funciona como contexto más que como posición (I=0.5) y las barreras se explican por rasgos culturales, sin poder estructural (II=0)."
1200,"Supera el gate al presentar el cambio climático como inseparable de colonialismo, supremacía blanca, patriarcado y normatividades corporales. Su fuerza está en la orientación transformadora de la pedagogía (V=1), pero los ejes y estructuras se enuncian como premisa sin analizarse (I=0.5, II=0.5) y, al ser una reflexión docente, carece de método interseccional (IV=0)."
1201,"Adopta un enfoque ecofeminista interseccional sobre animales, pero los incendios solo contextualizan una crítica a las políticas conservacionistas de sacrificio de caballos, sin tratar el clima."
1202,"Gate no superado: el ensayo de revisión define el ecocapacitismo y sintetiza tres trayectorias de investigación en comunicación ambiental, con orientación crítica hacia la justicia de la discapacidad. Sin embargo, trata un solo eje y menciona lo interseccional como deuda pendiente del campo, sin relacionar la discapacidad con otras categorías sociales."
1203,"Gate no superado: la nota conceptual define la justicia climática crítica como praxis de solidaridad y acción colectiva, y sostiene que se beneficiaría de los aportes feministas interseccionales e internacionales. Esa mención es programática: no se nombran ni relacionan ejes de diferenciación social, así que los criterios y la integración quedan en cero."
1204,Falso positivo: revisión de arqueología vikinga que menciona la interseccionalidad como marco futuro y el cambio climático solo como motivación de los estudios ambientales.
1205,"Falso positivo: revisión técnica sobre almacenamiento de energía en la descarbonización eléctrica, donde lo interseccional alude a estrategias entre sectores y no a desigualdades sociales."
1206,"Falso positivo: propone herramientas decoloniales contra la desinformación y el relato del crecimiento infinito, sin vocabulario interseccional y con el clima solo como contexto."
1207,"Trata la edad como categoría que se combina con género, raza o clase, pero el clima es una mención dentro de una larga lista de movimientos y políticas, no el objeto del libro."
1208,"Usa una lente feminista interseccional sobre el diseño inclusivo, pero el cambio climático solo figura en una lista de problemas sistémicos que motivan el capítulo."
1209,"Sustantivo fuerte: la etnografía con mujeres maoríes analiza cómo sus posiciones de sujeto producen vulnerabilidades y adaptaciones distintas dentro de un mismo iwi (I=1, IV=1), con contexto situado (III=1), agencia documentada (VI=1) y propuestas de adaptación inclusiva (V=1); solo el poder estructural queda en dinámicas micro, sin nombrar colonialismo ni patriarcado (II=0.5)."
1210,"Gate no superado: la etnografía en Aboadze, Ghana, muestra cómo la expansión de la frontera de mercancías y el cambio climático interactúan para agravar inseguridades alimentarias, hídricas y de sustento, con un marco crítico del capitalismo. La interseccionalidad se menciona solo como agenda futura y el análisis no diferencia ejes sociales dentro de la comunidad."
1211,"Falso positivo: estudio agronómico sobre sequía y calidad del forraje en Limpopo, donde lo interseccional designa un enfoque interdisciplinar entre ecofisiología y socioeconomía."
1212,"Gate no superado: el volumen reúne estudios sobre activismos corporales, como protestas silenciosas, performance y concentraciones, en torno a la rendición de cuentas policial y la crisis climática. Solo afirma que algunos análisis abordan aspectos de la interseccionalidad, sin nombrar ni relacionar ejes; el resumen editorial es insuficiente para evaluar los capítulos."
1213,"Gate no superado: la revisión interdisciplinaria sobre emociones propone un modelo emoción-cognición de las respuestas al cambio climático y examina apatía, negación y retirada frente a la acción. La interseccionalidad figura solo como una de dos necesidades de investigación futura, sin ejes de diferenciación social en el análisis, por lo que todo queda en cero."
1214,"Falso positivo interseccional: estudia identidades de grupo en redes de Facebook tras el incendio Camp Fire, y la intersección alude a conceptos de comunicación, no a ejes sociales."
1215,"Elegible solo por la keyword de justicia climática, pues el abstract trata salud y justicia ambiental sin mencionar el clima. Supera el gate con jóvenes indígenas y no indígenas y marcos anticolonial y antirracista; destacan la orientación a la justicia (V=1) y la agencia juvenil (VI=1), pero los ejes no se analizan como co-constitutivos (I=0.5)."
1216,"Supera el gate al dirigirse a jóvenes de color urbanos con una lente interseccional de justicia y equidad. Su fortaleza es la orientación explícita a la justicia ambiental (V=1), pero como descripción de un programa no analiza la co-construcción de edad y raza (I=0.5), apenas nombra estructuras (II=0.5) y carece de método interseccional (IV=0)."
1217,"Falso positivo: revisión sobre barreras de género en el uso de software CAD en ingeniería, sin marco interseccional social y con el clima como simple motivación."
1218,"Gate no superado: las seis viñetas de India, Indonesia, Nepal, Chile y territorios andinos ofrecen conceptualizaciones no occidentales y situadas de la resiliencia y documentan resistencias, pero la interseccionalidad se declara como principio ontológico sin relacionar ejes de diferenciación social. Sus fortalezas en contexto y agencia no se puntúan por el gate."
1219,"Supera el gate con dudas porque alude a personas con identidades marginadas que se cruzan y adopta una orientación feminista interseccional. Al ser la convocatoria de un taller, no hay contexto ni método (III=0, IV=0) y el poder, la justicia y la agencia solo se enuncian (0.5). Sin análisis que integre los elementos."
1220,"Manual de consejería con perspectiva interseccional y de justicia social, donde el cambio climático figura solo en una lista de temas emergentes, sin formar parte del objeto."
1221,"Supera el gate con un análisis cuantitativo que cruza género con edad y educación y lo interpreta como posiciones combinadas (I=1, IV=1). Sin embargo, las diferencias se describen como percepciones individuales sin teorizar poder estructural (II=0), el contexto de los cinco países es superficial (III=0.5) y las implicaciones de política no se enmarcan en justicia (V=0.5)."
1222,"Supera el gate al analizar la división sexual del trabajo con diferencias por edad y jefatura del hogar en el delta del Mahanadi. Obtiene niveles parciales: el género domina y los otros ejes se señalan sin co-construcción (I=0.5), las causas estructurales se nombran sin mecanismos (II=0.5) y los subgrupos se comparan descriptivamente (IV=0.5)."
1223,"Supera el gate al vincular género, edad y pobreza en la vulnerabilidad climática de adolescentes. Destaca su orientación transformadora, con una taxonomía para programas más interseccionales (V=1), pero el análisis panorámico de programas carece de contexto situado (III=0) y de método interseccional (IV=0), y los ejes solo se enuncian como agravantes (I=0.5)."
1224,"Aplicación sustantiva centrada en género y (in)movilidad: compara mujeres que permanecieron con mujeres reubicadas tras ciclones (I=1, IV=1), sitúa el análisis en el suroeste de Bangladesh (III=1) y documenta respuestas propias (VI=1). El poder se aborda como relaciones sociales sin nombrar estructuras (II=0.5) y la orientación a la justicia es breve (V=0.5)."
1225,"Lente interseccional aplicado a discursos más que a posiciones: el poder está bien teorizado mediante el uso ultraderechista del ecologismo para una agenda de género y nacionalista (II=1) y la orientación a derechos es explícita (V=1), pero los grupos afectados solo se enumeran (I=0.5) y faltan contexto situado y método (III=0.5, IV=0)."
1226,"Elegible por invocar una lectura interseccional ecofeminista sobre la violencia climática en el posacuerdo colombiano, pero no supera el gate: el análisis amplía la noción de violencia de género para mujeres rurales sin articular la ruralidad, la clase u otro eje con el género. RSI total cero pese a su orientación crítica."
1227,"Sustantivo en poder estructural y praxis: conceptualiza desastres estratificados donde patriarcado, racismo, pobreza y colonialismo reproducen violencia de género (II=1, V=1), situados en Bangladesh y Reino Unido (III=1) con voz de sobrevivientes (VI=1). Las identidades entrelazadas se enuncian más que analizarse (I=0.5) y el método no opera intersecciones (IV=0)."
1228,"Elegible por proponer un lente de género interseccional en la adaptación al clima y la malaria en Kenia, pero no pasa el gate: los grupos focales analizan únicamente diferencias de género entre pequeños agricultores, sin articular clase, edad u otro eje. La interseccionalidad queda como recomendación final; RSI total cero."
1229,"Usa una noción interseccional de justicia, pero el clima es una mención contextual y el trabajo trata la justicia socioespacial del reverdecimiento en Łódź y Leipzig."
1230,"Elegible por proponer una alfabetización energética profunda desde la política feminista interseccional y decolonial ante la transición energética en Alberta, pero no supera el gate: el análisis del caso aborda paradigmas extractivistas y reconciliación indígena sin relacionar dos o más ejes de diferenciación social. RSI total cero pese a su orientación crítica."
1231,"Vincula género, violencia colonial y agua en Six Nations, pero el clima aparece solo incidentalmente y no forma parte del objeto de estudio."
1232,"Propone enfoques interseccionales sobre migración y fronteras, pero el clima solo figura en una lista de temas y no constituye el objeto."
1233,"Gate no superado: el estudio evalúa la implementación de la adaptación justa en Boston con un marco que combina teoría de la justicia social y coaliciones de defensa, y halla injusticias reproducidas por la representación y el encuadre. Lo interseccional califica los desafíos urbanos, con sentido ambiguo, y no se relacionan ejes sociales."
1234,"La interseccionalidad solo figura como palabra clave y el clima como justificación contextual de la economía circular, no como objeto de estudio."
1235,"Supera el gate con claridad: analiza cómo las múltiples identidades de los pueblos indígenas producen vulnerabilidades y capacidades específicas. Puntúa alto en identidades entrelazadas, poder colonial, justicia y agencia (I, II, V y VI en 1); al ser revisión global carece de método propio (IV=0) y de contexto situado detallado (III=0.5)."
1236,"Revisión de sociología de desastres que menciona la interseccionalidad como una de ocho áreas temáticas, junto a raza y género por separado. Como en el ejemplo A de calibración, organiza la literatura por escala, tiempo y retroalimentaciones sin articular ejes de diferenciación relacionados, por lo que no supera el gate. RSI total cero."
1237,"Análisis interseccional del habitar de lideresas en la reconstrucción, pero la amenaza es sísmica y el registro no la vincula con el clima."
1238,"Elegible por el ambientalismo interseccional y el activismo climático, pero no supera el gate: el experimento con adultos indios mide el efecto de los tuits de Thunberg moderado por el apoyo a la protesta campesina, una actitud política, sin analizar género, casta, clase ni otros ejes. RSI total cero."
1239,"Admitido con confianza baja: la palabra clave interseccionalidad convive con usos intersectoriales del término. El comentario juvenil sobre derechos humanos y salud pública solo enumera edad, género, etnicidad e ingreso como fuentes de marginación, sin articularlos, por lo que no supera el gate. RSI total cero."
1240,"Gate no superado: el artículo propone un modelo de resiliencia integradora frente al cambio climático y la COVID-19, crítico de la gobernanza neoliberal y apoyado en proyectos comunitarios de primera línea. Lo interseccional solo califica los resultados de resiliencia buscados, sin nombrar ni entrelazar ejes de diferenciación social; criterios en cero."
1241,"Gate no superado: el artículo plantea qué marco teórico permitiría evaluar la legislación internacional y las políticas migratorias europeas ante el desplazamiento por causas ambientales, y propone el enfoque interseccional sin explicar qué categorías relaciona. El resumen es confuso e insuficiente para juzgar el contenido; confianza baja."
1242,"Marco conceptual que trata las desigualdades raciales y de género como vulnerabilidades superpuestas e interconectadas (I=1), con orientación explícita a una adaptación urbana justa y transformadora (V=1). Los mecanismos estructurales solo se nombran (II=0.5), Barcelona funciona como ilustración superficial (III=0.5) y, como revisión, carece de método interseccional (IV=0)."
1243,Usa el feminismo interseccional para repensar la alfabetización matemática; el clima es una mención de contexto sin formar parte del objeto.
1244,"Supera el gate porque teoriza explícitamente cómo el poder produce desigualdades multidimensionales y subjetividades interseccionales. Integra identidades entrelazadas, poder, justicia transformadora y renegociación cotidiana (I, II, V, VI e integración en 1), pero como trabajo conceptual no operacionaliza las intersecciones (IV=0) y el contexto solo se reconoce en general (III=0.5)."
1245,"Estudio interseccional sustantivo sobre mujeres dalit, pero la amenaza es sísmica y queda fuera de la población climática."
1246,"Elegible con confianza baja porque el clima es uno de tres casos de política analizados. La crítica al uso oportunista de la diversidad por Trudeau enumera ejes desde la literatura, pero el análisis se centra en la diferencia regional sin articularla con otros ejes, por lo que no supera el gate. RSI total cero."
1247,"Análisis discursivo con enfoque interseccional de documentos de tres agencias suecas, pero no supera el gate: los ejes (ubicación, clase, género, edad) solo se enumeran y el hallazgo es que la diferencia social aparece en términos amplios, sin que el propio trabajo relacione ejes entre sí. RSI total cero."
1248,"Sustantivo fuerte: muestra que los impactos del desplazamiento por obras pluviales dependen de la combinación del género con edad, estado civil y propiedad (I=1, IV=1), explica cómo evaluaciones de género dicotómicas reproducen roles tradicionales (II=1), en Los Platanitos (III=1), y documenta la presión organizada de Mujeres Unidas (VI=1)."
1249,"Economía política feminista interseccional sobre el capitalismo del desastre en universidades durante la pandemia, sin contenido climático."
1250,"Se marca elig_clima por desastres naturales no especificados, aunque el título alude a fallas sísmicas, y el término interseccional carece de sentido teórico-social."
1251,"Cruza anticolonialismo, antirracismo y transfeminismo en la pedagogía arquitectónica, pero no aborda el cambio climático ni amenazas climáticas."
1252,Estudio sobre reconstrucción de vivienda rural tras desastres en India donde el término interseccional se usa en sentido intersectorial.
1253,"Propone un enfoque de género más interseccional en la agenda WPS, pero el clima es una mención de lista sin formar parte del objeto."
1254,"Gate no superado: el libro analiza documentos, entrevistas y observación de dos conferencias para reconstruir las estrategias retóricas y procedimentales de la Women and Gender Constituency en la CMNUCC. El análisis se centra en el género y la indagación crítica interseccional solo nombra el marco, sin relacionar el género con otras categorías."
1255,"Menciona identidades interseccionales de mujeres en STEM, pero el clima figura solo como trasfondo del campo profesional."
1256,"Gate no superado: la revisión de alcance de 20 estudios sobre salud mental de las mujeres ante el cambio climático identifica violencia de género, cargas de cuidado y apego a la tierra. La interseccionalidad surge como tema importante, pero el resumen no relaciona el género con otros ejes ni explica cómo se entrelazan."
1257,"Analiza dinámicas de poder interseccionales en la gestión de migrantes forzados, con el clima como mención incidental."
1258,Libro interdisciplinar sobre autonomía que menciona opresiones entrelazadas y la emergencia climática solo como desafíos contextuales.
1259,"Perspectiva sobre silvicultura urbana comunitaria con enfoques interseccionales y justicia ambiental, pero el clima es solo contexto."
1260,"Caso cercano al ejemplo B de calibración: examina género y etnicidad en la resiliencia percibida de hogares vietnamitas, con diferencias de género dentro de grupos étnicos descritas pero interpretadas sobre todo como efectos separados (I=0.5, IV=0.5). Señala desigualdades de acceso sin teorizar mecanismos (II=0.5) y no documenta agencia (VI=0)."
1261,Falso positivo: artículo sobre el manejo One Health de la leptospirosis donde interseccionalidad significa intersectorialidad y el clima es marginal.
1262,"Comentario antirracista e interseccional sobre la psicología escolar ante la pandemia, sin contenido climático."
1263,"Aplicación sustantiva: examina cómo casta y etnicidad diferencian la participación de las mujeres en programas de adaptación (I=1, IV=1), explicándolo por relaciones de poder y disparidades institucionalizadas (II=1) en el sur de Nepal (III=1). La orientación a la justicia y la agencia se mencionan sin desarrollarse (V=0.5, VI=0.5)."
1264,"Elegible por vincular la justicia planetaria con los debates de justicia climática y mencionar nociones interseccionales, pero no supera el gate: la propuesta pluraliza dimensiones procedimentales, epistémicas y de reconocimiento y la división Norte-Sur, sin relacionar dos o más ejes de diferenciación social. RSI total cero."
1265,Estudio de infraestructura sensible al género para mujeres costeras de Bangladesh sin vocabulario interseccional en sentido teórico-social.
1266,"Menciona el ambientalismo interseccional como aspiración curricular, pero el trabajo trata la sostenibilidad en la formación en conservación."
1267,"Gate no superado: el artículo muestra cómo el sesgo de los programas federales, el no reconocimiento de las familias LGBTQ+ y el peso de organizaciones religiosas agravan los riesgos de estas comunidades ante desastres. Trata la diversidad sexual y de género como un solo grupo, sin cruzarla con raza, clase u otros ejes."
1268,"Artículo metodológico de interseccionalidad cuantitativa aplicado al clima escolar, sin contenido sobre cambio climático."
1269,"Revisión sistemática sobre atención perinatal en desastres que invoca marcos interseccionales, pero no supera el gate: como en el ejemplo A de calibración, los hallazgos tratan la planificación de servicios para personas gestantes sin articular raza, sexualidad, indigeneidad u otros ejes entre sí. RSI total cero."
1270,"Aplica un lente feminista interseccional a la planificación agroalimentaria andina: vincula las identidades entrecruzadas de campesinas y campesinos con sus contribuciones a la resiliencia (I=1), con contexto detallado (III=1), saberes documentados (VI=1) y recomendaciones de derechos (V=1). Las estructuras de poder solo se nombran (II=0.5) y el método no describe subgrupos (IV=0.5)."
1271,"Examina el estigma interseccional de trabajadoras sexuales tras los terremotos, sin vínculo con amenazas climáticas."
1272,"Gate no superado: el análisis feminista interseccional crítico contrasta la evidencia de la indagatoria gubernamental sobre clima y salud de Australia Occidental con su política climática, que casi ignora la justicia social. Las desigualdades se enumeran por ámbitos y se pide atender múltiples dimensiones, pero no se relacionan ejes de diferenciación entre sí."
1273,Análisis interseccional de la agencia de las mujeres ante la MGF/C donde el clima es una mención incidental.
1274,Análisis de capital social y desastres para personas con enfermedad mental grave donde el término interseccional solo cruza temas.
1275,"Gate no superado: el estudio con 288 universitarios estadounidenses compara la preocupación y la acción propias y estimadas en pares frente al cambio climático, la injusticia racial y la COVID-19. Lo interseccional designa problemas sociales que coinciden, no ejes de diferenciación entrelazados, y el análisis no considera posiciones sociales de los participantes."
1276,Capítulo sobre inclusión social y derechos humanos con interseccionalidad y emergencia climática solo como palabras clave.
1277,Manual sobre solidaridad y justicia social con enfoque interseccional donde el clima es solo una mención de lista.
1278,"Gate no superado: el ensayo de una sacerdotisa episcopal reflexiona sobre meditación, contemplación, duelo y activismo sagrado ante la emergencia climática, con cuatro flechas de amor y acción. La justicia interseccional figura solo como uno de los valores morales opuestos al capitalismo tardío, sin ejes de diferenciación social relacionados; criterios en cero."
1279,"Reflexión ecofeminista sobre maternidad, población y clima en Sudáfrica sin vocabulario interseccional en sentido social."
1280,"Gate no superado: la revisión de 25 estudios de apoyo psicosocial a adolescentes en contextos humanitarios constata que ninguno considera el cambio climático. La edad, el sexo y la discapacidad aparecen solo al reclamar datos desagregados para comprender impactos interseccionales, es decir, como vacío de la literatura y no como análisis propio."
1281,"Gate no superado: la revisión de 319 publicaciones evalúa vínculos positivos y negativos entre opciones de adaptación y las metas del ODS 5 en nueve sectores. El análisis se limita al género; la interseccionalidad y los aspectos de género más allá de las mujeres aparecen solo como recomendación, sin relacionar ejes entre sí."
1282,"Capítulo sobre activismo climático transfronterizo con fuerte teorización estructural del colonialismo, la supremacía blanca y el capitalismo extractivo (II=1), contexto histórico preciso (III=1) y agencia de movimientos por la justicia (V=1, VI=1). Lo interseccional remite a alianzas entre movimientos más que a identidades co-construidas (I=0.5) y no hay método interseccional (IV=0)."
1283,"Capítulo interseccional sobre docentes que enseñan el privilegio, donde el clima solo aparece en sentido político."
1284,"Propone un enfoque interseccional de derechos para la justicia ambiental religiosa en el Sur global, con el clima solo como contexto."
1285,"Aplicación sustantiva en un grupo interseccional de agricultoras gestantes: muestra cómo edad, migración, estado civil y nivel socioeconómico moldean su respuesta al calor (I=1), con muestreo intencional y codificación interseccional (IV=1) y estrategias propias documentadas (VI=1). El poder se limita al ámbito doméstico (II=0.5) y el contexto es superficial (III=0.5)."
1286,"Libro sobre niñas activistas climáticas que combina género y edad y documenta ampliamente su agencia (VI=1). Nombra racismo, heterosexismo y capitalismo sin teorizar mecanismos (II=0.5), la co-construcción de los ejes no se analiza en el abstract (I=0.5), los contextos son esbozos (III=0.5) y no describe método interseccional (IV=0)."
1287,"Estudio de salud sobre jóvenes con VIH que menciona identidades interseccionales, pero el clima no forma parte del objeto."
1288,"Gate no superado: el estudio de tres organizaciones locales en Sudán del Sur examina las condiciones que facilitan la participación significativa de las mujeres en paz, recuperación y adaptación, y reconoce su agencia. El género es el único eje; el enfoque interseccional se recomienda en la conclusión sin relacionarlo con otras categorías."
1289,"Gate no superado: el artículo propone los Estudios Interdisciplinarios de Crisis para analizar crisis superpuestas y encadenadas, ilustrándolos con seguridad, clima, conflicto y migración. Las intersecciones descritas son entre crisis y disciplinas; el género y la interseccionalidad aparecen solo como rasgos futuros del campo, sin relacionar ejes de diferenciación social."
1290,"Ecología política del conflicto hidroeléctrico con el pueblo brörán en Costa Rica, sin uso interseccional en sentido teórico-social."
1291,Análisis fílmico desde la interseccionalidad sin relación con el cambio climático ni con amenazas climáticas.
1292,"Invoca la interseccionalidad del edadismo con otros ismos, pero el clima es solo una mención de contexto; no pertenece a la población interseccionalidad-clima."
1293,"Pasa el gate porque examina clase, género y discapacidad como bases de identificación con Thunberg, pero los trata como hallazgos separados (I=0.5) y sin teorizar estructuras de poder (II=0). Su fortaleza es la agencia: documenta prácticas de organización en red de los activistas (VI=1), con contexto alemán apenas esbozado."
1294,"Gate no superado con dudas: el artículo propone una lente cultural para las trayectorias de adaptación, atenta a creencias, normas y cambios en el curso de vida. Afirma que esa lente atiende categorías interseccionales que afectan la agencia adaptativa, pero no las nombra ni teoriza su cruce o su base de poder; confianza baja."
1295,"Gate no superado: el artículo propone el cubo de la im/movilidad como heurística para examinar experiencias de partir, quedarse y recibir, el papel del clima y sus consecuencias. Alude a desigualdades encarnadas, formación de sujetos y relaciones de poder, pero sus ejes son analíticos y no relaciona categorías sociales; confianza baja."
1296,Informe de taller sobre bioarqueología que nombra interseccionalidad y cambio climático solo dentro de una lista de temas; no pertenece a la población de estudio.
1297,"Supera el gate al concluir que la hidratación de jornaleros mexicanos ante el calor depende de categorías y sistemas de poder entrelazados. El diseño cualitativo guiado por interseccionalidad opera sobre un grupo situado (IV=1) y deriva recomendaciones de política (V=1), pero el abstract no detalla la co-construcción de ejes (I=0.5) ni teoriza mecanismos (II=0.5)."
1298,"Gate no superado: la revisión sobre agua, saneamiento e higiene identifica siete tipos de contextos difíciles y muestra cómo complejidades ambientales, económicas, políticas y sociales se cruzan y vuelven inviables las soluciones convencionales. Las intersecciones son entre dimensiones de complejidad y tipos de contexto, no entre ejes de diferenciación social."
1299,"Falso positivo: estudio sobre formación docente en ingeniería (STEAM, diseño bioinspirado) donde el clima es solo contexto; el sentido ambiguo de 'intersectionality' no altera la exclusión."
1300,"Capítulo que revisa violencias contra la infancia e incluye el cambio climático como nueva fuente de violencia; la interseccionalidad, el racismo estructural y la casta solo aparecen como keywords. El abstract, breve, no relaciona la edad con otros ejes, por lo que no supera el gate; su insuficiencia impide juzgar el desarrollo real."
1301,Revisión sobre conocimiento indígena y sostenibilidad donde la intersección es entre campos de saber y el clima es tangencial; no pertenece a la población de estudio.
1302,"Supera el gate al discutir casta, género y tenencia de tierra como influencias dinámicas sobre el riesgo climático en Jumla. Destaca por el análisis crítico de cómo los encuadres de equidad imponen subjetividades (II=1), el anclaje post-bélico (III=1) y la agencia (VI=1); el método mixto no opera explícitamente intersecciones (IV=0.5)."
1303,"Falso positivo: análisis literario de una novela gráfica sobre envenenamiento por pesticida en las Antillas francesas, sin objeto climático."
1304,"Supera el gate con claridad: estudia a niñas activistas racializadas de Nueva York como posición interseccional específica (I=1) cuyas identidades moldean estrategias de justicia climática. Puntúa alto en agencia (VI=1), orientación transformadora (V=1) e integración, aunque el abstract apenas teoriza mecanismos estructurales (II=0.5) y contextualiza de forma superficial (III=0.5)."
1305,"Supera el gate al centrar a adolescentes mujeres de Zambia y Zimbabue. Su fuerza está en la agencia: la investigación-acción feminista la ejercen las propias jóvenes (VI=1) y reclama transformaciones estructurales (V=1). Sin embargo, género y edad se tratan como preocupaciones paralelas (I=0.5) y los mecanismos estructurales quedan poco especificados (II=0.5)."
1306,"Análisis teatral ecocrítico y anticolonial cuyo enfoque 'intersectional' combina lentes de forma ambigua y cuyo objeto son los supuestos desarrollistas sobre la tierra, no el clima."
1307,"Gate no superado: el análisis literario de un cuento de Karen Russell examina su escenario postapocalíptico en una Florida transformada por el clima, su hibridez genérica y sus reflexiones sobre individualismo e identidad. Solo alude a iniquidades sociales actuales; la interseccionalidad figura en las palabras clave sin ejes de diferenciación relacionados."
1308,"Estudio de justicia ambiental en literatura infantil que cruza desigualdades raciales y ambientales, pero su objeto es la contaminación tóxica, no el clima."
1309,"Falso positivo: análisis del discurso sobre género, sexualidad y pertenencia en la comunidad de Overwatch, sin relación con el cambio climático."
1310,Supera el gate al centrar la vulnerabilidad a la gentrificación climática de comunidades racializadas de bajos ingresos en Filadelfia. Destaca el mecanismo estructural de la infraestructura verde (II=1) y la orientación a reducir inequidades (V=1); el método mixto sugiere factores superpuestos sin interacciones explícitas (IV=0.5) y la intersección clase-raza queda nominal (I=0.5).
1311,"Gate no superado: el ensayo interpreta el Verano Boricua como revuelta de tipo anarquista contra la corrupción colonial tras el huracán María, destacando autogestión y apoyo mutuo. Lo interseccional solo califica las demandas de justicia de la protesta, sin nombrar ni entrelazar ejes de diferenciación; su fuerte componente de agencia no se puntúa."
1312,"Supera el gate porque presenta la conducción de Tesla como cultura racializada, generizada, etaria y de clase. El análisis crítico de masculinidades hegemónicas y ecomodernas está desarrollado (II=1), pero los ejes distintos del género quedan enumerados (I=0.5), el método no cruza ejes explícitamente (IV=0.5) y no se aborda agencia (VI=0)."
1313,"Llamado a la psicología escolar sobre inequidades interseccionales durante la pandemia de COVID-19, desastre no climático ajeno a la población de estudio."
1314,"Marco para compromisos oceánicos climáticamente justos bajo el Acuerdo de París que usa 'intersectionality' como cruce entre disciplinas, no entre categorías sociales."
1315,"Gate no superado con dudas: el artículo adapta la evaluación de impacto de género a la política climática alemana con siete dimensiones de género. Declara un concepto de género interseccional y no binario, pero el resumen no relaciona el género con otras categorías; las dimensiones son ámbitos de vida. Confianza baja por el concepto gender+."
1316,"Supera el gate al criticar la homogeneización de mujeres y hombres y proponer una lente interseccional con ejemplos de comunidades tribales de India. Su fuerza es el análisis estructural de relaciones de producción, recursos y normas (II=1); la co-construcción de ejes, el método y las implicaciones políticas quedan esbozados (I, IV y V=0.5)."
1317,"Supera el gate porque su matriz cruza impactos de disrupciones ambientales, incluidos eventos climáticos extremos, con asimetrías de clase, capacidad y género. Es un marco conceptual: orienta soluciones transformadoras (V=1), pero enumera los ejes sin analizar su co-construcción (I=0.5), carece de operacionalización empírica (IV=0) y presenta a los prosumidores solo como vulnerables (VI=0)."
1318,"Falso positivo: estudio del activismo musical durante y tras el apartheid, donde 'clima' es político e 'intersections' cruza raza, sanación y música."
1319,"Supera el gate al leer las novelas de Butler como exploración de opresiones entrelazadas de género, raza y clase en una California afectada por el calentamiento. Destacan la crítica ecofeminista a las estructuras de dominación (II=1), la agencia de la protagonista (VI=1) y la orientación transformadora (V=1); como lectura literaria no operacionaliza intersecciones (IV=0)."
1320,"Gate no superado con dudas: el artículo conceptual trata a animales de compañía, de granja y silvestres como poblaciones oprimidas en los desastres y propone una interseccionalidad feminista inclusiva de la especie. Sin embargo, no relaciona la especie con género, raza u otros ejes humanos entrelazados; confianza baja por la extensión teórica propuesta."
1321,"Caso sustantivo fuerte: aplica un marco interseccional a un incendio forestal en el norte de Saskatchewan, mostrando cómo impactos y pérdidas varían según posiciones combinadas de raza, etnicidad, género, edad y lugar (I=1), explicadas por la colonización y las normas de género (II=1), con agencia reconocida y recomendaciones de adaptación equitativa."
1322,"Informe de un foro sudafricano Beijing+25 que incluye la acción feminista climática entre seis temas de deliberación. No supera el gate: la interseccionalidad figura solo como recomendación y el texto no articula ejes relacionados; el cruce entre género y generación se limita al relevo en el liderazgo feminista, sin análisis propio."
1323,"Ensayo que analiza la COVID-19 mediante opresiones sistémicas interseccionales y capitalismo racial, pero la pandemia es una amenaza no climática."
1324,"Ensayo sobre raza, 'weathering' y combustibles fósiles con clara dimensión climática, pero sin invocación de la interseccionalidad en sentido teórico-social."
1325,"Gate no superado: el artículo conceptualiza la tríada clima, carbón y género y, con entrevistas en el sector carbonífero colombiano, analiza cómo hacer la transición energética sensible al género, mostrando a las mujeres como agentes de cambio. La tríada cruza temas y el género es el único eje; la interseccionalidad solo figura en palabras clave."
1326,Falso positivo: estudio de mejoramiento genético de arándanos donde 'intersectional' tiene sentido taxonómico y no hay objeto climático ni social.
1327,"Supera el gate con claridad: muestra que el parque solar de Gujarat reproduce asimetrías cruzadas de género, clase y casta (I=1), explicadas por la economía política de la transición (II=1) en un contexto rural concreto (III=1). El método mixto no se describe como interseccional (IV=0.5) y los sujetos aparecen sin agencia (VI=0)."
1328,"Sustantivo fuerte: explica por qué las mujeres de la mayoría etnorreligiosa en la costa de Bangladesh son más vulnerables que las minoritarias, en contraste con los privilegios de clase habituales (I=1), mediante normas patriarcales que limitan su acceso a redes y recursos (II=1). Integra contexto y justicia; la agencia femenina aparece marginalmente (VI=0.5)."
1329,"Supera el gate al vincular crisis carcelaria y climática con racismo estructural y privación económica que afectan a comunidades racializadas, pobres y con discapacidad. Destaca el análisis de impulsores estructurales (II=1) y las propuestas de descarcelación y descarbonización (V=1), pero enumera los ejes sin co-construcción (I=0.5), no tiene diseño empírico (IV=0) ni reconoce agencia (VI=0)."
1330,"Supera el gate porque reformula la resiliencia frente a sistemas de opresión entrelazados enraizados en la colonialidad del poder. Destaca en poder estructural y orientación a la justicia (II y V en 1); como revisión no operacionaliza intersecciones (IV=0), y el anclaje chileno, la agencia y las identidades entrelazadas quedan apenas esbozados."
1331,"Pasa el gate de forma mínima: estudia colectivos de mujeres pobres en la costa rural de Bangladesh y concluye que la adaptación comunitaria debe enmarcar el género interseccionalmente. Todos los criterios quedan en nivel parcial: la clase permanece implícita (I=0.5), los obstáculos se atribuyen a normas y supuestos de ONG sin teorizar poder (II=0.5)."
1332,"Gate no superado: la lectura feminista de las crisis superpuestas del cambio climático y la COVID-19 sostiene que ambas coproducen injusticias estructurales, materiales y discursivas. Lo interseccional se aplica a la superposición de crisis y no a categorías sociales; el resumen no nombra ni relaciona ejes de diferenciación, por lo que todo queda en cero."
1333,Supera el gate por poco: relaciona el impacto climático en las mujeres con la edad y el lugar como características interseccionales. Todo lo demás es análisis de género sin teoría estructural (II=0) ni método interseccional (IV=0); el contexto indio y las recomendaciones de política suman 0.5 cada uno y la integración es nula.
1334,"Gate no superado: el capítulo examina los vínculos entre cambio climático, derechos humanos y pobreza, identifica grupos vulnerables y revisa marcos de interseccionalidad, dignidad y justicia con algunos ejemplos. Las intersecciones son temáticas y la pobreza aparece como único eje; el resumen no relaciona categorías de diferenciación social entre sí."
1335,"Pasa el gate por analizar a jóvenes indígenas y abuelas octogenarias criminalizados como defensores de la tierra en Canadá. Destacan el análisis del poder colonial-judicial (II=1), el contexto del oleoducto en territorio no cedido (III=1) y la resistencia solidaria (VI=1); la interseccionalidad se limita a nombrar posiciones y solidaridades (I=0.5)."
1336,"Gate no superado: el artículo pide integrar la justicia climática, la justicia racial y la transición justa en la recuperación pospandemia, y señala la exposición de personas negras, morenas e indígenas. Esos grupos se enumeran sin entrelazar ejes, la intersección descrita es entre pandemia y clima, y la interseccionalidad aparece como recomendación."
1337,"Pasa el gate porque, además de infancia y generación, problematiza el heroísmo individualizado de niñas, articulando edad y género en la cobertura de editoriales canadienses. Sin embargo, todo queda en nivel parcial: el género entra de forma descriptiva (I=0.5), el poder se analiza como discurso sin estructuras (II=0.5) y la agencia se aborda solo como representación (VI=0.5)."
1338,"Revisión integradora sobre la contextualización de los primeros auxilios psicológicos en desastres y emergencias diversos, elegible por tratar desastres en general. No supera el gate: la intersección de edad, género y nivel socioeconómico solo se invoca en la recomendación clínica final, sin que la síntesis relacione esos ejes."
1339,"Ponencia sobre crimen, victimización y desarrollo sostenible que menciona desigualdades interseccionales, pero el clima es solo un horizonte de investigación futura."
1340,"Supera el gate con dudas: entre los problemas de diferenciación en la red Occupy Sandy identifica las posiciones interseccionales y la marginación situada más allá de los marcadores identitarios. El resumen, muy breve, solo permite puntuaciones parciales en identidades, poder, contexto, justicia y agencia (0.5) y no muestra un método interseccional (IV=0)."
1341,"Supera el gate con dudas: usa la interseccionalidad como heurística y concluye que la vulnerabilidad varía dentro de las categorías sociales por la intersección de varios factores, sin nombrarlos. Documenta estrategias de los hogares (VI=1), pero no teoriza poder (II=0) ni justicia (V=0); identidades, contexto y método quedan en 0.5."
1342,"Supera el gate al relacionar discapacidad y nivel socioeconómico con el acceso a servicios digitales en desastres mediante arquetipos de grupos interseccionalmente vulnerables. Puntúa bajo porque atribuye la desigualdad a la falta de conciencia en el diseño (II=0), carece de contexto y datos (III=0, IV=0) y solo sugiere el Diseño Universal como remedio (V=0.5)."
1343,"Experiencia docente de DEI con atención a intersecciones de raza, género y clase, pero sin objeto climático más allá de la alusión del título."
1344,"Capítulo de teología ecofeminista sobre crisis y justicia climáticas que trata el nexo mujer-naturaleza, sin invocar la interseccionalidad en sentido social."
1345,"Supera el gate con dudas: a partir de Plumwood, vincula dualismos presentes en todas las formas de opresión y entrelaza el ecofeminismo con el racismo sistémico. Destaca en crítica estructural e ideológica y en orientación a la justicia racial (II y V en 1), pero carece de contexto, método y agencia de sujetos."
1346,"Supera el gate porque atribuye las vulnerabilidades a desigualdades de género e interseccionales y usa una lente de subjetividades interseccionales en comunidades rurales de Ghana. Puntúa alto en poder, justicia y agencia (II, V y VI en 1), pero el análisis se concentra en el género (I=0.5) y el método participativo no opera intersecciones explícitas."
1347,Agenda de desarrollo para África subsahariana sobre el nexo alimento-energía y la resiliencia climática que usa 'interseccional' en sentido intersectorial.
1348,"Gate no superado: el capítulo presenta como caso vivo un congreso de economía ecológica en Waterloo organizado como desconferencia y describe seis iniciativas orientadas a la justicia climática, la solidaridad y la colaboración. Sostiene que los ODS deben avanzar el feminismo interseccional, pero lo usa como etiqueta programática sin relacionar ejes de diferenciación social."
1349,"Libro sobre efectos ambientales y climáticos durante la COVID-19 que usa 'intersectionality' como cruce entre campos disciplinares, sin sentido social."
1350,"Supera el gate al presentar nivel socioeconómico, género, edad, raza y etnicidad como factores interconectados de vulnerabilidad climática. Como capítulo normativo sobre pérdidas y daños, destaca su orientación a la equidad y los derechos (V=1), pero enumera los ejes sin co-construcción (I=0.5), nombra la discriminación sistémica sin teorizarla (II=0.5) y carece de método (IV=0)."
1351,Gate no superado: la revisión crítica de doce estudios en países de ingresos bajos y medios examina cómo las expectativas de género aumentan la vulnerabilidad de las mujeres ante amenazas naturales y formula recomendaciones. El análisis es de un solo eje y la complejidad interseccional del género queda como agenda de investigación futura.
1352,"Supera el gate al sostener que la intersección de edad, género y ubicación restringe las decisiones e ingresos de las mujeres jóvenes en hogares agrícolas de Ghana (I=1), dinámica que el cambio climático agrava. El abstract, breve, no describe método (IV=0) ni orientación a la justicia (V=0), y presenta a las mujeres sin agencia (VI=0)."
1353,"Gate no superado: la revisión sistemática evalúa cómo las intervenciones de adaptación urbana afectan la igualdad de género según el ODS 5, con efectos positivos en agencia y mixtos en otras áreas. Género, ingreso, casta y etnia se enumeran sin relacionarse, y el enfoque interseccional y relacional se plantea como agenda pendiente."
1354,"Supera el gate al estimar interacciones entre educación, edad y diversificación de medios de vida que diferencian a las agricultoras latinoamericanas, interpretadas como interseccionalidades (I=1, IV=1). Sin embargo, trata los factores como atributos individuales sin teorizar poder estructural (II=0), con contexto superficial (III=0.5) y sin reconocer agencia (VI=0)."
1355,"Pasa el gate de forma mínima al identificar la autoridad de Ancianos y el poder compartido entre mujeres y hombres en una comunidad indígena australiana. Destacan el análisis de prácticas coloniales que aumentan el riesgo (II=1), el contexto de Galiwinku (III=1) y la agencia de los saberes indígenas (VI=1); la interseccionalidad no organiza el análisis (I=0.5)."
1356,"Pasa el gate con ejes aditivos: sintetiza disparidades en la asistencia tras inundaciones para inquilinos, hogares de bajos ingresos y minorías raciales en Estados Unidos, pero como grupos paralelos (I=0.5, IV=0). Nombra impulsores institucionales sin teorizar estructuras (II=0.5) y solo apunta implicaciones para programas y datos (V=0.5)."
1357,"Supera el gate al vincular la invisibilización de un proyecto agroforestal feminista de Trinidad con discursos de raza, género y geografía. Destacan el contexto cultural situado (III=1), la agencia y los saberes comunitarios (VI=1) y la orientación a la equidad (V=1), aunque los ejes se nombran sin analizar su co-construcción (I=0.5) ni sus mecanismos (II=0.5)."
1358,"Supera el gate al analizar barrios de mayoría negra de Washington desde el capitalismo racial y los impulsores interseccionales de precariedad. Integra poder estructural (II=1), historia situada de racismo ambiental y habitacional (III=1), agencia como ética del cuidado (VI=1) y justicia abolicionista (V=1); las posiciones interseccionales concretas quedan poco detalladas (I=0.5)."
1359,"Gate no superado: el capítulo analiza la relación entre la acción climática de la Unión Europea y su agenda de igualdad de género, y sostiene que esta área tradicionalmente ciega al género podría volverse más justa. La interseccionalidad solo se menciona como enfoque de unos pocos autores, sin relacionar ejes de diferenciación."
1360,"Supera el gate al vincular género con la posición poscolonial de las mujeres africanas y maasai. Destacan el poder estructural (crítica decolonial y ecofeminista del discurso de desarrollo, II=1) y el anclaje histórico en Maasailand (III=1); la agencia se reivindica sin documentarse (VI=0.5) y, al ser un análisis discursivo, carece de método interseccional (IV=0)."
1361,"Supera el gate porque el informe reseñado discute cómo el género y sus intersecciones con otras desigualdades median los impactos climáticos en el Ártico. Su fuerza está en las recomendaciones de política (V=1); el entrelazamiento, el poder, el contexto y la agencia solo se enuncian (0.5) y no hay método propio (IV=0)."
1362,"Usa la interseccionalidad en sentido social, pero el cambio climático es solo una de varias áreas de sostenibilidad enumeradas y no forma parte del objeto del estudio."
1363,"Sustantivo en identidades y método: compara agricultoras según sistema de parentesco y estado civil, mostrando posiciones específicas como la de las viudas patrilineales (I=1, IV=1), con contexto situado en Bamenda (III=1). El encuadre cultural limita la teorización del poder patriarcal (II=0.5) y la orientación a la justicia (V=0.5)."
1364,"Supera el gate porque examina el poder ligado al género junto con otros factores sociales que se cruzan en las instituciones climáticas. Destaca el marco institucionalista feminista, que explica cómo las instituciones reproducen relaciones de poder (II=1); el entrelazamiento es secundario (I=0.5), sin método interseccional (IV=0) ni atención a la agencia."
1365,"Supera el gate con baja confianza, tratando el lugar (aislamiento rural posconflicto) como eje junto al género. El tratamiento es más aditivo que constitutivo (I=0.5), el método mixto describe diferencias sin modelar interacciones (IV=0.5) y no teoriza estructuras de poder (II=0); el cambio climático opera como factor agravante del marco."
1366,"Sustantivo en identidades y poder: conceptualiza el estatus ocupacional feminizado como posición en la que género y clase se combinan (I=1) dentro de un marco de patriarcado racializado del desastre (II=1), con orientación explícita a la justicia (V=1). El método exploratorio con un solo grupo limita IV=0.5 y el contexto es escueto."
1367,"Ensayo teórico que supera el gate al tratar género, raza y clase como desigualdades entrelazadas en las organizaciones. Puntúa alto en poder estructural (crítica al capitalismo y al patriarcado, II=1) y en orientación transformadora (V=1), pero carece de contexto situado (III=0) y de operacionalización empírica (IV=0); el cambio climático es uno de tres desafíos."
1368,"Gate no superado con dudas: el estudio de las leyes climáticas y planes de adaptación de Brasil y Colombia evalúa si incorporan un enfoque de derechos humanos en salud. Alude a desigualdades socioeconómicas entrelazadas y a grupos marginados, pero no nombra ni relaciona categorías sociales; confianza baja por esa mención de desigualdades entrelazadas."
1369,"Supera el gate porque reclama integrar sexo, casta y clase en la conceptualización del género, pero el análisis de los 28 planes es de un solo eje y la interseccionalidad aparece solo como recomendación (I=0.5, IV=0). Su fuerza está en la orientación a políticas género-transformadoras (V=1); los sujetos no aparecen como agentes."
1370,"Gate no superado: el artículo muestra cómo el desarrollo sobre suelo ganado al mar, el cambio climático y el envejecimiento con más personas mayores viviendo solas crean nuevas vulnerabilidades a inundaciones costeras en Hong Kong. Lo que se cruza son circunstancias y no ejes sociales, y la interseccionalidad queda como tarea futura."
1371,"Sustantivo: combina ecología política feminista e interseccionalidad infraestructural para mostrar cómo la transición solar reparte cargas según género y casta (I=1), explicadas por acumulación de capital y violencia infraestructural (II=1) en Gujarat (III=1). El resumen no describe el método (IV=0.5) y presenta a los campesinos solo como afectados (VI=0)."
1372,"La interseccionalidad invocada designa el cruce entre comunidades de docentes y coaches de escritura, no entre categorías sociales, y el huracán solo aparece como disrupción de contexto."
1373,"Sustantivo fuerte: analiza cómo órdenes normativos plurales sobre la tierra y posiciones cruzadas de estado civil, etnia, educación y comunidad lingüística o religiosa configuran la adaptación de agricultoras (I=1, II=1), en contextos cameruneses diferenciados (III=1) y documentando negociaciones (VI=1). El resumen no describe el método (IV=0.5) y las recomendaciones apenas se esbozan (V=0.5)."
1374,"Sustantivo en método: modela interacciones bidireccionales entre raza, sexo y nivel socioeconómico y las interpreta como posiciones entrelazadas (I=1, IV=1). El poder estructural se nombra sin detallar mecanismos (II=0.5), el contexto estadounidense es genérico (III=0.5) y la agencia de las mujeres de color se infiere más que se documenta (VI=0.5)."
1375,"Supera el gate porque define el enfoque interseccional como estudio de múltiples ejes de identidad y sistemas kyriárquicos de opresión, ilustrado con la población nómada irlandesa. Destaca en poder estructural y justicia (II y V en 1); al ser una propuesta de agenda, el entrelazamiento, el contexto y la agencia quedan en 0.5 y no hay método."
1376,"Revisión comparada que incluye los huracanes Katrina y María, por lo que se admite como elegible con baja confianza. No supera el gate: su trauma interseccional acumula estresores ligados a raza o etnia, y la clase solo se menciona junto a la raza en disparidades de COVID-19, sin articularse como eje relacionado."
1377,"Aplica la interseccionalidad de raza, etnia y edad al maltrato de personas mayores, pero el contexto es la pandemia de COVID-19, una amenaza no climática."
1378,"Sustantivo fuerte: muestra posiciones específicas (mujeres sin cualificación, migrantes en asentamientos informales, pastores mayores, quechuahablantes) donde género, edad, estatus migratorio y lengua interactúan con estructuras de poder (I=1, II=1), con muestreo amplio en cuatro distritos de Caylloma (III=1, IV=1) y agencia documentada en espacios de adaptación (VI=1); la orientación a la justicia es implícita (V=0.5)."
1379,"Supera el gate con baja confianza: las niñas y mujeres maasai empobrecidas por el cambio climático combinan género, edad y clase, aunque el término interseccional es ambiguo. El análisis se centra en normas de género (I=0.5), el muestreo no cruza subgrupos (IV=0) y las mujeres aparecen solo como afectadas (VI=0)."
1380,"Estudio interseccional sobre violencia de pareja en mujeres latinas indocumentadas; el clima solo aparece como clima político, sin relación con el cambio climático."
1381,Introducción a una colección sobre el desastre nuclear de Fukushima; lo interseccional alude a una colaboración interdisciplinar y la amenaza no es climática.
1382,"Editorial de un foro sobre el monzón cuyas comprensiones interseccionales cruzan dominios estéticos, ontológicos y ambientales, sin referencia a categorías sociales ni a sistemas de opresión."
1383,Analiza interseccionalmente el sentido de pertenencia de estudiantes de informática durante la COVID-19; el cambio climático solo figura en una lista de preocupaciones de contexto.
1384,"Usa lo interseccional en sentido social para pensar la identidad lésbica, pero el cambio climático solo se nombra de pasada en la última frase, sin formar parte del objeto."
1385,"Diálogo que propone una agenda sociolingüística de justicia climática; supera el gate con baja confianza porque un comentario une género y colonialidad en identidades nacionales argentinas. Destaca la orientación a la justicia y la acción (V=1), pero sin método (IV=0) y con comentarios yuxtapuestos que no integran los elementos (integración=0)."
1386,"Falso positivo: modelización de la distribución de árboles forrajeros en China donde lo interseccional pertenece a la teoría de conjuntos, sin contenido social ni objeto climático propio."
1387,"No supera el gate: el capítulo revisa un ensayo sobre masculinidad, naturaleza y ecofeminismo y cierra proponiendo una comprensión interseccional de la crisis climática, pero el único eje social trabajado es el género (masculinidades); las palabras clave sobre infancia, animales o capitaloceno aparecen sueltas, sin articularse entre sí. Criterios en cero."
1388,"Comentario que supera el gate al nombrar pobreza, lugar y raza como fuentes de vulnerabilidad acumulada ante riesgos climáticos. Sin embargo, la lógica es acumulativa más que constitutiva (I=0.5), no teoriza estructuras de poder (II=0), carece de contexto y método (III=0, IV=0) y sus recomendaciones de política son genéricas (V=0.5)."
1389,"Falso positivo: antropología forense sobre la identificación de soldados caídos en Tarawa, donde la intersección es entre identidad biológica y social, sin interseccionalidad ni clima."
1390,"Analiza la participación de organizaciones de mujeres en la financiación climática de la CMNUCC; la intersección citada es entre dos temas, no entre categorías sociales o sistemas de opresión."
1391,"Poema-análisis crítico sobre COVID-19, racismo estructural y violencia policial con el clima como metáfora; las intersecciones son entre amenazas superpuestas centradas en la raza, no entre categorías sociales."
1392,Propuesta sobre la poesía como praxis para una promoción de la salud epistémicamente justa; las intersecciones mencionadas son entre amenazas y el cambio climático solo aparece como contexto inicial.
1393,"Supera el gate con baja confianza: la etnicidad indofiyiana y la posición ocupacional en la pesca artesanal se relacionan mediante el acceso a recursos y ayudas. El análisis desagrega por rol sin tratar los ejes como co-constitutivos (I=0.5, IV=0.5) y nombra relaciones de poder sin teorizarlas (II=0.5); el contexto temporal es preciso pero escueto."
1394,"Supera el gate y, por la clasificación cruzada de raza e ingreso interpretada como posición combinada de comunidades negras de bajos ingresos, obtiene I=1 e IV=1. La segregación racial se nombra sin teorizar mecanismos (II=0.5), la recomendación de focalizar recursos es breve (V=0.5) y las comunidades aparecen solo como afectadas (VI=0)."
1395,"Pasa el gate por teorizar que el potencial de transformación individual se construye mediante relaciones sociales interseccionales desde un enfoque de género, aunque no nombra otros ejes (I=0.5). Poder estructural apenas esbozado (II=0.5), sin contexto situado ni método interseccional (III=0, IV=0); orientación a la equidad mencionada sin desarrollo (V=0.5). Abstract escueto."
1396,"Estudia impactos acumulados del cambio climático y el envejecimiento de la flota pesquera de Oregón; la interseccionalidad nombra la combinación de impulsores de cambio, no de categorías sociales o sistemas de opresión."
1397,"Análisis literario de resistencia anticolonial en ciencia ficción indígena y palestina; la intersección es entre campos de estudio y el cambio climático funciona como escenario narrativo, no como objeto."
1398,"Manual de investigación feminista sobre paz; la intersección que menciona es entre temas y el cambio climático aparece solo como un subtema enumerado, sin formar parte del objeto."
1399,"No supera el gate: la nota propone un enfoque analítico para escenarios de inundaciones extremas y trayectorias de recuperación diferenciadas entre grupos sociales, con atención a poder y política, pero no nombra ni relaciona ejes de diferenciación social; la interseccionalidad aparece únicamente en las palabras clave. Criterios e integración en cero."
1400,"No supera el gate: el estudio cualitativo con personas con discapacidad en dos estados de México trata un único eje de diferenciación y solo invoca un enfoque interseccional e inclusivo en la conclusión, sin vincular la discapacidad con género, clase, etnia u otras categorías. Por regla, criterios e integración quedan en cero."
1401,"Marco conceptual sobre la vulnerabilidad social de personas con discapacidad ante las políticas de la COVID-19; usa la interseccionalidad, pero la amenaza es sanitaria y los desastres naturales solo se mencionan al final."
1402,Aborda la intersección de minoría racial y sexual en el tratamiento de opioides para personas trans en Puerto Rico durante la COVID-19; los huracanes de 2017 son solo contexto histórico.
1403,"Manual sobre religión, género y sociedad que menciona la interseccionalidad entre sus temas; el cambio climático es solo un ítem más de una lista, sin formar parte del objeto."
1404,"Exploración interseccional de cómo raza, género y orientación sexual afectan la docencia sobre privilegio; el único clima mencionado es el político, sin relación con el cambio climático."
1405,"Manual de política ambiental comparada que menciona las inequidades interseccionales, pero el cambio climático aparece solo en una lista de temas ambientales, sin constituir el objeto de la obra."
1406,Entrevistas a jóvenes cristianos estadounidenses sobre identidad religiosa y nacional; el término clima solo se usa en sentido político y no hay vínculo con el cambio climático.
1407,"No supera el gate: la revisión sobre efectos colaterales de la política climática china invoca una perspectiva interseccional y de transición justa para examinar compensaciones entre metas sociales, pero no identifica grupos ni ejes de diferenciación social, por lo que el término funciona casi como sinónimo de enfoque transversal. Criterios en cero."
1408,Aplica un lente interseccional a los cambios de trabajo y familia durante la COVID-19 en Estados Unidos; la pandemia es una amenaza no climática y no hay vínculo con el clima.
1409,Reflexión sobre relaciones multiespecie en el espacio urbano y nuevos imaginarios jurídicos; lo interseccional no se refiere a categorías sociales y la emergencia climática solo sirve de telón de fondo.
1410,"No supera el gate: el artículo analiza barreras doctrinales del derecho de daños frente a litigios climáticos en Nueva Zelanda y Australia y sugiere incorporar perspectivas jurídicas críticas interseccionales a la docencia, sin identificar ejes de diferenciación social ni relacionarlos entre sí. La interseccionalidad es una mención pedagógica. Criterios en cero."
1411,"Pasa el gate con dudas: afirma que determinantes sociales entrecruzados definen quién puede migrar y quién queda inmóvil, aunque sin nombrar ejes (I=0.5). Carece de teorización del poder (II=0) y de método interseccional (IV=0); contexto regional amplio (III=0.5) e implicaciones de política sin desarrollo (V=0.5). Predomina el tono de agenda."
1412,"Pasa el gate por teorizar la violencia estructural vivida en la intersección de identidades políticas y sociales, aunque sin precisar ejes (I=0.5). Destaca el poder estructural y la crítica al crecimiento (II=1) y la orientación transformadora vía decrecimiento (V=1); al ser conceptual, carece de contexto situado, método y agencia (III, IV, VI=0)."
1413,"Revisión sobre vulnerabilidades ante eventos climáticos de evolución lenta en Pakistán; lo interseccional se aplica a tipos de vulnerabilidad, de forma ambigua. No supera el gate: género, nivel socioeconómico, desplazamiento y migración se enumeran como subgrupos marginados separados, sin articularse entre sí."
1414,Ensayo literario sobre la cultura de guerra y las subjetividades queer que usa la interseccionalidad en sentido social; la crisis climática es solo una mención dentro de uno de los enfoques enumerados.
1415,"Supera el gate al cruzar género y estatus migratorio en la inseguridad alimentaria ligada a adquisiciones de tierra. Por las probabilidades estimadas para categorías combinadas, obtiene I=1 e IV=1; el marco de ecología política nombra relaciones de poder sin teorizar mecanismos (II=0.5), y la recomendación final es breve (V=0.5)."
1416,"No supera el gate: el ensayo reflexiona sobre la ética de las declaraciones arquitectónicas frente a la emergencia climática y exhorta a la profesión a practicar colectividad e interseccionalidad, pero la interseccionalidad es una consigna normativa sin identificar ni relacionar ejes de diferenciación social. Criterios e integración en cero."
1417,"Supera el gate al teorizar la interseccionalidad como sistemas de opresión entrelazados en la recuperación posdesastre. Destacan el poder estructural (II=1), la crítica a la recuperación neoliberal (V=1) y la agencia narrada por las mujeres (VI=1), bien integrados; el abstract solo detalla el género y el método de historias de vida no opera intersecciones explícitamente (I, IV=0.5)."
1418,Aplica un enfoque de género e interseccional al abastecimiento de alimentos en Wuhan durante el confinamiento por COVID-19; la amenaza es sanitaria y no hay vínculo con el clima.
1419,"No supera el gate: el artículo desarrolla una perspectiva infantocéntrica (childism) sobre responsabilidad climática con entrevistas a niños de Sudáfrica y Suecia, pero solo revisa la interseccionalidad como antecedente teórico y trabaja un único eje, la edad, sin vincularlo con raza, clase o género; la comparación entre países no articula ejes."
1420,"Supera el gate al vincular clase trabajadora y género en los daños del agroextractivismo de las renovables corporativas. Destacan el análisis estructural de la economía política (II=1), el anclaje histórico en Guatemala (III=1) y la crítica transformadora (V=1); el género aparece como agravante secundario (I=0.5) y el método no se describe (IV=0.5)."
1421,"Lectura ecofeminista de una novela sudafricana; la sequía es escenario narrativo y el análisis trata la marginación neoliberal, la pobreza y la violencia sexual, sin abordar el clima como objeto."
1422,"Estudio cualitativo interseccional sobre madres lesbianas afroamericanas; el único clima mencionado es el político tras las elecciones de 2016, sin vínculo con el cambio climático."
1423,Usa la teoría interseccional para estudiar a padres y madres adoptivos de minorías sexuales tras las elecciones de 2016; el clima aludido es político y no hay objeto climático.
1424,"Marco interseccional crítico aplicado a personas trans latinas inmigrantes en Florida bajo la administración Trump; el clima mencionado es político, sin relación con el cambio climático."
1425,"No supera el gate: el texto pide repensar la política climática de modo interseccional, pero las intersecciones que examina son entre problemas públicos (caos climático, inmigración, salud, encarcelamiento masivo, empleo) y no entre categorías sociales como raza, género o clase relacionadas entre sí. Es un uso temático del término. Criterios en cero."
1426,"No supera el gate: la lectura ecofeminista y gótica de la película mother! se declara interseccional, pero su análisis gira en torno a la equiparación esencialista entre mujer y naturaleza y la lógica patriarcal; la teología cristiana y la historia estadounidense funcionan como marcos culturales, no como ejes sociales entrelazados con el género."
1427,"No supera el gate: el artículo combina ecocrítica bíblica y teoría queer para cuestionar el discurso de futuridad reproductiva del movimiento climático y defender uno interseccional, pero solo trabaja la sexualidad como eje de diferenciación, sin relacionarla con raza, clase, género u otras categorías. Criterios e integración en cero."
1428,"Supera el gate por la figura del sujeto joven y masculino como formación interseccional, pero el entrelazamiento de edad y género no se desarrolla (I=0.5). El marco de ensamblajes aporta crítica del poder discursivo sin nombrar estructuras (II=0.5); al ser conceptual con caso sirio ilustrativo, no opera intersecciones (IV=0) ni documenta agencia (VI=0)."
1429,"El marco decolonial es decisivo: muestra cómo espacio, políticas y organización de la COP25 reproducen estructuras coloniales (II=1) y documenta el activismo juvenil orientado a la justicia climática indígena (V=1, VI=1). La exclusión interseccional, sin embargo, se define de forma genérica, sin analizar cómo juventud e indigeneidad se co-construyen (I=0.5), lo que limita la integración."
1430,Ensayo interseccional sobre la COVID-19 en Estados Unidos; la pandemia no es una amenaza climática y la tormenta es metafórica.
1431,"Análisis de género e interseccionalidad ante la COVID-19 y la educación en línea, sin objeto climático."
1432,"No supera el gate: el capítulo presenta la herramienta de evaluación de vulnerabilidad y riesgo de Oxfam aplicada en Darfur y enumera riesgos climáticos, carencias de servicios y desigualdades de género como problemas separados; no relaciona ejes de diferenciación social y la interseccionalidad aparece solo entre las palabras clave. Criterios en cero."
1433,Libro sobre pedagogía actoral queer en el que la intersección es entre campos y el clima aparece solo de pasada.
1434,Revisión con keyword interseccional sobre COVID-19 y minorías sexuales y de género; la pandemia no es una amenaza climática.
1435,"Análisis interseccional de medios sobre un tiroteo masivo, ajeno al cambio climático."
1436,Litigio climático de un pueblo indígena ártico sin marco interseccional: la intersección mencionada es solo temática.
1437,"La clasificación cruzada de raza y educación, interpretada como posición combinada de mujeres negras universitarias, justifica I=1 e IV=1 según la regla cuantitativa. El racismo solo se nombra (II=0.5), el contexto de Minnesota es geográfico sin historia (III=0.5) y el abstract es descriptivo, sin orientación a la justicia ni agencia (V=0, VI=0)."
1438,"Marco kyriarcal e interseccional explícito, pero el clima es una mención incidental dentro de una enumeración."
1439,"Infraestructura verde para la adaptación urbana en la que 'intersectional' significa desafíos interconectados, no interseccionalidad social."
1440,"Supera el gate con holgura mínima: el ensayo revisa solo el género, mientras raza y clase entran vía el Green New Deal sin análisis de su entrelazamiento (I=0.5). Lo decisivo es la orientación transformadora explícita hacia la justicia climática (V=1); el poder estructural y el contexto quedan enunciados (II=0.5, III=0.5)."
1441,"No supera el gate: el glosario aclara términos de cambio climático para la salud pública y su relación con la equidad sanitaria, pero los determinantes interseccionales de la salud solo se señalan como oportunidad futura de investigación, sin identificar ejes de diferenciación ni relacionarlos. Es una mención de agenda. Criterios en cero."
1442,Exclusión interseccional de refugiados con discapacidad en la educación; el clima es contexto incidental.
1443,"Interseccionalidad de género, raza y estatus migratorio en refugios británicos, donde el 'clima' es político."
1444,"Exclusión interseccional en la industria sexual en cuatro países, sin ningún objeto climático."
1445,"No supera el gate, con dudas: el capítulo ofrece principios de competencia cultural para servicios de salud mental en desastres y trata la diversidad cultural y étnica como eje principal; las intersecciones de identidades sociales solo aparecen como invitación de cierre, sin articular cómo se cruzan las categorías. Criterios en cero."
1446,"Supera el gate al examinar diferencias entre mujeres agricultoras según edad, estado civil y residencia, pero esos ejes funcionan como factores sociodemográficos más que como posiciones co-construidas (I=0.5, IV=0.5). Lo más sólido es la documentación de percepciones y estrategias propias de adaptación (VI=1); poder, contexto y justicia quedan parciales (II, III, V=0.5)."
1447,"Descolonización de la educación médica con mención interseccional, donde el clima es una referencia incidental."
1448,"Currículo climático desde la ecología queer, donde 'intersectional' tiene sentido interdisciplinar y no interseccional social."
1449,"Marco interseccional de justicia en el reverdecimiento urbano cuyas aplicaciones son salud y recreación, no el clima."
1450,"No supera el gate: el estudio cualitativo analiza cómo en las COP el equilibrio de género se impone sobre la igualdad de género y declara usar una lente interseccional, pero solo trabaja el eje de género; los estratos sociales y las divisiones del espacio se mencionan sin relacionarse con él como posiciones entrelazadas."
1451,"Métodos feministas e interseccionalidad en un clima político de posverdad, no climático."
1452,"Pasa el gate con dudas porque identifica como hallazgo el cruce de la discapacidad con otras dimensiones de vulnerabilidad, aunque sin desarrollarlo (I=0.5). La revisión no teoriza estructuras de poder (II=0) ni opera intersecciones (IV=0); ofrece recomendaciones de inclusión y empoderamiento (V, VI=0.5) yuxtapuestas al tema interseccional (integración=0)."
1453,"No supera el gate: el artículo explora, desde Barad y el nuevo materialismo, una educación climática basada en la intra-acción y en identidades humanas y más-que-humanas, con ejemplos de un curso universitario; no nombra ni relaciona ejes de diferenciación social, y la interseccionalidad figura solo como palabra clave. Criterios en cero."
1454,"No supera el gate: el capítulo revisa los vínculos entre género y ambientalismo, el ecofeminismo y las vulnerabilidades ambientales de las mujeres, y usa interseccionalidad para nombrar el cruce entre género y medio ambiente; aunque invoca una lente interseccional contra generalizaciones, no relaciona el género con otras categorías sociales. Criterios en cero."
1455,"Historia de montañistas soviéticas durante la distensión, cuyo desastre no se vincula con el clima."
1456,"El vínculo climático es la migración como adaptación. Supera el gate porque género, generación y estatus socioeconómico se tratan como ejes que se cruzan, aunque sin analizar su co-constitución (I=0.5, IV=0.5). Documenta las remesas como estrategias de resiliencia (VI=1), pero carece de orientación a la justicia (V=0) y de teorización estructural (II=0.5)."
1457,"Supera el gate al relacionar género, pobreza y ruralidad y cuestionar a las mujeres como categoría homogénea, aunque sin analizar la co-constitución de esos ejes (I=0.5). Lo decisivo es la apuesta explícita por una resiliencia transformadora (V=1); como capítulo conceptual de alcance global, no opera intersecciones empíricamente (IV=0) ni se sitúa en un contexto concreto (III=0)."
1458,"Revisión sobre seguridad ante incendios en escuelas, sin interseccionalidad social ni vínculo climático."
1459,"Nota feminista interseccional sobre la COVID-19, sin objeto climático."
1460,"Etnografía interseccional sobre migración e inseguridad alimentaria en la que el clima es contexto incidental, no objeto."
1461,"Sustantivo fuerte: el análisis de redes muestra que mujeres indígenas y jóvenes quedan fuera del núcleo de gobernanza, aunque ellas sostienen la organización, lo que evidencia posiciones no aditivas (I=1, IV=1). El colonialismo de asentamiento y el heteropatriarcado explican esa exclusión (II=1), con agencia documentada y una propuesta descolonizadora explícita (V=1, VI=1)."
1462,"Análisis interseccional de salud adolescente en Etiopía en el que la sequía es un hallazgo incidental, no parte del objeto."
1463,"Supera el gate al relacionar clase, género, edad y lugar en la construcción del riesgo climático (I=1). Pero el poder estructural se nombra sin mecanismos concretos (II=0.5), el contexto sueco es somero, el método narrativo no detalla cómo opera las intersecciones (IV=0.5) y las implicaciones para la adaptación no se orientan explícitamente a la justicia."
1464,"No supera el gate: a partir de entrevistas con cinco integrantes de la Coalición Feminista por un Green New Deal, el artículo describe su análisis feminista interseccional, sus principios de cuidado y regeneración y la construcción de movimiento, pero el abstract no identifica ni relaciona ejes de diferenciación más allá del género. Criterios en cero."
1465,"Pasa el gate con dudas: la revisión plantea que las transiciones bajas en carbono afectan género y equidad social de manera interseccional, aunque sin precisar ejes (I=0.5). Señala la replicación de asimetrías de poder en los nuevos regímenes energéticos (II=0.5) y sus implicaciones de justicia (V=0.5), sin método interseccional ni agencia (IV, VI=0)."
1466,"Ensayo junguiano sobre el trauma racial de Katrina que usa la intersección como cruce temático, sin sentido interseccional social."
1467,"Estudio interseccional sobre la educación de estudiantes latinas con DACA en el que el clima es político, no físico."
1468,"Supera el gate por la intersección de edad y género, aunque los resultados tratan género, edad y clase casi por separado (I=0.5). Destacan el contexto rural semiárido del noroeste de México, bien situado (III=1), y la agencia juvenil en decisiones de sustento y migración (VI=1); el método no se describe y el poder estructural apenas se teoriza."
1469,Nota sobre métodos de evaluación del desarrollo en la que el clima es una mención incidental.
1470,"No supera el gate: el editorial presenta un número especial sobre migración y conflicto en contexto de calentamiento global, con perspectivas poscoloniales y críticas de la securitización; los enfoques interseccionales se enumeran entre las aproximaciones incluidas, pero no se nombran ni relacionan ejes de diferenciación social. Criterios e integración en cero."
1471,"Aplica la regla cuantitativa: las interacciones entre raza, género e ingreso en un modelo de elección discreta, enmarcadas como interseccionalidad, dan I=1 e IV=1. En cambio, no articula poder estructural (II=0), el contexto es superficial y la agencia está ausente; la elegibilidad climática descansa en la regla de desastres sin amenaza especificada."
1472,Liderazgo interseccional en psicología latinx sin vínculo con el cambio climático.
1473,"No supera el gate: el artículo analiza obras de tres artistas feministas sobre la Antártida que vinculan cambio climático con género, territorio, producción de conocimiento e imperio, frente a la iconografía masculinista de la exploración; estos temas se enumeran y el adjetivo interseccional califica las obras sin articular ejes sociales entrelazados. Criterios en cero."
1474,"Vulnerabilidad infantil tras un desastre tecnológico, fuera del ámbito climático."
1475,Manual de salud pública sobre discapacidad en el que los desastres son un tema incidental.
1476,Reflexión ecuménica sobre sesgos raciales y de género en la que el clima es una mención de contexto.
1477,"Introducción a un número especial sobre género y crisis en la acción exterior europea, con el clima como mención incidental."
1478,"Supera el gate porque las sobrevivientes latinas implican etnia y género, pero el abstract, breve, no muestra cómo se co-construyen esos ejes (I=0.5) ni nombra estructuras de poder (II=0). El caso del tornado de Tuscaloosa está situado de forma escueta, el diseño interseccional no se detalla (IV=0.5) y no aparece la agencia (VI=0)."
1479,"Supera el gate al vincular género y condición de agricultoras de subsistencia en Kenia. Sobresalen el análisis multinivel de dinámicas de poder (II=1) y la orientación transformadora con reflexividad investigadora (V=1), pero los ejes distintos del género no se nombran (I=0.5) y el método no se describe (IV=0.5), lo que limita la integración."
1480,"Texto interseccional sobre raza, sexo y clase de las latinas, sin vínculo con el cambio climático."
1481,"Sustantivo en lo teórico: articula raza y género como régimen conjunto de desigualdad (I=1) explicado por capitalismo racial y neoliberalismo (II=1), con orientación crítica desde la justicia reproductiva y ambiental (V=1) e integración coherente. Pierde puntos porque el análisis discursivo no opera intersecciones empíricamente (IV=0.5), carece de geografía concreta y la resistencia queda como agenda futura."
1482,"Supera el gate de forma ajustada al relacionar género con posición laboral y reproducción social. Destacan el mecanismo estructural, discursos masculinistas de economía verde que invisibilizan cuerpos trabajadores (II=1), y la propuesta de una política climática justa (V=1); pero el segundo eje queda implícito (I=0.5) y el análisis discursivo feminista no opera intersecciones (IV=0.5)."
1483,Autoetnografía interseccional de docentes musulmanas sin relación con el clima físico.
1484,"Ensayo reflexivo que supera el gate al ligar indigeneidad y raza mediante el extractivismo racial del Canadá colono. Destacan el poder estructural (II=1), el contexto situado en Vancouver (III=1) y la praxis de alianza descolonizadora (V=1, VI=1), pero trata estructuras más que identidades co-construidas (I=0.5) y carece de operacionalización empírica (IV=0)."
1485,"Revisión que supera el gate al nombrar género, religión y estado civil como dimensiones interseccionales tras el ciclón Aila, aunque sin analizar su co-construcción (I=0.5). No articula estructuras de poder (II=0) ni orientación a la justicia (V=0) y, al ser revisión, no operacionaliza intersecciones (IV=0); el Sundarbans está situado solo geográficamente."
1486,"Sustantivo en identidades y método: los estudios de caso muestran cómo múltiples ejes, incluida la masculinidad amenazada, se intersectan ante sequías e inundaciones (I=1, IV=1) en un contexto saheliano bien situado (III=1). El poder estructural se nombra sin teorizarse (II=0.5), las implicaciones de justicia son escuetas y no se documenta la agencia (VI=0)."
1487,"Supera el gate al concebir la vulnerabilidad como producto de procesos de estratificación interdependientes que generan marginación múltiple, no como rasgo de grupos sociodemográficos. Al ser conceptual, el cruce de ejes queda general (I=0.5) y sin contexto ni método (III, IV=0); aporta recomendaciones de gestión del riesgo (V=0.5) y atención a la vulnerabilidad autopercibida."
1488,"No supera el gate: el ensayo evalúa el libro Climate Leviathan y su marco sobre futuros posibles de la gobernanza climática, y usa ecosocialismo interseccional como sinónimo de democracia climática o justicia climática radical; no identifica ni relaciona ejes de diferenciación social. Criterios e integración en cero."
1489,Modelo conceptual de adversidad rural y salud mental en el que el clima es contexto incidental.
1490,"Sustantivo fuerte: explica las subjetividades ambientales por ubicaciones estructurales que combinan indigeneidad, raza y clase (I=1), ligadas al estado colonial, colono y capitalista (II=1), con saberes situados de la Tribu Karuk (III=1, VI=1) e integración coherente. La comparación de dos comunidades no desagrega intersecciones (IV=0.5) y la orientación transformadora es implícita (V=0.5)."
1491,"Sustantivo fuerte: el análisis crítico de marcos con lente interseccional (IV=1) muestra cómo género, indigeneidad y ubicación norteña se combinan bajo patriarcado, racismo y colonialismo (I=1, II=1) en la cobertura del incendio de Saskatchewan de 2015 (III=1), recupera discursos que reconocen la agencia comunitaria (VI=1) y apunta a redefinir problemas de política (V=1)."
1492,"No supera el gate: el capítulo adopta nominalmente un enfoque interseccional, pero examina las dimensiones económicas del cambio climático solo a través del género, contrastando impactos sobre hombres y mujeres y destacando el liderazgo femenino; no relaciona el género con clase, raza u otras categorías. Etiqueta interseccional sobre un único eje."
1493,Revisión historiográfica de la novela romántica juvenil sin contenido climático.
1494,"Supera el gate con género, edad y estado civil, pero los hallazgos se reducen a la dicotomía entre hombres y mujeres (I=0.5). Destacan el análisis de dinámicas de poder que producen barreras de adaptación (II=1) y la orientación transformadora (V=1); los métodos participativos no operan intersecciones (IV=0.5) y la agencia aparece solo como potencial."
1495,Crítica teórica de la educación ambiental sin interseccionalidad social ni objeto climático.
1496,"Excluido: revisión sobre turismo, agua y género en la que el clima solo aparece como vacío de investigación, sin formar parte del objeto."
1497,"Excluido: entrevista sobre el activismo en Maunakea en la que el clima es una mención incidental entre movimientos afines, no el objeto del trabajo."
1498,"Excluido: ensayo posthumanista sobre la pandemia como desastre de origen ecológico, sin vínculo explícito con el clima pese a la palabra clave interseccionalidad."
1499,"Supera el gate de forma ajustada al vincular colonialidad y raza en la relación entre Puerto Rico y Estados Unidos. Destacan el poder estructural colonial (II=1), el anclaje en PROMESA y el escenario post-María (III=1), la resistencia documentada (VI=1) y la orientación descolonizadora (V=1), pero no analiza posiciones entrelazadas (I=0.5) ni tiene método empírico (IV=0)."
1500,"Sustantivo en el plano conceptual: usa el feminismo negro para entender racismo, clasismo y sexismo como opresiones entrelazadas (I=1) y sistémicas (II=1), con clara orientación a la transformación mediante la planificación radical (V=1). Al ser teórico no operacionaliza intersecciones (IV=0) y Katrina funciona como contexto general (III=0.5)."
1501,"No supera el gate: aunque plantea la interseccionalidad desde una mirada ecológica para la justicia climática, el resumen solo articula la raza con la explotación ambiental en Lagos, Estados Unidos y Brasil; el género aparece como antecedente de la literatura y la precariedad no se vincula con otros ejes, por lo que la RSI queda en 0."
1502,"Excluido: capítulo sobre género y cambio climático que usa la intersección solo como cruce de temas, sin marco interseccional en sentido social."
1503,"No supera el gate: el ensayo examina la capacidad del movimiento por la justicia climática para construir una organización internacional, y cita el racismo ambiental, el Sur global y las movilizaciones interseccionales solo como antecedentes organizativos, sin articular ejes de diferenciación social entre sí; por ello todos los criterios quedan en 0."
1504,"No supera el gate: el estudio de teoría fundamentada con 29 jóvenes activistas por la justicia climática en Santa Bárbara identifica la interseccionalidad como uno de cuatro valores de construcción de movimiento, junto a relaciones, accesibilidad y comunidad, pero no articula ejes de diferenciación social entre sí. Criterios en cero."
1505,"Falso positivo: trata la psicoterapia infantil en el clima político de la era Trump, sin relación con el cambio climático."
1506,"Integra una crítica estructural sólida del carbón vinculada a colonialismo y capitalismo (II=1), con resistencias sociales (VI=1) y orientación a la transición justa (V=1). Sin embargo, raza, género y clase solo se enuncian como dimensiones de un problema interseccional cuyo análisis queda pendiente (I=0.5), sin casos situados (III=0.5) ni método empírico (IV=0)."
1507,"Supera el gate porque teoriza que el género se cruza con otras condiciones contextuales para producir vulnerabilidades diferenciadas. El marco conceptual sitúa la vulnerabilidad en lugar y tiempo (III=0.5) y nombra estructuras sin mecanismos (II=0.5), pero no especifica ejes (I=0.5), carece de método empírico (IV=0) y omite justicia y agencia (V, VI=0)."
1508,"No supera el gate: la revisión sistemática adaptada clasifica los servicios de la criosfera para comunidades del Hindu Kush Himalaya desde la ecología política, y menciona la interseccionalidad solo como ausencia en los estudios de caso; no nombra ni relaciona ejes de diferenciación social. Mención como vacío de literatura. Criterios en cero."
1509,"Excluido: proyecto de diseño arquitectónico sobre adaptación en el lago Chad, sin vocabulario interseccional en sentido social."
1510,"Falso positivo: análisis del discurso de la prensa fronteriza entre México y Estados Unidos, sin marco interseccional ni contenido climático."
1511,"No supera el gate: el ejercicio teopoético propone la esperanza oscura como símbolo para ecoactivismos entrelazados e interseccionales ante el cambio climático antropogénico, dialogando con MacKendrick, Tillich y visiones queer del futuro, pero no identifica ejes de diferenciación social ni los relaciona entre sí. Uso nominal del término. Criterios en cero."
1512,"Aplicación sustantiva: analiza cómo casta y trabajo estigmatizado se co-construyen en la experiencia de conserjes dalit tras las inundaciones de Chennai (I=1), explicando la devaluación mediante relaciones de casta (II=1), con contexto situado (III=1), muestreo intencional (IV=1) y contranarrativas de dignidad (VI=1). La orientación transformadora apenas se desarrolla (V=0.5)."
1513,"No supera el gate: el capítulo introduce definiciones, causas e impactos del desplazamiento por desastres y propone un enfoque de derechos humanos; las vulnerabilidades interseccionales figuran solo como uno de los objetivos de aprendizaje, sin identificar ejes de diferenciación social ni explicar cómo se relacionan. Criterios e integración en cero."
1514,Excluido: panorama de la justicia ambiental en planificación donde el clima es una mención incidental y la intersección es temática.
1515,"Excluido: evalúa la representatividad de la Comisión de la Condición Jurídica y Social de la Mujer, con el clima como mención incidental."
1516,"Excluido: estrategias jurídicas feministas tras un sismo y ante la violencia doméstica, amenazas no climáticas según las reglas de cribado."
1517,"Excluido con dudas: libro sobre género y transformaciones agrarias donde el clima figura como impulsor contextual, sin análisis específico."
1518,"Caso cercano al ejemplo B: invoca un enfoque feminista interseccional, pero compara la vulnerabilidad por género, edad, educación y lugar como variables separadas y concluye que las mujeres son más vulnerables con independencia de los demás ejes (I=0.5, IV=0). Nombra barreras de acceso sin teorizar estructuras (II=0.5) y no documenta agencia (VI=0)."
1519,"Supera el gate al sostener que las vulnerabilidades de género resultan del entrecruzamiento de condiciones sociales, de género, políticas y económicas, y varían entre mujeres y hombres de distintas categorías. Como presentación de número temático, el cruce queda enunciado (I=0.5), con estructuras nombradas sin mecanismos (II=0.5) y sin método, justicia ni agencia (IV, V, VI=0)."
1520,"Aplicación sustantiva: examina cómo edad, blanquitud y género se combinan en la posición de las Raging Grannies y orientan su solidaridad con activistas jóvenes y racializados en Seattle (I=1, III=1), con diseño cualitativo centrado en ese grupo (IV=1) y agencia documentada (VI=1). El poder estructural se nombra sin teorizar sus mecanismos (II=0.5)."
1521,"Falso positivo: libro de estudios fílmicos sobre el musical de Hollywood, sin ningún contenido climático."
1522,"Mención marginal: la revisión sistemática analiza solo disparidades de género en intervenciones de medios de vida ante el cambio climático y menciona la interacción con etnia, clase y educación como vacío de la literatura (I=0.5). Sin contexto situado (III=0), sin método interseccional (IV=0) ni agencia (VI=0); la mención queda yuxtapuesta (integración=0)."
1523,"Supera el gate porque la comunidad se define a la vez como indígena e intocable, pero el resumen no analiza cómo ambos ejes se entrelazan ante el ciclón Aila (I=0.5) ni articula poder estructural (II=0) u orientación de justicia (V=0). Destaca la documentación de la resiliencia comunitaria (VI=1); elementos yuxtapuestos (integración=0)."
1524,"No supera el gate, con dudas: el estudio cualitativo en Sikkim analiza vulnerabilidades de género mediadas por factores complejos e interconectados, pero estos son ubicación altitudinal, terreno y acceso a capitales; el género es el único eje social y no se relaciona con casta, clase, etnia u otras categorías. Criterios en cero."
1525,"No supera el gate: la autoetnografía sobre la respuesta al supertifón Yolanda en Tacloban usa la interseccionalidad para describir prácticas de ayuda que atraviesan escalas personal, comunitaria y nacional, y analiza estructuras de poder en la distribución de fondos, pero no relaciona ejes de diferenciación social; solo menciona la condición diaspórica. Criterios en cero."
1526,"No supera el gate: el artículo reflexiona sobre los estudios de desastres, critica la agenda de localización de la ayuda y destaca respuestas lideradas por refugiados y la cooperación Sur-Sur en Oriente Medio; la interseccionalidad aparece como modo de análisis recomendado, sin identificar ejes sociales ni relacionarlos. Criterios e integración en cero."
1527,"Aplicación parcial: la revisión adopta la interseccionalidad y las masculinidades plurales para mostrar que hombres diversamente posicionados se relacionan de forma distinta con el ambiente y las crisis climáticas, pero no analiza cómo se co-construyen género y raza (I=0.5); nombra la masculinidad hegemónica sin mecanismos (II=0.5) y carece de método interseccional (IV=0)."
1528,"Falso positivo: estudio sobre pedagogía crítica universitaria en el clima político posterior a 2016, sin contenido climático."
1529,"Pasa el gate con dudas: teoriza la matriz de dominación de Collins y una matriz de resistencia interseccional, sin nombrar ejes salvo la indigeneidad (I=0.5). Es fuerte en poder estructural (petro-hegemonía, II=1), contexto de Standing Rock (III=1), orientación a la justicia (V=1) y resistencia indígena (VI=1); no opera intersecciones empíricamente (IV=0)."
1530,"Falso positivo: el término interseccional alude al cruce de dos campos de gestión de compras, sin ejes de diferenciación social."
1531,"No supera el gate, con dudas: el artículo usa aportes feministas y decoloniales para cuestionar las estructuras de poder en los sistemas de conocimiento para la resiliencia urbana en ciudades norteamericanas, pero trata ambas tradiciones como puntos de partida paralelos y no articula género, raza o colonialidad como posiciones entrelazadas. Criterios en cero."
1532,Registro interseccional ajeno al clima: revisa un marco feminista de análisis de políticas sociales y el único clima mencionado es el político.
1533,"Estudio literario marxista sobre La tempestad que menciona la opresión interseccional, pero cuyo análisis no trata el clima ni amenazas climáticas."
1534,"Revisión sobre estudios de masculinidades que cita la interseccionalidad como influencia y el clima solo como tema futuro, sin que forme parte del objeto."
1535,"Supera el gate al definir la interseccionalidad como interacción de género, raza, etnia, clase, lugar y edad, pero la aplicación es programática: revisión rápida y marco de cinco atributos sin operacionalización empírica (IV=0), poder solo nombrado (II=0.5) y contexto amplio del Norte global rural (III=0.5); equidad y agencia apenas esbozadas."
1536,"Agenda de investigación vocacional que menciona enfoques interseccionales, pero el clima solo figura como una línea futura entre siete."
1537,Capítulo sobre género y sostenibilidad en la Agenda 2030 donde la intersección es temática y el clima es solo una referencia contextual.
1538,"Supera el gate de forma ajustada: usa la teoría interseccional para relacionar invisibilidades ligadas a migración, lugar y marginación social. Destaca el poder estructural (II=1), vía gubernamentalidad y legibilidad estatal, y la orientación a la justicia (V=1); pero es conceptual (IV=0), de alcance regional (III=0.5) y no analiza la co-construcción de ejes (I=0.5)."
1539,"Aplicación cuantitativa sólida del núcleo interseccional: la interacción triple de raza, clase y género se interpreta como posiciones combinadas (I=1, IV=1). Sin embargo, no teoriza el poder estructural (II=0), el contexto estadounidense es superficial (III=0.5) y las conclusiones son gerenciales, sin orientación a la justicia ni atención a la agencia (V=0, VI=0)."
1540,"Trabajo sobre raza, geografía y desplazamiento en Colombia donde lo tropical es un discurso racializador, no un objeto climático."
1541,"Falso positivo: ensayo forestal de híbridos de álamo donde interseccional es un término botánico, sin contenido social."
1542,"No supera el gate: la revisión narrativa sobre equidad en la evaluación de impacto en salud identifica seis literaturas útiles, entre ellas el análisis de políticas basado en interseccionalidad, pero solo las enumera; no identifica ejes de diferenciación social ni los relaciona como entrelazados. Criterios e integración en cero."
1543,Supera el gate al distinguir posiciones de género según estado civil y jefatura del hogar. La clasificación cruzada interpretada como posiciones combinadas justifica I=1 e IV=1; el contexto local y la crítica a enfoques occidentales sustentan III=1 y V=1. El poder se reduce a dinámicas socioculturales (II=0.5) y la agencia queda en decisiones de adopción.
1544,"Supera el gate con un análisis cuantitativo del cruce entre género y etnia que ofrece matices ausentes en cada eje aislado, lo que justifica I=1 e IV=1. La explicación se queda en características demográficas, sin poder estructural (II=0), con contexto keniano poco desarrollado (III=0.5) e implicaciones de desarrollo apenas esbozadas (V=0.5)."
1545,"Supera el gate porque identifica intersecciones concretas (lugar, juventud, género, discapacidad, estado civil) en la vulnerabilidad del atolón. Es un análisis preliminar y declaradamente incompleto (I=0.5, IV=0.5), sin poder estructural (II=0) y con grupos presentados solo como vulnerables según los actores consultados (VI=0); el contexto maldivo queda poco desarrollado (III=0.5)."
1546,Estudio interseccional sobre vivienda de personas trans en Nueva Orleans cuyo vínculo con desastres es contextual y no forma parte del objeto.
1547,Falso positivo: capítulo sobre drag y activismo donde tanto la intersección como el clima tienen sentido temático y político.
1548,"No supera el gate: el volumen editado reúne investigación crítica sobre discursos, políticas y prácticas de adaptación en varios países y menciona enfoques feministas o interseccionales en una lista de perspectivas, junto a diversidad cultural, justicia ambiental y derechos humanos, sin relacionar ejes de diferenciación social. Criterios en cero."
1549,"Supera el gate al vincular mecanismos de regulación con efectos específicos de género, raza y clase. Su fortaleza es el poder estructural (II=1), desde la ecología política feminista; pero el análisis gira sobre el género (I=0.5), carece de contexto situado (III=0) y de operacionalización empírica (IV=0), por tratarse de un marco teórico."
1550,"Caso sustantivo: articula posición social, género y poder político en experiencias de injusticia ante inundaciones y desplazamientos (I=1), con mecanismos de gobernanza explícitos (II=1) y dos contextos comparados con detalle (III=1), desde la justicia ambiental (V=1). Resta el método, que no operacionaliza las intersecciones (IV=0.5), y una agencia apenas mencionada."
1551,"Elegible con baja confianza: el término interseccional es ambiguo, pues remite a vínculos entre geografías y sectores. No supera el gate porque justicia racial y liderazgo de mujeres se presentan como lecciones separadas de los movimientos, sin articular raza y género como ejes relacionados, pese a su fuerte orientación a la justicia climática."
1552,"Supera el gate al señalar a las mujeres indígenas y marginadas como posición de mayor riesgo climático. Destaca la orientación a la acción en salud pública (V=1); el colonialismo se nombra sin teorizar mecanismos (II=0.5), el análisis prioriza el eje de género (I=0.5) y, al ser un comentario, carece de operacionalización empírica (IV=0)."
1553,Supera el gate al vincular el discurso climático dominante con una posición de edad y clase y la omisión de migrantes y generaciones futuras. Destaca el anclaje en tiempo y lugar (III=1) y la crítica desde la justicia climática (V=1); la co-construcción de ejes (I=0.5) y el método interseccional (IV=0.5) quedan poco desarrollados.
1554,"Elegible porque el objeto es la participación en el IPCC, institución de la gobernanza climática. Supera el gate al leer las barreras de las autoras según nacionalidad, raza, idioma y disciplina, pero las presenta como obstáculos acumulados (I=0.5), con poder solo nombrado (II=0.5), método descriptivo (IV=0.5) e implicaciones de inclusión poco desarrolladas (V=0.5)."
1555,"Falso positivo botánico: estudio de hibridación de Typha donde interseccional es terminología taxonómica, sin contenido social."
1556,"No supera el gate: el editorial plantea cómo las crisis convergentes alteran las luchas por justicia agraria, climática, ambiental y alimentaria, y propone cuatro ejes temáticos, uno de ellos clase e interseccionalidad, como preguntas abiertas para investigar; no desarrolla cómo la clase se entrelaza con otras categorías. Mención de agenda. Criterios en cero."
1557,"No supera el gate, con dudas: el artículo defiende una etnografía crítica de políticas, multisituada e informada por el feminismo interseccional, para estudiar poder y justicia procedimental en decisiones energéticas y climáticas; menciona la complejidad de la identidad y cargas diferenciadas según identidades, pero no relaciona ejes ni teoriza su entrecruzamiento. Criterios en cero."
1558,Revisión sobre salud reproductiva de mujeres en desastres donde la intersección es temática y solo se trata el eje de género.
1559,"Supera el gate al mostrar que la investigación sobre saberes locales privilegia a varones cazadores y mayores frente a mujeres y jóvenes. Reconoce a las comunidades como poseedoras de conocimiento (VI=1), pero trata edad y género como alternativas (I=0.5), solo nombra el poder (II=0.5) y describe subgrupos sin análisis interaccional (IV=0.5)."
1560,"Supera el gate de forma mínima: enumera raza, clase, género, sexualidad, indigeneidad y discapacidad como categorías para pensar la incertidumbre climática. Destacan la orientación a la acción (V=1) y el protagonismo de saberes indígenas y experiencia vivida (VI=1); el resumen, ensayístico y poco descriptivo, no permite ver cómo se entrelazan los ejes (I=0.5)."
1561,"Falso positivo: estudio de identidades profesionales en logística humanitaria, sin ejes de diferenciación social ni sentido interseccional."
1562,Capítulo sobre el hambre como problema social donde la interseccionalidad es temática y el clima no forma parte del objeto.
1563,"Falso positivo botánico: estudio de hibridación de arándanos donde interseccional es terminología taxonómica, sin contenido social."
1564,"Usa la interseccionalidad en sentido social para reformar los estudios ambientales, pero el clima solo aparece como clima político y como mención final al cambio ambiental global."
1565,"No supera el gate: el abstract, muy breve, señala que los mecanismos de derechos humanos de la ONU reconocen la discriminación y las desigualdades como causas y consecuencias de injusticias climáticas, pero solo alude a formas diversas de desigualdad sin nombrar ejes ni relacionarlos. Insuficiencia del abstract para juzgar el capítulo."
1566,"No supera el gate: pese al título, el abstract solo enumera efectos del cambio climático, como eventos extremos, escasez de agua y enfermedades zoonóticas, y la necesidad de nuevas formas de pensar en trabajo social; no menciona ejes de diferenciación social ni su entrecruzamiento. Insuficiencia del abstract para evaluar el capítulo."
1567,"Falso positivo: revisión sobre nanogeología en China donde la interseccionalidad alude a interdisciplinariedad, sin contenido social ni climático."
1568,"Falso positivo climático: ensayo de retórica visual con uso social de lo interseccional, donde el clima es solo el clima político estadounidense."
1569,"Caso límite: análisis interseccional sólido de género, clase y sexualidad en la resiliencia comunitaria, pero el abstract no vincula con el clima el cambio en la migración de gansos que estudia."
1570,"Supera el gate al examinar cómo género, raza y clase se cruzan en la vulnerabilidad posdesastre de Nueva Orleans. Destaca el poder estructural: la exclusión previa produce vulnerabilidad (II=1), con recomendaciones de justicia (V=1). Pero los ejes se enumeran como factores a desagregar (I=0.5, IV=0.5) y el contexto posKatrina es somero (III=0.5)."
1571,"Falso positivo climático: estudio cualitativo de organizaciones feministas canadienses con marco interseccional, donde el clima es solo el clima político."
1572,"Caso límite: invoca la colonialidad del género en sentido social, pero el clima aparece solo como uno de los ejemplos de una obra centrada en descolonizar la criminología."
1573,Falso positivo: análisis espacial de parques en Bandung donde lo interseccional significa encuentro social y el clima es una función ambiental incidental.
1574,"No supera el gate: el artículo conceptualiza el método colectivo con el que doce personas investigadoras estudiaron el desplazamiento tras el huracán Katrina; la interseccionalidad aparece como uno de los temas de discusión sobre posicionalidad y ética, sin identificar ejes de diferenciación social ni analizar su relación. Aporte metodológico-reflexivo. Criterios en cero."
1575,"Menciona identidad e interseccionalidad en sentido social, pero el cambio climático es un tema más de una lista en un manual sobre discapacidad y ciudadanía."
1576,Falso positivo: libro sobre concepciones de justicia en educación; la intersección y el cambio climático aparecen solo al describir los campos de su público.
1577,"Invoca teorías feministas interseccionales, pero el cambio climático figura únicamente en una lista de líneas futuras de una revisión sobre maltrato animal."
1578,"Supera el gate porque analiza identidades y rasgos entrecruzados dentro de la población sin hogar como origen de resultados desiguales ante desastres. Aporta método cualitativo y caso situado en las inundaciones de Colorado (III, IV=0.5), pero no especifica qué ejes se cruzan (I=0.5), teoriza poco el poder (II=0.5) y no documenta agencia (VI=0)."
1579,"Supera el gate con un análisis interseccional explícito: en Chilika, el género se cruza con casta, ingreso, edad y hogar produciendo experiencias diversas (I=1), mediante comparación entre grupos de pescadoras (IV=1) que documenta sus estrategias de afrontamiento y saberes (VI=1). Limitan el puntaje el poder estructural solo nombrado (II=0.5) y la ausencia de orientación a la justicia (V=0)."
1580,"Supera el gate: muestra cómo clase, género y raza se cruzan para producir percepciones distintas de la recuperación tras los tornados (I=1), comparando grupos y dos ciudades con historias propias (III=1, IV=1). El racismo daltónico se identifica sin teorizar mecanismos (II=0.5) y la justicia y la agencia quedan apenas esbozadas (V=0.5, VI=0.5)."
1581,"Falso positivo: revisión jurídica sobre los derechos a la salud y la alimentación, donde lo interseccional es el cruce de derechos y el clima es contexto."
1582,Falso positivo interseccional: estudio de gobernanza climática subnacional donde las interseccionalidades son solapamientos entre mecanismos de alineación vertical y horizontal.
1583,"No supera el gate: el libro analiza la producción biopolítica de desastres, el capitalismo de crisis, la gubernamentalidad y la resistencia al biopoder, pero la interseccionalidad aparece únicamente en la lista final de campos de interés para lectores; no identifica ejes de diferenciación social ni los relaciona entre sí. Criterios en cero."
1584,"Trata el cambio climático en los Sundarbans y Zhangjiangkou, pero las marginalidades múltiples de los sitios no se formulan como intersección de categorías sociales."
1585,"Supera el gate al emplear teoría interseccional sobre raza, clase y género frente a la huella climática de la computación, dominada por varones de ascendencia europea. Es conceptual: sin contexto situado ni método (III=0, IV=0) y con ejes solo enumerados (I=0.5), aunque orientado a transformar la educación (V=1) desde saberes indígenas (VI=1)."
1586,"Falso positivo: estudio etnobotánico de huertos en San Eustaquio donde lo interseccional es el cruce de conservación y sustento, sin objeto climático."
1587,"Usa interseccionalidad y teoría crítica de la raza, pero el cambio climático solo motiva una obra centrada en reformar la Constitución de Estados Unidos."
1588,Falso positivo interseccional: capítulo de teoría crítica sobre capitalismo y cambio climático que cruza la crisis ecológica únicamente con la desigualdad de clase.
1589,"Falso positivo climático: narrativa performativa con política interseccional queer y antirracista, donde la tormenta es solo una metáfora."
1590,"Trata amenazas y cambio climático en Sikkim desde la indigeneidad y la descolonización, pero la intersección nombrada es de problemáticas, no de categorías sociales."
1591,"Elegible con dudas: el movimiento #NoDAPL une justicia ambiental y climática con derechos de tratados, y lo interseccional tiene un sentido ambiguo entre cruce de temas y sentido social. No supera el gate: solo aparece la indigeneidad como eje de diferenciación, sin un segundo eje relacionado, por lo que los criterios quedan en cero."
1592,"Falso positivo interseccional: análisis jurídico de privacidad y eficiencia energética como mitigación climática, donde lo interseccional es interdisciplinariedad jurídica."
1593,"Caso límite: manual de género y medio ambiente que alude a análisis interseccionales, pero el cambio climático solo figura como uno de sus muchos temas."
1594,"Examina la interseccionalidad de raza, etnia, género y orientación sexual, pero el cambio climático solo aparece listado entre muchos temas sociales."
1595,"Mezcla el cruce de campos con una liberación interseccional de sentido social ambiguo, pero el calentamiento global es solo contexto de una obra sobre ecocapacidad."
1596,"Falso positivo climático: estudio de caso interseccional sobre la racialización de estudiantes árabes, donde el clima es solo el clima político."
1597,"Excluido: capítulo sobre el tsunami de Aceh, amenaza sísmica no climática, cuya intersección cruza temas (desastre, descentralización y género), no categorías sociales."
1598,"Usa un enfoque interseccional sobre la desventaja indígena, pero el objeto es la resiliencia desigual de la red eléctrica y la estacionalidad de los cortes es solo una variable explicativa, no una amenaza climática."
1599,"Supera el gate porque examina varios ejes junto al género, pero los trata como factores independientes con porcentajes por variable (I=0.5, IV=0). Explica las diferencias por alfabetización y normas culturales, sin poder estructural (II=0). El contexto keniano es superficial y las recomendaciones de intervenciones focalizadas no desarrollan una orientación de justicia."
1600,"Falso positivo: capítulo sociolingüístico sobre discurso racista en un foro en línea, sin contenido climático ni cruce de dos o más categorías sociales."
1601,"No supera el gate: el artículo de síntesis de un número especial reflexiona sobre aportes de género y feminismo a la adaptación y resiliencia, y menciona la incorporación de la interseccionalidad y sus desafíos metodológicos, pero no relaciona el género con otras categorías sociales en el propio texto. Criterios en cero."
1602,"Propuesta teórica que concibe clase, género y raza como dimensiones interactuantes que se reproducen mediante la gestión del riesgo climático (I=1), dentro de un marco crítico de poder (II=1). Reconoce la situacionalidad sin anclarla en un contexto concreto (III=0.5) y, por ser conceptual, carece de método (IV=0) y de atención a la agencia."
1603,"Supera el gate porque vincula el género con desigualdades entrecruzadas y sostiene que los impactos climáticos moldean y son moldeados por relaciones de poder. La revisión critica la dicotomía hombres-mujeres y la victimización (II, V, VI=0.5), pero no analiza ejes concretos (I=0.5) ni aporta contexto situado o método interseccional (III, IV=0)."
1604,"Argumento teórico que integra biopolítica e interseccionalidad feminista: sexualidad, raza y género se co-constituyen con relaciones de poder macroeconómicas (I=1, II=1). El caso haitiano apenas se esboza (III=0.5) y no hay método (IV=0). Confianza baja: el abstract no especifica el tipo de desastre y se aplicó la regla de desastres genéricos."
1605,"No supera el gate: la etnografía en la Nicaragua rural critica, desde los estudios feministas de ciencia y tecnología, que tecnologías de adaptación como cocinas y reservorios pueden obstaculizar la transformación de roles tradicionales de género; el género es el único eje analizado y la interseccionalidad figura solo en las palabras clave. Criterios en cero."
1606,"Revisión documental con lente queer de los planes de emergencia de Nueva Gales del Sur que documenta el trato desigual a personas LGBTI por exenciones a instituciones religiosas. El término intersection es ambiguo; el análisis trata un solo colectivo y el cruce entre religión y sexualidad queda como agenda futura, por lo que no supera el gate."
1607,"Descripción editorial de un volumen colectivo que invoca las intersecciones de raza, clase y género en el cambio climático, pero el abstract no muestra cómo se entrelazan (I=0.5) ni teoriza estructuras de poder (II=0). Se orienta a soluciones sin agenda de justicia explícita (V=0.5). Abstract insuficiente para evaluar método, contexto y agencia."
1608,"Revisión que sostiene que la capacidad de adaptación surge de la intersección de género, edad, etnia y estado civil, superando la dicotomía hombres-mujeres (I=1). No teoriza poder estructural (II=0) ni sitúa el análisis en contextos concretos (III=0); su orientación práctica apunta a mejorar programas de adaptación más que a la justicia (V=0.5)."
1609,"No supera el gate, con dudas: el artículo propone integrar la justicia ambiental en la formación en trabajo social y menciona poder y opresión en intersecciones entre identidad, experiencia y entorno social, además de grupos marginados en general, pero no nombra ni relaciona ejes de diferenciación social. Criterios en cero."
1610,"La interseccionalidad y la educación climática se mencionan solo como agenda futura de una revisión sobre políticas educativas, sin formar parte del objeto."
1611,"Filosofía normativa que relaciona injusticias etnoculturales con desigualdades de género y, por separado, con migraciones climáticas; el cruce se nombra sin analizar su co-constitución (I=0.5). Su orientación explícita a la justicia global y la defensa del interculturalismo sustentan V=1, pero carece de método empírico, contexto concreto y atención a la agencia."
1612,"Falso positivo por el término climate: estudio literario queer y poscolonial sobre comida y abyección, sin contenido sobre cambio climático ni amenazas climáticas."
1613,"Supera el gate al analizar, con teoría interseccional, cómo REDD+ ignora relaciones de desigualdad entrecruzadas con el género. Destacan el mecanismo institucional de marginación (II=1), el contexto de Burkina Faso (III=1) y la crítica situada (V=1), bien integrados; el abstract no precisa los otros ejes (I=0.5) ni un muestreo interseccional (IV=0.5)."
1614,"Pasa el gate con dudas: afirma que una intersección de factores, con el género como principal, media la experiencia de las inundaciones y rechaza tratar a las víctimas como grupo homogéneo. Sin embargo, el análisis y las recomendaciones son de género binario (I=0.5), el poder apenas se nombra (II=0.5) y el método no opera intersecciones (IV=0)."
1615,"No supera el gate: el editorial presenta un número especial sobre género, resiliencia, vulnerabilidad y adaptación al cambio ambiental global, resaltando vínculos entre género y cambio ambiental; la interseccionalidad aparece solo como tema de uno de los artículos, sin relacionar el género con otras categorías sociales. Criterios e integración en cero."
1616,"Estudio piloto en Viena que atribuye el riesgo por calor de la población migrante a la intersección de pobreza, trabajo manual, barrio y salud: los ejes funcionan como factores acumulados (I=0.5) y la comparación entre una familia de origen turco y otra sin origen migrante es descriptiva (IV=0.5). No conecta con justicia ni documenta agencia (V=0, VI=0)."
1617,"No supera el gate: el capítulo argumenta, con investigación en el suroeste de Bangladesh, que familiaridad, frecuencia y fragmentación ocultan injusticias socioambientales, y enumera la interseccionalidad como compromiso metodológico junto a la interdisciplinariedad y la integración de escalas; no relaciona ejes de diferenciación social entre sí. Criterios en cero."
1618,"Opera la interseccionalidad empíricamente: la clasificación cruzada de género y estado civil muestra posiciones específicas, como viudas y divorciadas, en el acceso a estrategias adaptativas (I=1, IV=1), y documenta estrategias propias (VI=1). Sin embargo, no teoriza los mecanismos de poder (II=0.5) y el contexto tanzano queda poco desarrollado (III=0.5)."
1619,"No supera el gate, con dudas: la sección sobre restauración de tierras critica que el género binario sea la clasificación principal para entender experiencias de usuarios y explora los beneficios potenciales de perspectivas interseccionales, pero no teoriza cómo el género se entrelaza con otras categorías; la interseccionalidad queda como horizonte. Criterios en cero."
1620,"Análisis del movimiento de reconstrucción tras el Katrina que explica cómo se reprodujo el liderazgo masculino (II=1), con contexto preciso, subversiones y orientación a la justicia (III, V y VI=1). Las intersecciones con raza, clase y edad se enuncian sin desarrollarse (I=0.5). Confianza baja: el abstract no parece corresponder al capítulo que indica el título."
1621,"Libro sobre masculinidades e igualdad de género en los servicios de rescate que incluye una lectura interseccional de sexualidad, clase y raza, pero cuyo objeto es la organización del trabajo de emergencias y no una amenaza climática."
1622,"Agenda de investigación sobre hombres, masculinidades y desastres en un planeta que se calienta que recomienda métodos feministas, datos desagregados por sexo y edad y análisis interseccional, pero no articula esos ejes como relacionados: la edad solo aparece como desagregación. No supera el gate y la RSI queda en cero."
1623,Editorial de un número especial sobre los cruces de la investigación en movilidades con otros campos; la respuesta a desastres aparece solo en una enumeración y no hay interseccionalidad en sentido social.
1624,"No supera el gate: el abstract, que parece introducir el volumen más que el capítulo sobre bomberos en Reino Unido, recomienda recoger datos por sexo y edad y permitir análisis interseccionales, y vincula el dominio masculino con exposición a riesgos; enumera ejes sin relacionarlos. Insuficiencia del abstract para juzgar el capítulo."
1625,"Revisión sobre vulnerabilidad y necesidades de las mujeres en desastres que usa intersection como cruce temático, sin interseccionalidad en sentido social."
1626,"Aplica la interseccionalidad feminista a documentos curriculares, pero es un estudio de política educativa y el término climate solo alude al clima político."
1627,"Descripción editorial de un volumen colectivo que critica tratar raza, clase y género como categorías separadas y vincula sus intersecciones con la injusticia climática, pero sin mostrar análisis (I=0.5, II=0.5). No sitúa contextos, no describe métodos ni aborda la agencia; el abstract es insuficiente para evaluar la mayoría de los criterios."
1628,"Aplica un enfoque feminista interseccional en Bihar y Uttarakhand: casta, riqueza, edad y género se intersectan con relaciones de poder y explican estrategias adaptativas situadas (I=1, III=1, VI=1, integración=1). El método no se describe con detalle (IV=0.5) y las estructuras de poder y las implicaciones de justicia quedan poco desarrolladas (II=0.5, V=0.5)."
1629,"Capítulo sobre el carácter generizado de las causas y respuestas a los desastres climáticos centrado en la masculinidad hegemónica y el masculinismo; la interseccionalidad solo se menciona como literatura aplicada al tema. Al no articular dos ejes de diferenciación, no supera el gate y la RSI queda en cero."
1630,"Análisis feminista de masculinidades en un contexto de conflicto armado, sin vínculo con el cambio climático ni con amenazas climáticas."
1631,"Menciona desigualdades interseccionales, pero el objeto es la justicia hídrica y la soberanía alimentaria frente a la agroindustria, sin referencia al cambio climático ni a amenazas climáticas."
1632,"Elegible por analizar respuestas culturales y políticas al huracán Katrina. Supera el gate al declarar un énfasis en la intersección de raza y clase, pero el abstract no desarrolla su co-construcción (I=0.5), no teoriza estructuras de poder (II=0) ni aborda la agencia de los afectados (VI=0); Katrina funciona como escenario (III=0.5)."
1633,"Interseccionalidad sustantiva en formato de síntesis: trata la indigeneidad generizada como posición específica (I=1), explicada por el colonialismo de asentamiento acoplado al cambio climático (II=1) en pueblos nativos estadounidenses (III=1), y reconoce saberes y activismo de género como fuentes de resiliencia (VI=1). Al no tener datos propios, el método solo cruza literaturas (IV=0.5)."
1634,"No supera el gate: el artículo discute, a partir de Beck, las comunidades cosmopolitas de riesgo en la gobernanza climática china y propone entender la pertenencia cosmopolita como identidad performativa; la interseccionalidad del espacio cosmopolita no se traduce en ejes de diferenciación social relacionados entre sí. Criterios e integración en cero."
1635,"Ensayo ecofeminista con fuerte crítica estructural (II=1) y orientación transformadora explícita (V=1), pero trata género, sexualidad y especie mayormente en paralelo (I=0.5). Al ser un argumento global sin anclaje situado ni operacionalización, obtiene cero en contexto y método; la agencia aparece solo al mencionar la organización de mujeres y personas GLBTQ."
1636,"Elegible porque su objeto son los desastres naturales en general, con el tsunami solo como ilustración. Supera el gate al proponer el ecofeminismo para analizar la intersección de raza, clase y género, pero el abstract es programático: ejes nombrados sin co-construcción (I=0.5), marco crítico sin mecanismos (II=0.5), sin método interseccional (IV=0) ni agencia (VI=0)."
1637,"Marco conceptual explícito: define las posiciones sociales como combinaciones co-constitutivas de ejes (I=1) y usa el kiriarcado para teorizar las estructuras de poder (II=1), con orientación explícita a la justicia en la planificación y la adaptación (V=1). Al no situarse ni operacionalizarse, obtiene cero en contexto y método, y no aborda la agencia."
1638,"Capítulo sobre la noción de justicia en geografía que usa lo interseccional de pasada, pero el clima es solo uno de varios debates enumerados."
1639,"Libro sobre la intersección de raza y clase en la clase trabajadora negra estadounidense, sin relación con el clima."
1640,"Relatos de hogar y pertenencia en Banda Aceh tras el tsunami de 2004, amenaza excluida por no ser climática."
1641,"Supera el gate al oponer el carácter interseccional y situacional de la identidad a determinantes esencialistas de vulnerabilidad. Sus fortalezas son el anclaje en una comunidad zambiana (III=1) y la operacionalización mediante el enfoque de medios de vida (IV=1); sin embargo, no especifica ejes (I=0.5), omite el poder estructural (II=0) y la agencia (VI=0)."
1642,"Interseccionalidad sustantiva: muestra que la vulnerabilidad de género está mediada por clase y casta, con las mujeres de hogares marginales como posición específica (I=1), explicada por procesos político-económicos y migración (II=1) en un contexto agrario detallado (III=1). El abstract no describe el método (IV=0.5) y apenas reconoce la agencia (VI=0.5)."
1643,"Supera el gate al teorizar que individuos y grupos se relacionan de forma distinta con el cambio climático según su lugar en estructuras de poder construidas sobre categorías sociales cambiantes y contextuales. Marco conceptual fuerte en poder estructural (II=1) y bien integrado (integración=1), aunque sin ejes concretos (I=0.5), contexto empírico (III=0.5) ni operacionalización (IV=0)."
1644,"Falso positivo: modelo físico de recocido-nucleación para predecir choques culturales, sin contenido interseccional ni climático."
1645,"Supera el gate al concebir el género como categoría que adquiere sentido en su cruce con otras identidades, roles y responsabilidades. La revisión critica el binario y advierte riesgos de maladaptación (V=0.5), pero no analiza ejes concretos (I=0.5), no teoriza estructuras de poder (II=0) y reconoce que faltan evidencia empírica y métodos (IV=0)."
1646,"Elegible con baja confianza: Katrina solo define a la población y la interseccionalidad solo aparece en las keywords. Documenta la participación voluntaria de los residentes (VI=1) en el Upper 9th Ward (III=0.5), pero trata género, raza y sexualidad como grupos paralelos (I=0.5), con un marco psicosocial sin poder estructural (II=0) ni método interseccional (IV=0)."
1647,"Aporta crítica estructural desde la ecología política feminista, con normas patriarcales y división del trabajo hídrico como mecanismos (II=1). Nombra la intersección de género y clase, pero se centra en el género (I=0.5); el contexto regional es amplio (III=0.5), sin método empírico (IV=0) y con implicaciones de política poco desarrolladas (V=0.5)."
1648,"Elegible con baja confianza: el vínculo climático es implícito, por tratarse de cereales tolerantes a la sequía y de resiliencia social. Aporta mecanismos estructurales (II=1), contexto histórico situado (III=1) y saberes indígenas (VI=1), pero la intersección de género y clase se limita a la conclusión (I=0.5) y el método no la opera (IV=0)."
1649,"Análisis textual de relatos talmúdicos sobre género, clase y estatus ante una catástrofe bélica, ajeno al clima."
1650,"Revisión que pide queerizar la investigación y política de desastres, con orientación explícita a incluir necesidades LGBTI (V=1). Supera el gate al reconocer que esas necesidades varían según clase, género, raza, edad y ubicación, pero lo hace como advertencia final (I=0.5), con crítica estructural poco teorizada (II=0.5) y sin método interseccional."
1651,"Falso positivo: estudio de ingeniería fluvial en el Yangtsé, sin contenido social ni climático."
1652,"Falso positivo: experimento ecológico sobre bancos de semillas en humedales costeros, sin dimensión social."
1653,"Falso positivo: análisis de teledetección sobre red vial, temperatura superficial y vegetación en Pekín."
1654,"Artículo metodológico sobre prácticas basadas en evidencia y cultura en psicología del trauma, sin objeto climático."
1655,"Estudio sobre veganos como aguafiestas y sus prácticas alimentarias, donde el clima no forma parte del análisis."
1656,"Interseccionalidad sustantiva aplicada: diferencia a las mujeres por clase, jefatura de hogar, edad y etapa vital, destacando a las jefas de hogar (I=1), en un contexto local y de política nacional detallado (III=1), con adaptaciones documentadas y recomendaciones de rediseño (V=1, VI=1). El poder estructural se limita a efectos de políticas (II=0.5)."
1657,"Análisis cultural de raza, clase, género, nación y especie en torno a los pit bulls, sin relación con el clima."
1658,"Elegible por incluir el huracán Katrina junto al terremoto de 1906. Destaca en poder estructural, con élites que usan el desastre para despojar a los pobres (II=1), y en contexto histórico comparado (III=1), pero la intersección de raza, clase y ciudadanía se enuncia sin analizarse (I=0.5) y no reconoce agencia (VI=0)."
1659,Falso positivo: protocolo de comunicación entre vehículos en intersecciones urbanas.
1660,"Historia de la intersección de género, raza e imperio en el destierro de patriotas a Bermudas, sin vínculo climático."
1661,"Revisión de desastres y desigualdad que supera el gate porque presenta raza, clase y género como dimensiones interseccionales que estructuran la vulnerabilidad y la recuperación. Sin embargo, no analiza su co-construcción (I=0.5), nombra la estructura sin mecanismos (II=0.5), carece de contexto situado y de método, y no reconoce la agencia de las poblaciones marginadas."
1662,"Estudio interseccional de género, etnicidad y ubicación tras el tsunami, excluido por tratarse de una amenaza no climática."
1663,"Lectura feminista interseccional de la transversalización de género tras el tsunami, excluida por no ser una amenaza climática."
1664,"Excluido: trata Katrina, pero la intersección invocada cruza raza con el campo educativo y no articula categorías sociales entre sí."
1665,"Falso positivo: propuesta pedagógica de escritura técnica sobre sostenibilidad, sin sentido social de interseccionalidad ni objeto climático."
1666,"No supera el gate: el ensayo retórico analiza la metáfora de mirar hacia ambos lados en una publicación de Asian Communities for Reproductive Justice para alinear agendas de justicia climática y reproductiva; la interseccionalidad remite al cruce entre movimientos y temas, no a ejes sociales relacionados, pues solo se habla de mujeres. Criterios en cero."
1667,"Excluido: aplica una perspectiva interseccional a la cultura visual, pero el clima es una mención incidental ajena al objeto."
1668,"No supera el gate, con dudas: la revisión traza aportes de la ecología política a la investigación climática en cuatro áreas; una de ellas desestabiliza el género hacia identidades fragmentadas e interseccionalidad, pero lo plantea como línea de indagación, sin explicar cómo el género se cruza con otras categorías. Criterios e integración en cero."
1669,"Supera el gate al explorar la intersección de raza, género y clase en mujeres afroamericanas tras Katrina (I=1), con muestra de ese subgrupo (IV=1) y énfasis en resiliencia y espiritualidad (VI=1). Pierde puntos por no teorizar estructuras de poder (II=0) ni orientarse a la justicia (V=0); el abstract no detalla hallazgos interseccionales."
1670,"Excluido: usa análisis interseccional, pero trata desarrollo, masculinidades y la pandemia de VIH/sida, no el cambio climático."
1671,"Sustantivo: articula relaciones de poder de género, raza y clase como co-constitutivas (I=1), explicadas por la alianza gobierno-corporaciones y la economía política de la recuperación (II=1) en la Costa del Golfo de Mississippi (III=1). El método cualitativo multinivel no operacionaliza explícitamente las intersecciones (IV=0.5) y la agencia de las trabajadoras queda secundaria."
1672,"Excluido: examina raza y clase en una serie de ficción y en el turismo televisivo, con Katrina como escenario y no como objeto."
1673,"Supera el gate al teorizar que desigualdades múltiples y complejas, caracterizadas por interseccionalidad social, moldean el impacto ambiental de distintas poblaciones. Como crítica teórica de la seguridad ambiental desde la complejidad y el ecologismo político, el cruce queda abstracto (I=0.5), el poder poco especificado (II=0.5) y faltan contexto, método, praxis y agencia (III–VI=0)."
1674,"Excluido: menciona la interseccionalidad de identidades, pero el clima tiene sentido sociopolítico y no hay objeto climático."
1675,"Excluido: articula negritud, género y sexualidad, pero el clima solo aparece como mención incidental ajena al objeto."
1676,"Falso positivo: historia de las identidades políticas obreras en Lyon, sin interseccionalidad social ni objeto climático."
1677,"Falso positivo: diseño vial de rotondas para peatones, ciclistas y camiones, sin contenido social interseccional ni climático."
1678,"Supera el gate: relaciona casta, clase y género en hogares encabezados por mujeres de Orissa ante ciclón, inundaciones y sequía. Destaca por documentar estrategias de afrontamiento (VI=1) y proponer una reducción de riesgo basada en la intersección (V=1), pero los ejes operan como factores conjuntos y la intersección se invoca sobre todo al concluir (I=0.5)."
1679,"Elegible por citar intersecciones de discapacidad, clase, género y etnia ante amenazas naturales, pero la mención procede de otros autores y funciona como marco introductorio: la revisión analiza la salud mental de personas con discapacidad como eje único. Es una mención sin aplicación, por lo que no supera el gate."
1680,"Supera el gate al mostrar cómo el discurso posKatrina fusiona raza y clase en una pobreza racializada (I=1), anclada en el racismo institucional y la negligencia política estadounidense (II=1, III=1). Al ser un capítulo interpretativo, no operacionaliza intersecciones (IV=0), trata a los pobres solo como objeto del discurso (VI=0) y deja el género poco desarrollado."
1681,"Excluido: invoca la interseccionalidad de género y etnicidad, pero el clima solo aparece en sentido político."
1682,"Excluido: aplica la intersección de género, raza y clase a inmigrantes africanas, pero el clima es una mención incidental."
1683,"Supera el gate al relacionar género y clase mediante la reproducción social bajo el capitalismo neoliberal (II=1), con activistas que forjan coaliciones por justicia ambiental y reproductiva (V=1, VI=1). La interseccionalidad es coalicional, sin posiciones co-constituidas (I=0.5), y el ensayo no operacionaliza intersecciones (IV=0); el vínculo climático es parcial."
1684,"Falso positivo: análisis espacial de accidentes de ciclistas, sin interseccionalidad social y con el clima como mención incidental."
1685,"Supera el gate porque ilustra la intersección de raza y clase en ciudades estadounidenses tras Katrina, con un marco crítico explícito sobre espectáculo y mercantilización (II=1). Sin embargo, la intersección es una implicación secundaria y no se analiza su co-construcción (I=0.5), no hay método empírico (IV=0) y el contexto de Nueva Orleans es superficial (III=0.5)."
1686,"Falso positivo interseccional: trata el riesgo de incendios forestales, pero la intersección es una operación espacial, no social."
1687,Excluido: revisión sobre derecho migratorio y racialización que usa la intersección como cruce de campos y Katrina como ejemplo ilustrativo.
1688,"Falso positivo interseccional: estudio hidrológico de inundaciones en el Yangtsé con métodos multidisciplinarios, sin categorías sociales."
1689,"Falso positivo: dendrocronología de álamos ribereños en Alberta, sin contenido social interseccional ni climático."
1690,"Pasa el gate con dudas: plantea que la raza se cruza con otras formas de desigualdad, aunque como propuesta programática para la ciencia política (I=0.5). Destacan el análisis institucional del poder y las jerarquías adscriptivas (II=1), el anclaje en Katrina y la historia estadounidense (III=1) y la orientación a la igualdad racial (V=1); sin método ni agencia."
1691,"Falso positivo interseccional: ecología del reclutamiento de álamos tras una inundación, sin categorías sociales."
1692,"Falso positivo interseccional: coordinación interministerial japonesa ante el Protocolo de Kioto, con intersectional en sentido intersectorial."
1693,"Supera el gate: la intersección de género y clase en dos inundaciones escocesas es el objeto central y revela variaciones dentro y entre clases (I=1). El abstract es escueto: no describe el método (IV=0.5), no teoriza mecanismos estructurales (II=0.5) y solo esboza la resiliencia y las implicaciones para la gestión de desastres."
1694,"Falso positivo: fertilidad de híbridos de arándano, sin contenido social interseccional ni objeto climático."
1695,"Falso positivo interseccional: estudio geofísico del calentamiento climático en las praderas canadienses, sin categorías sociales."
